08-09-2026 20:12:45 | ERROR | Error found | 404 | GET /files/1788430760414_Black_Denim_Jacket.jpg : Can't find /files/1788430760414_Black_Denim_Jacket.jpg on this server | user: guest 
Error: Can't find /files/1788430760414_Black_Denim_Jacket.jpg on this server
    at D:\photo\store_uiux_polished\v1\backend\server.js:110:8
    at Layer.handleRequest (D:\photo\store_uiux_polished\v1\backend\node_modules\router\lib\layer.js:152:17)
    at trimPrefix (D:\photo\store_uiux_polished\v1\backend\node_modules\router\index.js:342:13)
    at D:\photo\store_uiux_polished\v1\backend\node_modules\router\index.js:297:9
    at processParams (D:\photo\store_uiux_polished\v1\backend\node_modules\router\index.js:582:12)
    at next (D:\photo\store_uiux_polished\v1\backend\node_modules\router\index.js:291:5)
    at SendStream.error (D:\photo\store_uiux_polished\v1\backend\node_modules\serve-static\index.js:120:7)
    at SendStream.emit (node:events:509:20)
    at SendStream.error (D:\photo\store_uiux_polished\v1\backend\node_modules\send\index.js:168:17)
    at SendStream.onStatError (D:\photo\store_uiux_polished\v1\backend\node_modules\send\index.js:315:12) 
08-09-2026 20:12:52 | ERROR | Error found | 404 | GET /files/1788542750602_men-category.jpg : Can't find /files/1788542750602_men-category.jpg on this server | user: guest 
Error: Can't find /files/1788542750602_men-category.jpg on this server
    at D:\photo\store_uiux_polished\v1\backend\server.js:110:8
    at Layer.handleRequest (D:\photo\store_uiux_polished\v1\backend\node_modules\router\lib\layer.js:152:17)
    at trimPrefix (D:\photo\store_uiux_polished\v1\backend\node_modules\router\index.js:342:13)
    at D:\photo\store_uiux_polished\v1\backend\node_modules\router\index.js:297:9
    at processParams (D:\photo\store_uiux_polished\v1\backend\node_modules\router\index.js:582:12)
    at next (D:\photo\store_uiux_polished\v1\backend\node_modules\router\index.js:291:5)
    at SendStream.error (D:\photo\store_uiux_polished\v1\backend\node_modules\serve-static\index.js:120:7)
    at SendStream.emit (node:events:509:20)
    at SendStream.error (D:\photo\store_uiux_polished\v1\backend\node_modules\send\index.js:168:17)
    at SendStream.onStatError (D:\photo\store_uiux_polished\v1\backend\node_modules\send\index.js:315:12) 
08-09-2026 20:12:52 | ERROR | Error found | 404 | GET /files/1788430760414_Black_Denim_Jacket.jpg : Can't find /files/1788430760414_Black_Denim_Jacket.jpg on this server | user: guest 
Error: Can't find /files/1788430760414_Black_Denim_Jacket.jpg on this server
    at D:\photo\store_uiux_polished\v1\backend\server.js:110:8
    at Layer.handleRequest (D:\photo\store_uiux_polished\v1\backend\node_modules\router\lib\layer.js:152:17)
    at trimPrefix (D:\photo\store_uiux_polished\v1\backend\node_modules\router\index.js:342:13)
    at D:\photo\store_uiux_polished\v1\backend\node_modules\router\index.js:297:9
    at processParams (D:\photo\store_uiux_polished\v1\backend\node_modules\router\index.js:582:12)
    at next (D:\photo\store_uiux_polished\v1\backend\node_modules\router\index.js:291:5)
    at SendStream.error (D:\photo\store_uiux_polished\v1\backend\node_modules\serve-static\index.js:120:7)
    at SendStream.emit (node:events:509:20)
    at SendStream.error (D:\photo\store_uiux_polished\v1\backend\node_modules\send\index.js:168:17)
    at SendStream.onStatError (D:\photo\store_uiux_polished\v1\backend\node_modules\send\index.js:315:12) 
08-09-2026 20:12:57 | ERROR | Error found | 404 | GET /files/1788430760414_Black_Denim_Jacket.jpg : Can't find /files/1788430760414_Black_Denim_Jacket.jpg on this server | user: guest 
Error: Can't find /files/1788430760414_Black_Denim_Jacket.jpg on this server
    at D:\photo\store_uiux_polished\v1\backend\server.js:110:8
    at Layer.handleRequest (D:\photo\store_uiux_polished\v1\backend\node_modules\router\lib\layer.js:152:17)
    at trimPrefix (D:\photo\store_uiux_polished\v1\backend\node_modules\router\index.js:342:13)
    at D:\photo\store_uiux_polished\v1\backend\node_modules\router\index.js:297:9
    at processParams (D:\photo\store_uiux_polished\v1\backend\node_modules\router\index.js:582:12)
    at next (D:\photo\store_uiux_polished\v1\backend\node_modules\router\index.js:291:5)
    at SendStream.error (D:\photo\store_uiux_polished\v1\backend\node_modules\serve-static\index.js:120:7)
    at SendStream.emit (node:events:509:20)
    at SendStream.error (D:\photo\store_uiux_polished\v1\backend\node_modules\send\index.js:168:17)
    at SendStream.onStatError (D:\photo\store_uiux_polished\v1\backend\node_modules\send\index.js:315:12) 
08-09-2026 20:12:57 | ERROR | Error found | 404 | GET /files/1788542750602_men-category.jpg : Can't find /files/1788542750602_men-category.jpg on this server | user: guest 
Error: Can't find /files/1788542750602_men-category.jpg on this server
    at D:\photo\store_uiux_polished\v1\backend\server.js:110:8
    at Layer.handleRequest (D:\photo\store_uiux_polished\v1\backend\node_modules\router\lib\layer.js:152:17)
    at trimPrefix (D:\photo\store_uiux_polished\v1\backend\node_modules\router\index.js:342:13)
    at D:\photo\store_uiux_polished\v1\backend\node_modules\router\index.js:297:9
    at processParams (D:\photo\store_uiux_polished\v1\backend\node_modules\router\index.js:582:12)
    at next (D:\photo\store_uiux_polished\v1\backend\node_modules\router\index.js:291:5)
    at SendStream.error (D:\photo\store_uiux_polished\v1\backend\node_modules\serve-static\index.js:120:7)
    at SendStream.emit (node:events:509:20)
    at SendStream.error (D:\photo\store_uiux_polished\v1\backend\node_modules\send\index.js:168:17)
    at SendStream.onStatError (D:\photo\store_uiux_polished\v1\backend\node_modules\send\index.js:315:12) 
08-09-2026 20:13:02 | ERROR | Error found | 404 | GET /files/1788542750602_men-category.jpg : Can't find /files/1788542750602_men-category.jpg on this server | user: guest 
Error: Can't find /files/1788542750602_men-category.jpg on this server
    at D:\photo\store_uiux_polished\v1\backend\server.js:110:8
    at Layer.handleRequest (D:\photo\store_uiux_polished\v1\backend\node_modules\router\lib\layer.js:152:17)
    at trimPrefix (D:\photo\store_uiux_polished\v1\backend\node_modules\router\index.js:342:13)
    at D:\photo\store_uiux_polished\v1\backend\node_modules\router\index.js:297:9
    at processParams (D:\photo\store_uiux_polished\v1\backend\node_modules\router\index.js:582:12)
    at next (D:\photo\store_uiux_polished\v1\backend\node_modules\router\index.js:291:5)
    at SendStream.error (D:\photo\store_uiux_polished\v1\backend\node_modules\serve-static\index.js:120:7)
    at SendStream.emit (node:events:509:20)
    at SendStream.error (D:\photo\store_uiux_polished\v1\backend\node_modules\send\index.js:168:17)
    at SendStream.onStatError (D:\photo\store_uiux_polished\v1\backend\node_modules\send\index.js:315:12) 
08-09-2026 20:13:02 | ERROR | Error found | 404 | GET /files/1788430760414_Black_Denim_Jacket.jpg : Can't find /files/1788430760414_Black_Denim_Jacket.jpg on this server | user: guest 
Error: Can't find /files/1788430760414_Black_Denim_Jacket.jpg on this server
    at D:\photo\store_uiux_polished\v1\backend\server.js:110:8
    at Layer.handleRequest (D:\photo\store_uiux_polished\v1\backend\node_modules\router\lib\layer.js:152:17)
    at trimPrefix (D:\photo\store_uiux_polished\v1\backend\node_modules\router\index.js:342:13)
    at D:\photo\store_uiux_polished\v1\backend\node_modules\router\index.js:297:9
    at processParams (D:\photo\store_uiux_polished\v1\backend\node_modules\router\index.js:582:12)
    at next (D:\photo\store_uiux_polished\v1\backend\node_modules\router\index.js:291:5)
    at SendStream.error (D:\photo\store_uiux_polished\v1\backend\node_modules\serve-static\index.js:120:7)
    at SendStream.emit (node:events:509:20)
    at SendStream.error (D:\photo\store_uiux_polished\v1\backend\node_modules\send\index.js:168:17)
    at SendStream.onStatError (D:\photo\store_uiux_polished\v1\backend\node_modules\send\index.js:315:12) 
08-09-2026 20:13:10 | ERROR | Error found | 404 | GET /files/1788430760414_Black_Denim_Jacket.jpg : Can't find /files/1788430760414_Black_Denim_Jacket.jpg on this server | user: guest 
Error: Can't find /files/1788430760414_Black_Denim_Jacket.jpg on this server
    at D:\photo\store_uiux_polished\v1\backend\server.js:110:8
    at Layer.handleRequest (D:\photo\store_uiux_polished\v1\backend\node_modules\router\lib\layer.js:152:17)
    at trimPrefix (D:\photo\store_uiux_polished\v1\backend\node_modules\router\index.js:342:13)
    at D:\photo\store_uiux_polished\v1\backend\node_modules\router\index.js:297:9
    at processParams (D:\photo\store_uiux_polished\v1\backend\node_modules\router\index.js:582:12)
    at next (D:\photo\store_uiux_polished\v1\backend\node_modules\router\index.js:291:5)
    at SendStream.error (D:\photo\store_uiux_polished\v1\backend\node_modules\serve-static\index.js:120:7)
    at SendStream.emit (node:events:509:20)
    at SendStream.error (D:\photo\store_uiux_polished\v1\backend\node_modules\send\index.js:168:17)
    at SendStream.onStatError (D:\photo\store_uiux_polished\v1\backend\node_modules\send\index.js:315:12) 
08-09-2026 20:13:11 | ERROR | Error found | 404 | GET /files/1788430760414_Black_Denim_Jacket.jpg : Can't find /files/1788430760414_Black_Denim_Jacket.jpg on this server | user: guest 
Error: Can't find /files/1788430760414_Black_Denim_Jacket.jpg on this server
    at D:\photo\store_uiux_polished\v1\backend\server.js:110:8
    at Layer.handleRequest (D:\photo\store_uiux_polished\v1\backend\node_modules\router\lib\layer.js:152:17)
    at trimPrefix (D:\photo\store_uiux_polished\v1\backend\node_modules\router\index.js:342:13)
    at D:\photo\store_uiux_polished\v1\backend\node_modules\router\index.js:297:9
    at processParams (D:\photo\store_uiux_polished\v1\backend\node_modules\router\index.js:582:12)
    at next (D:\photo\store_uiux_polished\v1\backend\node_modules\router\index.js:291:5)
    at SendStream.error (D:\photo\store_uiux_polished\v1\backend\node_modules\serve-static\index.js:120:7)
    at SendStream.emit (node:events:509:20)
    at SendStream.error (D:\photo\store_uiux_polished\v1\backend\node_modules\send\index.js:168:17)
    at SendStream.onStatError (D:\photo\store_uiux_polished\v1\backend\node_modules\send\index.js:315:12) 
08-09-2026 20:13:11 | ERROR | Error found | 404 | GET /files/1788430760414_Black_Denim_Jacket.jpg : Can't find /files/1788430760414_Black_Denim_Jacket.jpg on this server | user: guest 
Error: Can't find /files/1788430760414_Black_Denim_Jacket.jpg on this server
    at D:\photo\store_uiux_polished\v1\backend\server.js:110:8
    at Layer.handleRequest (D:\photo\store_uiux_polished\v1\backend\node_modules\router\lib\layer.js:152:17)
    at trimPrefix (D:\photo\store_uiux_polished\v1\backend\node_modules\router\index.js:342:13)
    at D:\photo\store_uiux_polished\v1\backend\node_modules\router\index.js:297:9
    at processParams (D:\photo\store_uiux_polished\v1\backend\node_modules\router\index.js:582:12)
    at next (D:\photo\store_uiux_polished\v1\backend\node_modules\router\index.js:291:5)
    at SendStream.error (D:\photo\store_uiux_polished\v1\backend\node_modules\serve-static\index.js:120:7)
    at SendStream.emit (node:events:509:20)
    at SendStream.error (D:\photo\store_uiux_polished\v1\backend\node_modules\send\index.js:168:17)
    at SendStream.onStatError (D:\photo\store_uiux_polished\v1\backend\node_modules\send\index.js:315:12) 
08-09-2026 20:13:24 | INFO | Guest cart merged into user Abdelrhman  
08-09-2026 20:13:24 | ERROR | Error found | 404 | GET /files/1788430760414_Black_Denim_Jacket.jpg : Can't find /files/1788430760414_Black_Denim_Jacket.jpg on this server | user: guest 
Error: Can't find /files/1788430760414_Black_Denim_Jacket.jpg on this server
    at D:\photo\store_uiux_polished\v1\backend\server.js:110:8
    at Layer.handleRequest (D:\photo\store_uiux_polished\v1\backend\node_modules\router\lib\layer.js:152:17)
    at trimPrefix (D:\photo\store_uiux_polished\v1\backend\node_modules\router\index.js:342:13)
    at D:\photo\store_uiux_polished\v1\backend\node_modules\router\index.js:297:9
    at processParams (D:\photo\store_uiux_polished\v1\backend\node_modules\router\index.js:582:12)
    at next (D:\photo\store_uiux_polished\v1\backend\node_modules\router\index.js:291:5)
    at SendStream.error (D:\photo\store_uiux_polished\v1\backend\node_modules\serve-static\index.js:120:7)
    at SendStream.emit (node:events:509:20)
    at SendStream.error (D:\photo\store_uiux_polished\v1\backend\node_modules\send\index.js:168:17)
    at SendStream.onStatError (D:\photo\store_uiux_polished\v1\backend\node_modules\send\index.js:315:12) 
08-09-2026 20:13:24 | ERROR | Error found | 404 | GET /files/1788542750602_men-category.jpg : Can't find /files/1788542750602_men-category.jpg on this server | user: guest 
Error: Can't find /files/1788542750602_men-category.jpg on this server
    at D:\photo\store_uiux_polished\v1\backend\server.js:110:8
    at Layer.handleRequest (D:\photo\store_uiux_polished\v1\backend\node_modules\router\lib\layer.js:152:17)
    at trimPrefix (D:\photo\store_uiux_polished\v1\backend\node_modules\router\index.js:342:13)
    at D:\photo\store_uiux_polished\v1\backend\node_modules\router\index.js:297:9
    at processParams (D:\photo\store_uiux_polished\v1\backend\node_modules\router\index.js:582:12)
    at next (D:\photo\store_uiux_polished\v1\backend\node_modules\router\index.js:291:5)
    at SendStream.error (D:\photo\store_uiux_polished\v1\backend\node_modules\serve-static\index.js:120:7)
    at SendStream.emit (node:events:509:20)
    at SendStream.error (D:\photo\store_uiux_polished\v1\backend\node_modules\send\index.js:168:17)
    at SendStream.onStatError (D:\photo\store_uiux_polished\v1\backend\node_modules\send\index.js:315:12) 
08-09-2026 20:13:31 | INFO | Message 6aa00632647471a2f0718fd2 deleted by Abdelrhman  
08-09-2026 20:13:31 | INFO | Message 6aa00621647471a2f0718fb9 deleted by Abdelrhman  
08-09-2026 20:13:37 | INFO | Category updated: Women by admin Abdelrhman  
08-09-2026 20:13:45 | ERROR | Error found | 404 | GET /files/1788430760414_Black_Denim_Jacket.jpg : Can't find /files/1788430760414_Black_Denim_Jacket.jpg on this server | user: guest 
Error: Can't find /files/1788430760414_Black_Denim_Jacket.jpg on this server
    at D:\photo\store_uiux_polished\v1\backend\server.js:110:8
    at Layer.handleRequest (D:\photo\store_uiux_polished\v1\backend\node_modules\router\lib\layer.js:152:17)
    at trimPrefix (D:\photo\store_uiux_polished\v1\backend\node_modules\router\index.js:342:13)
    at D:\photo\store_uiux_polished\v1\backend\node_modules\router\index.js:297:9
    at processParams (D:\photo\store_uiux_polished\v1\backend\node_modules\router\index.js:582:12)
    at next (D:\photo\store_uiux_polished\v1\backend\node_modules\router\index.js:291:5)
    at SendStream.error (D:\photo\store_uiux_polished\v1\backend\node_modules\serve-static\index.js:120:7)
    at SendStream.emit (node:events:509:20)
    at SendStream.error (D:\photo\store_uiux_polished\v1\backend\node_modules\send\index.js:168:17)
    at SendStream.onStatError (D:\photo\store_uiux_polished\v1\backend\node_modules\send\index.js:315:12) 
08-09-2026 20:13:45 | ERROR | Error found | 404 | GET /files/1788542750602_men-category.jpg : Can't find /files/1788542750602_men-category.jpg on this server | user: guest 
Error: Can't find /files/1788542750602_men-category.jpg on this server
    at D:\photo\store_uiux_polished\v1\backend\server.js:110:8
    at Layer.handleRequest (D:\photo\store_uiux_polished\v1\backend\node_modules\router\lib\layer.js:152:17)
    at trimPrefix (D:\photo\store_uiux_polished\v1\backend\node_modules\router\index.js:342:13)
    at D:\photo\store_uiux_polished\v1\backend\node_modules\router\index.js:297:9
    at processParams (D:\photo\store_uiux_polished\v1\backend\node_modules\router\index.js:582:12)
    at next (D:\photo\store_uiux_polished\v1\backend\node_modules\router\index.js:291:5)
    at SendStream.error (D:\photo\store_uiux_polished\v1\backend\node_modules\serve-static\index.js:120:7)
    at SendStream.emit (node:events:509:20)
    at SendStream.error (D:\photo\store_uiux_polished\v1\backend\node_modules\send\index.js:168:17)
    at SendStream.onStatError (D:\photo\store_uiux_polished\v1\backend\node_modules\send\index.js:315:12) 
08-09-2026 20:13:51 | INFO | Product updated: Black Denim Jacket by admin Abdelrhman  
08-09-2026 20:13:53 | INFO | Product updated: Black Denim Jacket by admin Abdelrhman  
08-09-2026 20:13:54 | INFO | Product updated: Black Denim Jacket by admin Abdelrhman  
08-09-2026 20:13:55 | INFO | Product updated: Black Denim Jacket by admin Abdelrhman  
08-09-2026 20:13:56 | INFO | Product updated: Black Denim Jacket by admin Abdelrhman  
08-09-2026 20:18:55 | INFO | Category updated: Women by admin Abdelrhman  
08-09-2026 20:18:56 | INFO | Category updated: Women by admin Abdelrhman  
08-09-2026 20:23:39 | ERROR | Error found | 404 | GET /files/1788430760414_Black_Denim_Jacket.jpg : Can't find /files/1788430760414_Black_Denim_Jacket.jpg on this server | user: guest 
Error: Can't find /files/1788430760414_Black_Denim_Jacket.jpg on this server
    at D:\photo\store_uiux_polished\v1\backend\server.js:110:8
    at Layer.handleRequest (D:\photo\store_uiux_polished\v1\backend\node_modules\router\lib\layer.js:152:17)
    at trimPrefix (D:\photo\store_uiux_polished\v1\backend\node_modules\router\index.js:342:13)
    at D:\photo\store_uiux_polished\v1\backend\node_modules\router\index.js:297:9
    at processParams (D:\photo\store_uiux_polished\v1\backend\node_modules\router\index.js:582:12)
    at next (D:\photo\store_uiux_polished\v1\backend\node_modules\router\index.js:291:5)
    at SendStream.error (D:\photo\store_uiux_polished\v1\backend\node_modules\serve-static\index.js:120:7)
    at SendStream.emit (node:events:509:20)
    at SendStream.error (D:\photo\store_uiux_polished\v1\backend\node_modules\send\index.js:168:17)
    at SendStream.onStatError (D:\photo\store_uiux_polished\v1\backend\node_modules\send\index.js:315:12) 
08-09-2026 20:23:39 | ERROR | Error found | 404 | GET /files/1788542750602_men-category.jpg : Can't find /files/1788542750602_men-category.jpg on this server | user: guest 
Error: Can't find /files/1788542750602_men-category.jpg on this server
    at D:\photo\store_uiux_polished\v1\backend\server.js:110:8
    at Layer.handleRequest (D:\photo\store_uiux_polished\v1\backend\node_modules\router\lib\layer.js:152:17)
    at trimPrefix (D:\photo\store_uiux_polished\v1\backend\node_modules\router\index.js:342:13)
    at D:\photo\store_uiux_polished\v1\backend\node_modules\router\index.js:297:9
    at processParams (D:\photo\store_uiux_polished\v1\backend\node_modules\router\index.js:582:12)
    at next (D:\photo\store_uiux_polished\v1\backend\node_modules\router\index.js:291:5)
    at SendStream.error (D:\photo\store_uiux_polished\v1\backend\node_modules\serve-static\index.js:120:7)
    at SendStream.emit (node:events:509:20)
    at SendStream.error (D:\photo\store_uiux_polished\v1\backend\node_modules\send\index.js:168:17)
    at SendStream.onStatError (D:\photo\store_uiux_polished\v1\backend\node_modules\send\index.js:315:12) 
08-09-2026 20:23:50 | ERROR | Error found | 404 | GET /files/1788430760414_Black_Denim_Jacket.jpg : Can't find /files/1788430760414_Black_Denim_Jacket.jpg on this server | user: guest 
Error: Can't find /files/1788430760414_Black_Denim_Jacket.jpg on this server
    at D:\photo\store_uiux_polished\v1\backend\server.js:110:8
    at Layer.handleRequest (D:\photo\store_uiux_polished\v1\backend\node_modules\router\lib\layer.js:152:17)
    at trimPrefix (D:\photo\store_uiux_polished\v1\backend\node_modules\router\index.js:342:13)
    at D:\photo\store_uiux_polished\v1\backend\node_modules\router\index.js:297:9
    at processParams (D:\photo\store_uiux_polished\v1\backend\node_modules\router\index.js:582:12)
    at next (D:\photo\store_uiux_polished\v1\backend\node_modules\router\index.js:291:5)
    at SendStream.error (D:\photo\store_uiux_polished\v1\backend\node_modules\serve-static\index.js:120:7)
    at SendStream.emit (node:events:509:20)
    at SendStream.error (D:\photo\store_uiux_polished\v1\backend\node_modules\send\index.js:168:17)
    at SendStream.onStatError (D:\photo\store_uiux_polished\v1\backend\node_modules\send\index.js:315:12) 
08-09-2026 20:23:50 | ERROR | Error found | 404 | GET /files/1788542750602_men-category.jpg : Can't find /files/1788542750602_men-category.jpg on this server | user: guest 
Error: Can't find /files/1788542750602_men-category.jpg on this server
    at D:\photo\store_uiux_polished\v1\backend\server.js:110:8
    at Layer.handleRequest (D:\photo\store_uiux_polished\v1\backend\node_modules\router\lib\layer.js:152:17)
    at trimPrefix (D:\photo\store_uiux_polished\v1\backend\node_modules\router\index.js:342:13)
    at D:\photo\store_uiux_polished\v1\backend\node_modules\router\index.js:297:9
    at processParams (D:\photo\store_uiux_polished\v1\backend\node_modules\router\index.js:582:12)
    at next (D:\photo\store_uiux_polished\v1\backend\node_modules\router\index.js:291:5)
    at SendStream.error (D:\photo\store_uiux_polished\v1\backend\node_modules\serve-static\index.js:120:7)
    at SendStream.emit (node:events:509:20)
    at SendStream.error (D:\photo\store_uiux_polished\v1\backend\node_modules\send\index.js:168:17)
    at SendStream.onStatError (D:\photo\store_uiux_polished\v1\backend\node_modules\send\index.js:315:12) 
08-09-2026 20:24:18 | ERROR | Error found | 404 | GET /files/1788430760414_Black_Denim_Jacket.jpg : Can't find /files/1788430760414_Black_Denim_Jacket.jpg on this server | user: guest 
Error: Can't find /files/1788430760414_Black_Denim_Jacket.jpg on this server
    at D:\photo\store_uiux_polished\v1\backend\server.js:110:8
    at Layer.handleRequest (D:\photo\store_uiux_polished\v1\backend\node_modules\router\lib\layer.js:152:17)
    at trimPrefix (D:\photo\store_uiux_polished\v1\backend\node_modules\router\index.js:342:13)
    at D:\photo\store_uiux_polished\v1\backend\node_modules\router\index.js:297:9
    at processParams (D:\photo\store_uiux_polished\v1\backend\node_modules\router\index.js:582:12)
    at next (D:\photo\store_uiux_polished\v1\backend\node_modules\router\index.js:291:5)
    at SendStream.error (D:\photo\store_uiux_polished\v1\backend\node_modules\serve-static\index.js:120:7)
    at SendStream.emit (node:events:509:20)
    at SendStream.error (D:\photo\store_uiux_polished\v1\backend\node_modules\send\index.js:168:17)
    at SendStream.onStatError (D:\photo\store_uiux_polished\v1\backend\node_modules\send\index.js:315:12) 
08-09-2026 20:24:18 | ERROR | Error found | 404 | GET /files/1788542750602_men-category.jpg : Can't find /files/1788542750602_men-category.jpg on this server | user: guest 
Error: Can't find /files/1788542750602_men-category.jpg on this server
    at D:\photo\store_uiux_polished\v1\backend\server.js:110:8
    at Layer.handleRequest (D:\photo\store_uiux_polished\v1\backend\node_modules\router\lib\layer.js:152:17)
    at trimPrefix (D:\photo\store_uiux_polished\v1\backend\node_modules\router\index.js:342:13)
    at D:\photo\store_uiux_polished\v1\backend\node_modules\router\index.js:297:9
    at processParams (D:\photo\store_uiux_polished\v1\backend\node_modules\router\index.js:582:12)
    at next (D:\photo\store_uiux_polished\v1\backend\node_modules\router\index.js:291:5)
    at SendStream.error (D:\photo\store_uiux_polished\v1\backend\node_modules\serve-static\index.js:120:7)
    at SendStream.emit (node:events:509:20)
    at SendStream.error (D:\photo\store_uiux_polished\v1\backend\node_modules\send\index.js:168:17)
    at SendStream.onStatError (D:\photo\store_uiux_polished\v1\backend\node_modules\send\index.js:315:12) 
08-09-2026 20:24:27 | ERROR | Error found | 404 | GET /files/1788430760414_Black_Denim_Jacket.jpg : Can't find /files/1788430760414_Black_Denim_Jacket.jpg on this server | user: guest 
Error: Can't find /files/1788430760414_Black_Denim_Jacket.jpg on this server
    at D:\photo\store_uiux_polished\v1\backend\server.js:110:8
    at Layer.handleRequest (D:\photo\store_uiux_polished\v1\backend\node_modules\router\lib\layer.js:152:17)
    at trimPrefix (D:\photo\store_uiux_polished\v1\backend\node_modules\router\index.js:342:13)
    at D:\photo\store_uiux_polished\v1\backend\node_modules\router\index.js:297:9
    at processParams (D:\photo\store_uiux_polished\v1\backend\node_modules\router\index.js:582:12)
    at next (D:\photo\store_uiux_polished\v1\backend\node_modules\router\index.js:291:5)
    at SendStream.error (D:\photo\store_uiux_polished\v1\backend\node_modules\serve-static\index.js:120:7)
    at SendStream.emit (node:events:509:20)
    at SendStream.error (D:\photo\store_uiux_polished\v1\backend\node_modules\send\index.js:168:17)
    at SendStream.onStatError (D:\photo\store_uiux_polished\v1\backend\node_modules\send\index.js:315:12) 
08-09-2026 20:24:27 | ERROR | Error found | 404 | GET /files/1788542750602_men-category.jpg : Can't find /files/1788542750602_men-category.jpg on this server | user: guest 
Error: Can't find /files/1788542750602_men-category.jpg on this server
    at D:\photo\store_uiux_polished\v1\backend\server.js:110:8
    at Layer.handleRequest (D:\photo\store_uiux_polished\v1\backend\node_modules\router\lib\layer.js:152:17)
    at trimPrefix (D:\photo\store_uiux_polished\v1\backend\node_modules\router\index.js:342:13)
    at D:\photo\store_uiux_polished\v1\backend\node_modules\router\index.js:297:9
    at processParams (D:\photo\store_uiux_polished\v1\backend\node_modules\router\index.js:582:12)
    at next (D:\photo\store_uiux_polished\v1\backend\node_modules\router\index.js:291:5)
    at SendStream.error (D:\photo\store_uiux_polished\v1\backend\node_modules\serve-static\index.js:120:7)
    at SendStream.emit (node:events:509:20)
    at SendStream.error (D:\photo\store_uiux_polished\v1\backend\node_modules\send\index.js:168:17)
    at SendStream.onStatError (D:\photo\store_uiux_polished\v1\backend\node_modules\send\index.js:315:12) 
08-09-2026 20:26:20 | ERROR | Error found | 404 | GET /files/1788430760414_Black_Denim_Jacket.jpg : Can't find /files/1788430760414_Black_Denim_Jacket.jpg on this server | user: guest 
Error: Can't find /files/1788430760414_Black_Denim_Jacket.jpg on this server
    at D:\photo\store_uiux_polished\v1\backend\server.js:110:8
    at Layer.handleRequest (D:\photo\store_uiux_polished\v1\backend\node_modules\router\lib\layer.js:152:17)
    at trimPrefix (D:\photo\store_uiux_polished\v1\backend\node_modules\router\index.js:342:13)
    at D:\photo\store_uiux_polished\v1\backend\node_modules\router\index.js:297:9
    at processParams (D:\photo\store_uiux_polished\v1\backend\node_modules\router\index.js:582:12)
    at next (D:\photo\store_uiux_polished\v1\backend\node_modules\router\index.js:291:5)
    at SendStream.error (D:\photo\store_uiux_polished\v1\backend\node_modules\serve-static\index.js:120:7)
    at SendStream.emit (node:events:509:20)
    at SendStream.error (D:\photo\store_uiux_polished\v1\backend\node_modules\send\index.js:168:17)
    at SendStream.onStatError (D:\photo\store_uiux_polished\v1\backend\node_modules\send\index.js:315:12) 
08-09-2026 20:26:20 | ERROR | Error found | 404 | GET /files/1788542750602_men-category.jpg : Can't find /files/1788542750602_men-category.jpg on this server | user: guest 
Error: Can't find /files/1788542750602_men-category.jpg on this server
    at D:\photo\store_uiux_polished\v1\backend\server.js:110:8
    at Layer.handleRequest (D:\photo\store_uiux_polished\v1\backend\node_modules\router\lib\layer.js:152:17)
    at trimPrefix (D:\photo\store_uiux_polished\v1\backend\node_modules\router\index.js:342:13)
    at D:\photo\store_uiux_polished\v1\backend\node_modules\router\index.js:297:9
    at processParams (D:\photo\store_uiux_polished\v1\backend\node_modules\router\index.js:582:12)
    at next (D:\photo\store_uiux_polished\v1\backend\node_modules\router\index.js:291:5)
    at SendStream.error (D:\photo\store_uiux_polished\v1\backend\node_modules\serve-static\index.js:120:7)
    at SendStream.emit (node:events:509:20)
    at SendStream.error (D:\photo\store_uiux_polished\v1\backend\node_modules\send\index.js:168:17)
    at SendStream.onStatError (D:\photo\store_uiux_polished\v1\backend\node_modules\send\index.js:315:12) 
08-09-2026 20:26:23 | INFO | Users directory queried successfully  
08-09-2026 20:26:30 | INFO | Users directory queried successfully  
08-09-2026 20:26:32 | INFO | Users directory queried successfully  
08-09-2026 20:26:34 | INFO | Users directory queried successfully  
08-09-2026 20:26:36 | INFO | Users directory queried successfully  
08-09-2026 20:26:40 | INFO | Users directory queried successfully  
08-09-2026 20:26:41 | INFO | Users directory queried successfully  
08-09-2026 20:26:42 | INFO | Users directory queried successfully  
08-09-2026 20:26:43 | INFO | Users directory queried successfully  
08-09-2026 20:26:43 | INFO | Users directory queried successfully  
08-09-2026 20:26:44 | INFO | Users directory queried successfully  
08-09-2026 20:26:45 | INFO | Users directory queried successfully  
08-09-2026 20:26:48 | INFO | User fetched successfully  
08-09-2026 20:28:28 | ERROR | Error found | 404 | GET /files/1788430760414_Black_Denim_Jacket.jpg : Can't find /files/1788430760414_Black_Denim_Jacket.jpg on this server | user: guest 
Error: Can't find /files/1788430760414_Black_Denim_Jacket.jpg on this server
    at D:\photo\store_uiux_polished\v1\backend\server.js:110:8
    at Layer.handleRequest (D:\photo\store_uiux_polished\v1\backend\node_modules\router\lib\layer.js:152:17)
    at trimPrefix (D:\photo\store_uiux_polished\v1\backend\node_modules\router\index.js:342:13)
    at D:\photo\store_uiux_polished\v1\backend\node_modules\router\index.js:297:9
    at processParams (D:\photo\store_uiux_polished\v1\backend\node_modules\router\index.js:582:12)
    at next (D:\photo\store_uiux_polished\v1\backend\node_modules\router\index.js:291:5)
    at SendStream.error (D:\photo\store_uiux_polished\v1\backend\node_modules\serve-static\index.js:120:7)
    at SendStream.emit (node:events:509:20)
    at SendStream.error (D:\photo\store_uiux_polished\v1\backend\node_modules\send\index.js:168:17)
    at SendStream.onStatError (D:\photo\store_uiux_polished\v1\backend\node_modules\send\index.js:315:12) 
08-09-2026 20:28:28 | ERROR | Error found | 404 | GET /files/1788542750602_men-category.jpg : Can't find /files/1788542750602_men-category.jpg on this server | user: guest 
Error: Can't find /files/1788542750602_men-category.jpg on this server
    at D:\photo\store_uiux_polished\v1\backend\server.js:110:8
    at Layer.handleRequest (D:\photo\store_uiux_polished\v1\backend\node_modules\router\lib\layer.js:152:17)
    at trimPrefix (D:\photo\store_uiux_polished\v1\backend\node_modules\router\index.js:342:13)
    at D:\photo\store_uiux_polished\v1\backend\node_modules\router\index.js:297:9
    at processParams (D:\photo\store_uiux_polished\v1\backend\node_modules\router\index.js:582:12)
    at next (D:\photo\store_uiux_polished\v1\backend\node_modules\router\index.js:291:5)
    at SendStream.error (D:\photo\store_uiux_polished\v1\backend\node_modules\serve-static\index.js:120:7)
    at SendStream.emit (node:events:509:20)
    at SendStream.error (D:\photo\store_uiux_polished\v1\backend\node_modules\send\index.js:168:17)
    at SendStream.onStatError (D:\photo\store_uiux_polished\v1\backend\node_modules\send\index.js:315:12) 
08-09-2026 20:28:30 | INFO | Users directory queried successfully  
08-09-2026 20:30:17 | INFO | Users directory queried successfully  
08-09-2026 20:30:19 | INFO | User fetched successfully  
08-09-2026 20:30:37 | INFO | Users directory queried successfully  
08-09-2026 20:34:50 | ERROR | Error found | 403 | POST /api/v1/auth/login : Invalid email or password | user: guest 
Error: Invalid email or password
    at D:\photo\store_uiux_polished\v1\backend\controllers\auth.controller.js:104:17
    at process.processTicksAndRejections (node:internal/process/task_queues:104:5) 
08-09-2026 20:35:18 | ERROR | Error found | 403 | POST /api/v1/auth/login : Invalid email or password | user: guest 
Error: Invalid email or password
    at D:\photo\store_uiux_polished\v1\backend\controllers\auth.controller.js:104:17
    at process.processTicksAndRejections (node:internal/process/task_queues:104:5) 
08-09-2026 20:35:35 | ERROR | Error found | 404 | GET /files/1788430760414_Black_Denim_Jacket.jpg : Can't find /files/1788430760414_Black_Denim_Jacket.jpg on this server | user: guest 
Error: Can't find /files/1788430760414_Black_Denim_Jacket.jpg on this server
    at D:\photo\store_uiux_polished\v1\backend\server.js:110:8
    at Layer.handleRequest (D:\photo\store_uiux_polished\v1\backend\node_modules\router\lib\layer.js:152:17)
    at trimPrefix (D:\photo\store_uiux_polished\v1\backend\node_modules\router\index.js:342:13)
    at D:\photo\store_uiux_polished\v1\backend\node_modules\router\index.js:297:9
    at processParams (D:\photo\store_uiux_polished\v1\backend\node_modules\router\index.js:582:12)
    at next (D:\photo\store_uiux_polished\v1\backend\node_modules\router\index.js:291:5)
    at SendStream.error (D:\photo\store_uiux_polished\v1\backend\node_modules\serve-static\index.js:120:7)
    at SendStream.emit (node:events:509:20)
    at SendStream.error (D:\photo\store_uiux_polished\v1\backend\node_modules\send\index.js:168:17)
    at SendStream.onStatError (D:\photo\store_uiux_polished\v1\backend\node_modules\send\index.js:315:12) 
08-09-2026 20:35:35 | ERROR | Error found | 404 | GET /files/1788542750602_men-category.jpg : Can't find /files/1788542750602_men-category.jpg on this server | user: guest 
Error: Can't find /files/1788542750602_men-category.jpg on this server
    at D:\photo\store_uiux_polished\v1\backend\server.js:110:8
    at Layer.handleRequest (D:\photo\store_uiux_polished\v1\backend\node_modules\router\lib\layer.js:152:17)
    at trimPrefix (D:\photo\store_uiux_polished\v1\backend\node_modules\router\index.js:342:13)
    at D:\photo\store_uiux_polished\v1\backend\node_modules\router\index.js:297:9
    at processParams (D:\photo\store_uiux_polished\v1\backend\node_modules\router\index.js:582:12)
    at next (D:\photo\store_uiux_polished\v1\backend\node_modules\router\index.js:291:5)
    at SendStream.error (D:\photo\store_uiux_polished\v1\backend\node_modules\serve-static\index.js:120:7)
    at SendStream.emit (node:events:509:20)
    at SendStream.error (D:\photo\store_uiux_polished\v1\backend\node_modules\send\index.js:168:17)
    at SendStream.onStatError (D:\photo\store_uiux_polished\v1\backend\node_modules\send\index.js:315:12) 
08-09-2026 20:35:38 | INFO | Users directory queried successfully  
08-09-2026 20:37:54 | ERROR | Error found | 404 | GET /files/1788430760414_Black_Denim_Jacket.jpg : Can't find /files/1788430760414_Black_Denim_Jacket.jpg on this server | user: guest 
Error: Can't find /files/1788430760414_Black_Denim_Jacket.jpg on this server
    at D:\photo\store_uiux_polished\v1\backend\server.js:110:8
    at Layer.handleRequest (D:\photo\store_uiux_polished\v1\backend\node_modules\router\lib\layer.js:152:17)
    at trimPrefix (D:\photo\store_uiux_polished\v1\backend\node_modules\router\index.js:342:13)
    at D:\photo\store_uiux_polished\v1\backend\node_modules\router\index.js:297:9
    at processParams (D:\photo\store_uiux_polished\v1\backend\node_modules\router\index.js:582:12)
    at next (D:\photo\store_uiux_polished\v1\backend\node_modules\router\index.js:291:5)
    at SendStream.error (D:\photo\store_uiux_polished\v1\backend\node_modules\serve-static\index.js:120:7)
    at SendStream.emit (node:events:509:20)
    at SendStream.error (D:\photo\store_uiux_polished\v1\backend\node_modules\send\index.js:168:17)
    at SendStream.onStatError (D:\photo\store_uiux_polished\v1\backend\node_modules\send\index.js:315:12) 
08-09-2026 20:37:56 | ERROR | Error found | 404 | GET /files/1788430760414_Black_Denim_Jacket.jpg : Can't find /files/1788430760414_Black_Denim_Jacket.jpg on this server | user: guest 
Error: Can't find /files/1788430760414_Black_Denim_Jacket.jpg on this server
    at D:\photo\store_uiux_polished\v1\backend\server.js:110:8
    at Layer.handleRequest (D:\photo\store_uiux_polished\v1\backend\node_modules\router\lib\layer.js:152:17)
    at trimPrefix (D:\photo\store_uiux_polished\v1\backend\node_modules\router\index.js:342:13)
    at D:\photo\store_uiux_polished\v1\backend\node_modules\router\index.js:297:9
    at processParams (D:\photo\store_uiux_polished\v1\backend\node_modules\router\index.js:582:12)
    at next (D:\photo\store_uiux_polished\v1\backend\node_modules\router\index.js:291:5)
    at SendStream.error (D:\photo\store_uiux_polished\v1\backend\node_modules\serve-static\index.js:120:7)
    at SendStream.emit (node:events:509:20)
    at SendStream.error (D:\photo\store_uiux_polished\v1\backend\node_modules\send\index.js:168:17)
    at SendStream.onStatError (D:\photo\store_uiux_polished\v1\backend\node_modules\send\index.js:315:12) 
08-09-2026 20:37:56 | ERROR | Error found | 404 | GET /files/1788542750602_men-category.jpg : Can't find /files/1788542750602_men-category.jpg on this server | user: guest 
Error: Can't find /files/1788542750602_men-category.jpg on this server
    at D:\photo\store_uiux_polished\v1\backend\server.js:110:8
    at Layer.handleRequest (D:\photo\store_uiux_polished\v1\backend\node_modules\router\lib\layer.js:152:17)
    at trimPrefix (D:\photo\store_uiux_polished\v1\backend\node_modules\router\index.js:342:13)
    at D:\photo\store_uiux_polished\v1\backend\node_modules\router\index.js:297:9
    at processParams (D:\photo\store_uiux_polished\v1\backend\node_modules\router\index.js:582:12)
    at next (D:\photo\store_uiux_polished\v1\backend\node_modules\router\index.js:291:5)
    at SendStream.error (D:\photo\store_uiux_polished\v1\backend\node_modules\serve-static\index.js:120:7)
    at SendStream.emit (node:events:509:20)
    at SendStream.error (D:\photo\store_uiux_polished\v1\backend\node_modules\send\index.js:168:17)
    at SendStream.onStatError (D:\photo\store_uiux_polished\v1\backend\node_modules\send\index.js:315:12) 
08-09-2026 20:42:58 | ERROR | Error found | 404 | GET /files/1788542750602_men-category.jpg : Can't find /files/1788542750602_men-category.jpg on this server | user: guest 
Error: Can't find /files/1788542750602_men-category.jpg on this server
    at D:\photo\store_uiux_polished\v1\backend\server.js:110:8
    at Layer.handleRequest (D:\photo\store_uiux_polished\v1\backend\node_modules\router\lib\layer.js:152:17)
    at trimPrefix (D:\photo\store_uiux_polished\v1\backend\node_modules\router\index.js:342:13)
    at D:\photo\store_uiux_polished\v1\backend\node_modules\router\index.js:297:9
    at processParams (D:\photo\store_uiux_polished\v1\backend\node_modules\router\index.js:582:12)
    at next (D:\photo\store_uiux_polished\v1\backend\node_modules\router\index.js:291:5)
    at SendStream.error (D:\photo\store_uiux_polished\v1\backend\node_modules\serve-static\index.js:120:7)
    at SendStream.emit (node:events:509:20)
    at SendStream.error (D:\photo\store_uiux_polished\v1\backend\node_modules\send\index.js:168:17)
    at SendStream.onStatError (D:\photo\store_uiux_polished\v1\backend\node_modules\send\index.js:315:12) 
08-09-2026 20:42:58 | ERROR | Error found | 404 | GET /files/1788430760414_Black_Denim_Jacket.jpg : Can't find /files/1788430760414_Black_Denim_Jacket.jpg on this server | user: guest 
Error: Can't find /files/1788430760414_Black_Denim_Jacket.jpg on this server
    at D:\photo\store_uiux_polished\v1\backend\server.js:110:8
    at Layer.handleRequest (D:\photo\store_uiux_polished\v1\backend\node_modules\router\lib\layer.js:152:17)
    at trimPrefix (D:\photo\store_uiux_polished\v1\backend\node_modules\router\index.js:342:13)
    at D:\photo\store_uiux_polished\v1\backend\node_modules\router\index.js:297:9
    at processParams (D:\photo\store_uiux_polished\v1\backend\node_modules\router\index.js:582:12)
    at next (D:\photo\store_uiux_polished\v1\backend\node_modules\router\index.js:291:5)
    at SendStream.error (D:\photo\store_uiux_polished\v1\backend\node_modules\serve-static\index.js:120:7)
    at SendStream.emit (node:events:509:20)
    at SendStream.error (D:\photo\store_uiux_polished\v1\backend\node_modules\send\index.js:168:17)
    at SendStream.onStatError (D:\photo\store_uiux_polished\v1\backend\node_modules\send\index.js:315:12) 
08-09-2026 20:43:04 | ERROR | Error found | 404 | GET /files/1788430760414_Black_Denim_Jacket.jpg : Can't find /files/1788430760414_Black_Denim_Jacket.jpg on this server | user: guest 
Error: Can't find /files/1788430760414_Black_Denim_Jacket.jpg on this server
    at D:\photo\store_uiux_polished\v1\backend\server.js:110:8
    at Layer.handleRequest (D:\photo\store_uiux_polished\v1\backend\node_modules\router\lib\layer.js:152:17)
    at trimPrefix (D:\photo\store_uiux_polished\v1\backend\node_modules\router\index.js:342:13)
    at D:\photo\store_uiux_polished\v1\backend\node_modules\router\index.js:297:9
    at processParams (D:\photo\store_uiux_polished\v1\backend\node_modules\router\index.js:582:12)
    at next (D:\photo\store_uiux_polished\v1\backend\node_modules\router\index.js:291:5)
    at SendStream.error (D:\photo\store_uiux_polished\v1\backend\node_modules\serve-static\index.js:120:7)
    at SendStream.emit (node:events:509:20)
    at SendStream.error (D:\photo\store_uiux_polished\v1\backend\node_modules\send\index.js:168:17)
    at SendStream.onStatError (D:\photo\store_uiux_polished\v1\backend\node_modules\send\index.js:315:12) 
08-09-2026 20:43:04 | ERROR | Error found | 404 | GET /files/1788430760414_Black_Denim_Jacket.jpg : Can't find /files/1788430760414_Black_Denim_Jacket.jpg on this server | user: guest 
Error: Can't find /files/1788430760414_Black_Denim_Jacket.jpg on this server
    at D:\photo\store_uiux_polished\v1\backend\server.js:110:8
    at Layer.handleRequest (D:\photo\store_uiux_polished\v1\backend\node_modules\router\lib\layer.js:152:17)
    at trimPrefix (D:\photo\store_uiux_polished\v1\backend\node_modules\router\index.js:342:13)
    at D:\photo\store_uiux_polished\v1\backend\node_modules\router\index.js:297:9
    at processParams (D:\photo\store_uiux_polished\v1\backend\node_modules\router\index.js:582:12)
    at next (D:\photo\store_uiux_polished\v1\backend\node_modules\router\index.js:291:5)
    at SendStream.error (D:\photo\store_uiux_polished\v1\backend\node_modules\serve-static\index.js:120:7)
    at SendStream.emit (node:events:509:20)
    at SendStream.error (D:\photo\store_uiux_polished\v1\backend\node_modules\send\index.js:168:17)
    at SendStream.onStatError (D:\photo\store_uiux_polished\v1\backend\node_modules\send\index.js:315:12) 
08-09-2026 20:43:04 | ERROR | Error found | 404 | GET /files/1788542750602_men-category.jpg : Can't find /files/1788542750602_men-category.jpg on this server | user: guest 
Error: Can't find /files/1788542750602_men-category.jpg on this server
    at D:\photo\store_uiux_polished\v1\backend\server.js:110:8
    at Layer.handleRequest (D:\photo\store_uiux_polished\v1\backend\node_modules\router\lib\layer.js:152:17)
    at trimPrefix (D:\photo\store_uiux_polished\v1\backend\node_modules\router\index.js:342:13)
    at D:\photo\store_uiux_polished\v1\backend\node_modules\router\index.js:297:9
    at processParams (D:\photo\store_uiux_polished\v1\backend\node_modules\router\index.js:582:12)
    at next (D:\photo\store_uiux_polished\v1\backend\node_modules\router\index.js:291:5)
    at SendStream.error (D:\photo\store_uiux_polished\v1\backend\node_modules\serve-static\index.js:120:7)
    at SendStream.emit (node:events:509:20)
    at SendStream.error (D:\photo\store_uiux_polished\v1\backend\node_modules\send\index.js:168:17)
    at SendStream.onStatError (D:\photo\store_uiux_polished\v1\backend\node_modules\send\index.js:315:12) 
08-09-2026 20:43:41 | ERROR | Error found | 404 | GET /files/1788430760414_Black_Denim_Jacket.jpg : Can't find /files/1788430760414_Black_Denim_Jacket.jpg on this server | user: guest 
Error: Can't find /files/1788430760414_Black_Denim_Jacket.jpg on this server
    at D:\photo\store_uiux_polished\v1\backend\server.js:110:8
    at Layer.handleRequest (D:\photo\store_uiux_polished\v1\backend\node_modules\router\lib\layer.js:152:17)
    at trimPrefix (D:\photo\store_uiux_polished\v1\backend\node_modules\router\index.js:342:13)
    at D:\photo\store_uiux_polished\v1\backend\node_modules\router\index.js:297:9
    at processParams (D:\photo\store_uiux_polished\v1\backend\node_modules\router\index.js:582:12)
    at next (D:\photo\store_uiux_polished\v1\backend\node_modules\router\index.js:291:5)
    at SendStream.error (D:\photo\store_uiux_polished\v1\backend\node_modules\serve-static\index.js:120:7)
    at SendStream.emit (node:events:509:20)
    at SendStream.error (D:\photo\store_uiux_polished\v1\backend\node_modules\send\index.js:168:17)
    at SendStream.onStatError (D:\photo\store_uiux_polished\v1\backend\node_modules\send\index.js:315:12) 
08-09-2026 20:43:41 | ERROR | Error found | 404 | GET /files/1788542750602_men-category.jpg : Can't find /files/1788542750602_men-category.jpg on this server | user: guest 
Error: Can't find /files/1788542750602_men-category.jpg on this server
    at D:\photo\store_uiux_polished\v1\backend\server.js:110:8
    at Layer.handleRequest (D:\photo\store_uiux_polished\v1\backend\node_modules\router\lib\layer.js:152:17)
    at trimPrefix (D:\photo\store_uiux_polished\v1\backend\node_modules\router\index.js:342:13)
    at D:\photo\store_uiux_polished\v1\backend\node_modules\router\index.js:297:9
    at processParams (D:\photo\store_uiux_polished\v1\backend\node_modules\router\index.js:582:12)
    at next (D:\photo\store_uiux_polished\v1\backend\node_modules\router\index.js:291:5)
    at SendStream.error (D:\photo\store_uiux_polished\v1\backend\node_modules\serve-static\index.js:120:7)
    at SendStream.emit (node:events:509:20)
    at SendStream.error (D:\photo\store_uiux_polished\v1\backend\node_modules\send\index.js:168:17)
    at SendStream.onStatError (D:\photo\store_uiux_polished\v1\backend\node_modules\send\index.js:315:12) 
08-09-2026 20:44:03 | ERROR | Error found | 404 | GET /files/1788430760414_Black_Denim_Jacket.jpg : Can't find /files/1788430760414_Black_Denim_Jacket.jpg on this server | user: guest 
Error: Can't find /files/1788430760414_Black_Denim_Jacket.jpg on this server
    at D:\photo\store_uiux_polished\v1\backend\server.js:110:8
    at Layer.handleRequest (D:\photo\store_uiux_polished\v1\backend\node_modules\router\lib\layer.js:152:17)
    at trimPrefix (D:\photo\store_uiux_polished\v1\backend\node_modules\router\index.js:342:13)
    at D:\photo\store_uiux_polished\v1\backend\node_modules\router\index.js:297:9
    at processParams (D:\photo\store_uiux_polished\v1\backend\node_modules\router\index.js:582:12)
    at next (D:\photo\store_uiux_polished\v1\backend\node_modules\router\index.js:291:5)
    at SendStream.error (D:\photo\store_uiux_polished\v1\backend\node_modules\serve-static\index.js:120:7)
    at SendStream.emit (node:events:509:20)
    at SendStream.error (D:\photo\store_uiux_polished\v1\backend\node_modules\send\index.js:168:17)
    at SendStream.onStatError (D:\photo\store_uiux_polished\v1\backend\node_modules\send\index.js:315:12) 
08-09-2026 20:44:37 | ERROR | Error found | 404 | GET /files/1788430760414_Black_Denim_Jacket.jpg : Can't find /files/1788430760414_Black_Denim_Jacket.jpg on this server | user: guest 
Error: Can't find /files/1788430760414_Black_Denim_Jacket.jpg on this server
    at D:\photo\store_uiux_polished\v1\backend\server.js:110:8
    at Layer.handleRequest (D:\photo\store_uiux_polished\v1\backend\node_modules\router\lib\layer.js:152:17)
    at trimPrefix (D:\photo\store_uiux_polished\v1\backend\node_modules\router\index.js:342:13)
    at D:\photo\store_uiux_polished\v1\backend\node_modules\router\index.js:297:9
    at processParams (D:\photo\store_uiux_polished\v1\backend\node_modules\router\index.js:582:12)
    at next (D:\photo\store_uiux_polished\v1\backend\node_modules\router\index.js:291:5)
    at SendStream.error (D:\photo\store_uiux_polished\v1\backend\node_modules\serve-static\index.js:120:7)
    at SendStream.emit (node:events:509:20)
    at SendStream.error (D:\photo\store_uiux_polished\v1\backend\node_modules\send\index.js:168:17)
    at SendStream.onStatError (D:\photo\store_uiux_polished\v1\backend\node_modules\send\index.js:315:12) 
08-09-2026 20:44:38 | ERROR | Error found | 404 | GET /files/1788430760414_Black_Denim_Jacket.jpg : Can't find /files/1788430760414_Black_Denim_Jacket.jpg on this server | user: guest 
Error: Can't find /files/1788430760414_Black_Denim_Jacket.jpg on this server
    at D:\photo\store_uiux_polished\v1\backend\server.js:110:8
    at Layer.handleRequest (D:\photo\store_uiux_polished\v1\backend\node_modules\router\lib\layer.js:152:17)
    at trimPrefix (D:\photo\store_uiux_polished\v1\backend\node_modules\router\index.js:342:13)
    at D:\photo\store_uiux_polished\v1\backend\node_modules\router\index.js:297:9
    at processParams (D:\photo\store_uiux_polished\v1\backend\node_modules\router\index.js:582:12)
    at next (D:\photo\store_uiux_polished\v1\backend\node_modules\router\index.js:291:5)
    at SendStream.error (D:\photo\store_uiux_polished\v1\backend\node_modules\serve-static\index.js:120:7)
    at SendStream.emit (node:events:509:20)
    at SendStream.error (D:\photo\store_uiux_polished\v1\backend\node_modules\send\index.js:168:17)
    at SendStream.onStatError (D:\photo\store_uiux_polished\v1\backend\node_modules\send\index.js:315:12) 
08-09-2026 20:44:52 | ERROR | Error found | 404 | GET /files/1788430760414_Black_Denim_Jacket.jpg : Can't find /files/1788430760414_Black_Denim_Jacket.jpg on this server | user: guest 
Error: Can't find /files/1788430760414_Black_Denim_Jacket.jpg on this server
    at D:\photo\store_uiux_polished\v1\backend\server.js:110:8
    at Layer.handleRequest (D:\photo\store_uiux_polished\v1\backend\node_modules\router\lib\layer.js:152:17)
    at trimPrefix (D:\photo\store_uiux_polished\v1\backend\node_modules\router\index.js:342:13)
    at D:\photo\store_uiux_polished\v1\backend\node_modules\router\index.js:297:9
    at processParams (D:\photo\store_uiux_polished\v1\backend\node_modules\router\index.js:582:12)
    at next (D:\photo\store_uiux_polished\v1\backend\node_modules\router\index.js:291:5)
    at SendStream.error (D:\photo\store_uiux_polished\v1\backend\node_modules\serve-static\index.js:120:7)
    at SendStream.emit (node:events:509:20)
    at SendStream.error (D:\photo\store_uiux_polished\v1\backend\node_modules\send\index.js:168:17)
    at SendStream.onStatError (D:\photo\store_uiux_polished\v1\backend\node_modules\send\index.js:315:12) 
08-09-2026 20:44:53 | ERROR | Error found | 404 | GET /files/1788430760414_Black_Denim_Jacket.jpg : Can't find /files/1788430760414_Black_Denim_Jacket.jpg on this server | user: guest 
Error: Can't find /files/1788430760414_Black_Denim_Jacket.jpg on this server
    at D:\photo\store_uiux_polished\v1\backend\server.js:110:8
    at Layer.handleRequest (D:\photo\store_uiux_polished\v1\backend\node_modules\router\lib\layer.js:152:17)
    at trimPrefix (D:\photo\store_uiux_polished\v1\backend\node_modules\router\index.js:342:13)
    at D:\photo\store_uiux_polished\v1\backend\node_modules\router\index.js:297:9
    at processParams (D:\photo\store_uiux_polished\v1\backend\node_modules\router\index.js:582:12)
    at next (D:\photo\store_uiux_polished\v1\backend\node_modules\router\index.js:291:5)
    at SendStream.error (D:\photo\store_uiux_polished\v1\backend\node_modules\serve-static\index.js:120:7)
    at SendStream.emit (node:events:509:20)
    at SendStream.error (D:\photo\store_uiux_polished\v1\backend\node_modules\send\index.js:168:17)
    at SendStream.onStatError (D:\photo\store_uiux_polished\v1\backend\node_modules\send\index.js:315:12) 
08-09-2026 20:45:04 | ERROR | Error found | 404 | GET /files/1788430760414_Black_Denim_Jacket.jpg : Can't find /files/1788430760414_Black_Denim_Jacket.jpg on this server | user: guest 
Error: Can't find /files/1788430760414_Black_Denim_Jacket.jpg on this server
    at D:\photo\store_uiux_polished\v1\backend\server.js:110:8
    at Layer.handleRequest (D:\photo\store_uiux_polished\v1\backend\node_modules\router\lib\layer.js:152:17)
    at trimPrefix (D:\photo\store_uiux_polished\v1\backend\node_modules\router\index.js:342:13)
    at D:\photo\store_uiux_polished\v1\backend\node_modules\router\index.js:297:9
    at processParams (D:\photo\store_uiux_polished\v1\backend\node_modules\router\index.js:582:12)
    at next (D:\photo\store_uiux_polished\v1\backend\node_modules\router\index.js:291:5)
    at SendStream.error (D:\photo\store_uiux_polished\v1\backend\node_modules\serve-static\index.js:120:7)
    at SendStream.emit (node:events:509:20)
    at SendStream.error (D:\photo\store_uiux_polished\v1\backend\node_modules\send\index.js:168:17)
    at SendStream.onStatError (D:\photo\store_uiux_polished\v1\backend\node_modules\send\index.js:315:12) 
08-09-2026 20:45:10 | ERROR | Error found | 404 | GET /files/1788430760414_Black_Denim_Jacket.jpg : Can't find /files/1788430760414_Black_Denim_Jacket.jpg on this server | user: guest 
Error: Can't find /files/1788430760414_Black_Denim_Jacket.jpg on this server
    at D:\photo\store_uiux_polished\v1\backend\server.js:110:8
    at Layer.handleRequest (D:\photo\store_uiux_polished\v1\backend\node_modules\router\lib\layer.js:152:17)
    at trimPrefix (D:\photo\store_uiux_polished\v1\backend\node_modules\router\index.js:342:13)
    at D:\photo\store_uiux_polished\v1\backend\node_modules\router\index.js:297:9
    at processParams (D:\photo\store_uiux_polished\v1\backend\node_modules\router\index.js:582:12)
    at next (D:\photo\store_uiux_polished\v1\backend\node_modules\router\index.js:291:5)
    at SendStream.error (D:\photo\store_uiux_polished\v1\backend\node_modules\serve-static\index.js:120:7)
    at SendStream.emit (node:events:509:20)
    at SendStream.error (D:\photo\store_uiux_polished\v1\backend\node_modules\send\index.js:168:17)
    at SendStream.onStatError (D:\photo\store_uiux_polished\v1\backend\node_modules\send\index.js:315:12) 
08-09-2026 20:45:25 | ERROR | Error found | 404 | GET /files/1788430760414_Black_Denim_Jacket.jpg : Can't find /files/1788430760414_Black_Denim_Jacket.jpg on this server | user: guest 
Error: Can't find /files/1788430760414_Black_Denim_Jacket.jpg on this server
    at D:\photo\store_uiux_polished\v1\backend\server.js:110:8
    at Layer.handleRequest (D:\photo\store_uiux_polished\v1\backend\node_modules\router\lib\layer.js:152:17)
    at trimPrefix (D:\photo\store_uiux_polished\v1\backend\node_modules\router\index.js:342:13)
    at D:\photo\store_uiux_polished\v1\backend\node_modules\router\index.js:297:9
    at processParams (D:\photo\store_uiux_polished\v1\backend\node_modules\router\index.js:582:12)
    at next (D:\photo\store_uiux_polished\v1\backend\node_modules\router\index.js:291:5)
    at SendStream.error (D:\photo\store_uiux_polished\v1\backend\node_modules\serve-static\index.js:120:7)
    at SendStream.emit (node:events:509:20)
    at SendStream.error (D:\photo\store_uiux_polished\v1\backend\node_modules\send\index.js:168:17)
    at SendStream.onStatError (D:\photo\store_uiux_polished\v1\backend\node_modules\send\index.js:315:12) 
08-09-2026 20:45:38 | ERROR | Error found | 404 | GET /files/1788430760414_Black_Denim_Jacket.jpg : Can't find /files/1788430760414_Black_Denim_Jacket.jpg on this server | user: guest 
Error: Can't find /files/1788430760414_Black_Denim_Jacket.jpg on this server
    at D:\photo\store_uiux_polished\v1\backend\server.js:110:8
    at Layer.handleRequest (D:\photo\store_uiux_polished\v1\backend\node_modules\router\lib\layer.js:152:17)
    at trimPrefix (D:\photo\store_uiux_polished\v1\backend\node_modules\router\index.js:342:13)
    at D:\photo\store_uiux_polished\v1\backend\node_modules\router\index.js:297:9
    at processParams (D:\photo\store_uiux_polished\v1\backend\node_modules\router\index.js:582:12)
    at next (D:\photo\store_uiux_polished\v1\backend\node_modules\router\index.js:291:5)
    at SendStream.error (D:\photo\store_uiux_polished\v1\backend\node_modules\serve-static\index.js:120:7)
    at SendStream.emit (node:events:509:20)
    at SendStream.error (D:\photo\store_uiux_polished\v1\backend\node_modules\send\index.js:168:17)
    at SendStream.onStatError (D:\photo\store_uiux_polished\v1\backend\node_modules\send\index.js:315:12) 
08-09-2026 20:46:25 | ERROR | Error found | 404 | GET /files/1788430760414_Black_Denim_Jacket.jpg : Can't find /files/1788430760414_Black_Denim_Jacket.jpg on this server | user: guest 
Error: Can't find /files/1788430760414_Black_Denim_Jacket.jpg on this server
    at D:\photo\store_uiux_polished\v1\backend\server.js:110:8
    at Layer.handleRequest (D:\photo\store_uiux_polished\v1\backend\node_modules\router\lib\layer.js:152:17)
    at trimPrefix (D:\photo\store_uiux_polished\v1\backend\node_modules\router\index.js:342:13)
    at D:\photo\store_uiux_polished\v1\backend\node_modules\router\index.js:297:9
    at processParams (D:\photo\store_uiux_polished\v1\backend\node_modules\router\index.js:582:12)
    at next (D:\photo\store_uiux_polished\v1\backend\node_modules\router\index.js:291:5)
    at SendStream.error (D:\photo\store_uiux_polished\v1\backend\node_modules\serve-static\index.js:120:7)
    at SendStream.emit (node:events:509:20)
    at SendStream.error (D:\photo\store_uiux_polished\v1\backend\node_modules\send\index.js:168:17)
    at SendStream.onStatError (D:\photo\store_uiux_polished\v1\backend\node_modules\send\index.js:315:12) 
08-09-2026 20:47:38 | ERROR | Error found | 404 | GET /files/1788430760414_Black_Denim_Jacket.jpg : Can't find /files/1788430760414_Black_Denim_Jacket.jpg on this server | user: guest 
Error: Can't find /files/1788430760414_Black_Denim_Jacket.jpg on this server
    at D:\photo\store_uiux_polished\v1\backend\server.js:110:8
    at Layer.handleRequest (D:\photo\store_uiux_polished\v1\backend\node_modules\router\lib\layer.js:152:17)
    at trimPrefix (D:\photo\store_uiux_polished\v1\backend\node_modules\router\index.js:342:13)
    at D:\photo\store_uiux_polished\v1\backend\node_modules\router\index.js:297:9
    at processParams (D:\photo\store_uiux_polished\v1\backend\node_modules\router\index.js:582:12)
    at next (D:\photo\store_uiux_polished\v1\backend\node_modules\router\index.js:291:5)
    at SendStream.error (D:\photo\store_uiux_polished\v1\backend\node_modules\serve-static\index.js:120:7)
    at SendStream.emit (node:events:509:20)
    at SendStream.error (D:\photo\store_uiux_polished\v1\backend\node_modules\send\index.js:168:17)
    at SendStream.onStatError (D:\photo\store_uiux_polished\v1\backend\node_modules\send\index.js:315:12) 
08-09-2026 20:50:11 | ERROR | Error found | 404 | GET /files/1788430760414_Black_Denim_Jacket.jpg : Can't find /files/1788430760414_Black_Denim_Jacket.jpg on this server | user: guest 
Error: Can't find /files/1788430760414_Black_Denim_Jacket.jpg on this server
    at D:\photo\store_uiux_polished\v1\backend\server.js:110:8
    at Layer.handleRequest (D:\photo\store_uiux_polished\v1\backend\node_modules\router\lib\layer.js:152:17)
    at trimPrefix (D:\photo\store_uiux_polished\v1\backend\node_modules\router\index.js:342:13)
    at D:\photo\store_uiux_polished\v1\backend\node_modules\router\index.js:297:9
    at processParams (D:\photo\store_uiux_polished\v1\backend\node_modules\router\index.js:582:12)
    at next (D:\photo\store_uiux_polished\v1\backend\node_modules\router\index.js:291:5)
    at SendStream.error (D:\photo\store_uiux_polished\v1\backend\node_modules\serve-static\index.js:120:7)
    at SendStream.emit (node:events:509:20)
    at SendStream.error (D:\photo\store_uiux_polished\v1\backend\node_modules\send\index.js:168:17)
    at SendStream.onStatError (D:\photo\store_uiux_polished\v1\backend\node_modules\send\index.js:315:12) 
08-09-2026 20:50:59 | ERROR | Error found | 404 | GET /files/1788430760414_Black_Denim_Jacket.jpg : Can't find /files/1788430760414_Black_Denim_Jacket.jpg on this server | user: guest 
Error: Can't find /files/1788430760414_Black_Denim_Jacket.jpg on this server
    at D:\photo\store_uiux_polished\v1\backend\server.js:110:8
    at Layer.handleRequest (D:\photo\store_uiux_polished\v1\backend\node_modules\router\lib\layer.js:152:17)
    at trimPrefix (D:\photo\store_uiux_polished\v1\backend\node_modules\router\index.js:342:13)
    at D:\photo\store_uiux_polished\v1\backend\node_modules\router\index.js:297:9
    at processParams (D:\photo\store_uiux_polished\v1\backend\node_modules\router\index.js:582:12)
    at next (D:\photo\store_uiux_polished\v1\backend\node_modules\router\index.js:291:5)
    at SendStream.error (D:\photo\store_uiux_polished\v1\backend\node_modules\serve-static\index.js:120:7)
    at SendStream.emit (node:events:509:20)
    at SendStream.error (D:\photo\store_uiux_polished\v1\backend\node_modules\send\index.js:168:17)
    at SendStream.onStatError (D:\photo\store_uiux_polished\v1\backend\node_modules\send\index.js:315:12) 
08-09-2026 20:52:34 | ERROR | Error found | 404 | GET /files/1788430760414_Black_Denim_Jacket.jpg : Can't find /files/1788430760414_Black_Denim_Jacket.jpg on this server | user: guest 
Error: Can't find /files/1788430760414_Black_Denim_Jacket.jpg on this server
    at D:\photo\store_uiux_polished\v1\backend\server.js:110:8
    at Layer.handleRequest (D:\photo\store_uiux_polished\v1\backend\node_modules\router\lib\layer.js:152:17)
    at trimPrefix (D:\photo\store_uiux_polished\v1\backend\node_modules\router\index.js:342:13)
    at D:\photo\store_uiux_polished\v1\backend\node_modules\router\index.js:297:9
    at processParams (D:\photo\store_uiux_polished\v1\backend\node_modules\router\index.js:582:12)
    at next (D:\photo\store_uiux_polished\v1\backend\node_modules\router\index.js:291:5)
    at SendStream.error (D:\photo\store_uiux_polished\v1\backend\node_modules\serve-static\index.js:120:7)
    at SendStream.emit (node:events:509:20)
    at SendStream.error (D:\photo\store_uiux_polished\v1\backend\node_modules\send\index.js:168:17)
    at SendStream.onStatError (D:\photo\store_uiux_polished\v1\backend\node_modules\send\index.js:315:12) 
08-09-2026 20:58:19 | ERROR | Error found | 404 | GET /files/1788430760414_Black_Denim_Jacket.jpg : Can't find /files/1788430760414_Black_Denim_Jacket.jpg on this server | user: guest 
Error: Can't find /files/1788430760414_Black_Denim_Jacket.jpg on this server
    at D:\photo\store_uiux_polished\v1\backend\server.js:110:8
    at Layer.handleRequest (D:\photo\store_uiux_polished\v1\backend\node_modules\router\lib\layer.js:152:17)
    at trimPrefix (D:\photo\store_uiux_polished\v1\backend\node_modules\router\index.js:342:13)
    at D:\photo\store_uiux_polished\v1\backend\node_modules\router\index.js:297:9
    at processParams (D:\photo\store_uiux_polished\v1\backend\node_modules\router\index.js:582:12)
    at next (D:\photo\store_uiux_polished\v1\backend\node_modules\router\index.js:291:5)
    at SendStream.error (D:\photo\store_uiux_polished\v1\backend\node_modules\serve-static\index.js:120:7)
    at SendStream.emit (node:events:509:20)
    at SendStream.error (D:\photo\store_uiux_polished\v1\backend\node_modules\send\index.js:168:17)
    at SendStream.onStatError (D:\photo\store_uiux_polished\v1\backend\node_modules\send\index.js:315:12) 
08-09-2026 20:58:19 | ERROR | Error found | 404 | GET /files/1788542750602_men-category.jpg : Can't find /files/1788542750602_men-category.jpg on this server | user: guest 
Error: Can't find /files/1788542750602_men-category.jpg on this server
    at D:\photo\store_uiux_polished\v1\backend\server.js:110:8
    at Layer.handleRequest (D:\photo\store_uiux_polished\v1\backend\node_modules\router\lib\layer.js:152:17)
    at trimPrefix (D:\photo\store_uiux_polished\v1\backend\node_modules\router\index.js:342:13)
    at D:\photo\store_uiux_polished\v1\backend\node_modules\router\index.js:297:9
    at processParams (D:\photo\store_uiux_polished\v1\backend\node_modules\router\index.js:582:12)
    at next (D:\photo\store_uiux_polished\v1\backend\node_modules\router\index.js:291:5)
    at SendStream.error (D:\photo\store_uiux_polished\v1\backend\node_modules\serve-static\index.js:120:7)
    at SendStream.emit (node:events:509:20)
    at SendStream.error (D:\photo\store_uiux_polished\v1\backend\node_modules\send\index.js:168:17)
    at SendStream.onStatError (D:\photo\store_uiux_polished\v1\backend\node_modules\send\index.js:315:12) 
08-09-2026 20:58:26 | INFO | Users directory queried successfully  
08-09-2026 20:58:28 | INFO | User fetched successfully  
08-09-2026 20:58:30 | INFO | Users directory queried successfully  
08-09-2026 20:59:15 | ERROR | Error found | 404 | GET /files/1788430760414_Black_Denim_Jacket.jpg : Can't find /files/1788430760414_Black_Denim_Jacket.jpg on this server | user: guest 
Error: Can't find /files/1788430760414_Black_Denim_Jacket.jpg on this server
    at D:\photo\store_uiux_polished\v1\backend\server.js:110:8
    at Layer.handleRequest (D:\photo\store_uiux_polished\v1\backend\node_modules\router\lib\layer.js:152:17)
    at trimPrefix (D:\photo\store_uiux_polished\v1\backend\node_modules\router\index.js:342:13)
    at D:\photo\store_uiux_polished\v1\backend\node_modules\router\index.js:297:9
    at processParams (D:\photo\store_uiux_polished\v1\backend\node_modules\router\index.js:582:12)
    at next (D:\photo\store_uiux_polished\v1\backend\node_modules\router\index.js:291:5)
    at SendStream.error (D:\photo\store_uiux_polished\v1\backend\node_modules\serve-static\index.js:120:7)
    at SendStream.emit (node:events:509:20)
    at SendStream.error (D:\photo\store_uiux_polished\v1\backend\node_modules\send\index.js:168:17)
    at SendStream.onStatError (D:\photo\store_uiux_polished\v1\backend\node_modules\send\index.js:315:12) 
08-09-2026 20:59:15 | ERROR | Error found | 404 | GET /files/1788542750602_men-category.jpg : Can't find /files/1788542750602_men-category.jpg on this server | user: guest 
Error: Can't find /files/1788542750602_men-category.jpg on this server
    at D:\photo\store_uiux_polished\v1\backend\server.js:110:8
    at Layer.handleRequest (D:\photo\store_uiux_polished\v1\backend\node_modules\router\lib\layer.js:152:17)
    at trimPrefix (D:\photo\store_uiux_polished\v1\backend\node_modules\router\index.js:342:13)
    at D:\photo\store_uiux_polished\v1\backend\node_modules\router\index.js:297:9
    at processParams (D:\photo\store_uiux_polished\v1\backend\node_modules\router\index.js:582:12)
    at next (D:\photo\store_uiux_polished\v1\backend\node_modules\router\index.js:291:5)
    at SendStream.error (D:\photo\store_uiux_polished\v1\backend\node_modules\serve-static\index.js:120:7)
    at SendStream.emit (node:events:509:20)
    at SendStream.error (D:\photo\store_uiux_polished\v1\backend\node_modules\send\index.js:168:17)
    at SendStream.onStatError (D:\photo\store_uiux_polished\v1\backend\node_modules\send\index.js:315:12) 
08-09-2026 21:00:18 | INFO | Cart updated by Abdelrhman  
08-09-2026 21:00:19 | INFO | Product removed from cart by Abdelrhman  
08-09-2026 21:00:33 | INFO | User addresses fetched  
08-09-2026 21:00:44 | INFO | User addresses fetched  
08-09-2026 21:00:56 | ERROR | Error found | 404 | GET /files/1788430760414_Black_Denim_Jacket.jpg : Can't find /files/1788430760414_Black_Denim_Jacket.jpg on this server | user: guest 
Error: Can't find /files/1788430760414_Black_Denim_Jacket.jpg on this server
    at D:\photo\store_uiux_polished\v1\backend\server.js:110:8
    at Layer.handleRequest (D:\photo\store_uiux_polished\v1\backend\node_modules\router\lib\layer.js:152:17)
    at trimPrefix (D:\photo\store_uiux_polished\v1\backend\node_modules\router\index.js:342:13)
    at D:\photo\store_uiux_polished\v1\backend\node_modules\router\index.js:297:9
    at processParams (D:\photo\store_uiux_polished\v1\backend\node_modules\router\index.js:582:12)
    at next (D:\photo\store_uiux_polished\v1\backend\node_modules\router\index.js:291:5)
    at SendStream.error (D:\photo\store_uiux_polished\v1\backend\node_modules\serve-static\index.js:120:7)
    at SendStream.emit (node:events:509:20)
    at SendStream.error (D:\photo\store_uiux_polished\v1\backend\node_modules\send\index.js:168:17)
    at SendStream.onStatError (D:\photo\store_uiux_polished\v1\backend\node_modules\send\index.js:315:12) 
08-09-2026 21:00:57 | ERROR | Error found | 404 | GET /files/1788430760414_Black_Denim_Jacket.jpg : Can't find /files/1788430760414_Black_Denim_Jacket.jpg on this server | user: guest 
Error: Can't find /files/1788430760414_Black_Denim_Jacket.jpg on this server
    at D:\photo\store_uiux_polished\v1\backend\server.js:110:8
    at Layer.handleRequest (D:\photo\store_uiux_polished\v1\backend\node_modules\router\lib\layer.js:152:17)
    at trimPrefix (D:\photo\store_uiux_polished\v1\backend\node_modules\router\index.js:342:13)
    at D:\photo\store_uiux_polished\v1\backend\node_modules\router\index.js:297:9
    at processParams (D:\photo\store_uiux_polished\v1\backend\node_modules\router\index.js:582:12)
    at next (D:\photo\store_uiux_polished\v1\backend\node_modules\router\index.js:291:5)
    at SendStream.error (D:\photo\store_uiux_polished\v1\backend\node_modules\serve-static\index.js:120:7)
    at SendStream.emit (node:events:509:20)
    at SendStream.error (D:\photo\store_uiux_polished\v1\backend\node_modules\send\index.js:168:17)
    at SendStream.onStatError (D:\photo\store_uiux_polished\v1\backend\node_modules\send\index.js:315:12) 
08-09-2026 21:00:57 | ERROR | Error found | 404 | GET /files/1788542750602_men-category.jpg : Can't find /files/1788542750602_men-category.jpg on this server | user: guest 
Error: Can't find /files/1788542750602_men-category.jpg on this server
    at D:\photo\store_uiux_polished\v1\backend\server.js:110:8
    at Layer.handleRequest (D:\photo\store_uiux_polished\v1\backend\node_modules\router\lib\layer.js:152:17)
    at trimPrefix (D:\photo\store_uiux_polished\v1\backend\node_modules\router\index.js:342:13)
    at D:\photo\store_uiux_polished\v1\backend\node_modules\router\index.js:297:9
    at processParams (D:\photo\store_uiux_polished\v1\backend\node_modules\router\index.js:582:12)
    at next (D:\photo\store_uiux_polished\v1\backend\node_modules\router\index.js:291:5)
    at SendStream.error (D:\photo\store_uiux_polished\v1\backend\node_modules\serve-static\index.js:120:7)
    at SendStream.emit (node:events:509:20)
    at SendStream.error (D:\photo\store_uiux_polished\v1\backend\node_modules\send\index.js:168:17)
    at SendStream.onStatError (D:\photo\store_uiux_polished\v1\backend\node_modules\send\index.js:315:12) 
08-09-2026 21:05:07 | ERROR | Error found | 404 | GET /files/1788430760414_Black_Denim_Jacket.jpg : Can't find /files/1788430760414_Black_Denim_Jacket.jpg on this server | user: guest 
Error: Can't find /files/1788430760414_Black_Denim_Jacket.jpg on this server
    at D:\photo\store_uiux_polished\v1\backend\server.js:110:8
    at Layer.handleRequest (D:\photo\store_uiux_polished\v1\backend\node_modules\router\lib\layer.js:152:17)
    at trimPrefix (D:\photo\store_uiux_polished\v1\backend\node_modules\router\index.js:342:13)
    at D:\photo\store_uiux_polished\v1\backend\node_modules\router\index.js:297:9
    at processParams (D:\photo\store_uiux_polished\v1\backend\node_modules\router\index.js:582:12)
    at next (D:\photo\store_uiux_polished\v1\backend\node_modules\router\index.js:291:5)
    at SendStream.error (D:\photo\store_uiux_polished\v1\backend\node_modules\serve-static\index.js:120:7)
    at SendStream.emit (node:events:509:20)
    at SendStream.error (D:\photo\store_uiux_polished\v1\backend\node_modules\send\index.js:168:17)
    at SendStream.onStatError (D:\photo\store_uiux_polished\v1\backend\node_modules\send\index.js:315:12) 
08-09-2026 21:05:07 | ERROR | Error found | 404 | GET /files/1788542750602_men-category.jpg : Can't find /files/1788542750602_men-category.jpg on this server | user: guest 
Error: Can't find /files/1788542750602_men-category.jpg on this server
    at D:\photo\store_uiux_polished\v1\backend\server.js:110:8
    at Layer.handleRequest (D:\photo\store_uiux_polished\v1\backend\node_modules\router\lib\layer.js:152:17)
    at trimPrefix (D:\photo\store_uiux_polished\v1\backend\node_modules\router\index.js:342:13)
    at D:\photo\store_uiux_polished\v1\backend\node_modules\router\index.js:297:9
    at processParams (D:\photo\store_uiux_polished\v1\backend\node_modules\router\index.js:582:12)
    at next (D:\photo\store_uiux_polished\v1\backend\node_modules\router\index.js:291:5)
    at SendStream.error (D:\photo\store_uiux_polished\v1\backend\node_modules\serve-static\index.js:120:7)
    at SendStream.emit (node:events:509:20)
    at SendStream.error (D:\photo\store_uiux_polished\v1\backend\node_modules\send\index.js:168:17)
    at SendStream.onStatError (D:\photo\store_uiux_polished\v1\backend\node_modules\send\index.js:315:12) 
08-09-2026 21:05:50 | ERROR | Error found | 404 | GET /files/1788430760414_Black_Denim_Jacket.jpg : Can't find /files/1788430760414_Black_Denim_Jacket.jpg on this server | user: guest 
Error: Can't find /files/1788430760414_Black_Denim_Jacket.jpg on this server
    at D:\photo\store_uiux_polished\v1\backend\server.js:110:8
    at Layer.handleRequest (D:\photo\store_uiux_polished\v1\backend\node_modules\router\lib\layer.js:152:17)
    at trimPrefix (D:\photo\store_uiux_polished\v1\backend\node_modules\router\index.js:342:13)
    at D:\photo\store_uiux_polished\v1\backend\node_modules\router\index.js:297:9
    at processParams (D:\photo\store_uiux_polished\v1\backend\node_modules\router\index.js:582:12)
    at next (D:\photo\store_uiux_polished\v1\backend\node_modules\router\index.js:291:5)
    at SendStream.error (D:\photo\store_uiux_polished\v1\backend\node_modules\serve-static\index.js:120:7)
    at SendStream.emit (node:events:509:20)
    at SendStream.error (D:\photo\store_uiux_polished\v1\backend\node_modules\send\index.js:168:17)
    at SendStream.onStatError (D:\photo\store_uiux_polished\v1\backend\node_modules\send\index.js:315:12) 
08-09-2026 21:05:50 | ERROR | Error found | 404 | GET /files/1788542750602_men-category.jpg : Can't find /files/1788542750602_men-category.jpg on this server | user: guest 
Error: Can't find /files/1788542750602_men-category.jpg on this server
    at D:\photo\store_uiux_polished\v1\backend\server.js:110:8
    at Layer.handleRequest (D:\photo\store_uiux_polished\v1\backend\node_modules\router\lib\layer.js:152:17)
    at trimPrefix (D:\photo\store_uiux_polished\v1\backend\node_modules\router\index.js:342:13)
    at D:\photo\store_uiux_polished\v1\backend\node_modules\router\index.js:297:9
    at processParams (D:\photo\store_uiux_polished\v1\backend\node_modules\router\index.js:582:12)
    at next (D:\photo\store_uiux_polished\v1\backend\node_modules\router\index.js:291:5)
    at SendStream.error (D:\photo\store_uiux_polished\v1\backend\node_modules\serve-static\index.js:120:7)
    at SendStream.emit (node:events:509:20)
    at SendStream.error (D:\photo\store_uiux_polished\v1\backend\node_modules\send\index.js:168:17)
    at SendStream.onStatError (D:\photo\store_uiux_polished\v1\backend\node_modules\send\index.js:315:12) 
08-09-2026 21:17:14 | INFO | Hero updated: DFUBVFJKD by admin Abdelrhman  
08-09-2026 21:21:37 | INFO | Hero updated: DFUBVFJKD by admin Abdelrhman  
08-09-2026 21:22:03 | ERROR | Error found | 404 | GET /files/1788430760414_Black_Denim_Jacket.jpg : Can't find /files/1788430760414_Black_Denim_Jacket.jpg on this server | user: guest 
Error: Can't find /files/1788430760414_Black_Denim_Jacket.jpg on this server
    at D:\photo\store_uiux_polished\v1\backend\server.js:110:8
    at Layer.handleRequest (D:\photo\store_uiux_polished\v1\backend\node_modules\router\lib\layer.js:152:17)
    at trimPrefix (D:\photo\store_uiux_polished\v1\backend\node_modules\router\index.js:342:13)
    at D:\photo\store_uiux_polished\v1\backend\node_modules\router\index.js:297:9
    at processParams (D:\photo\store_uiux_polished\v1\backend\node_modules\router\index.js:582:12)
    at next (D:\photo\store_uiux_polished\v1\backend\node_modules\router\index.js:291:5)
    at SendStream.error (D:\photo\store_uiux_polished\v1\backend\node_modules\serve-static\index.js:120:7)
    at SendStream.emit (node:events:509:20)
    at SendStream.error (D:\photo\store_uiux_polished\v1\backend\node_modules\send\index.js:168:17)
    at SendStream.onStatError (D:\photo\store_uiux_polished\v1\backend\node_modules\send\index.js:315:12) 
08-09-2026 21:23:18 | ERROR | Error found | 404 | GET /files/1788430760414_Black_Denim_Jacket.jpg : Can't find /files/1788430760414_Black_Denim_Jacket.jpg on this server | user: guest 
Error: Can't find /files/1788430760414_Black_Denim_Jacket.jpg on this server
    at D:\photo\store_uiux_polished\v1\backend\server.js:110:8
    at Layer.handleRequest (D:\photo\store_uiux_polished\v1\backend\node_modules\router\lib\layer.js:152:17)
    at trimPrefix (D:\photo\store_uiux_polished\v1\backend\node_modules\router\index.js:342:13)
    at D:\photo\store_uiux_polished\v1\backend\node_modules\router\index.js:297:9
    at processParams (D:\photo\store_uiux_polished\v1\backend\node_modules\router\index.js:582:12)
    at next (D:\photo\store_uiux_polished\v1\backend\node_modules\router\index.js:291:5)
    at SendStream.error (D:\photo\store_uiux_polished\v1\backend\node_modules\serve-static\index.js:120:7)
    at SendStream.emit (node:events:509:20)
    at SendStream.error (D:\photo\store_uiux_polished\v1\backend\node_modules\send\index.js:168:17)
    at SendStream.onStatError (D:\photo\store_uiux_polished\v1\backend\node_modules\send\index.js:315:12) 
08-09-2026 21:23:35 | ERROR | Error found | 404 | GET /files/1788542750602_men-category.jpg : Can't find /files/1788542750602_men-category.jpg on this server | user: guest 
Error: Can't find /files/1788542750602_men-category.jpg on this server
    at D:\photo\store_uiux_polished\v1\backend\server.js:110:8
    at Layer.handleRequest (D:\photo\store_uiux_polished\v1\backend\node_modules\router\lib\layer.js:152:17)
    at trimPrefix (D:\photo\store_uiux_polished\v1\backend\node_modules\router\index.js:342:13)
    at D:\photo\store_uiux_polished\v1\backend\node_modules\router\index.js:297:9
    at processParams (D:\photo\store_uiux_polished\v1\backend\node_modules\router\index.js:582:12)
    at next (D:\photo\store_uiux_polished\v1\backend\node_modules\router\index.js:291:5)
    at SendStream.error (D:\photo\store_uiux_polished\v1\backend\node_modules\serve-static\index.js:120:7)
    at SendStream.emit (node:events:509:20)
    at SendStream.error (D:\photo\store_uiux_polished\v1\backend\node_modules\send\index.js:168:17)
    at SendStream.onStatError (D:\photo\store_uiux_polished\v1\backend\node_modules\send\index.js:315:12) 
08-09-2026 21:23:35 | ERROR | Error found | 404 | GET /files/1788430760414_Black_Denim_Jacket.jpg : Can't find /files/1788430760414_Black_Denim_Jacket.jpg on this server | user: guest 
Error: Can't find /files/1788430760414_Black_Denim_Jacket.jpg on this server
    at D:\photo\store_uiux_polished\v1\backend\server.js:110:8
    at Layer.handleRequest (D:\photo\store_uiux_polished\v1\backend\node_modules\router\lib\layer.js:152:17)
    at trimPrefix (D:\photo\store_uiux_polished\v1\backend\node_modules\router\index.js:342:13)
    at D:\photo\store_uiux_polished\v1\backend\node_modules\router\index.js:297:9
    at processParams (D:\photo\store_uiux_polished\v1\backend\node_modules\router\index.js:582:12)
    at next (D:\photo\store_uiux_polished\v1\backend\node_modules\router\index.js:291:5)
    at SendStream.error (D:\photo\store_uiux_polished\v1\backend\node_modules\serve-static\index.js:120:7)
    at SendStream.emit (node:events:509:20)
    at SendStream.error (D:\photo\store_uiux_polished\v1\backend\node_modules\send\index.js:168:17)
    at SendStream.onStatError (D:\photo\store_uiux_polished\v1\backend\node_modules\send\index.js:315:12) 
08-09-2026 21:23:40 | ERROR | Error found | 404 | GET /files/1788542750602_men-category.jpg : Can't find /files/1788542750602_men-category.jpg on this server | user: guest 
Error: Can't find /files/1788542750602_men-category.jpg on this server
    at D:\photo\store_uiux_polished\v1\backend\server.js:110:8
    at Layer.handleRequest (D:\photo\store_uiux_polished\v1\backend\node_modules\router\lib\layer.js:152:17)
    at trimPrefix (D:\photo\store_uiux_polished\v1\backend\node_modules\router\index.js:342:13)
    at D:\photo\store_uiux_polished\v1\backend\node_modules\router\index.js:297:9
    at processParams (D:\photo\store_uiux_polished\v1\backend\node_modules\router\index.js:582:12)
    at next (D:\photo\store_uiux_polished\v1\backend\node_modules\router\index.js:291:5)
    at SendStream.error (D:\photo\store_uiux_polished\v1\backend\node_modules\serve-static\index.js:120:7)
    at SendStream.emit (node:events:509:20)
    at SendStream.error (D:\photo\store_uiux_polished\v1\backend\node_modules\send\index.js:168:17)
    at SendStream.onStatError (D:\photo\store_uiux_polished\v1\backend\node_modules\send\index.js:315:12) 
08-09-2026 21:23:40 | ERROR | Error found | 404 | GET /files/1788430760414_Black_Denim_Jacket.jpg : Can't find /files/1788430760414_Black_Denim_Jacket.jpg on this server | user: guest 
Error: Can't find /files/1788430760414_Black_Denim_Jacket.jpg on this server
    at D:\photo\store_uiux_polished\v1\backend\server.js:110:8
    at Layer.handleRequest (D:\photo\store_uiux_polished\v1\backend\node_modules\router\lib\layer.js:152:17)
    at trimPrefix (D:\photo\store_uiux_polished\v1\backend\node_modules\router\index.js:342:13)
    at D:\photo\store_uiux_polished\v1\backend\node_modules\router\index.js:297:9
    at processParams (D:\photo\store_uiux_polished\v1\backend\node_modules\router\index.js:582:12)
    at next (D:\photo\store_uiux_polished\v1\backend\node_modules\router\index.js:291:5)
    at SendStream.error (D:\photo\store_uiux_polished\v1\backend\node_modules\serve-static\index.js:120:7)
    at SendStream.emit (node:events:509:20)
    at SendStream.error (D:\photo\store_uiux_polished\v1\backend\node_modules\send\index.js:168:17)
    at SendStream.onStatError (D:\photo\store_uiux_polished\v1\backend\node_modules\send\index.js:315:12) 
08-09-2026 21:24:26 | INFO | Hero created: XFBVFXB by admin Abdelrhman  
08-09-2026 21:26:44 | ERROR | Error found | 404 | GET /files/1788542750602_men-category.jpg : Can't find /files/1788542750602_men-category.jpg on this server | user: guest 
Error: Can't find /files/1788542750602_men-category.jpg on this server
    at D:\photo\store_uiux_polished\v1\backend\server.js:110:8
    at Layer.handleRequest (D:\photo\store_uiux_polished\v1\backend\node_modules\router\lib\layer.js:152:17)
    at trimPrefix (D:\photo\store_uiux_polished\v1\backend\node_modules\router\index.js:342:13)
    at D:\photo\store_uiux_polished\v1\backend\node_modules\router\index.js:297:9
    at processParams (D:\photo\store_uiux_polished\v1\backend\node_modules\router\index.js:582:12)
    at next (D:\photo\store_uiux_polished\v1\backend\node_modules\router\index.js:291:5)
    at SendStream.error (D:\photo\store_uiux_polished\v1\backend\node_modules\serve-static\index.js:120:7)
    at SendStream.emit (node:events:509:20)
    at SendStream.error (D:\photo\store_uiux_polished\v1\backend\node_modules\send\index.js:168:17)
    at SendStream.onStatError (D:\photo\store_uiux_polished\v1\backend\node_modules\send\index.js:315:12) 
08-09-2026 21:26:44 | ERROR | Error found | 404 | GET /files/1788430760414_Black_Denim_Jacket.jpg : Can't find /files/1788430760414_Black_Denim_Jacket.jpg on this server | user: guest 
Error: Can't find /files/1788430760414_Black_Denim_Jacket.jpg on this server
    at D:\photo\store_uiux_polished\v1\backend\server.js:110:8
    at Layer.handleRequest (D:\photo\store_uiux_polished\v1\backend\node_modules\router\lib\layer.js:152:17)
    at trimPrefix (D:\photo\store_uiux_polished\v1\backend\node_modules\router\index.js:342:13)
    at D:\photo\store_uiux_polished\v1\backend\node_modules\router\index.js:297:9
    at processParams (D:\photo\store_uiux_polished\v1\backend\node_modules\router\index.js:582:12)
    at next (D:\photo\store_uiux_polished\v1\backend\node_modules\router\index.js:291:5)
    at SendStream.error (D:\photo\store_uiux_polished\v1\backend\node_modules\serve-static\index.js:120:7)
    at SendStream.emit (node:events:509:20)
    at SendStream.error (D:\photo\store_uiux_polished\v1\backend\node_modules\send\index.js:168:17)
    at SendStream.onStatError (D:\photo\store_uiux_polished\v1\backend\node_modules\send\index.js:315:12) 
08-09-2026 21:26:51 | ERROR | Error found | 404 | GET /files/1788542750602_men-category.jpg : Can't find /files/1788542750602_men-category.jpg on this server | user: guest 
Error: Can't find /files/1788542750602_men-category.jpg on this server
    at D:\photo\store_uiux_polished\v1\backend\server.js:110:8
    at Layer.handleRequest (D:\photo\store_uiux_polished\v1\backend\node_modules\router\lib\layer.js:152:17)
    at trimPrefix (D:\photo\store_uiux_polished\v1\backend\node_modules\router\index.js:342:13)
    at D:\photo\store_uiux_polished\v1\backend\node_modules\router\index.js:297:9
    at processParams (D:\photo\store_uiux_polished\v1\backend\node_modules\router\index.js:582:12)
    at next (D:\photo\store_uiux_polished\v1\backend\node_modules\router\index.js:291:5)
    at SendStream.error (D:\photo\store_uiux_polished\v1\backend\node_modules\serve-static\index.js:120:7)
    at SendStream.emit (node:events:509:20)
    at SendStream.error (D:\photo\store_uiux_polished\v1\backend\node_modules\send\index.js:168:17)
    at SendStream.onStatError (D:\photo\store_uiux_polished\v1\backend\node_modules\send\index.js:315:12) 
08-09-2026 21:26:51 | ERROR | Error found | 404 | GET /files/1788430760414_Black_Denim_Jacket.jpg : Can't find /files/1788430760414_Black_Denim_Jacket.jpg on this server | user: guest 
Error: Can't find /files/1788430760414_Black_Denim_Jacket.jpg on this server
    at D:\photo\store_uiux_polished\v1\backend\server.js:110:8
    at Layer.handleRequest (D:\photo\store_uiux_polished\v1\backend\node_modules\router\lib\layer.js:152:17)
    at trimPrefix (D:\photo\store_uiux_polished\v1\backend\node_modules\router\index.js:342:13)
    at D:\photo\store_uiux_polished\v1\backend\node_modules\router\index.js:297:9
    at processParams (D:\photo\store_uiux_polished\v1\backend\node_modules\router\index.js:582:12)
    at next (D:\photo\store_uiux_polished\v1\backend\node_modules\router\index.js:291:5)
    at SendStream.error (D:\photo\store_uiux_polished\v1\backend\node_modules\serve-static\index.js:120:7)
    at SendStream.emit (node:events:509:20)
    at SendStream.error (D:\photo\store_uiux_polished\v1\backend\node_modules\send\index.js:168:17)
    at SendStream.onStatError (D:\photo\store_uiux_polished\v1\backend\node_modules\send\index.js:315:12) 
08-09-2026 21:30:59 | ERROR | Error found | 404 | GET /files/1788542750602_men-category.jpg : Can't find /files/1788542750602_men-category.jpg on this server | user: guest 
Error: Can't find /files/1788542750602_men-category.jpg on this server
    at D:\photo\store_uiux_polished\v1\backend\server.js:110:8
    at Layer.handleRequest (D:\photo\store_uiux_polished\v1\backend\node_modules\router\lib\layer.js:152:17)
    at trimPrefix (D:\photo\store_uiux_polished\v1\backend\node_modules\router\index.js:342:13)
    at D:\photo\store_uiux_polished\v1\backend\node_modules\router\index.js:297:9
    at processParams (D:\photo\store_uiux_polished\v1\backend\node_modules\router\index.js:582:12)
    at next (D:\photo\store_uiux_polished\v1\backend\node_modules\router\index.js:291:5)
    at SendStream.error (D:\photo\store_uiux_polished\v1\backend\node_modules\serve-static\index.js:120:7)
    at SendStream.emit (node:events:509:20)
    at SendStream.error (D:\photo\store_uiux_polished\v1\backend\node_modules\send\index.js:168:17)
    at SendStream.onStatError (D:\photo\store_uiux_polished\v1\backend\node_modules\send\index.js:315:12) 
08-09-2026 21:30:59 | ERROR | Error found | 404 | GET /files/1788430760414_Black_Denim_Jacket.jpg : Can't find /files/1788430760414_Black_Denim_Jacket.jpg on this server | user: guest 
Error: Can't find /files/1788430760414_Black_Denim_Jacket.jpg on this server
    at D:\photo\store_uiux_polished\v1\backend\server.js:110:8
    at Layer.handleRequest (D:\photo\store_uiux_polished\v1\backend\node_modules\router\lib\layer.js:152:17)
    at trimPrefix (D:\photo\store_uiux_polished\v1\backend\node_modules\router\index.js:342:13)
    at D:\photo\store_uiux_polished\v1\backend\node_modules\router\index.js:297:9
    at processParams (D:\photo\store_uiux_polished\v1\backend\node_modules\router\index.js:582:12)
    at next (D:\photo\store_uiux_polished\v1\backend\node_modules\router\index.js:291:5)
    at SendStream.error (D:\photo\store_uiux_polished\v1\backend\node_modules\serve-static\index.js:120:7)
    at SendStream.emit (node:events:509:20)
    at SendStream.error (D:\photo\store_uiux_polished\v1\backend\node_modules\send\index.js:168:17)
    at SendStream.onStatError (D:\photo\store_uiux_polished\v1\backend\node_modules\send\index.js:315:12) 
08-09-2026 21:32:16 | ERROR | Error found | 404 | GET /files/1788542750602_men-category.jpg : Can't find /files/1788542750602_men-category.jpg on this server | user: guest 
Error: Can't find /files/1788542750602_men-category.jpg on this server
    at D:\photo\store_uiux_polished\v1\backend\server.js:110:8
    at Layer.handleRequest (D:\photo\store_uiux_polished\v1\backend\node_modules\router\lib\layer.js:152:17)
    at trimPrefix (D:\photo\store_uiux_polished\v1\backend\node_modules\router\index.js:342:13)
    at D:\photo\store_uiux_polished\v1\backend\node_modules\router\index.js:297:9
    at processParams (D:\photo\store_uiux_polished\v1\backend\node_modules\router\index.js:582:12)
    at next (D:\photo\store_uiux_polished\v1\backend\node_modules\router\index.js:291:5)
    at SendStream.error (D:\photo\store_uiux_polished\v1\backend\node_modules\serve-static\index.js:120:7)
    at SendStream.emit (node:events:509:20)
    at SendStream.error (D:\photo\store_uiux_polished\v1\backend\node_modules\send\index.js:168:17)
    at SendStream.onStatError (D:\photo\store_uiux_polished\v1\backend\node_modules\send\index.js:315:12) 
08-09-2026 21:32:16 | ERROR | Error found | 404 | GET /files/1788430760414_Black_Denim_Jacket.jpg : Can't find /files/1788430760414_Black_Denim_Jacket.jpg on this server | user: guest 
Error: Can't find /files/1788430760414_Black_Denim_Jacket.jpg on this server
    at D:\photo\store_uiux_polished\v1\backend\server.js:110:8
    at Layer.handleRequest (D:\photo\store_uiux_polished\v1\backend\node_modules\router\lib\layer.js:152:17)
    at trimPrefix (D:\photo\store_uiux_polished\v1\backend\node_modules\router\index.js:342:13)
    at D:\photo\store_uiux_polished\v1\backend\node_modules\router\index.js:297:9
    at processParams (D:\photo\store_uiux_polished\v1\backend\node_modules\router\index.js:582:12)
    at next (D:\photo\store_uiux_polished\v1\backend\node_modules\router\index.js:291:5)
    at SendStream.error (D:\photo\store_uiux_polished\v1\backend\node_modules\serve-static\index.js:120:7)
    at SendStream.emit (node:events:509:20)
    at SendStream.error (D:\photo\store_uiux_polished\v1\backend\node_modules\send\index.js:168:17)
    at SendStream.onStatError (D:\photo\store_uiux_polished\v1\backend\node_modules\send\index.js:315:12) 
08-09-2026 21:32:22 | ERROR | Error found | 404 | GET /files/1788542750602_men-category.jpg : Can't find /files/1788542750602_men-category.jpg on this server | user: guest 
Error: Can't find /files/1788542750602_men-category.jpg on this server
    at D:\photo\store_uiux_polished\v1\backend\server.js:110:8
    at Layer.handleRequest (D:\photo\store_uiux_polished\v1\backend\node_modules\router\lib\layer.js:152:17)
    at trimPrefix (D:\photo\store_uiux_polished\v1\backend\node_modules\router\index.js:342:13)
    at D:\photo\store_uiux_polished\v1\backend\node_modules\router\index.js:297:9
    at processParams (D:\photo\store_uiux_polished\v1\backend\node_modules\router\index.js:582:12)
    at next (D:\photo\store_uiux_polished\v1\backend\node_modules\router\index.js:291:5)
    at SendStream.error (D:\photo\store_uiux_polished\v1\backend\node_modules\serve-static\index.js:120:7)
    at SendStream.emit (node:events:509:20)
    at SendStream.error (D:\photo\store_uiux_polished\v1\backend\node_modules\send\index.js:168:17)
    at SendStream.onStatError (D:\photo\store_uiux_polished\v1\backend\node_modules\send\index.js:315:12) 
08-09-2026 21:32:22 | ERROR | Error found | 404 | GET /files/1788430760414_Black_Denim_Jacket.jpg : Can't find /files/1788430760414_Black_Denim_Jacket.jpg on this server | user: guest 
Error: Can't find /files/1788430760414_Black_Denim_Jacket.jpg on this server
    at D:\photo\store_uiux_polished\v1\backend\server.js:110:8
    at Layer.handleRequest (D:\photo\store_uiux_polished\v1\backend\node_modules\router\lib\layer.js:152:17)
    at trimPrefix (D:\photo\store_uiux_polished\v1\backend\node_modules\router\index.js:342:13)
    at D:\photo\store_uiux_polished\v1\backend\node_modules\router\index.js:297:9
    at processParams (D:\photo\store_uiux_polished\v1\backend\node_modules\router\index.js:582:12)
    at next (D:\photo\store_uiux_polished\v1\backend\node_modules\router\index.js:291:5)
    at SendStream.error (D:\photo\store_uiux_polished\v1\backend\node_modules\serve-static\index.js:120:7)
    at SendStream.emit (node:events:509:20)
    at SendStream.error (D:\photo\store_uiux_polished\v1\backend\node_modules\send\index.js:168:17)
    at SendStream.onStatError (D:\photo\store_uiux_polished\v1\backend\node_modules\send\index.js:315:12) 
08-09-2026 21:32:31 | ERROR | Error found | 404 | GET /files/1788542750602_men-category.jpg : Can't find /files/1788542750602_men-category.jpg on this server | user: guest 
Error: Can't find /files/1788542750602_men-category.jpg on this server
    at D:\photo\store_uiux_polished\v1\backend\server.js:110:8
    at Layer.handleRequest (D:\photo\store_uiux_polished\v1\backend\node_modules\router\lib\layer.js:152:17)
    at trimPrefix (D:\photo\store_uiux_polished\v1\backend\node_modules\router\index.js:342:13)
    at D:\photo\store_uiux_polished\v1\backend\node_modules\router\index.js:297:9
    at processParams (D:\photo\store_uiux_polished\v1\backend\node_modules\router\index.js:582:12)
    at next (D:\photo\store_uiux_polished\v1\backend\node_modules\router\index.js:291:5)
    at SendStream.error (D:\photo\store_uiux_polished\v1\backend\node_modules\serve-static\index.js:120:7)
    at SendStream.emit (node:events:509:20)
    at SendStream.error (D:\photo\store_uiux_polished\v1\backend\node_modules\send\index.js:168:17)
    at SendStream.onStatError (D:\photo\store_uiux_polished\v1\backend\node_modules\send\index.js:315:12) 
08-09-2026 21:32:31 | ERROR | Error found | 404 | GET /files/1788430760414_Black_Denim_Jacket.jpg : Can't find /files/1788430760414_Black_Denim_Jacket.jpg on this server | user: guest 
Error: Can't find /files/1788430760414_Black_Denim_Jacket.jpg on this server
    at D:\photo\store_uiux_polished\v1\backend\server.js:110:8
    at Layer.handleRequest (D:\photo\store_uiux_polished\v1\backend\node_modules\router\lib\layer.js:152:17)
    at trimPrefix (D:\photo\store_uiux_polished\v1\backend\node_modules\router\index.js:342:13)
    at D:\photo\store_uiux_polished\v1\backend\node_modules\router\index.js:297:9
    at processParams (D:\photo\store_uiux_polished\v1\backend\node_modules\router\index.js:582:12)
    at next (D:\photo\store_uiux_polished\v1\backend\node_modules\router\index.js:291:5)
    at SendStream.error (D:\photo\store_uiux_polished\v1\backend\node_modules\serve-static\index.js:120:7)
    at SendStream.emit (node:events:509:20)
    at SendStream.error (D:\photo\store_uiux_polished\v1\backend\node_modules\send\index.js:168:17)
    at SendStream.onStatError (D:\photo\store_uiux_polished\v1\backend\node_modules\send\index.js:315:12) 
08-09-2026 21:32:32 | ERROR | Error found | 404 | GET /files/1788542750602_men-category.jpg : Can't find /files/1788542750602_men-category.jpg on this server | user: guest 
Error: Can't find /files/1788542750602_men-category.jpg on this server
    at D:\photo\store_uiux_polished\v1\backend\server.js:110:8
    at Layer.handleRequest (D:\photo\store_uiux_polished\v1\backend\node_modules\router\lib\layer.js:152:17)
    at trimPrefix (D:\photo\store_uiux_polished\v1\backend\node_modules\router\index.js:342:13)
    at D:\photo\store_uiux_polished\v1\backend\node_modules\router\index.js:297:9
    at processParams (D:\photo\store_uiux_polished\v1\backend\node_modules\router\index.js:582:12)
    at next (D:\photo\store_uiux_polished\v1\backend\node_modules\router\index.js:291:5)
    at SendStream.error (D:\photo\store_uiux_polished\v1\backend\node_modules\serve-static\index.js:120:7)
    at SendStream.emit (node:events:509:20)
    at SendStream.error (D:\photo\store_uiux_polished\v1\backend\node_modules\send\index.js:168:17)
    at SendStream.onStatError (D:\photo\store_uiux_polished\v1\backend\node_modules\send\index.js:315:12) 
08-09-2026 21:32:32 | ERROR | Error found | 404 | GET /files/1788430760414_Black_Denim_Jacket.jpg : Can't find /files/1788430760414_Black_Denim_Jacket.jpg on this server | user: guest 
Error: Can't find /files/1788430760414_Black_Denim_Jacket.jpg on this server
    at D:\photo\store_uiux_polished\v1\backend\server.js:110:8
    at Layer.handleRequest (D:\photo\store_uiux_polished\v1\backend\node_modules\router\lib\layer.js:152:17)
    at trimPrefix (D:\photo\store_uiux_polished\v1\backend\node_modules\router\index.js:342:13)
    at D:\photo\store_uiux_polished\v1\backend\node_modules\router\index.js:297:9
    at processParams (D:\photo\store_uiux_polished\v1\backend\node_modules\router\index.js:582:12)
    at next (D:\photo\store_uiux_polished\v1\backend\node_modules\router\index.js:291:5)
    at SendStream.error (D:\photo\store_uiux_polished\v1\backend\node_modules\serve-static\index.js:120:7)
    at SendStream.emit (node:events:509:20)
    at SendStream.error (D:\photo\store_uiux_polished\v1\backend\node_modules\send\index.js:168:17)
    at SendStream.onStatError (D:\photo\store_uiux_polished\v1\backend\node_modules\send\index.js:315:12) 
08-09-2026 21:32:56 | ERROR | Error found | 404 | GET /files/1788542750602_men-category.jpg : Can't find /files/1788542750602_men-category.jpg on this server | user: guest 
Error: Can't find /files/1788542750602_men-category.jpg on this server
    at D:\photo\store_uiux_polished\v1\backend\server.js:110:8
    at Layer.handleRequest (D:\photo\store_uiux_polished\v1\backend\node_modules\router\lib\layer.js:152:17)
    at trimPrefix (D:\photo\store_uiux_polished\v1\backend\node_modules\router\index.js:342:13)
    at D:\photo\store_uiux_polished\v1\backend\node_modules\router\index.js:297:9
    at processParams (D:\photo\store_uiux_polished\v1\backend\node_modules\router\index.js:582:12)
    at next (D:\photo\store_uiux_polished\v1\backend\node_modules\router\index.js:291:5)
    at SendStream.error (D:\photo\store_uiux_polished\v1\backend\node_modules\serve-static\index.js:120:7)
    at SendStream.emit (node:events:509:20)
    at SendStream.error (D:\photo\store_uiux_polished\v1\backend\node_modules\send\index.js:168:17)
    at SendStream.onStatError (D:\photo\store_uiux_polished\v1\backend\node_modules\send\index.js:315:12) 
08-09-2026 21:32:56 | ERROR | Error found | 404 | GET /files/1788430760414_Black_Denim_Jacket.jpg : Can't find /files/1788430760414_Black_Denim_Jacket.jpg on this server | user: guest 
Error: Can't find /files/1788430760414_Black_Denim_Jacket.jpg on this server
    at D:\photo\store_uiux_polished\v1\backend\server.js:110:8
    at Layer.handleRequest (D:\photo\store_uiux_polished\v1\backend\node_modules\router\lib\layer.js:152:17)
    at trimPrefix (D:\photo\store_uiux_polished\v1\backend\node_modules\router\index.js:342:13)
    at D:\photo\store_uiux_polished\v1\backend\node_modules\router\index.js:297:9
    at processParams (D:\photo\store_uiux_polished\v1\backend\node_modules\router\index.js:582:12)
    at next (D:\photo\store_uiux_polished\v1\backend\node_modules\router\index.js:291:5)
    at SendStream.error (D:\photo\store_uiux_polished\v1\backend\node_modules\serve-static\index.js:120:7)
    at SendStream.emit (node:events:509:20)
    at SendStream.error (D:\photo\store_uiux_polished\v1\backend\node_modules\send\index.js:168:17)
    at SendStream.onStatError (D:\photo\store_uiux_polished\v1\backend\node_modules\send\index.js:315:12) 
08-09-2026 21:32:57 | ERROR | Error found | 404 | GET /files/1788542750602_men-category.jpg : Can't find /files/1788542750602_men-category.jpg on this server | user: guest 
Error: Can't find /files/1788542750602_men-category.jpg on this server
    at D:\photo\store_uiux_polished\v1\backend\server.js:110:8
    at Layer.handleRequest (D:\photo\store_uiux_polished\v1\backend\node_modules\router\lib\layer.js:152:17)
    at trimPrefix (D:\photo\store_uiux_polished\v1\backend\node_modules\router\index.js:342:13)
    at D:\photo\store_uiux_polished\v1\backend\node_modules\router\index.js:297:9
    at processParams (D:\photo\store_uiux_polished\v1\backend\node_modules\router\index.js:582:12)
    at next (D:\photo\store_uiux_polished\v1\backend\node_modules\router\index.js:291:5)
    at SendStream.error (D:\photo\store_uiux_polished\v1\backend\node_modules\serve-static\index.js:120:7)
    at SendStream.emit (node:events:509:20)
    at SendStream.error (D:\photo\store_uiux_polished\v1\backend\node_modules\send\index.js:168:17)
    at SendStream.onStatError (D:\photo\store_uiux_polished\v1\backend\node_modules\send\index.js:315:12) 
08-09-2026 21:32:57 | ERROR | Error found | 404 | GET /files/1788430760414_Black_Denim_Jacket.jpg : Can't find /files/1788430760414_Black_Denim_Jacket.jpg on this server | user: guest 
Error: Can't find /files/1788430760414_Black_Denim_Jacket.jpg on this server
    at D:\photo\store_uiux_polished\v1\backend\server.js:110:8
    at Layer.handleRequest (D:\photo\store_uiux_polished\v1\backend\node_modules\router\lib\layer.js:152:17)
    at trimPrefix (D:\photo\store_uiux_polished\v1\backend\node_modules\router\index.js:342:13)
    at D:\photo\store_uiux_polished\v1\backend\node_modules\router\index.js:297:9
    at processParams (D:\photo\store_uiux_polished\v1\backend\node_modules\router\index.js:582:12)
    at next (D:\photo\store_uiux_polished\v1\backend\node_modules\router\index.js:291:5)
    at SendStream.error (D:\photo\store_uiux_polished\v1\backend\node_modules\serve-static\index.js:120:7)
    at SendStream.emit (node:events:509:20)
    at SendStream.error (D:\photo\store_uiux_polished\v1\backend\node_modules\send\index.js:168:17)
    at SendStream.onStatError (D:\photo\store_uiux_polished\v1\backend\node_modules\send\index.js:315:12) 
08-09-2026 21:33:07 | ERROR | Error found | 404 | GET /files/1788542750602_men-category.jpg : Can't find /files/1788542750602_men-category.jpg on this server | user: guest 
Error: Can't find /files/1788542750602_men-category.jpg on this server
    at D:\photo\store_uiux_polished\v1\backend\server.js:110:8
    at Layer.handleRequest (D:\photo\store_uiux_polished\v1\backend\node_modules\router\lib\layer.js:152:17)
    at trimPrefix (D:\photo\store_uiux_polished\v1\backend\node_modules\router\index.js:342:13)
    at D:\photo\store_uiux_polished\v1\backend\node_modules\router\index.js:297:9
    at processParams (D:\photo\store_uiux_polished\v1\backend\node_modules\router\index.js:582:12)
    at next (D:\photo\store_uiux_polished\v1\backend\node_modules\router\index.js:291:5)
    at SendStream.error (D:\photo\store_uiux_polished\v1\backend\node_modules\serve-static\index.js:120:7)
    at SendStream.emit (node:events:509:20)
    at SendStream.error (D:\photo\store_uiux_polished\v1\backend\node_modules\send\index.js:168:17)
    at SendStream.onStatError (D:\photo\store_uiux_polished\v1\backend\node_modules\send\index.js:315:12) 
08-09-2026 21:33:07 | ERROR | Error found | 404 | GET /files/1788430760414_Black_Denim_Jacket.jpg : Can't find /files/1788430760414_Black_Denim_Jacket.jpg on this server | user: guest 
Error: Can't find /files/1788430760414_Black_Denim_Jacket.jpg on this server
    at D:\photo\store_uiux_polished\v1\backend\server.js:110:8
    at Layer.handleRequest (D:\photo\store_uiux_polished\v1\backend\node_modules\router\lib\layer.js:152:17)
    at trimPrefix (D:\photo\store_uiux_polished\v1\backend\node_modules\router\index.js:342:13)
    at D:\photo\store_uiux_polished\v1\backend\node_modules\router\index.js:297:9
    at processParams (D:\photo\store_uiux_polished\v1\backend\node_modules\router\index.js:582:12)
    at next (D:\photo\store_uiux_polished\v1\backend\node_modules\router\index.js:291:5)
    at SendStream.error (D:\photo\store_uiux_polished\v1\backend\node_modules\serve-static\index.js:120:7)
    at SendStream.emit (node:events:509:20)
    at SendStream.error (D:\photo\store_uiux_polished\v1\backend\node_modules\send\index.js:168:17)
    at SendStream.onStatError (D:\photo\store_uiux_polished\v1\backend\node_modules\send\index.js:315:12) 
08-09-2026 21:33:08 | ERROR | Error found | 404 | GET /files/1788542750602_men-category.jpg : Can't find /files/1788542750602_men-category.jpg on this server | user: guest 
Error: Can't find /files/1788542750602_men-category.jpg on this server
    at D:\photo\store_uiux_polished\v1\backend\server.js:110:8
    at Layer.handleRequest (D:\photo\store_uiux_polished\v1\backend\node_modules\router\lib\layer.js:152:17)
    at trimPrefix (D:\photo\store_uiux_polished\v1\backend\node_modules\router\index.js:342:13)
    at D:\photo\store_uiux_polished\v1\backend\node_modules\router\index.js:297:9
    at processParams (D:\photo\store_uiux_polished\v1\backend\node_modules\router\index.js:582:12)
    at next (D:\photo\store_uiux_polished\v1\backend\node_modules\router\index.js:291:5)
    at SendStream.error (D:\photo\store_uiux_polished\v1\backend\node_modules\serve-static\index.js:120:7)
    at SendStream.emit (node:events:509:20)
    at SendStream.error (D:\photo\store_uiux_polished\v1\backend\node_modules\send\index.js:168:17)
    at SendStream.onStatError (D:\photo\store_uiux_polished\v1\backend\node_modules\send\index.js:315:12) 
08-09-2026 21:33:08 | ERROR | Error found | 404 | GET /files/1788430760414_Black_Denim_Jacket.jpg : Can't find /files/1788430760414_Black_Denim_Jacket.jpg on this server | user: guest 
Error: Can't find /files/1788430760414_Black_Denim_Jacket.jpg on this server
    at D:\photo\store_uiux_polished\v1\backend\server.js:110:8
    at Layer.handleRequest (D:\photo\store_uiux_polished\v1\backend\node_modules\router\lib\layer.js:152:17)
    at trimPrefix (D:\photo\store_uiux_polished\v1\backend\node_modules\router\index.js:342:13)
    at D:\photo\store_uiux_polished\v1\backend\node_modules\router\index.js:297:9
    at processParams (D:\photo\store_uiux_polished\v1\backend\node_modules\router\index.js:582:12)
    at next (D:\photo\store_uiux_polished\v1\backend\node_modules\router\index.js:291:5)
    at SendStream.error (D:\photo\store_uiux_polished\v1\backend\node_modules\serve-static\index.js:120:7)
    at SendStream.emit (node:events:509:20)
    at SendStream.error (D:\photo\store_uiux_polished\v1\backend\node_modules\send\index.js:168:17)
    at SendStream.onStatError (D:\photo\store_uiux_polished\v1\backend\node_modules\send\index.js:315:12) 
08-09-2026 21:33:11 | ERROR | Error found | 404 | GET /files/1788542750602_men-category.jpg : Can't find /files/1788542750602_men-category.jpg on this server | user: guest 
Error: Can't find /files/1788542750602_men-category.jpg on this server
    at D:\photo\store_uiux_polished\v1\backend\server.js:110:8
    at Layer.handleRequest (D:\photo\store_uiux_polished\v1\backend\node_modules\router\lib\layer.js:152:17)
    at trimPrefix (D:\photo\store_uiux_polished\v1\backend\node_modules\router\index.js:342:13)
    at D:\photo\store_uiux_polished\v1\backend\node_modules\router\index.js:297:9
    at processParams (D:\photo\store_uiux_polished\v1\backend\node_modules\router\index.js:582:12)
    at next (D:\photo\store_uiux_polished\v1\backend\node_modules\router\index.js:291:5)
    at SendStream.error (D:\photo\store_uiux_polished\v1\backend\node_modules\serve-static\index.js:120:7)
    at SendStream.emit (node:events:509:20)
    at SendStream.error (D:\photo\store_uiux_polished\v1\backend\node_modules\send\index.js:168:17)
    at SendStream.onStatError (D:\photo\store_uiux_polished\v1\backend\node_modules\send\index.js:315:12) 
08-09-2026 21:33:11 | ERROR | Error found | 404 | GET /files/1788430760414_Black_Denim_Jacket.jpg : Can't find /files/1788430760414_Black_Denim_Jacket.jpg on this server | user: guest 
Error: Can't find /files/1788430760414_Black_Denim_Jacket.jpg on this server
    at D:\photo\store_uiux_polished\v1\backend\server.js:110:8
    at Layer.handleRequest (D:\photo\store_uiux_polished\v1\backend\node_modules\router\lib\layer.js:152:17)
    at trimPrefix (D:\photo\store_uiux_polished\v1\backend\node_modules\router\index.js:342:13)
    at D:\photo\store_uiux_polished\v1\backend\node_modules\router\index.js:297:9
    at processParams (D:\photo\store_uiux_polished\v1\backend\node_modules\router\index.js:582:12)
    at next (D:\photo\store_uiux_polished\v1\backend\node_modules\router\index.js:291:5)
    at SendStream.error (D:\photo\store_uiux_polished\v1\backend\node_modules\serve-static\index.js:120:7)
    at SendStream.emit (node:events:509:20)
    at SendStream.error (D:\photo\store_uiux_polished\v1\backend\node_modules\send\index.js:168:17)
    at SendStream.onStatError (D:\photo\store_uiux_polished\v1\backend\node_modules\send\index.js:315:12) 
08-09-2026 21:33:20 | ERROR | Error found | 404 | GET /files/1788542750602_men-category.jpg : Can't find /files/1788542750602_men-category.jpg on this server | user: guest 
Error: Can't find /files/1788542750602_men-category.jpg on this server
    at D:\photo\store_uiux_polished\v1\backend\server.js:110:8
    at Layer.handleRequest (D:\photo\store_uiux_polished\v1\backend\node_modules\router\lib\layer.js:152:17)
    at trimPrefix (D:\photo\store_uiux_polished\v1\backend\node_modules\router\index.js:342:13)
    at D:\photo\store_uiux_polished\v1\backend\node_modules\router\index.js:297:9
    at processParams (D:\photo\store_uiux_polished\v1\backend\node_modules\router\index.js:582:12)
    at next (D:\photo\store_uiux_polished\v1\backend\node_modules\router\index.js:291:5)
    at SendStream.error (D:\photo\store_uiux_polished\v1\backend\node_modules\serve-static\index.js:120:7)
    at SendStream.emit (node:events:509:20)
    at SendStream.error (D:\photo\store_uiux_polished\v1\backend\node_modules\send\index.js:168:17)
    at SendStream.onStatError (D:\photo\store_uiux_polished\v1\backend\node_modules\send\index.js:315:12) 
08-09-2026 21:33:20 | ERROR | Error found | 404 | GET /files/1788430760414_Black_Denim_Jacket.jpg : Can't find /files/1788430760414_Black_Denim_Jacket.jpg on this server | user: guest 
Error: Can't find /files/1788430760414_Black_Denim_Jacket.jpg on this server
    at D:\photo\store_uiux_polished\v1\backend\server.js:110:8
    at Layer.handleRequest (D:\photo\store_uiux_polished\v1\backend\node_modules\router\lib\layer.js:152:17)
    at trimPrefix (D:\photo\store_uiux_polished\v1\backend\node_modules\router\index.js:342:13)
    at D:\photo\store_uiux_polished\v1\backend\node_modules\router\index.js:297:9
    at processParams (D:\photo\store_uiux_polished\v1\backend\node_modules\router\index.js:582:12)
    at next (D:\photo\store_uiux_polished\v1\backend\node_modules\router\index.js:291:5)
    at SendStream.error (D:\photo\store_uiux_polished\v1\backend\node_modules\serve-static\index.js:120:7)
    at SendStream.emit (node:events:509:20)
    at SendStream.error (D:\photo\store_uiux_polished\v1\backend\node_modules\send\index.js:168:17)
    at SendStream.onStatError (D:\photo\store_uiux_polished\v1\backend\node_modules\send\index.js:315:12) 
08-09-2026 21:33:26 | ERROR | Error found | 404 | GET /files/1788542750602_men-category.jpg : Can't find /files/1788542750602_men-category.jpg on this server | user: guest 
Error: Can't find /files/1788542750602_men-category.jpg on this server
    at D:\photo\store_uiux_polished\v1\backend\server.js:110:8
    at Layer.handleRequest (D:\photo\store_uiux_polished\v1\backend\node_modules\router\lib\layer.js:152:17)
    at trimPrefix (D:\photo\store_uiux_polished\v1\backend\node_modules\router\index.js:342:13)
    at D:\photo\store_uiux_polished\v1\backend\node_modules\router\index.js:297:9
    at processParams (D:\photo\store_uiux_polished\v1\backend\node_modules\router\index.js:582:12)
    at next (D:\photo\store_uiux_polished\v1\backend\node_modules\router\index.js:291:5)
    at SendStream.error (D:\photo\store_uiux_polished\v1\backend\node_modules\serve-static\index.js:120:7)
    at SendStream.emit (node:events:509:20)
    at SendStream.error (D:\photo\store_uiux_polished\v1\backend\node_modules\send\index.js:168:17)
    at SendStream.onStatError (D:\photo\store_uiux_polished\v1\backend\node_modules\send\index.js:315:12) 
08-09-2026 21:33:26 | ERROR | Error found | 404 | GET /files/1788430760414_Black_Denim_Jacket.jpg : Can't find /files/1788430760414_Black_Denim_Jacket.jpg on this server | user: guest 
Error: Can't find /files/1788430760414_Black_Denim_Jacket.jpg on this server
    at D:\photo\store_uiux_polished\v1\backend\server.js:110:8
    at Layer.handleRequest (D:\photo\store_uiux_polished\v1\backend\node_modules\router\lib\layer.js:152:17)
    at trimPrefix (D:\photo\store_uiux_polished\v1\backend\node_modules\router\index.js:342:13)
    at D:\photo\store_uiux_polished\v1\backend\node_modules\router\index.js:297:9
    at processParams (D:\photo\store_uiux_polished\v1\backend\node_modules\router\index.js:582:12)
    at next (D:\photo\store_uiux_polished\v1\backend\node_modules\router\index.js:291:5)
    at SendStream.error (D:\photo\store_uiux_polished\v1\backend\node_modules\serve-static\index.js:120:7)
    at SendStream.emit (node:events:509:20)
    at SendStream.error (D:\photo\store_uiux_polished\v1\backend\node_modules\send\index.js:168:17)
    at SendStream.onStatError (D:\photo\store_uiux_polished\v1\backend\node_modules\send\index.js:315:12) 
08-09-2026 21:33:41 | ERROR | Error found | 404 | GET /files/1788542750602_men-category.jpg : Can't find /files/1788542750602_men-category.jpg on this server | user: guest 
Error: Can't find /files/1788542750602_men-category.jpg on this server
    at D:\photo\store_uiux_polished\v1\backend\server.js:110:8
    at Layer.handleRequest (D:\photo\store_uiux_polished\v1\backend\node_modules\router\lib\layer.js:152:17)
    at trimPrefix (D:\photo\store_uiux_polished\v1\backend\node_modules\router\index.js:342:13)
    at D:\photo\store_uiux_polished\v1\backend\node_modules\router\index.js:297:9
    at processParams (D:\photo\store_uiux_polished\v1\backend\node_modules\router\index.js:582:12)
    at next (D:\photo\store_uiux_polished\v1\backend\node_modules\router\index.js:291:5)
    at SendStream.error (D:\photo\store_uiux_polished\v1\backend\node_modules\serve-static\index.js:120:7)
    at SendStream.emit (node:events:509:20)
    at SendStream.error (D:\photo\store_uiux_polished\v1\backend\node_modules\send\index.js:168:17)
    at SendStream.onStatError (D:\photo\store_uiux_polished\v1\backend\node_modules\send\index.js:315:12) 
08-09-2026 21:33:41 | ERROR | Error found | 404 | GET /files/1788430760414_Black_Denim_Jacket.jpg : Can't find /files/1788430760414_Black_Denim_Jacket.jpg on this server | user: guest 
Error: Can't find /files/1788430760414_Black_Denim_Jacket.jpg on this server
    at D:\photo\store_uiux_polished\v1\backend\server.js:110:8
    at Layer.handleRequest (D:\photo\store_uiux_polished\v1\backend\node_modules\router\lib\layer.js:152:17)
    at trimPrefix (D:\photo\store_uiux_polished\v1\backend\node_modules\router\index.js:342:13)
    at D:\photo\store_uiux_polished\v1\backend\node_modules\router\index.js:297:9
    at processParams (D:\photo\store_uiux_polished\v1\backend\node_modules\router\index.js:582:12)
    at next (D:\photo\store_uiux_polished\v1\backend\node_modules\router\index.js:291:5)
    at SendStream.error (D:\photo\store_uiux_polished\v1\backend\node_modules\serve-static\index.js:120:7)
    at SendStream.emit (node:events:509:20)
    at SendStream.error (D:\photo\store_uiux_polished\v1\backend\node_modules\send\index.js:168:17)
    at SendStream.onStatError (D:\photo\store_uiux_polished\v1\backend\node_modules\send\index.js:315:12) 
08-09-2026 21:33:42 | ERROR | Error found | 404 | GET /files/1788542750602_men-category.jpg : Can't find /files/1788542750602_men-category.jpg on this server | user: guest 
Error: Can't find /files/1788542750602_men-category.jpg on this server
    at D:\photo\store_uiux_polished\v1\backend\server.js:110:8
    at Layer.handleRequest (D:\photo\store_uiux_polished\v1\backend\node_modules\router\lib\layer.js:152:17)
    at trimPrefix (D:\photo\store_uiux_polished\v1\backend\node_modules\router\index.js:342:13)
    at D:\photo\store_uiux_polished\v1\backend\node_modules\router\index.js:297:9
    at processParams (D:\photo\store_uiux_polished\v1\backend\node_modules\router\index.js:582:12)
    at next (D:\photo\store_uiux_polished\v1\backend\node_modules\router\index.js:291:5)
    at SendStream.error (D:\photo\store_uiux_polished\v1\backend\node_modules\serve-static\index.js:120:7)
    at SendStream.emit (node:events:509:20)
    at SendStream.error (D:\photo\store_uiux_polished\v1\backend\node_modules\send\index.js:168:17)
    at SendStream.onStatError (D:\photo\store_uiux_polished\v1\backend\node_modules\send\index.js:315:12) 
08-09-2026 21:33:42 | ERROR | Error found | 404 | GET /files/1788430760414_Black_Denim_Jacket.jpg : Can't find /files/1788430760414_Black_Denim_Jacket.jpg on this server | user: guest 
Error: Can't find /files/1788430760414_Black_Denim_Jacket.jpg on this server
    at D:\photo\store_uiux_polished\v1\backend\server.js:110:8
    at Layer.handleRequest (D:\photo\store_uiux_polished\v1\backend\node_modules\router\lib\layer.js:152:17)
    at trimPrefix (D:\photo\store_uiux_polished\v1\backend\node_modules\router\index.js:342:13)
    at D:\photo\store_uiux_polished\v1\backend\node_modules\router\index.js:297:9
    at processParams (D:\photo\store_uiux_polished\v1\backend\node_modules\router\index.js:582:12)
    at next (D:\photo\store_uiux_polished\v1\backend\node_modules\router\index.js:291:5)
    at SendStream.error (D:\photo\store_uiux_polished\v1\backend\node_modules\serve-static\index.js:120:7)
    at SendStream.emit (node:events:509:20)
    at SendStream.error (D:\photo\store_uiux_polished\v1\backend\node_modules\send\index.js:168:17)
    at SendStream.onStatError (D:\photo\store_uiux_polished\v1\backend\node_modules\send\index.js:315:12) 
08-09-2026 21:33:51 | ERROR | Error found | 404 | GET /files/1788542750602_men-category.jpg : Can't find /files/1788542750602_men-category.jpg on this server | user: guest 
Error: Can't find /files/1788542750602_men-category.jpg on this server
    at D:\photo\store_uiux_polished\v1\backend\server.js:110:8
    at Layer.handleRequest (D:\photo\store_uiux_polished\v1\backend\node_modules\router\lib\layer.js:152:17)
    at trimPrefix (D:\photo\store_uiux_polished\v1\backend\node_modules\router\index.js:342:13)
    at D:\photo\store_uiux_polished\v1\backend\node_modules\router\index.js:297:9
    at processParams (D:\photo\store_uiux_polished\v1\backend\node_modules\router\index.js:582:12)
    at next (D:\photo\store_uiux_polished\v1\backend\node_modules\router\index.js:291:5)
    at SendStream.error (D:\photo\store_uiux_polished\v1\backend\node_modules\serve-static\index.js:120:7)
    at SendStream.emit (node:events:509:20)
    at SendStream.error (D:\photo\store_uiux_polished\v1\backend\node_modules\send\index.js:168:17)
    at SendStream.onStatError (D:\photo\store_uiux_polished\v1\backend\node_modules\send\index.js:315:12) 
08-09-2026 21:33:51 | ERROR | Error found | 404 | GET /files/1788430760414_Black_Denim_Jacket.jpg : Can't find /files/1788430760414_Black_Denim_Jacket.jpg on this server | user: guest 
Error: Can't find /files/1788430760414_Black_Denim_Jacket.jpg on this server
    at D:\photo\store_uiux_polished\v1\backend\server.js:110:8
    at Layer.handleRequest (D:\photo\store_uiux_polished\v1\backend\node_modules\router\lib\layer.js:152:17)
    at trimPrefix (D:\photo\store_uiux_polished\v1\backend\node_modules\router\index.js:342:13)
    at D:\photo\store_uiux_polished\v1\backend\node_modules\router\index.js:297:9
    at processParams (D:\photo\store_uiux_polished\v1\backend\node_modules\router\index.js:582:12)
    at next (D:\photo\store_uiux_polished\v1\backend\node_modules\router\index.js:291:5)
    at SendStream.error (D:\photo\store_uiux_polished\v1\backend\node_modules\serve-static\index.js:120:7)
    at SendStream.emit (node:events:509:20)
    at SendStream.error (D:\photo\store_uiux_polished\v1\backend\node_modules\send\index.js:168:17)
    at SendStream.onStatError (D:\photo\store_uiux_polished\v1\backend\node_modules\send\index.js:315:12) 
08-09-2026 21:33:51 | ERROR | Error found | 404 | GET /files/1788542750602_men-category.jpg : Can't find /files/1788542750602_men-category.jpg on this server | user: guest 
Error: Can't find /files/1788542750602_men-category.jpg on this server
    at D:\photo\store_uiux_polished\v1\backend\server.js:110:8
    at Layer.handleRequest (D:\photo\store_uiux_polished\v1\backend\node_modules\router\lib\layer.js:152:17)
    at trimPrefix (D:\photo\store_uiux_polished\v1\backend\node_modules\router\index.js:342:13)
    at D:\photo\store_uiux_polished\v1\backend\node_modules\router\index.js:297:9
    at processParams (D:\photo\store_uiux_polished\v1\backend\node_modules\router\index.js:582:12)
    at next (D:\photo\store_uiux_polished\v1\backend\node_modules\router\index.js:291:5)
    at SendStream.error (D:\photo\store_uiux_polished\v1\backend\node_modules\serve-static\index.js:120:7)
    at SendStream.emit (node:events:509:20)
    at SendStream.error (D:\photo\store_uiux_polished\v1\backend\node_modules\send\index.js:168:17)
    at SendStream.onStatError (D:\photo\store_uiux_polished\v1\backend\node_modules\send\index.js:315:12) 
08-09-2026 21:33:51 | ERROR | Error found | 404 | GET /files/1788430760414_Black_Denim_Jacket.jpg : Can't find /files/1788430760414_Black_Denim_Jacket.jpg on this server | user: guest 
Error: Can't find /files/1788430760414_Black_Denim_Jacket.jpg on this server
    at D:\photo\store_uiux_polished\v1\backend\server.js:110:8
    at Layer.handleRequest (D:\photo\store_uiux_polished\v1\backend\node_modules\router\lib\layer.js:152:17)
    at trimPrefix (D:\photo\store_uiux_polished\v1\backend\node_modules\router\index.js:342:13)
    at D:\photo\store_uiux_polished\v1\backend\node_modules\router\index.js:297:9
    at processParams (D:\photo\store_uiux_polished\v1\backend\node_modules\router\index.js:582:12)
    at next (D:\photo\store_uiux_polished\v1\backend\node_modules\router\index.js:291:5)
    at SendStream.error (D:\photo\store_uiux_polished\v1\backend\node_modules\serve-static\index.js:120:7)
    at SendStream.emit (node:events:509:20)
    at SendStream.error (D:\photo\store_uiux_polished\v1\backend\node_modules\send\index.js:168:17)
    at SendStream.onStatError (D:\photo\store_uiux_polished\v1\backend\node_modules\send\index.js:315:12) 
08-09-2026 21:34:05 | ERROR | Error found | 404 | GET /files/1788542750602_men-category.jpg : Can't find /files/1788542750602_men-category.jpg on this server | user: guest 
Error: Can't find /files/1788542750602_men-category.jpg on this server
    at D:\photo\store_uiux_polished\v1\backend\server.js:110:8
    at Layer.handleRequest (D:\photo\store_uiux_polished\v1\backend\node_modules\router\lib\layer.js:152:17)
    at trimPrefix (D:\photo\store_uiux_polished\v1\backend\node_modules\router\index.js:342:13)
    at D:\photo\store_uiux_polished\v1\backend\node_modules\router\index.js:297:9
    at processParams (D:\photo\store_uiux_polished\v1\backend\node_modules\router\index.js:582:12)
    at next (D:\photo\store_uiux_polished\v1\backend\node_modules\router\index.js:291:5)
    at SendStream.error (D:\photo\store_uiux_polished\v1\backend\node_modules\serve-static\index.js:120:7)
    at SendStream.emit (node:events:509:20)
    at SendStream.error (D:\photo\store_uiux_polished\v1\backend\node_modules\send\index.js:168:17)
    at SendStream.onStatError (D:\photo\store_uiux_polished\v1\backend\node_modules\send\index.js:315:12) 
08-09-2026 21:34:05 | ERROR | Error found | 404 | GET /files/1788430760414_Black_Denim_Jacket.jpg : Can't find /files/1788430760414_Black_Denim_Jacket.jpg on this server | user: guest 
Error: Can't find /files/1788430760414_Black_Denim_Jacket.jpg on this server
    at D:\photo\store_uiux_polished\v1\backend\server.js:110:8
    at Layer.handleRequest (D:\photo\store_uiux_polished\v1\backend\node_modules\router\lib\layer.js:152:17)
    at trimPrefix (D:\photo\store_uiux_polished\v1\backend\node_modules\router\index.js:342:13)
    at D:\photo\store_uiux_polished\v1\backend\node_modules\router\index.js:297:9
    at processParams (D:\photo\store_uiux_polished\v1\backend\node_modules\router\index.js:582:12)
    at next (D:\photo\store_uiux_polished\v1\backend\node_modules\router\index.js:291:5)
    at SendStream.error (D:\photo\store_uiux_polished\v1\backend\node_modules\serve-static\index.js:120:7)
    at SendStream.emit (node:events:509:20)
    at SendStream.error (D:\photo\store_uiux_polished\v1\backend\node_modules\send\index.js:168:17)
    at SendStream.onStatError (D:\photo\store_uiux_polished\v1\backend\node_modules\send\index.js:315:12) 
08-09-2026 21:34:11 | ERROR | Error found | 404 | GET /files/1788542750602_men-category.jpg : Can't find /files/1788542750602_men-category.jpg on this server | user: guest 
Error: Can't find /files/1788542750602_men-category.jpg on this server
    at D:\photo\store_uiux_polished\v1\backend\server.js:110:8
    at Layer.handleRequest (D:\photo\store_uiux_polished\v1\backend\node_modules\router\lib\layer.js:152:17)
    at trimPrefix (D:\photo\store_uiux_polished\v1\backend\node_modules\router\index.js:342:13)
    at D:\photo\store_uiux_polished\v1\backend\node_modules\router\index.js:297:9
    at processParams (D:\photo\store_uiux_polished\v1\backend\node_modules\router\index.js:582:12)
    at next (D:\photo\store_uiux_polished\v1\backend\node_modules\router\index.js:291:5)
    at SendStream.error (D:\photo\store_uiux_polished\v1\backend\node_modules\serve-static\index.js:120:7)
    at SendStream.emit (node:events:509:20)
    at SendStream.error (D:\photo\store_uiux_polished\v1\backend\node_modules\send\index.js:168:17)
    at SendStream.onStatError (D:\photo\store_uiux_polished\v1\backend\node_modules\send\index.js:315:12) 
08-09-2026 21:34:11 | ERROR | Error found | 404 | GET /files/1788430760414_Black_Denim_Jacket.jpg : Can't find /files/1788430760414_Black_Denim_Jacket.jpg on this server | user: guest 
Error: Can't find /files/1788430760414_Black_Denim_Jacket.jpg on this server
    at D:\photo\store_uiux_polished\v1\backend\server.js:110:8
    at Layer.handleRequest (D:\photo\store_uiux_polished\v1\backend\node_modules\router\lib\layer.js:152:17)
    at trimPrefix (D:\photo\store_uiux_polished\v1\backend\node_modules\router\index.js:342:13)
    at D:\photo\store_uiux_polished\v1\backend\node_modules\router\index.js:297:9
    at processParams (D:\photo\store_uiux_polished\v1\backend\node_modules\router\index.js:582:12)
    at next (D:\photo\store_uiux_polished\v1\backend\node_modules\router\index.js:291:5)
    at SendStream.error (D:\photo\store_uiux_polished\v1\backend\node_modules\serve-static\index.js:120:7)
    at SendStream.emit (node:events:509:20)
    at SendStream.error (D:\photo\store_uiux_polished\v1\backend\node_modules\send\index.js:168:17)
    at SendStream.onStatError (D:\photo\store_uiux_polished\v1\backend\node_modules\send\index.js:315:12) 
08-09-2026 21:34:12 | ERROR | Error found | 404 | GET /files/1788542750602_men-category.jpg : Can't find /files/1788542750602_men-category.jpg on this server | user: guest 
Error: Can't find /files/1788542750602_men-category.jpg on this server
    at D:\photo\store_uiux_polished\v1\backend\server.js:110:8
    at Layer.handleRequest (D:\photo\store_uiux_polished\v1\backend\node_modules\router\lib\layer.js:152:17)
    at trimPrefix (D:\photo\store_uiux_polished\v1\backend\node_modules\router\index.js:342:13)
    at D:\photo\store_uiux_polished\v1\backend\node_modules\router\index.js:297:9
    at processParams (D:\photo\store_uiux_polished\v1\backend\node_modules\router\index.js:582:12)
    at next (D:\photo\store_uiux_polished\v1\backend\node_modules\router\index.js:291:5)
    at SendStream.error (D:\photo\store_uiux_polished\v1\backend\node_modules\serve-static\index.js:120:7)
    at SendStream.emit (node:events:509:20)
    at SendStream.error (D:\photo\store_uiux_polished\v1\backend\node_modules\send\index.js:168:17)
    at SendStream.onStatError (D:\photo\store_uiux_polished\v1\backend\node_modules\send\index.js:315:12) 
08-09-2026 21:34:12 | ERROR | Error found | 404 | GET /files/1788430760414_Black_Denim_Jacket.jpg : Can't find /files/1788430760414_Black_Denim_Jacket.jpg on this server | user: guest 
Error: Can't find /files/1788430760414_Black_Denim_Jacket.jpg on this server
    at D:\photo\store_uiux_polished\v1\backend\server.js:110:8
    at Layer.handleRequest (D:\photo\store_uiux_polished\v1\backend\node_modules\router\lib\layer.js:152:17)
    at trimPrefix (D:\photo\store_uiux_polished\v1\backend\node_modules\router\index.js:342:13)
    at D:\photo\store_uiux_polished\v1\backend\node_modules\router\index.js:297:9
    at processParams (D:\photo\store_uiux_polished\v1\backend\node_modules\router\index.js:582:12)
    at next (D:\photo\store_uiux_polished\v1\backend\node_modules\router\index.js:291:5)
    at SendStream.error (D:\photo\store_uiux_polished\v1\backend\node_modules\serve-static\index.js:120:7)
    at SendStream.emit (node:events:509:20)
    at SendStream.error (D:\photo\store_uiux_polished\v1\backend\node_modules\send\index.js:168:17)
    at SendStream.onStatError (D:\photo\store_uiux_polished\v1\backend\node_modules\send\index.js:315:12) 
08-09-2026 21:34:22 | ERROR | Error found | 404 | GET /files/1788542750602_men-category.jpg : Can't find /files/1788542750602_men-category.jpg on this server | user: guest 
Error: Can't find /files/1788542750602_men-category.jpg on this server
    at D:\photo\store_uiux_polished\v1\backend\server.js:110:8
    at Layer.handleRequest (D:\photo\store_uiux_polished\v1\backend\node_modules\router\lib\layer.js:152:17)
    at trimPrefix (D:\photo\store_uiux_polished\v1\backend\node_modules\router\index.js:342:13)
    at D:\photo\store_uiux_polished\v1\backend\node_modules\router\index.js:297:9
    at processParams (D:\photo\store_uiux_polished\v1\backend\node_modules\router\index.js:582:12)
    at next (D:\photo\store_uiux_polished\v1\backend\node_modules\router\index.js:291:5)
    at SendStream.error (D:\photo\store_uiux_polished\v1\backend\node_modules\serve-static\index.js:120:7)
    at SendStream.emit (node:events:509:20)
    at SendStream.error (D:\photo\store_uiux_polished\v1\backend\node_modules\send\index.js:168:17)
    at SendStream.onStatError (D:\photo\store_uiux_polished\v1\backend\node_modules\send\index.js:315:12) 
08-09-2026 21:34:22 | ERROR | Error found | 404 | GET /files/1788430760414_Black_Denim_Jacket.jpg : Can't find /files/1788430760414_Black_Denim_Jacket.jpg on this server | user: guest 
Error: Can't find /files/1788430760414_Black_Denim_Jacket.jpg on this server
    at D:\photo\store_uiux_polished\v1\backend\server.js:110:8
    at Layer.handleRequest (D:\photo\store_uiux_polished\v1\backend\node_modules\router\lib\layer.js:152:17)
    at trimPrefix (D:\photo\store_uiux_polished\v1\backend\node_modules\router\index.js:342:13)
    at D:\photo\store_uiux_polished\v1\backend\node_modules\router\index.js:297:9
    at processParams (D:\photo\store_uiux_polished\v1\backend\node_modules\router\index.js:582:12)
    at next (D:\photo\store_uiux_polished\v1\backend\node_modules\router\index.js:291:5)
    at SendStream.error (D:\photo\store_uiux_polished\v1\backend\node_modules\serve-static\index.js:120:7)
    at SendStream.emit (node:events:509:20)
    at SendStream.error (D:\photo\store_uiux_polished\v1\backend\node_modules\send\index.js:168:17)
    at SendStream.onStatError (D:\photo\store_uiux_polished\v1\backend\node_modules\send\index.js:315:12) 
08-09-2026 21:34:23 | ERROR | Error found | 404 | GET /files/1788542750602_men-category.jpg : Can't find /files/1788542750602_men-category.jpg on this server | user: guest 
Error: Can't find /files/1788542750602_men-category.jpg on this server
    at D:\photo\store_uiux_polished\v1\backend\server.js:110:8
    at Layer.handleRequest (D:\photo\store_uiux_polished\v1\backend\node_modules\router\lib\layer.js:152:17)
    at trimPrefix (D:\photo\store_uiux_polished\v1\backend\node_modules\router\index.js:342:13)
    at D:\photo\store_uiux_polished\v1\backend\node_modules\router\index.js:297:9
    at processParams (D:\photo\store_uiux_polished\v1\backend\node_modules\router\index.js:582:12)
    at next (D:\photo\store_uiux_polished\v1\backend\node_modules\router\index.js:291:5)
    at SendStream.error (D:\photo\store_uiux_polished\v1\backend\node_modules\serve-static\index.js:120:7)
    at SendStream.emit (node:events:509:20)
    at SendStream.error (D:\photo\store_uiux_polished\v1\backend\node_modules\send\index.js:168:17)
    at SendStream.onStatError (D:\photo\store_uiux_polished\v1\backend\node_modules\send\index.js:315:12) 
08-09-2026 21:34:23 | ERROR | Error found | 404 | GET /files/1788430760414_Black_Denim_Jacket.jpg : Can't find /files/1788430760414_Black_Denim_Jacket.jpg on this server | user: guest 
Error: Can't find /files/1788430760414_Black_Denim_Jacket.jpg on this server
    at D:\photo\store_uiux_polished\v1\backend\server.js:110:8
    at Layer.handleRequest (D:\photo\store_uiux_polished\v1\backend\node_modules\router\lib\layer.js:152:17)
    at trimPrefix (D:\photo\store_uiux_polished\v1\backend\node_modules\router\index.js:342:13)
    at D:\photo\store_uiux_polished\v1\backend\node_modules\router\index.js:297:9
    at processParams (D:\photo\store_uiux_polished\v1\backend\node_modules\router\index.js:582:12)
    at next (D:\photo\store_uiux_polished\v1\backend\node_modules\router\index.js:291:5)
    at SendStream.error (D:\photo\store_uiux_polished\v1\backend\node_modules\serve-static\index.js:120:7)
    at SendStream.emit (node:events:509:20)
    at SendStream.error (D:\photo\store_uiux_polished\v1\backend\node_modules\send\index.js:168:17)
    at SendStream.onStatError (D:\photo\store_uiux_polished\v1\backend\node_modules\send\index.js:315:12) 
08-09-2026 21:34:35 | ERROR | Error found | 404 | GET /files/1788542750602_men-category.jpg : Can't find /files/1788542750602_men-category.jpg on this server | user: guest 
Error: Can't find /files/1788542750602_men-category.jpg on this server
    at D:\photo\store_uiux_polished\v1\backend\server.js:110:8
    at Layer.handleRequest (D:\photo\store_uiux_polished\v1\backend\node_modules\router\lib\layer.js:152:17)
    at trimPrefix (D:\photo\store_uiux_polished\v1\backend\node_modules\router\index.js:342:13)
    at D:\photo\store_uiux_polished\v1\backend\node_modules\router\index.js:297:9
    at processParams (D:\photo\store_uiux_polished\v1\backend\node_modules\router\index.js:582:12)
    at next (D:\photo\store_uiux_polished\v1\backend\node_modules\router\index.js:291:5)
    at SendStream.error (D:\photo\store_uiux_polished\v1\backend\node_modules\serve-static\index.js:120:7)
    at SendStream.emit (node:events:509:20)
    at SendStream.error (D:\photo\store_uiux_polished\v1\backend\node_modules\send\index.js:168:17)
    at SendStream.onStatError (D:\photo\store_uiux_polished\v1\backend\node_modules\send\index.js:315:12) 
08-09-2026 21:34:35 | ERROR | Error found | 404 | GET /files/1788430760414_Black_Denim_Jacket.jpg : Can't find /files/1788430760414_Black_Denim_Jacket.jpg on this server | user: guest 
Error: Can't find /files/1788430760414_Black_Denim_Jacket.jpg on this server
    at D:\photo\store_uiux_polished\v1\backend\server.js:110:8
    at Layer.handleRequest (D:\photo\store_uiux_polished\v1\backend\node_modules\router\lib\layer.js:152:17)
    at trimPrefix (D:\photo\store_uiux_polished\v1\backend\node_modules\router\index.js:342:13)
    at D:\photo\store_uiux_polished\v1\backend\node_modules\router\index.js:297:9
    at processParams (D:\photo\store_uiux_polished\v1\backend\node_modules\router\index.js:582:12)
    at next (D:\photo\store_uiux_polished\v1\backend\node_modules\router\index.js:291:5)
    at SendStream.error (D:\photo\store_uiux_polished\v1\backend\node_modules\serve-static\index.js:120:7)
    at SendStream.emit (node:events:509:20)
    at SendStream.error (D:\photo\store_uiux_polished\v1\backend\node_modules\send\index.js:168:17)
    at SendStream.onStatError (D:\photo\store_uiux_polished\v1\backend\node_modules\send\index.js:315:12) 
08-09-2026 21:34:36 | ERROR | Error found | 404 | GET /files/1788542750602_men-category.jpg : Can't find /files/1788542750602_men-category.jpg on this server | user: guest 
Error: Can't find /files/1788542750602_men-category.jpg on this server
    at D:\photo\store_uiux_polished\v1\backend\server.js:110:8
    at Layer.handleRequest (D:\photo\store_uiux_polished\v1\backend\node_modules\router\lib\layer.js:152:17)
    at trimPrefix (D:\photo\store_uiux_polished\v1\backend\node_modules\router\index.js:342:13)
    at D:\photo\store_uiux_polished\v1\backend\node_modules\router\index.js:297:9
    at processParams (D:\photo\store_uiux_polished\v1\backend\node_modules\router\index.js:582:12)
    at next (D:\photo\store_uiux_polished\v1\backend\node_modules\router\index.js:291:5)
    at SendStream.error (D:\photo\store_uiux_polished\v1\backend\node_modules\serve-static\index.js:120:7)
    at SendStream.emit (node:events:509:20)
    at SendStream.error (D:\photo\store_uiux_polished\v1\backend\node_modules\send\index.js:168:17)
    at SendStream.onStatError (D:\photo\store_uiux_polished\v1\backend\node_modules\send\index.js:315:12) 
08-09-2026 21:34:36 | ERROR | Error found | 404 | GET /files/1788430760414_Black_Denim_Jacket.jpg : Can't find /files/1788430760414_Black_Denim_Jacket.jpg on this server | user: guest 
Error: Can't find /files/1788430760414_Black_Denim_Jacket.jpg on this server
    at D:\photo\store_uiux_polished\v1\backend\server.js:110:8
    at Layer.handleRequest (D:\photo\store_uiux_polished\v1\backend\node_modules\router\lib\layer.js:152:17)
    at trimPrefix (D:\photo\store_uiux_polished\v1\backend\node_modules\router\index.js:342:13)
    at D:\photo\store_uiux_polished\v1\backend\node_modules\router\index.js:297:9
    at processParams (D:\photo\store_uiux_polished\v1\backend\node_modules\router\index.js:582:12)
    at next (D:\photo\store_uiux_polished\v1\backend\node_modules\router\index.js:291:5)
    at SendStream.error (D:\photo\store_uiux_polished\v1\backend\node_modules\serve-static\index.js:120:7)
    at SendStream.emit (node:events:509:20)
    at SendStream.error (D:\photo\store_uiux_polished\v1\backend\node_modules\send\index.js:168:17)
    at SendStream.onStatError (D:\photo\store_uiux_polished\v1\backend\node_modules\send\index.js:315:12) 
08-09-2026 21:34:40 | ERROR | Error found | 404 | GET /files/1788542750602_men-category.jpg : Can't find /files/1788542750602_men-category.jpg on this server | user: guest 
Error: Can't find /files/1788542750602_men-category.jpg on this server
    at D:\photo\store_uiux_polished\v1\backend\server.js:110:8
    at Layer.handleRequest (D:\photo\store_uiux_polished\v1\backend\node_modules\router\lib\layer.js:152:17)
    at trimPrefix (D:\photo\store_uiux_polished\v1\backend\node_modules\router\index.js:342:13)
    at D:\photo\store_uiux_polished\v1\backend\node_modules\router\index.js:297:9
    at processParams (D:\photo\store_uiux_polished\v1\backend\node_modules\router\index.js:582:12)
    at next (D:\photo\store_uiux_polished\v1\backend\node_modules\router\index.js:291:5)
    at SendStream.error (D:\photo\store_uiux_polished\v1\backend\node_modules\serve-static\index.js:120:7)
    at SendStream.emit (node:events:509:20)
    at SendStream.error (D:\photo\store_uiux_polished\v1\backend\node_modules\send\index.js:168:17)
    at SendStream.onStatError (D:\photo\store_uiux_polished\v1\backend\node_modules\send\index.js:315:12) 
08-09-2026 21:34:40 | ERROR | Error found | 404 | GET /files/1788430760414_Black_Denim_Jacket.jpg : Can't find /files/1788430760414_Black_Denim_Jacket.jpg on this server | user: guest 
Error: Can't find /files/1788430760414_Black_Denim_Jacket.jpg on this server
    at D:\photo\store_uiux_polished\v1\backend\server.js:110:8
    at Layer.handleRequest (D:\photo\store_uiux_polished\v1\backend\node_modules\router\lib\layer.js:152:17)
    at trimPrefix (D:\photo\store_uiux_polished\v1\backend\node_modules\router\index.js:342:13)
    at D:\photo\store_uiux_polished\v1\backend\node_modules\router\index.js:297:9
    at processParams (D:\photo\store_uiux_polished\v1\backend\node_modules\router\index.js:582:12)
    at next (D:\photo\store_uiux_polished\v1\backend\node_modules\router\index.js:291:5)
    at SendStream.error (D:\photo\store_uiux_polished\v1\backend\node_modules\serve-static\index.js:120:7)
    at SendStream.emit (node:events:509:20)
    at SendStream.error (D:\photo\store_uiux_polished\v1\backend\node_modules\send\index.js:168:17)
    at SendStream.onStatError (D:\photo\store_uiux_polished\v1\backend\node_modules\send\index.js:315:12) 
08-09-2026 21:34:45 | ERROR | Error found | 404 | GET /files/1788542750602_men-category.jpg : Can't find /files/1788542750602_men-category.jpg on this server | user: guest 
Error: Can't find /files/1788542750602_men-category.jpg on this server
    at D:\photo\store_uiux_polished\v1\backend\server.js:110:8
    at Layer.handleRequest (D:\photo\store_uiux_polished\v1\backend\node_modules\router\lib\layer.js:152:17)
    at trimPrefix (D:\photo\store_uiux_polished\v1\backend\node_modules\router\index.js:342:13)
    at D:\photo\store_uiux_polished\v1\backend\node_modules\router\index.js:297:9
    at processParams (D:\photo\store_uiux_polished\v1\backend\node_modules\router\index.js:582:12)
    at next (D:\photo\store_uiux_polished\v1\backend\node_modules\router\index.js:291:5)
    at SendStream.error (D:\photo\store_uiux_polished\v1\backend\node_modules\serve-static\index.js:120:7)
    at SendStream.emit (node:events:509:20)
    at SendStream.error (D:\photo\store_uiux_polished\v1\backend\node_modules\send\index.js:168:17)
    at SendStream.onStatError (D:\photo\store_uiux_polished\v1\backend\node_modules\send\index.js:315:12) 
08-09-2026 21:34:45 | ERROR | Error found | 404 | GET /files/1788430760414_Black_Denim_Jacket.jpg : Can't find /files/1788430760414_Black_Denim_Jacket.jpg on this server | user: guest 
Error: Can't find /files/1788430760414_Black_Denim_Jacket.jpg on this server
    at D:\photo\store_uiux_polished\v1\backend\server.js:110:8
    at Layer.handleRequest (D:\photo\store_uiux_polished\v1\backend\node_modules\router\lib\layer.js:152:17)
    at trimPrefix (D:\photo\store_uiux_polished\v1\backend\node_modules\router\index.js:342:13)
    at D:\photo\store_uiux_polished\v1\backend\node_modules\router\index.js:297:9
    at processParams (D:\photo\store_uiux_polished\v1\backend\node_modules\router\index.js:582:12)
    at next (D:\photo\store_uiux_polished\v1\backend\node_modules\router\index.js:291:5)
    at SendStream.error (D:\photo\store_uiux_polished\v1\backend\node_modules\serve-static\index.js:120:7)
    at SendStream.emit (node:events:509:20)
    at SendStream.error (D:\photo\store_uiux_polished\v1\backend\node_modules\send\index.js:168:17)
    at SendStream.onStatError (D:\photo\store_uiux_polished\v1\backend\node_modules\send\index.js:315:12) 
08-09-2026 21:34:46 | ERROR | Error found | 404 | GET /files/1788542750602_men-category.jpg : Can't find /files/1788542750602_men-category.jpg on this server | user: guest 
Error: Can't find /files/1788542750602_men-category.jpg on this server
    at D:\photo\store_uiux_polished\v1\backend\server.js:110:8
    at Layer.handleRequest (D:\photo\store_uiux_polished\v1\backend\node_modules\router\lib\layer.js:152:17)
    at trimPrefix (D:\photo\store_uiux_polished\v1\backend\node_modules\router\index.js:342:13)
    at D:\photo\store_uiux_polished\v1\backend\node_modules\router\index.js:297:9
    at processParams (D:\photo\store_uiux_polished\v1\backend\node_modules\router\index.js:582:12)
    at next (D:\photo\store_uiux_polished\v1\backend\node_modules\router\index.js:291:5)
    at SendStream.error (D:\photo\store_uiux_polished\v1\backend\node_modules\serve-static\index.js:120:7)
    at SendStream.emit (node:events:509:20)
    at SendStream.error (D:\photo\store_uiux_polished\v1\backend\node_modules\send\index.js:168:17)
    at SendStream.onStatError (D:\photo\store_uiux_polished\v1\backend\node_modules\send\index.js:315:12) 
08-09-2026 21:34:46 | ERROR | Error found | 404 | GET /files/1788430760414_Black_Denim_Jacket.jpg : Can't find /files/1788430760414_Black_Denim_Jacket.jpg on this server | user: guest 
Error: Can't find /files/1788430760414_Black_Denim_Jacket.jpg on this server
    at D:\photo\store_uiux_polished\v1\backend\server.js:110:8
    at Layer.handleRequest (D:\photo\store_uiux_polished\v1\backend\node_modules\router\lib\layer.js:152:17)
    at trimPrefix (D:\photo\store_uiux_polished\v1\backend\node_modules\router\index.js:342:13)
    at D:\photo\store_uiux_polished\v1\backend\node_modules\router\index.js:297:9
    at processParams (D:\photo\store_uiux_polished\v1\backend\node_modules\router\index.js:582:12)
    at next (D:\photo\store_uiux_polished\v1\backend\node_modules\router\index.js:291:5)
    at SendStream.error (D:\photo\store_uiux_polished\v1\backend\node_modules\serve-static\index.js:120:7)
    at SendStream.emit (node:events:509:20)
    at SendStream.error (D:\photo\store_uiux_polished\v1\backend\node_modules\send\index.js:168:17)
    at SendStream.onStatError (D:\photo\store_uiux_polished\v1\backend\node_modules\send\index.js:315:12) 
08-09-2026 21:34:54 | ERROR | Error found | 404 | GET /files/1788542750602_men-category.jpg : Can't find /files/1788542750602_men-category.jpg on this server | user: guest 
Error: Can't find /files/1788542750602_men-category.jpg on this server
    at D:\photo\store_uiux_polished\v1\backend\server.js:110:8
    at Layer.handleRequest (D:\photo\store_uiux_polished\v1\backend\node_modules\router\lib\layer.js:152:17)
    at trimPrefix (D:\photo\store_uiux_polished\v1\backend\node_modules\router\index.js:342:13)
    at D:\photo\store_uiux_polished\v1\backend\node_modules\router\index.js:297:9
    at processParams (D:\photo\store_uiux_polished\v1\backend\node_modules\router\index.js:582:12)
    at next (D:\photo\store_uiux_polished\v1\backend\node_modules\router\index.js:291:5)
    at SendStream.error (D:\photo\store_uiux_polished\v1\backend\node_modules\serve-static\index.js:120:7)
    at SendStream.emit (node:events:509:20)
    at SendStream.error (D:\photo\store_uiux_polished\v1\backend\node_modules\send\index.js:168:17)
    at SendStream.onStatError (D:\photo\store_uiux_polished\v1\backend\node_modules\send\index.js:315:12) 
08-09-2026 21:34:54 | ERROR | Error found | 404 | GET /files/1788430760414_Black_Denim_Jacket.jpg : Can't find /files/1788430760414_Black_Denim_Jacket.jpg on this server | user: guest 
Error: Can't find /files/1788430760414_Black_Denim_Jacket.jpg on this server
    at D:\photo\store_uiux_polished\v1\backend\server.js:110:8
    at Layer.handleRequest (D:\photo\store_uiux_polished\v1\backend\node_modules\router\lib\layer.js:152:17)
    at trimPrefix (D:\photo\store_uiux_polished\v1\backend\node_modules\router\index.js:342:13)
    at D:\photo\store_uiux_polished\v1\backend\node_modules\router\index.js:297:9
    at processParams (D:\photo\store_uiux_polished\v1\backend\node_modules\router\index.js:582:12)
    at next (D:\photo\store_uiux_polished\v1\backend\node_modules\router\index.js:291:5)
    at SendStream.error (D:\photo\store_uiux_polished\v1\backend\node_modules\serve-static\index.js:120:7)
    at SendStream.emit (node:events:509:20)
    at SendStream.error (D:\photo\store_uiux_polished\v1\backend\node_modules\send\index.js:168:17)
    at SendStream.onStatError (D:\photo\store_uiux_polished\v1\backend\node_modules\send\index.js:315:12) 
08-09-2026 21:35:08 | ERROR | Error found | 404 | GET /files/1788542750602_men-category.jpg : Can't find /files/1788542750602_men-category.jpg on this server | user: guest 
Error: Can't find /files/1788542750602_men-category.jpg on this server
    at D:\photo\store_uiux_polished\v1\backend\server.js:110:8
    at Layer.handleRequest (D:\photo\store_uiux_polished\v1\backend\node_modules\router\lib\layer.js:152:17)
    at trimPrefix (D:\photo\store_uiux_polished\v1\backend\node_modules\router\index.js:342:13)
    at D:\photo\store_uiux_polished\v1\backend\node_modules\router\index.js:297:9
    at processParams (D:\photo\store_uiux_polished\v1\backend\node_modules\router\index.js:582:12)
    at next (D:\photo\store_uiux_polished\v1\backend\node_modules\router\index.js:291:5)
    at SendStream.error (D:\photo\store_uiux_polished\v1\backend\node_modules\serve-static\index.js:120:7)
    at SendStream.emit (node:events:509:20)
    at SendStream.error (D:\photo\store_uiux_polished\v1\backend\node_modules\send\index.js:168:17)
    at SendStream.onStatError (D:\photo\store_uiux_polished\v1\backend\node_modules\send\index.js:315:12) 
08-09-2026 21:35:08 | ERROR | Error found | 404 | GET /files/1788430760414_Black_Denim_Jacket.jpg : Can't find /files/1788430760414_Black_Denim_Jacket.jpg on this server | user: guest 
Error: Can't find /files/1788430760414_Black_Denim_Jacket.jpg on this server
    at D:\photo\store_uiux_polished\v1\backend\server.js:110:8
    at Layer.handleRequest (D:\photo\store_uiux_polished\v1\backend\node_modules\router\lib\layer.js:152:17)
    at trimPrefix (D:\photo\store_uiux_polished\v1\backend\node_modules\router\index.js:342:13)
    at D:\photo\store_uiux_polished\v1\backend\node_modules\router\index.js:297:9
    at processParams (D:\photo\store_uiux_polished\v1\backend\node_modules\router\index.js:582:12)
    at next (D:\photo\store_uiux_polished\v1\backend\node_modules\router\index.js:291:5)
    at SendStream.error (D:\photo\store_uiux_polished\v1\backend\node_modules\serve-static\index.js:120:7)
    at SendStream.emit (node:events:509:20)
    at SendStream.error (D:\photo\store_uiux_polished\v1\backend\node_modules\send\index.js:168:17)
    at SendStream.onStatError (D:\photo\store_uiux_polished\v1\backend\node_modules\send\index.js:315:12) 
08-09-2026 21:35:09 | ERROR | Error found | 404 | GET /files/1788542750602_men-category.jpg : Can't find /files/1788542750602_men-category.jpg on this server | user: guest 
Error: Can't find /files/1788542750602_men-category.jpg on this server
    at D:\photo\store_uiux_polished\v1\backend\server.js:110:8
    at Layer.handleRequest (D:\photo\store_uiux_polished\v1\backend\node_modules\router\lib\layer.js:152:17)
    at trimPrefix (D:\photo\store_uiux_polished\v1\backend\node_modules\router\index.js:342:13)
    at D:\photo\store_uiux_polished\v1\backend\node_modules\router\index.js:297:9
    at processParams (D:\photo\store_uiux_polished\v1\backend\node_modules\router\index.js:582:12)
    at next (D:\photo\store_uiux_polished\v1\backend\node_modules\router\index.js:291:5)
    at SendStream.error (D:\photo\store_uiux_polished\v1\backend\node_modules\serve-static\index.js:120:7)
    at SendStream.emit (node:events:509:20)
    at SendStream.error (D:\photo\store_uiux_polished\v1\backend\node_modules\send\index.js:168:17)
    at SendStream.onStatError (D:\photo\store_uiux_polished\v1\backend\node_modules\send\index.js:315:12) 
08-09-2026 21:35:09 | ERROR | Error found | 404 | GET /files/1788430760414_Black_Denim_Jacket.jpg : Can't find /files/1788430760414_Black_Denim_Jacket.jpg on this server | user: guest 
Error: Can't find /files/1788430760414_Black_Denim_Jacket.jpg on this server
    at D:\photo\store_uiux_polished\v1\backend\server.js:110:8
    at Layer.handleRequest (D:\photo\store_uiux_polished\v1\backend\node_modules\router\lib\layer.js:152:17)
    at trimPrefix (D:\photo\store_uiux_polished\v1\backend\node_modules\router\index.js:342:13)
    at D:\photo\store_uiux_polished\v1\backend\node_modules\router\index.js:297:9
    at processParams (D:\photo\store_uiux_polished\v1\backend\node_modules\router\index.js:582:12)
    at next (D:\photo\store_uiux_polished\v1\backend\node_modules\router\index.js:291:5)
    at SendStream.error (D:\photo\store_uiux_polished\v1\backend\node_modules\serve-static\index.js:120:7)
    at SendStream.emit (node:events:509:20)
    at SendStream.error (D:\photo\store_uiux_polished\v1\backend\node_modules\send\index.js:168:17)
    at SendStream.onStatError (D:\photo\store_uiux_polished\v1\backend\node_modules\send\index.js:315:12) 
08-09-2026 21:35:23 | ERROR | Error found | 404 | GET /files/1788542750602_men-category.jpg : Can't find /files/1788542750602_men-category.jpg on this server | user: guest 
Error: Can't find /files/1788542750602_men-category.jpg on this server
    at D:\photo\store_uiux_polished\v1\backend\server.js:110:8
    at Layer.handleRequest (D:\photo\store_uiux_polished\v1\backend\node_modules\router\lib\layer.js:152:17)
    at trimPrefix (D:\photo\store_uiux_polished\v1\backend\node_modules\router\index.js:342:13)
    at D:\photo\store_uiux_polished\v1\backend\node_modules\router\index.js:297:9
    at processParams (D:\photo\store_uiux_polished\v1\backend\node_modules\router\index.js:582:12)
    at next (D:\photo\store_uiux_polished\v1\backend\node_modules\router\index.js:291:5)
    at SendStream.error (D:\photo\store_uiux_polished\v1\backend\node_modules\serve-static\index.js:120:7)
    at SendStream.emit (node:events:509:20)
    at SendStream.error (D:\photo\store_uiux_polished\v1\backend\node_modules\send\index.js:168:17)
    at SendStream.onStatError (D:\photo\store_uiux_polished\v1\backend\node_modules\send\index.js:315:12) 
08-09-2026 21:35:23 | ERROR | Error found | 404 | GET /files/1788430760414_Black_Denim_Jacket.jpg : Can't find /files/1788430760414_Black_Denim_Jacket.jpg on this server | user: guest 
Error: Can't find /files/1788430760414_Black_Denim_Jacket.jpg on this server
    at D:\photo\store_uiux_polished\v1\backend\server.js:110:8
    at Layer.handleRequest (D:\photo\store_uiux_polished\v1\backend\node_modules\router\lib\layer.js:152:17)
    at trimPrefix (D:\photo\store_uiux_polished\v1\backend\node_modules\router\index.js:342:13)
    at D:\photo\store_uiux_polished\v1\backend\node_modules\router\index.js:297:9
    at processParams (D:\photo\store_uiux_polished\v1\backend\node_modules\router\index.js:582:12)
    at next (D:\photo\store_uiux_polished\v1\backend\node_modules\router\index.js:291:5)
    at SendStream.error (D:\photo\store_uiux_polished\v1\backend\node_modules\serve-static\index.js:120:7)
    at SendStream.emit (node:events:509:20)
    at SendStream.error (D:\photo\store_uiux_polished\v1\backend\node_modules\send\index.js:168:17)
    at SendStream.onStatError (D:\photo\store_uiux_polished\v1\backend\node_modules\send\index.js:315:12) 
08-09-2026 21:35:27 | ERROR | Error found | 404 | GET /files/1788542750602_men-category.jpg : Can't find /files/1788542750602_men-category.jpg on this server | user: guest 
Error: Can't find /files/1788542750602_men-category.jpg on this server
    at D:\photo\store_uiux_polished\v1\backend\server.js:110:8
    at Layer.handleRequest (D:\photo\store_uiux_polished\v1\backend\node_modules\router\lib\layer.js:152:17)
    at trimPrefix (D:\photo\store_uiux_polished\v1\backend\node_modules\router\index.js:342:13)
    at D:\photo\store_uiux_polished\v1\backend\node_modules\router\index.js:297:9
    at processParams (D:\photo\store_uiux_polished\v1\backend\node_modules\router\index.js:582:12)
    at next (D:\photo\store_uiux_polished\v1\backend\node_modules\router\index.js:291:5)
    at SendStream.error (D:\photo\store_uiux_polished\v1\backend\node_modules\serve-static\index.js:120:7)
    at SendStream.emit (node:events:509:20)
    at SendStream.error (D:\photo\store_uiux_polished\v1\backend\node_modules\send\index.js:168:17)
    at SendStream.onStatError (D:\photo\store_uiux_polished\v1\backend\node_modules\send\index.js:315:12) 
08-09-2026 21:35:27 | ERROR | Error found | 404 | GET /files/1788430760414_Black_Denim_Jacket.jpg : Can't find /files/1788430760414_Black_Denim_Jacket.jpg on this server | user: guest 
Error: Can't find /files/1788430760414_Black_Denim_Jacket.jpg on this server
    at D:\photo\store_uiux_polished\v1\backend\server.js:110:8
    at Layer.handleRequest (D:\photo\store_uiux_polished\v1\backend\node_modules\router\lib\layer.js:152:17)
    at trimPrefix (D:\photo\store_uiux_polished\v1\backend\node_modules\router\index.js:342:13)
    at D:\photo\store_uiux_polished\v1\backend\node_modules\router\index.js:297:9
    at processParams (D:\photo\store_uiux_polished\v1\backend\node_modules\router\index.js:582:12)
    at next (D:\photo\store_uiux_polished\v1\backend\node_modules\router\index.js:291:5)
    at SendStream.error (D:\photo\store_uiux_polished\v1\backend\node_modules\serve-static\index.js:120:7)
    at SendStream.emit (node:events:509:20)
    at SendStream.error (D:\photo\store_uiux_polished\v1\backend\node_modules\send\index.js:168:17)
    at SendStream.onStatError (D:\photo\store_uiux_polished\v1\backend\node_modules\send\index.js:315:12) 
08-09-2026 21:37:20 | ERROR | Error found | 404 | GET /files/1788430760414_Black_Denim_Jacket.jpg : Can't find /files/1788430760414_Black_Denim_Jacket.jpg on this server | user: guest 
Error: Can't find /files/1788430760414_Black_Denim_Jacket.jpg on this server
    at D:\photo\store_uiux_polished\v1\backend\server.js:110:8
    at Layer.handleRequest (D:\photo\store_uiux_polished\v1\backend\node_modules\router\lib\layer.js:152:17)
    at trimPrefix (D:\photo\store_uiux_polished\v1\backend\node_modules\router\index.js:342:13)
    at D:\photo\store_uiux_polished\v1\backend\node_modules\router\index.js:297:9
    at processParams (D:\photo\store_uiux_polished\v1\backend\node_modules\router\index.js:582:12)
    at next (D:\photo\store_uiux_polished\v1\backend\node_modules\router\index.js:291:5)
    at SendStream.error (D:\photo\store_uiux_polished\v1\backend\node_modules\serve-static\index.js:120:7)
    at SendStream.emit (node:events:509:20)
    at SendStream.error (D:\photo\store_uiux_polished\v1\backend\node_modules\send\index.js:168:17)
    at SendStream.onStatError (D:\photo\store_uiux_polished\v1\backend\node_modules\send\index.js:315:12) 
08-09-2026 21:37:20 | ERROR | Error found | 404 | GET /files/1788542750602_men-category.jpg : Can't find /files/1788542750602_men-category.jpg on this server | user: guest 
Error: Can't find /files/1788542750602_men-category.jpg on this server
    at D:\photo\store_uiux_polished\v1\backend\server.js:110:8
    at Layer.handleRequest (D:\photo\store_uiux_polished\v1\backend\node_modules\router\lib\layer.js:152:17)
    at trimPrefix (D:\photo\store_uiux_polished\v1\backend\node_modules\router\index.js:342:13)
    at D:\photo\store_uiux_polished\v1\backend\node_modules\router\index.js:297:9
    at processParams (D:\photo\store_uiux_polished\v1\backend\node_modules\router\index.js:582:12)
    at next (D:\photo\store_uiux_polished\v1\backend\node_modules\router\index.js:291:5)
    at SendStream.error (D:\photo\store_uiux_polished\v1\backend\node_modules\serve-static\index.js:120:7)
    at SendStream.emit (node:events:509:20)
    at SendStream.error (D:\photo\store_uiux_polished\v1\backend\node_modules\send\index.js:168:17)
    at SendStream.onStatError (D:\photo\store_uiux_polished\v1\backend\node_modules\send\index.js:315:12) 
08-09-2026 21:39:36 | ERROR | Error found | 404 | GET /files/1788542750602_men-category.jpg : Can't find /files/1788542750602_men-category.jpg on this server | user: guest 
Error: Can't find /files/1788542750602_men-category.jpg on this server
    at D:\photo\store_uiux_polished\v1\backend\server.js:110:8
    at Layer.handleRequest (D:\photo\store_uiux_polished\v1\backend\node_modules\router\lib\layer.js:152:17)
    at trimPrefix (D:\photo\store_uiux_polished\v1\backend\node_modules\router\index.js:342:13)
    at D:\photo\store_uiux_polished\v1\backend\node_modules\router\index.js:297:9
    at processParams (D:\photo\store_uiux_polished\v1\backend\node_modules\router\index.js:582:12)
    at next (D:\photo\store_uiux_polished\v1\backend\node_modules\router\index.js:291:5)
    at SendStream.error (D:\photo\store_uiux_polished\v1\backend\node_modules\serve-static\index.js:120:7)
    at SendStream.emit (node:events:509:20)
    at SendStream.error (D:\photo\store_uiux_polished\v1\backend\node_modules\send\index.js:168:17)
    at SendStream.onStatError (D:\photo\store_uiux_polished\v1\backend\node_modules\send\index.js:315:12) 
08-09-2026 21:39:36 | ERROR | Error found | 404 | GET /files/1788430760414_Black_Denim_Jacket.jpg : Can't find /files/1788430760414_Black_Denim_Jacket.jpg on this server | user: guest 
Error: Can't find /files/1788430760414_Black_Denim_Jacket.jpg on this server
    at D:\photo\store_uiux_polished\v1\backend\server.js:110:8
    at Layer.handleRequest (D:\photo\store_uiux_polished\v1\backend\node_modules\router\lib\layer.js:152:17)
    at trimPrefix (D:\photo\store_uiux_polished\v1\backend\node_modules\router\index.js:342:13)
    at D:\photo\store_uiux_polished\v1\backend\node_modules\router\index.js:297:9
    at processParams (D:\photo\store_uiux_polished\v1\backend\node_modules\router\index.js:582:12)
    at next (D:\photo\store_uiux_polished\v1\backend\node_modules\router\index.js:291:5)
    at SendStream.error (D:\photo\store_uiux_polished\v1\backend\node_modules\serve-static\index.js:120:7)
    at SendStream.emit (node:events:509:20)
    at SendStream.error (D:\photo\store_uiux_polished\v1\backend\node_modules\send\index.js:168:17)
    at SendStream.onStatError (D:\photo\store_uiux_polished\v1\backend\node_modules\send\index.js:315:12) 
08-09-2026 21:40:36 | ERROR | Error found | 404 | GET /files/1788430760414_Black_Denim_Jacket.jpg : Can't find /files/1788430760414_Black_Denim_Jacket.jpg on this server | user: guest 
Error: Can't find /files/1788430760414_Black_Denim_Jacket.jpg on this server
    at D:\photo\store_uiux_polished\v1\backend\server.js:110:8
    at Layer.handleRequest (D:\photo\store_uiux_polished\v1\backend\node_modules\router\lib\layer.js:152:17)
    at trimPrefix (D:\photo\store_uiux_polished\v1\backend\node_modules\router\index.js:342:13)
    at D:\photo\store_uiux_polished\v1\backend\node_modules\router\index.js:297:9
    at processParams (D:\photo\store_uiux_polished\v1\backend\node_modules\router\index.js:582:12)
    at next (D:\photo\store_uiux_polished\v1\backend\node_modules\router\index.js:291:5)
    at SendStream.error (D:\photo\store_uiux_polished\v1\backend\node_modules\serve-static\index.js:120:7)
    at SendStream.emit (node:events:509:20)
    at SendStream.error (D:\photo\store_uiux_polished\v1\backend\node_modules\send\index.js:168:17)
    at SendStream.onStatError (D:\photo\store_uiux_polished\v1\backend\node_modules\send\index.js:315:12) 
08-09-2026 21:40:36 | ERROR | Error found | 404 | GET /files/1788542750602_men-category.jpg : Can't find /files/1788542750602_men-category.jpg on this server | user: guest 
Error: Can't find /files/1788542750602_men-category.jpg on this server
    at D:\photo\store_uiux_polished\v1\backend\server.js:110:8
    at Layer.handleRequest (D:\photo\store_uiux_polished\v1\backend\node_modules\router\lib\layer.js:152:17)
    at trimPrefix (D:\photo\store_uiux_polished\v1\backend\node_modules\router\index.js:342:13)
    at D:\photo\store_uiux_polished\v1\backend\node_modules\router\index.js:297:9
    at processParams (D:\photo\store_uiux_polished\v1\backend\node_modules\router\index.js:582:12)
    at next (D:\photo\store_uiux_polished\v1\backend\node_modules\router\index.js:291:5)
    at SendStream.error (D:\photo\store_uiux_polished\v1\backend\node_modules\serve-static\index.js:120:7)
    at SendStream.emit (node:events:509:20)
    at SendStream.error (D:\photo\store_uiux_polished\v1\backend\node_modules\send\index.js:168:17)
    at SendStream.onStatError (D:\photo\store_uiux_polished\v1\backend\node_modules\send\index.js:315:12) 
08-09-2026 22:17:46 | ERROR | Error found | 404 | GET /files/1788430760414_Black_Denim_Jacket.jpg : Can't find /files/1788430760414_Black_Denim_Jacket.jpg on this server | user: guest 
Error: Can't find /files/1788430760414_Black_Denim_Jacket.jpg on this server
    at D:\photo\store_uiux_polished\v1\backend\server.js:110:8
    at Layer.handleRequest (D:\photo\store_uiux_polished\v1\backend\node_modules\router\lib\layer.js:152:17)
    at trimPrefix (D:\photo\store_uiux_polished\v1\backend\node_modules\router\index.js:342:13)
    at D:\photo\store_uiux_polished\v1\backend\node_modules\router\index.js:297:9
    at processParams (D:\photo\store_uiux_polished\v1\backend\node_modules\router\index.js:582:12)
    at next (D:\photo\store_uiux_polished\v1\backend\node_modules\router\index.js:291:5)
    at SendStream.error (D:\photo\store_uiux_polished\v1\backend\node_modules\serve-static\index.js:120:7)
    at SendStream.emit (node:events:509:20)
    at SendStream.error (D:\photo\store_uiux_polished\v1\backend\node_modules\send\index.js:168:17)
    at SendStream.onStatError (D:\photo\store_uiux_polished\v1\backend\node_modules\send\index.js:315:12) 
08-09-2026 22:17:46 | ERROR | Error found | 404 | GET /files/1788542750602_men-category.jpg : Can't find /files/1788542750602_men-category.jpg on this server | user: guest 
Error: Can't find /files/1788542750602_men-category.jpg on this server
    at D:\photo\store_uiux_polished\v1\backend\server.js:110:8
    at Layer.handleRequest (D:\photo\store_uiux_polished\v1\backend\node_modules\router\lib\layer.js:152:17)
    at trimPrefix (D:\photo\store_uiux_polished\v1\backend\node_modules\router\index.js:342:13)
    at D:\photo\store_uiux_polished\v1\backend\node_modules\router\index.js:297:9
    at processParams (D:\photo\store_uiux_polished\v1\backend\node_modules\router\index.js:582:12)
    at next (D:\photo\store_uiux_polished\v1\backend\node_modules\router\index.js:291:5)
    at SendStream.error (D:\photo\store_uiux_polished\v1\backend\node_modules\serve-static\index.js:120:7)
    at SendStream.emit (node:events:509:20)
    at SendStream.error (D:\photo\store_uiux_polished\v1\backend\node_modules\send\index.js:168:17)
    at SendStream.onStatError (D:\photo\store_uiux_polished\v1\backend\node_modules\send\index.js:315:12) 
08-09-2026 22:18:47 | ERROR | Error found | 404 | GET /files/1788430760414_Black_Denim_Jacket.jpg : Can't find /files/1788430760414_Black_Denim_Jacket.jpg on this server | user: guest 
Error: Can't find /files/1788430760414_Black_Denim_Jacket.jpg on this server
    at D:\photo\store_uiux_polished\v1\backend\server.js:110:8
    at Layer.handleRequest (D:\photo\store_uiux_polished\v1\backend\node_modules\router\lib\layer.js:152:17)
    at trimPrefix (D:\photo\store_uiux_polished\v1\backend\node_modules\router\index.js:342:13)
    at D:\photo\store_uiux_polished\v1\backend\node_modules\router\index.js:297:9
    at processParams (D:\photo\store_uiux_polished\v1\backend\node_modules\router\index.js:582:12)
    at next (D:\photo\store_uiux_polished\v1\backend\node_modules\router\index.js:291:5)
    at SendStream.error (D:\photo\store_uiux_polished\v1\backend\node_modules\serve-static\index.js:120:7)
    at SendStream.emit (node:events:509:20)
    at SendStream.error (D:\photo\store_uiux_polished\v1\backend\node_modules\send\index.js:168:17)
    at SendStream.onStatError (D:\photo\store_uiux_polished\v1\backend\node_modules\send\index.js:315:12) 
08-09-2026 22:18:51 | ERROR | Error found | 404 | GET /files/1788430760414_Black_Denim_Jacket.jpg : Can't find /files/1788430760414_Black_Denim_Jacket.jpg on this server | user: guest 
Error: Can't find /files/1788430760414_Black_Denim_Jacket.jpg on this server
    at D:\photo\store_uiux_polished\v1\backend\server.js:110:8
    at Layer.handleRequest (D:\photo\store_uiux_polished\v1\backend\node_modules\router\lib\layer.js:152:17)
    at trimPrefix (D:\photo\store_uiux_polished\v1\backend\node_modules\router\index.js:342:13)
    at D:\photo\store_uiux_polished\v1\backend\node_modules\router\index.js:297:9
    at processParams (D:\photo\store_uiux_polished\v1\backend\node_modules\router\index.js:582:12)
    at next (D:\photo\store_uiux_polished\v1\backend\node_modules\router\index.js:291:5)
    at SendStream.error (D:\photo\store_uiux_polished\v1\backend\node_modules\serve-static\index.js:120:7)
    at SendStream.emit (node:events:509:20)
    at SendStream.error (D:\photo\store_uiux_polished\v1\backend\node_modules\send\index.js:168:17)
    at SendStream.onStatError (D:\photo\store_uiux_polished\v1\backend\node_modules\send\index.js:315:12) 
08-09-2026 22:18:51 | ERROR | Error found | 404 | GET /files/1788542750602_men-category.jpg : Can't find /files/1788542750602_men-category.jpg on this server | user: guest 
Error: Can't find /files/1788542750602_men-category.jpg on this server
    at D:\photo\store_uiux_polished\v1\backend\server.js:110:8
    at Layer.handleRequest (D:\photo\store_uiux_polished\v1\backend\node_modules\router\lib\layer.js:152:17)
    at trimPrefix (D:\photo\store_uiux_polished\v1\backend\node_modules\router\index.js:342:13)
    at D:\photo\store_uiux_polished\v1\backend\node_modules\router\index.js:297:9
    at processParams (D:\photo\store_uiux_polished\v1\backend\node_modules\router\index.js:582:12)
    at next (D:\photo\store_uiux_polished\v1\backend\node_modules\router\index.js:291:5)
    at SendStream.error (D:\photo\store_uiux_polished\v1\backend\node_modules\serve-static\index.js:120:7)
    at SendStream.emit (node:events:509:20)
    at SendStream.error (D:\photo\store_uiux_polished\v1\backend\node_modules\send\index.js:168:17)
    at SendStream.onStatError (D:\photo\store_uiux_polished\v1\backend\node_modules\send\index.js:315:12) 
08-09-2026 22:19:10 | INFO | User addresses fetched  
08-09-2026 22:19:17 | ERROR | Error found | 404 | GET /files/1788430760414_Black_Denim_Jacket.jpg : Can't find /files/1788430760414_Black_Denim_Jacket.jpg on this server | user: guest 
Error: Can't find /files/1788430760414_Black_Denim_Jacket.jpg on this server
    at D:\photo\store_uiux_polished\v1\backend\server.js:110:8
    at Layer.handleRequest (D:\photo\store_uiux_polished\v1\backend\node_modules\router\lib\layer.js:152:17)
    at trimPrefix (D:\photo\store_uiux_polished\v1\backend\node_modules\router\index.js:342:13)
    at D:\photo\store_uiux_polished\v1\backend\node_modules\router\index.js:297:9
    at processParams (D:\photo\store_uiux_polished\v1\backend\node_modules\router\index.js:582:12)
    at next (D:\photo\store_uiux_polished\v1\backend\node_modules\router\index.js:291:5)
    at SendStream.error (D:\photo\store_uiux_polished\v1\backend\node_modules\serve-static\index.js:120:7)
    at SendStream.emit (node:events:509:20)
    at SendStream.error (D:\photo\store_uiux_polished\v1\backend\node_modules\send\index.js:168:17)
    at SendStream.onStatError (D:\photo\store_uiux_polished\v1\backend\node_modules\send\index.js:315:12) 
08-09-2026 22:48:24 | ERROR | Error found | 404 | GET /files/1788430760414_Black_Denim_Jacket.jpg : Can't find /files/1788430760414_Black_Denim_Jacket.jpg on this server | user: guest 
Error: Can't find /files/1788430760414_Black_Denim_Jacket.jpg on this server
    at D:\photo\store_uiux_polished\v1\backend\server.js:110:8
    at Layer.handleRequest (D:\photo\store_uiux_polished\v1\backend\node_modules\router\lib\layer.js:152:17)
    at trimPrefix (D:\photo\store_uiux_polished\v1\backend\node_modules\router\index.js:342:13)
    at D:\photo\store_uiux_polished\v1\backend\node_modules\router\index.js:297:9
    at processParams (D:\photo\store_uiux_polished\v1\backend\node_modules\router\index.js:582:12)
    at next (D:\photo\store_uiux_polished\v1\backend\node_modules\router\index.js:291:5)
    at SendStream.error (D:\photo\store_uiux_polished\v1\backend\node_modules\serve-static\index.js:120:7)
    at SendStream.emit (node:events:509:20)
    at SendStream.error (D:\photo\store_uiux_polished\v1\backend\node_modules\send\index.js:168:17)
    at SendStream.onStatError (D:\photo\store_uiux_polished\v1\backend\node_modules\send\index.js:315:12) 
08-09-2026 22:48:24 | ERROR | Error found | 404 | GET /files/1788430760414_Black_Denim_Jacket.jpg : Can't find /files/1788430760414_Black_Denim_Jacket.jpg on this server | user: guest 
Error: Can't find /files/1788430760414_Black_Denim_Jacket.jpg on this server
    at D:\photo\store_uiux_polished\v1\backend\server.js:110:8
    at Layer.handleRequest (D:\photo\store_uiux_polished\v1\backend\node_modules\router\lib\layer.js:152:17)
    at trimPrefix (D:\photo\store_uiux_polished\v1\backend\node_modules\router\index.js:342:13)
    at D:\photo\store_uiux_polished\v1\backend\node_modules\router\index.js:297:9
    at processParams (D:\photo\store_uiux_polished\v1\backend\node_modules\router\index.js:582:12)
    at next (D:\photo\store_uiux_polished\v1\backend\node_modules\router\index.js:291:5)
    at SendStream.error (D:\photo\store_uiux_polished\v1\backend\node_modules\serve-static\index.js:120:7)
    at SendStream.emit (node:events:509:20)
    at SendStream.error (D:\photo\store_uiux_polished\v1\backend\node_modules\send\index.js:168:17)
    at SendStream.onStatError (D:\photo\store_uiux_polished\v1\backend\node_modules\send\index.js:315:12) 
08-09-2026 22:48:24 | ERROR | Error found | 404 | GET /files/1788542750602_men-category.jpg : Can't find /files/1788542750602_men-category.jpg on this server | user: guest 
Error: Can't find /files/1788542750602_men-category.jpg on this server
    at D:\photo\store_uiux_polished\v1\backend\server.js:110:8
    at Layer.handleRequest (D:\photo\store_uiux_polished\v1\backend\node_modules\router\lib\layer.js:152:17)
    at trimPrefix (D:\photo\store_uiux_polished\v1\backend\node_modules\router\index.js:342:13)
    at D:\photo\store_uiux_polished\v1\backend\node_modules\router\index.js:297:9
    at processParams (D:\photo\store_uiux_polished\v1\backend\node_modules\router\index.js:582:12)
    at next (D:\photo\store_uiux_polished\v1\backend\node_modules\router\index.js:291:5)
    at SendStream.error (D:\photo\store_uiux_polished\v1\backend\node_modules\serve-static\index.js:120:7)
    at SendStream.emit (node:events:509:20)
    at SendStream.error (D:\photo\store_uiux_polished\v1\backend\node_modules\send\index.js:168:17)
    at SendStream.onStatError (D:\photo\store_uiux_polished\v1\backend\node_modules\send\index.js:315:12) 
08-09-2026 23:18:34 | ERROR | Error found | 404 | GET /files/1788430760414_Black_Denim_Jacket.jpg : Can't find /files/1788430760414_Black_Denim_Jacket.jpg on this server | user: guest 
Error: Can't find /files/1788430760414_Black_Denim_Jacket.jpg on this server
    at D:\photo\store_uiux_polished\v1\backend\server.js:110:8
    at Layer.handleRequest (D:\photo\store_uiux_polished\v1\backend\node_modules\router\lib\layer.js:152:17)
    at trimPrefix (D:\photo\store_uiux_polished\v1\backend\node_modules\router\index.js:342:13)
    at D:\photo\store_uiux_polished\v1\backend\node_modules\router\index.js:297:9
    at processParams (D:\photo\store_uiux_polished\v1\backend\node_modules\router\index.js:582:12)
    at next (D:\photo\store_uiux_polished\v1\backend\node_modules\router\index.js:291:5)
    at SendStream.error (D:\photo\store_uiux_polished\v1\backend\node_modules\serve-static\index.js:120:7)
    at SendStream.emit (node:events:509:20)
    at SendStream.error (D:\photo\store_uiux_polished\v1\backend\node_modules\send\index.js:168:17)
    at SendStream.onStatError (D:\photo\store_uiux_polished\v1\backend\node_modules\send\index.js:315:12) 
08-09-2026 23:18:46 | ERROR | Error found | 404 | GET /files/1788430760414_Black_Denim_Jacket.jpg : Can't find /files/1788430760414_Black_Denim_Jacket.jpg on this server | user: guest 
Error: Can't find /files/1788430760414_Black_Denim_Jacket.jpg on this server
    at D:\photo\store_uiux_polished\v1\backend\server.js:110:8
    at Layer.handleRequest (D:\photo\store_uiux_polished\v1\backend\node_modules\router\lib\layer.js:152:17)
    at trimPrefix (D:\photo\store_uiux_polished\v1\backend\node_modules\router\index.js:342:13)
    at D:\photo\store_uiux_polished\v1\backend\node_modules\router\index.js:297:9
    at processParams (D:\photo\store_uiux_polished\v1\backend\node_modules\router\index.js:582:12)
    at next (D:\photo\store_uiux_polished\v1\backend\node_modules\router\index.js:291:5)
    at SendStream.error (D:\photo\store_uiux_polished\v1\backend\node_modules\serve-static\index.js:120:7)
    at SendStream.emit (node:events:509:20)
    at SendStream.error (D:\photo\store_uiux_polished\v1\backend\node_modules\send\index.js:168:17)
    at SendStream.onStatError (D:\photo\store_uiux_polished\v1\backend\node_modules\send\index.js:315:12) 
08-09-2026 23:18:47 | ERROR | Error found | 404 | GET /files/1788542750602_men-category.jpg : Can't find /files/1788542750602_men-category.jpg on this server | user: guest 
Error: Can't find /files/1788542750602_men-category.jpg on this server
    at D:\photo\store_uiux_polished\v1\backend\server.js:110:8
    at Layer.handleRequest (D:\photo\store_uiux_polished\v1\backend\node_modules\router\lib\layer.js:152:17)
    at trimPrefix (D:\photo\store_uiux_polished\v1\backend\node_modules\router\index.js:342:13)
    at D:\photo\store_uiux_polished\v1\backend\node_modules\router\index.js:297:9
    at processParams (D:\photo\store_uiux_polished\v1\backend\node_modules\router\index.js:582:12)
    at next (D:\photo\store_uiux_polished\v1\backend\node_modules\router\index.js:291:5)
    at SendStream.error (D:\photo\store_uiux_polished\v1\backend\node_modules\serve-static\index.js:120:7)
    at SendStream.emit (node:events:509:20)
    at SendStream.error (D:\photo\store_uiux_polished\v1\backend\node_modules\send\index.js:168:17)
    at SendStream.onStatError (D:\photo\store_uiux_polished\v1\backend\node_modules\send\index.js:315:12) 
08-09-2026 23:18:47 | ERROR | Error found | 404 | GET /files/1788430760414_Black_Denim_Jacket.jpg : Can't find /files/1788430760414_Black_Denim_Jacket.jpg on this server | user: guest 
Error: Can't find /files/1788430760414_Black_Denim_Jacket.jpg on this server
    at D:\photo\store_uiux_polished\v1\backend\server.js:110:8
    at Layer.handleRequest (D:\photo\store_uiux_polished\v1\backend\node_modules\router\lib\layer.js:152:17)
    at trimPrefix (D:\photo\store_uiux_polished\v1\backend\node_modules\router\index.js:342:13)
    at D:\photo\store_uiux_polished\v1\backend\node_modules\router\index.js:297:9
    at processParams (D:\photo\store_uiux_polished\v1\backend\node_modules\router\index.js:582:12)
    at next (D:\photo\store_uiux_polished\v1\backend\node_modules\router\index.js:291:5)
    at SendStream.error (D:\photo\store_uiux_polished\v1\backend\node_modules\serve-static\index.js:120:7)
    at SendStream.emit (node:events:509:20)
    at SendStream.error (D:\photo\store_uiux_polished\v1\backend\node_modules\send\index.js:168:17)
    at SendStream.onStatError (D:\photo\store_uiux_polished\v1\backend\node_modules\send\index.js:315:12) 
08-09-2026 23:18:55 | ERROR | Error found | 404 | GET /files/1788430760414_Black_Denim_Jacket.jpg : Can't find /files/1788430760414_Black_Denim_Jacket.jpg on this server | user: guest 
Error: Can't find /files/1788430760414_Black_Denim_Jacket.jpg on this server
    at D:\photo\store_uiux_polished\v1\backend\server.js:110:8
    at Layer.handleRequest (D:\photo\store_uiux_polished\v1\backend\node_modules\router\lib\layer.js:152:17)
    at trimPrefix (D:\photo\store_uiux_polished\v1\backend\node_modules\router\index.js:342:13)
    at D:\photo\store_uiux_polished\v1\backend\node_modules\router\index.js:297:9
    at processParams (D:\photo\store_uiux_polished\v1\backend\node_modules\router\index.js:582:12)
    at next (D:\photo\store_uiux_polished\v1\backend\node_modules\router\index.js:291:5)
    at SendStream.error (D:\photo\store_uiux_polished\v1\backend\node_modules\serve-static\index.js:120:7)
    at SendStream.emit (node:events:509:20)
    at SendStream.error (D:\photo\store_uiux_polished\v1\backend\node_modules\send\index.js:168:17)
    at SendStream.onStatError (D:\photo\store_uiux_polished\v1\backend\node_modules\send\index.js:315:12) 
08-09-2026 23:18:55 | ERROR | Error found | 404 | GET /files/1788542750602_men-category.jpg : Can't find /files/1788542750602_men-category.jpg on this server | user: guest 
Error: Can't find /files/1788542750602_men-category.jpg on this server
    at D:\photo\store_uiux_polished\v1\backend\server.js:110:8
    at Layer.handleRequest (D:\photo\store_uiux_polished\v1\backend\node_modules\router\lib\layer.js:152:17)
    at trimPrefix (D:\photo\store_uiux_polished\v1\backend\node_modules\router\index.js:342:13)
    at D:\photo\store_uiux_polished\v1\backend\node_modules\router\index.js:297:9
    at processParams (D:\photo\store_uiux_polished\v1\backend\node_modules\router\index.js:582:12)
    at next (D:\photo\store_uiux_polished\v1\backend\node_modules\router\index.js:291:5)
    at SendStream.error (D:\photo\store_uiux_polished\v1\backend\node_modules\serve-static\index.js:120:7)
    at SendStream.emit (node:events:509:20)
    at SendStream.error (D:\photo\store_uiux_polished\v1\backend\node_modules\send\index.js:168:17)
    at SendStream.onStatError (D:\photo\store_uiux_polished\v1\backend\node_modules\send\index.js:315:12) 
08-09-2026 23:18:57 | INFO | Product updated: Black Denim Jacket by admin Abdelrhman  
08-09-2026 23:18:58 | INFO | Product updated: abdelrhman essam by admin Abdelrhman  
08-09-2026 23:19:03 | ERROR | Error found | 404 | GET /files/1788430760414_Black_Denim_Jacket.jpg : Can't find /files/1788430760414_Black_Denim_Jacket.jpg on this server | user: guest 
Error: Can't find /files/1788430760414_Black_Denim_Jacket.jpg on this server
    at D:\photo\store_uiux_polished\v1\backend\server.js:110:8
    at Layer.handleRequest (D:\photo\store_uiux_polished\v1\backend\node_modules\router\lib\layer.js:152:17)
    at trimPrefix (D:\photo\store_uiux_polished\v1\backend\node_modules\router\index.js:342:13)
    at D:\photo\store_uiux_polished\v1\backend\node_modules\router\index.js:297:9
    at processParams (D:\photo\store_uiux_polished\v1\backend\node_modules\router\index.js:582:12)
    at next (D:\photo\store_uiux_polished\v1\backend\node_modules\router\index.js:291:5)
    at SendStream.error (D:\photo\store_uiux_polished\v1\backend\node_modules\serve-static\index.js:120:7)
    at SendStream.emit (node:events:509:20)
    at SendStream.error (D:\photo\store_uiux_polished\v1\backend\node_modules\send\index.js:168:17)
    at SendStream.onStatError (D:\photo\store_uiux_polished\v1\backend\node_modules\send\index.js:315:12) 
08-09-2026 23:19:03 | ERROR | Error found | 404 | GET /files/1788542750602_men-category.jpg : Can't find /files/1788542750602_men-category.jpg on this server | user: guest 
Error: Can't find /files/1788542750602_men-category.jpg on this server
    at D:\photo\store_uiux_polished\v1\backend\server.js:110:8
    at Layer.handleRequest (D:\photo\store_uiux_polished\v1\backend\node_modules\router\lib\layer.js:152:17)
    at trimPrefix (D:\photo\store_uiux_polished\v1\backend\node_modules\router\index.js:342:13)
    at D:\photo\store_uiux_polished\v1\backend\node_modules\router\index.js:297:9
    at processParams (D:\photo\store_uiux_polished\v1\backend\node_modules\router\index.js:582:12)
    at next (D:\photo\store_uiux_polished\v1\backend\node_modules\router\index.js:291:5)
    at SendStream.error (D:\photo\store_uiux_polished\v1\backend\node_modules\serve-static\index.js:120:7)
    at SendStream.emit (node:events:509:20)
    at SendStream.error (D:\photo\store_uiux_polished\v1\backend\node_modules\send\index.js:168:17)
    at SendStream.onStatError (D:\photo\store_uiux_polished\v1\backend\node_modules\send\index.js:315:12) 
08-09-2026 23:19:04 | ERROR | Error found | 404 | GET /files/1788430760414_Black_Denim_Jacket.jpg : Can't find /files/1788430760414_Black_Denim_Jacket.jpg on this server | user: guest 
Error: Can't find /files/1788430760414_Black_Denim_Jacket.jpg on this server
    at D:\photo\store_uiux_polished\v1\backend\server.js:110:8
    at Layer.handleRequest (D:\photo\store_uiux_polished\v1\backend\node_modules\router\lib\layer.js:152:17)
    at trimPrefix (D:\photo\store_uiux_polished\v1\backend\node_modules\router\index.js:342:13)
    at D:\photo\store_uiux_polished\v1\backend\node_modules\router\index.js:297:9
    at processParams (D:\photo\store_uiux_polished\v1\backend\node_modules\router\index.js:582:12)
    at next (D:\photo\store_uiux_polished\v1\backend\node_modules\router\index.js:291:5)
    at SendStream.error (D:\photo\store_uiux_polished\v1\backend\node_modules\serve-static\index.js:120:7)
    at SendStream.emit (node:events:509:20)
    at SendStream.error (D:\photo\store_uiux_polished\v1\backend\node_modules\send\index.js:168:17)
    at SendStream.onStatError (D:\photo\store_uiux_polished\v1\backend\node_modules\send\index.js:315:12) 
08-09-2026 23:19:04 | ERROR | Error found | 404 | GET /files/1788430760414_Black_Denim_Jacket.jpg : Can't find /files/1788430760414_Black_Denim_Jacket.jpg on this server | user: guest 
Error: Can't find /files/1788430760414_Black_Denim_Jacket.jpg on this server
    at D:\photo\store_uiux_polished\v1\backend\server.js:110:8
    at Layer.handleRequest (D:\photo\store_uiux_polished\v1\backend\node_modules\router\lib\layer.js:152:17)
    at trimPrefix (D:\photo\store_uiux_polished\v1\backend\node_modules\router\index.js:342:13)
    at D:\photo\store_uiux_polished\v1\backend\node_modules\router\index.js:297:9
    at processParams (D:\photo\store_uiux_polished\v1\backend\node_modules\router\index.js:582:12)
    at next (D:\photo\store_uiux_polished\v1\backend\node_modules\router\index.js:291:5)
    at SendStream.error (D:\photo\store_uiux_polished\v1\backend\node_modules\serve-static\index.js:120:7)
    at SendStream.emit (node:events:509:20)
    at SendStream.error (D:\photo\store_uiux_polished\v1\backend\node_modules\send\index.js:168:17)
    at SendStream.onStatError (D:\photo\store_uiux_polished\v1\backend\node_modules\send\index.js:315:12) 
08-09-2026 23:19:04 | ERROR | Error found | 404 | GET /files/1788542750602_men-category.jpg : Can't find /files/1788542750602_men-category.jpg on this server | user: guest 
Error: Can't find /files/1788542750602_men-category.jpg on this server
    at D:\photo\store_uiux_polished\v1\backend\server.js:110:8
    at Layer.handleRequest (D:\photo\store_uiux_polished\v1\backend\node_modules\router\lib\layer.js:152:17)
    at trimPrefix (D:\photo\store_uiux_polished\v1\backend\node_modules\router\index.js:342:13)
    at D:\photo\store_uiux_polished\v1\backend\node_modules\router\index.js:297:9
    at processParams (D:\photo\store_uiux_polished\v1\backend\node_modules\router\index.js:582:12)
    at next (D:\photo\store_uiux_polished\v1\backend\node_modules\router\index.js:291:5)
    at SendStream.error (D:\photo\store_uiux_polished\v1\backend\node_modules\serve-static\index.js:120:7)
    at SendStream.emit (node:events:509:20)
    at SendStream.error (D:\photo\store_uiux_polished\v1\backend\node_modules\send\index.js:168:17)
    at SendStream.onStatError (D:\photo\store_uiux_polished\v1\backend\node_modules\send\index.js:315:12) 
08-09-2026 23:19:42 | ERROR | Error found | 404 | GET /files/1788430760414_Black_Denim_Jacket.jpg : Can't find /files/1788430760414_Black_Denim_Jacket.jpg on this server | user: guest 
Error: Can't find /files/1788430760414_Black_Denim_Jacket.jpg on this server
    at D:\photo\store_uiux_polished\v1\backend\server.js:110:8
    at Layer.handleRequest (D:\photo\store_uiux_polished\v1\backend\node_modules\router\lib\layer.js:152:17)
    at trimPrefix (D:\photo\store_uiux_polished\v1\backend\node_modules\router\index.js:342:13)
    at D:\photo\store_uiux_polished\v1\backend\node_modules\router\index.js:297:9
    at processParams (D:\photo\store_uiux_polished\v1\backend\node_modules\router\index.js:582:12)
    at next (D:\photo\store_uiux_polished\v1\backend\node_modules\router\index.js:291:5)
    at SendStream.error (D:\photo\store_uiux_polished\v1\backend\node_modules\serve-static\index.js:120:7)
    at SendStream.emit (node:events:509:20)
    at SendStream.error (D:\photo\store_uiux_polished\v1\backend\node_modules\send\index.js:168:17)
    at SendStream.onStatError (D:\photo\store_uiux_polished\v1\backend\node_modules\send\index.js:315:12) 
08-09-2026 23:19:42 | ERROR | Error found | 404 | GET /files/1788542750602_men-category.jpg : Can't find /files/1788542750602_men-category.jpg on this server | user: guest 
Error: Can't find /files/1788542750602_men-category.jpg on this server
    at D:\photo\store_uiux_polished\v1\backend\server.js:110:8
    at Layer.handleRequest (D:\photo\store_uiux_polished\v1\backend\node_modules\router\lib\layer.js:152:17)
    at trimPrefix (D:\photo\store_uiux_polished\v1\backend\node_modules\router\index.js:342:13)
    at D:\photo\store_uiux_polished\v1\backend\node_modules\router\index.js:297:9
    at processParams (D:\photo\store_uiux_polished\v1\backend\node_modules\router\index.js:582:12)
    at next (D:\photo\store_uiux_polished\v1\backend\node_modules\router\index.js:291:5)
    at SendStream.error (D:\photo\store_uiux_polished\v1\backend\node_modules\serve-static\index.js:120:7)
    at SendStream.emit (node:events:509:20)
    at SendStream.error (D:\photo\store_uiux_polished\v1\backend\node_modules\send\index.js:168:17)
    at SendStream.onStatError (D:\photo\store_uiux_polished\v1\backend\node_modules\send\index.js:315:12) 
08-09-2026 23:19:47 | INFO | Users directory queried successfully  
08-09-2026 23:19:50 | INFO | Users directory queried successfully  
08-09-2026 23:19:51 | INFO | Users directory queried successfully  
08-09-2026 23:19:58 | INFO | Users directory queried successfully  
08-09-2026 23:20:02 | ERROR | Error found | 404 | GET /files/1788430760414_Black_Denim_Jacket.jpg : Can't find /files/1788430760414_Black_Denim_Jacket.jpg on this server | user: guest 
Error: Can't find /files/1788430760414_Black_Denim_Jacket.jpg on this server
    at D:\photo\store_uiux_polished\v1\backend\server.js:110:8
    at Layer.handleRequest (D:\photo\store_uiux_polished\v1\backend\node_modules\router\lib\layer.js:152:17)
    at trimPrefix (D:\photo\store_uiux_polished\v1\backend\node_modules\router\index.js:342:13)
    at D:\photo\store_uiux_polished\v1\backend\node_modules\router\index.js:297:9
    at processParams (D:\photo\store_uiux_polished\v1\backend\node_modules\router\index.js:582:12)
    at next (D:\photo\store_uiux_polished\v1\backend\node_modules\router\index.js:291:5)
    at SendStream.error (D:\photo\store_uiux_polished\v1\backend\node_modules\serve-static\index.js:120:7)
    at SendStream.emit (node:events:509:20)
    at SendStream.error (D:\photo\store_uiux_polished\v1\backend\node_modules\send\index.js:168:17)
    at SendStream.onStatError (D:\photo\store_uiux_polished\v1\backend\node_modules\send\index.js:315:12) 
08-09-2026 23:20:45 | ERROR | Error found | 404 | GET /files/1788542750602_men-category.jpg : Can't find /files/1788542750602_men-category.jpg on this server | user: guest 
Error: Can't find /files/1788542750602_men-category.jpg on this server
    at D:\photo\store_uiux_polished\v1\backend\server.js:110:8
    at Layer.handleRequest (D:\photo\store_uiux_polished\v1\backend\node_modules\router\lib\layer.js:152:17)
    at trimPrefix (D:\photo\store_uiux_polished\v1\backend\node_modules\router\index.js:342:13)
    at D:\photo\store_uiux_polished\v1\backend\node_modules\router\index.js:297:9
    at processParams (D:\photo\store_uiux_polished\v1\backend\node_modules\router\index.js:582:12)
    at next (D:\photo\store_uiux_polished\v1\backend\node_modules\router\index.js:291:5)
    at SendStream.error (D:\photo\store_uiux_polished\v1\backend\node_modules\serve-static\index.js:120:7)
    at SendStream.emit (node:events:509:20)
    at SendStream.error (D:\photo\store_uiux_polished\v1\backend\node_modules\send\index.js:168:17)
    at SendStream.onStatError (D:\photo\store_uiux_polished\v1\backend\node_modules\send\index.js:315:12) 
08-09-2026 23:20:45 | ERROR | Error found | 404 | GET /files/1788430760414_Black_Denim_Jacket.jpg : Can't find /files/1788430760414_Black_Denim_Jacket.jpg on this server | user: guest 
Error: Can't find /files/1788430760414_Black_Denim_Jacket.jpg on this server
    at D:\photo\store_uiux_polished\v1\backend\server.js:110:8
    at Layer.handleRequest (D:\photo\store_uiux_polished\v1\backend\node_modules\router\lib\layer.js:152:17)
    at trimPrefix (D:\photo\store_uiux_polished\v1\backend\node_modules\router\index.js:342:13)
    at D:\photo\store_uiux_polished\v1\backend\node_modules\router\index.js:297:9
    at processParams (D:\photo\store_uiux_polished\v1\backend\node_modules\router\index.js:582:12)
    at next (D:\photo\store_uiux_polished\v1\backend\node_modules\router\index.js:291:5)
    at SendStream.error (D:\photo\store_uiux_polished\v1\backend\node_modules\serve-static\index.js:120:7)
    at SendStream.emit (node:events:509:20)
    at SendStream.error (D:\photo\store_uiux_polished\v1\backend\node_modules\send\index.js:168:17)
    at SendStream.onStatError (D:\photo\store_uiux_polished\v1\backend\node_modules\send\index.js:315:12) 
08-09-2026 23:20:47 | ERROR | Error found | 404 | GET /files/1788430760414_Black_Denim_Jacket.jpg : Can't find /files/1788430760414_Black_Denim_Jacket.jpg on this server | user: guest 
Error: Can't find /files/1788430760414_Black_Denim_Jacket.jpg on this server
    at D:\photo\store_uiux_polished\v1\backend\server.js:110:8
    at Layer.handleRequest (D:\photo\store_uiux_polished\v1\backend\node_modules\router\lib\layer.js:152:17)
    at trimPrefix (D:\photo\store_uiux_polished\v1\backend\node_modules\router\index.js:342:13)
    at D:\photo\store_uiux_polished\v1\backend\node_modules\router\index.js:297:9
    at processParams (D:\photo\store_uiux_polished\v1\backend\node_modules\router\index.js:582:12)
    at next (D:\photo\store_uiux_polished\v1\backend\node_modules\router\index.js:291:5)
    at SendStream.error (D:\photo\store_uiux_polished\v1\backend\node_modules\serve-static\index.js:120:7)
    at SendStream.emit (node:events:509:20)
    at SendStream.error (D:\photo\store_uiux_polished\v1\backend\node_modules\send\index.js:168:17)
    at SendStream.onStatError (D:\photo\store_uiux_polished\v1\backend\node_modules\send\index.js:315:12) 
08-09-2026 23:20:47 | ERROR | Error found | 404 | GET /files/1788542750602_men-category.jpg : Can't find /files/1788542750602_men-category.jpg on this server | user: guest 
Error: Can't find /files/1788542750602_men-category.jpg on this server
    at D:\photo\store_uiux_polished\v1\backend\server.js:110:8
    at Layer.handleRequest (D:\photo\store_uiux_polished\v1\backend\node_modules\router\lib\layer.js:152:17)
    at trimPrefix (D:\photo\store_uiux_polished\v1\backend\node_modules\router\index.js:342:13)
    at D:\photo\store_uiux_polished\v1\backend\node_modules\router\index.js:297:9
    at processParams (D:\photo\store_uiux_polished\v1\backend\node_modules\router\index.js:582:12)
    at next (D:\photo\store_uiux_polished\v1\backend\node_modules\router\index.js:291:5)
    at SendStream.error (D:\photo\store_uiux_polished\v1\backend\node_modules\serve-static\index.js:120:7)
    at SendStream.emit (node:events:509:20)
    at SendStream.error (D:\photo\store_uiux_polished\v1\backend\node_modules\send\index.js:168:17)
    at SendStream.onStatError (D:\photo\store_uiux_polished\v1\backend\node_modules\send\index.js:315:12) 
08-09-2026 23:20:47 | ERROR | Error found | 404 | GET /files/1788430760414_Black_Denim_Jacket.jpg : Can't find /files/1788430760414_Black_Denim_Jacket.jpg on this server | user: guest 
Error: Can't find /files/1788430760414_Black_Denim_Jacket.jpg on this server
    at D:\photo\store_uiux_polished\v1\backend\server.js:110:8
    at Layer.handleRequest (D:\photo\store_uiux_polished\v1\backend\node_modules\router\lib\layer.js:152:17)
    at trimPrefix (D:\photo\store_uiux_polished\v1\backend\node_modules\router\index.js:342:13)
    at D:\photo\store_uiux_polished\v1\backend\node_modules\router\index.js:297:9
    at processParams (D:\photo\store_uiux_polished\v1\backend\node_modules\router\index.js:582:12)
    at next (D:\photo\store_uiux_polished\v1\backend\node_modules\router\index.js:291:5)
    at SendStream.error (D:\photo\store_uiux_polished\v1\backend\node_modules\serve-static\index.js:120:7)
    at SendStream.emit (node:events:509:20)
    at SendStream.error (D:\photo\store_uiux_polished\v1\backend\node_modules\send\index.js:168:17)
    at SendStream.onStatError (D:\photo\store_uiux_polished\v1\backend\node_modules\send\index.js:315:12) 
08-09-2026 23:21:31 | ERROR | Error found | 404 | GET /files/1788542750602_men-category.jpg : Can't find /files/1788542750602_men-category.jpg on this server | user: guest 
Error: Can't find /files/1788542750602_men-category.jpg on this server
    at D:\photo\store_uiux_polished\v1\backend\server.js:110:8
    at Layer.handleRequest (D:\photo\store_uiux_polished\v1\backend\node_modules\router\lib\layer.js:152:17)
    at trimPrefix (D:\photo\store_uiux_polished\v1\backend\node_modules\router\index.js:342:13)
    at D:\photo\store_uiux_polished\v1\backend\node_modules\router\index.js:297:9
    at processParams (D:\photo\store_uiux_polished\v1\backend\node_modules\router\index.js:582:12)
    at next (D:\photo\store_uiux_polished\v1\backend\node_modules\router\index.js:291:5)
    at SendStream.error (D:\photo\store_uiux_polished\v1\backend\node_modules\serve-static\index.js:120:7)
    at SendStream.emit (node:events:509:20)
    at SendStream.error (D:\photo\store_uiux_polished\v1\backend\node_modules\send\index.js:168:17)
    at SendStream.onStatError (D:\photo\store_uiux_polished\v1\backend\node_modules\send\index.js:315:12) 
08-09-2026 23:21:31 | ERROR | Error found | 404 | GET /files/1788430760414_Black_Denim_Jacket.jpg : Can't find /files/1788430760414_Black_Denim_Jacket.jpg on this server | user: guest 
Error: Can't find /files/1788430760414_Black_Denim_Jacket.jpg on this server
    at D:\photo\store_uiux_polished\v1\backend\server.js:110:8
    at Layer.handleRequest (D:\photo\store_uiux_polished\v1\backend\node_modules\router\lib\layer.js:152:17)
    at trimPrefix (D:\photo\store_uiux_polished\v1\backend\node_modules\router\index.js:342:13)
    at D:\photo\store_uiux_polished\v1\backend\node_modules\router\index.js:297:9
    at processParams (D:\photo\store_uiux_polished\v1\backend\node_modules\router\index.js:582:12)
    at next (D:\photo\store_uiux_polished\v1\backend\node_modules\router\index.js:291:5)
    at SendStream.error (D:\photo\store_uiux_polished\v1\backend\node_modules\serve-static\index.js:120:7)
    at SendStream.emit (node:events:509:20)
    at SendStream.error (D:\photo\store_uiux_polished\v1\backend\node_modules\send\index.js:168:17)
    at SendStream.onStatError (D:\photo\store_uiux_polished\v1\backend\node_modules\send\index.js:315:12) 
08-09-2026 23:21:34 | ERROR | Error found | 404 | GET /files/1788430760414_Black_Denim_Jacket.jpg : Can't find /files/1788430760414_Black_Denim_Jacket.jpg on this server | user: guest 
Error: Can't find /files/1788430760414_Black_Denim_Jacket.jpg on this server
    at D:\photo\store_uiux_polished\v1\backend\server.js:110:8
    at Layer.handleRequest (D:\photo\store_uiux_polished\v1\backend\node_modules\router\lib\layer.js:152:17)
    at trimPrefix (D:\photo\store_uiux_polished\v1\backend\node_modules\router\index.js:342:13)
    at D:\photo\store_uiux_polished\v1\backend\node_modules\router\index.js:297:9
    at processParams (D:\photo\store_uiux_polished\v1\backend\node_modules\router\index.js:582:12)
    at next (D:\photo\store_uiux_polished\v1\backend\node_modules\router\index.js:291:5)
    at SendStream.error (D:\photo\store_uiux_polished\v1\backend\node_modules\serve-static\index.js:120:7)
    at SendStream.emit (node:events:509:20)
    at SendStream.error (D:\photo\store_uiux_polished\v1\backend\node_modules\send\index.js:168:17)
    at SendStream.onStatError (D:\photo\store_uiux_polished\v1\backend\node_modules\send\index.js:315:12) 
08-09-2026 23:21:34 | ERROR | Error found | 404 | GET /files/1788542750602_men-category.jpg : Can't find /files/1788542750602_men-category.jpg on this server | user: guest 
Error: Can't find /files/1788542750602_men-category.jpg on this server
    at D:\photo\store_uiux_polished\v1\backend\server.js:110:8
    at Layer.handleRequest (D:\photo\store_uiux_polished\v1\backend\node_modules\router\lib\layer.js:152:17)
    at trimPrefix (D:\photo\store_uiux_polished\v1\backend\node_modules\router\index.js:342:13)
    at D:\photo\store_uiux_polished\v1\backend\node_modules\router\index.js:297:9
    at processParams (D:\photo\store_uiux_polished\v1\backend\node_modules\router\index.js:582:12)
    at next (D:\photo\store_uiux_polished\v1\backend\node_modules\router\index.js:291:5)
    at SendStream.error (D:\photo\store_uiux_polished\v1\backend\node_modules\serve-static\index.js:120:7)
    at SendStream.emit (node:events:509:20)
    at SendStream.error (D:\photo\store_uiux_polished\v1\backend\node_modules\send\index.js:168:17)
    at SendStream.onStatError (D:\photo\store_uiux_polished\v1\backend\node_modules\send\index.js:315:12) 
08-09-2026 23:21:34 | ERROR | Error found | 404 | GET /files/1788430760414_Black_Denim_Jacket.jpg : Can't find /files/1788430760414_Black_Denim_Jacket.jpg on this server | user: guest 
Error: Can't find /files/1788430760414_Black_Denim_Jacket.jpg on this server
    at D:\photo\store_uiux_polished\v1\backend\server.js:110:8
    at Layer.handleRequest (D:\photo\store_uiux_polished\v1\backend\node_modules\router\lib\layer.js:152:17)
    at trimPrefix (D:\photo\store_uiux_polished\v1\backend\node_modules\router\index.js:342:13)
    at D:\photo\store_uiux_polished\v1\backend\node_modules\router\index.js:297:9
    at processParams (D:\photo\store_uiux_polished\v1\backend\node_modules\router\index.js:582:12)
    at next (D:\photo\store_uiux_polished\v1\backend\node_modules\router\index.js:291:5)
    at SendStream.error (D:\photo\store_uiux_polished\v1\backend\node_modules\serve-static\index.js:120:7)
    at SendStream.emit (node:events:509:20)
    at SendStream.error (D:\photo\store_uiux_polished\v1\backend\node_modules\send\index.js:168:17)
    at SendStream.onStatError (D:\photo\store_uiux_polished\v1\backend\node_modules\send\index.js:315:12) 
08-09-2026 23:22:23 | ERROR | Error found | 404 | GET /files/1788430760414_Black_Denim_Jacket.jpg : Can't find /files/1788430760414_Black_Denim_Jacket.jpg on this server | user: guest 
Error: Can't find /files/1788430760414_Black_Denim_Jacket.jpg on this server
    at D:\photo\store_uiux_polished\v1\backend\server.js:110:8
    at Layer.handleRequest (D:\photo\store_uiux_polished\v1\backend\node_modules\router\lib\layer.js:152:17)
    at trimPrefix (D:\photo\store_uiux_polished\v1\backend\node_modules\router\index.js:342:13)
    at D:\photo\store_uiux_polished\v1\backend\node_modules\router\index.js:297:9
    at processParams (D:\photo\store_uiux_polished\v1\backend\node_modules\router\index.js:582:12)
    at next (D:\photo\store_uiux_polished\v1\backend\node_modules\router\index.js:291:5)
    at SendStream.error (D:\photo\store_uiux_polished\v1\backend\node_modules\serve-static\index.js:120:7)
    at SendStream.emit (node:events:509:20)
    at SendStream.error (D:\photo\store_uiux_polished\v1\backend\node_modules\send\index.js:168:17)
    at SendStream.onStatError (D:\photo\store_uiux_polished\v1\backend\node_modules\send\index.js:315:12) 
08-09-2026 23:22:23 | ERROR | Error found | 404 | GET /files/1788542750602_men-category.jpg : Can't find /files/1788542750602_men-category.jpg on this server | user: guest 
Error: Can't find /files/1788542750602_men-category.jpg on this server
    at D:\photo\store_uiux_polished\v1\backend\server.js:110:8
    at Layer.handleRequest (D:\photo\store_uiux_polished\v1\backend\node_modules\router\lib\layer.js:152:17)
    at trimPrefix (D:\photo\store_uiux_polished\v1\backend\node_modules\router\index.js:342:13)
    at D:\photo\store_uiux_polished\v1\backend\node_modules\router\index.js:297:9
    at processParams (D:\photo\store_uiux_polished\v1\backend\node_modules\router\index.js:582:12)
    at next (D:\photo\store_uiux_polished\v1\backend\node_modules\router\index.js:291:5)
    at SendStream.error (D:\photo\store_uiux_polished\v1\backend\node_modules\serve-static\index.js:120:7)
    at SendStream.emit (node:events:509:20)
    at SendStream.error (D:\photo\store_uiux_polished\v1\backend\node_modules\send\index.js:168:17)
    at SendStream.onStatError (D:\photo\store_uiux_polished\v1\backend\node_modules\send\index.js:315:12) 
08-09-2026 23:22:32 | ERROR | Error found | 404 | GET /files/1788430760414_Black_Denim_Jacket.jpg : Can't find /files/1788430760414_Black_Denim_Jacket.jpg on this server | user: guest 
Error: Can't find /files/1788430760414_Black_Denim_Jacket.jpg on this server
    at D:\photo\store_uiux_polished\v1\backend\server.js:110:8
    at Layer.handleRequest (D:\photo\store_uiux_polished\v1\backend\node_modules\router\lib\layer.js:152:17)
    at trimPrefix (D:\photo\store_uiux_polished\v1\backend\node_modules\router\index.js:342:13)
    at D:\photo\store_uiux_polished\v1\backend\node_modules\router\index.js:297:9
    at processParams (D:\photo\store_uiux_polished\v1\backend\node_modules\router\index.js:582:12)
    at next (D:\photo\store_uiux_polished\v1\backend\node_modules\router\index.js:291:5)
    at SendStream.error (D:\photo\store_uiux_polished\v1\backend\node_modules\serve-static\index.js:120:7)
    at SendStream.emit (node:events:509:20)
    at SendStream.error (D:\photo\store_uiux_polished\v1\backend\node_modules\send\index.js:168:17)
    at SendStream.onStatError (D:\photo\store_uiux_polished\v1\backend\node_modules\send\index.js:315:12) 
08-09-2026 23:22:35 | ERROR | Error found | 404 | GET /files/1788430760414_Black_Denim_Jacket.jpg : Can't find /files/1788430760414_Black_Denim_Jacket.jpg on this server | user: guest 
Error: Can't find /files/1788430760414_Black_Denim_Jacket.jpg on this server
    at D:\photo\store_uiux_polished\v1\backend\server.js:110:8
    at Layer.handleRequest (D:\photo\store_uiux_polished\v1\backend\node_modules\router\lib\layer.js:152:17)
    at trimPrefix (D:\photo\store_uiux_polished\v1\backend\node_modules\router\index.js:342:13)
    at D:\photo\store_uiux_polished\v1\backend\node_modules\router\index.js:297:9
    at processParams (D:\photo\store_uiux_polished\v1\backend\node_modules\router\index.js:582:12)
    at next (D:\photo\store_uiux_polished\v1\backend\node_modules\router\index.js:291:5)
    at SendStream.error (D:\photo\store_uiux_polished\v1\backend\node_modules\serve-static\index.js:120:7)
    at SendStream.emit (node:events:509:20)
    at SendStream.error (D:\photo\store_uiux_polished\v1\backend\node_modules\send\index.js:168:17)
    at SendStream.onStatError (D:\photo\store_uiux_polished\v1\backend\node_modules\send\index.js:315:12) 
08-09-2026 23:22:35 | ERROR | Error found | 404 | GET /files/1788542750602_men-category.jpg : Can't find /files/1788542750602_men-category.jpg on this server | user: guest 
Error: Can't find /files/1788542750602_men-category.jpg on this server
    at D:\photo\store_uiux_polished\v1\backend\server.js:110:8
    at Layer.handleRequest (D:\photo\store_uiux_polished\v1\backend\node_modules\router\lib\layer.js:152:17)
    at trimPrefix (D:\photo\store_uiux_polished\v1\backend\node_modules\router\index.js:342:13)
    at D:\photo\store_uiux_polished\v1\backend\node_modules\router\index.js:297:9
    at processParams (D:\photo\store_uiux_polished\v1\backend\node_modules\router\index.js:582:12)
    at next (D:\photo\store_uiux_polished\v1\backend\node_modules\router\index.js:291:5)
    at SendStream.error (D:\photo\store_uiux_polished\v1\backend\node_modules\serve-static\index.js:120:7)
    at SendStream.emit (node:events:509:20)
    at SendStream.error (D:\photo\store_uiux_polished\v1\backend\node_modules\send\index.js:168:17)
    at SendStream.onStatError (D:\photo\store_uiux_polished\v1\backend\node_modules\send\index.js:315:12) 
08-09-2026 23:23:32 | INFO | Users directory queried successfully  
08-09-2026 23:23:37 | INFO | User fetched successfully  
08-09-2026 23:23:40 | INFO | Users directory queried successfully  
08-09-2026 23:23:47 | INFO | User deleted successfully  
08-09-2026 23:23:51 | INFO | User blocked successfully  
08-09-2026 23:24:01 | INFO | Users directory queried successfully  
08-09-2026 23:24:01 | INFO | Users directory queried successfully  
08-09-2026 23:24:03 | INFO | Users directory queried successfully  
08-09-2026 23:24:04 | INFO | Users directory queried successfully  
08-09-2026 23:24:06 | INFO | Users directory queried successfully  
08-09-2026 23:24:07 | INFO | Users directory queried successfully  
08-09-2026 23:24:09 | INFO | User unblocked successfully  
08-09-2026 23:24:27 | INFO | User deleted successfully  
08-09-2026 23:24:36 | ERROR | Error found | 403 | POST /api/v1/auth/login : Invalid email or password | user: guest 
Error: Invalid email or password
    at D:\photo\store_uiux_polished\v1\backend\controllers\auth.controller.js:104:17
    at process.processTicksAndRejections (node:internal/process/task_queues:104:5) 
08-09-2026 23:25:37 | ERROR | Error found | 409 | POST /api/v1/auth/signup : Email is already registered | user: guest 
Error: Email is already registered
    at D:\photo\store_uiux_polished\v1\backend\controllers\auth.controller.js:39:17
    at process.processTicksAndRejections (node:internal/process/task_queues:104:5) 
08-09-2026 23:26:07 | ERROR | Error found | 404 | GET /files/1788430760414_Black_Denim_Jacket.jpg : Can't find /files/1788430760414_Black_Denim_Jacket.jpg on this server | user: guest 
Error: Can't find /files/1788430760414_Black_Denim_Jacket.jpg on this server
    at D:\photo\store_uiux_polished\v1\backend\server.js:110:8
    at Layer.handleRequest (D:\photo\store_uiux_polished\v1\backend\node_modules\router\lib\layer.js:152:17)
    at trimPrefix (D:\photo\store_uiux_polished\v1\backend\node_modules\router\index.js:342:13)
    at D:\photo\store_uiux_polished\v1\backend\node_modules\router\index.js:297:9
    at processParams (D:\photo\store_uiux_polished\v1\backend\node_modules\router\index.js:582:12)
    at next (D:\photo\store_uiux_polished\v1\backend\node_modules\router\index.js:291:5)
    at SendStream.error (D:\photo\store_uiux_polished\v1\backend\node_modules\serve-static\index.js:120:7)
    at SendStream.emit (node:events:509:20)
    at SendStream.error (D:\photo\store_uiux_polished\v1\backend\node_modules\send\index.js:168:17)
    at SendStream.onStatError (D:\photo\store_uiux_polished\v1\backend\node_modules\send\index.js:315:12) 
08-09-2026 23:26:07 | ERROR | Error found | 404 | GET /files/1788542750602_men-category.jpg : Can't find /files/1788542750602_men-category.jpg on this server | user: guest 
Error: Can't find /files/1788542750602_men-category.jpg on this server
    at D:\photo\store_uiux_polished\v1\backend\server.js:110:8
    at Layer.handleRequest (D:\photo\store_uiux_polished\v1\backend\node_modules\router\lib\layer.js:152:17)
    at trimPrefix (D:\photo\store_uiux_polished\v1\backend\node_modules\router\index.js:342:13)
    at D:\photo\store_uiux_polished\v1\backend\node_modules\router\index.js:297:9
    at processParams (D:\photo\store_uiux_polished\v1\backend\node_modules\router\index.js:582:12)
    at next (D:\photo\store_uiux_polished\v1\backend\node_modules\router\index.js:291:5)
    at SendStream.error (D:\photo\store_uiux_polished\v1\backend\node_modules\serve-static\index.js:120:7)
    at SendStream.emit (node:events:509:20)
    at SendStream.error (D:\photo\store_uiux_polished\v1\backend\node_modules\send\index.js:168:17)
    at SendStream.onStatError (D:\photo\store_uiux_polished\v1\backend\node_modules\send\index.js:315:12) 
08-09-2026 23:26:15 | ERROR | Error found | 404 | GET /files/1788430760414_Black_Denim_Jacket.jpg : Can't find /files/1788430760414_Black_Denim_Jacket.jpg on this server | user: guest 
Error: Can't find /files/1788430760414_Black_Denim_Jacket.jpg on this server
    at D:\photo\store_uiux_polished\v1\backend\server.js:110:8
    at Layer.handleRequest (D:\photo\store_uiux_polished\v1\backend\node_modules\router\lib\layer.js:152:17)
    at trimPrefix (D:\photo\store_uiux_polished\v1\backend\node_modules\router\index.js:342:13)
    at D:\photo\store_uiux_polished\v1\backend\node_modules\router\index.js:297:9
    at processParams (D:\photo\store_uiux_polished\v1\backend\node_modules\router\index.js:582:12)
    at next (D:\photo\store_uiux_polished\v1\backend\node_modules\router\index.js:291:5)
    at SendStream.error (D:\photo\store_uiux_polished\v1\backend\node_modules\serve-static\index.js:120:7)
    at SendStream.emit (node:events:509:20)
    at SendStream.error (D:\photo\store_uiux_polished\v1\backend\node_modules\send\index.js:168:17)
    at SendStream.onStatError (D:\photo\store_uiux_polished\v1\backend\node_modules\send\index.js:315:12) 
08-09-2026 23:26:17 | ERROR | Error found | 404 | GET /files/1788430760414_Black_Denim_Jacket.jpg : Can't find /files/1788430760414_Black_Denim_Jacket.jpg on this server | user: guest 
Error: Can't find /files/1788430760414_Black_Denim_Jacket.jpg on this server
    at D:\photo\store_uiux_polished\v1\backend\server.js:110:8
    at Layer.handleRequest (D:\photo\store_uiux_polished\v1\backend\node_modules\router\lib\layer.js:152:17)
    at trimPrefix (D:\photo\store_uiux_polished\v1\backend\node_modules\router\index.js:342:13)
    at D:\photo\store_uiux_polished\v1\backend\node_modules\router\index.js:297:9
    at processParams (D:\photo\store_uiux_polished\v1\backend\node_modules\router\index.js:582:12)
    at next (D:\photo\store_uiux_polished\v1\backend\node_modules\router\index.js:291:5)
    at SendStream.error (D:\photo\store_uiux_polished\v1\backend\node_modules\serve-static\index.js:120:7)
    at SendStream.emit (node:events:509:20)
    at SendStream.error (D:\photo\store_uiux_polished\v1\backend\node_modules\send\index.js:168:17)
    at SendStream.onStatError (D:\photo\store_uiux_polished\v1\backend\node_modules\send\index.js:315:12) 
08-09-2026 23:26:17 | ERROR | Error found | 404 | GET /files/1788542750602_men-category.jpg : Can't find /files/1788542750602_men-category.jpg on this server | user: guest 
Error: Can't find /files/1788542750602_men-category.jpg on this server
    at D:\photo\store_uiux_polished\v1\backend\server.js:110:8
    at Layer.handleRequest (D:\photo\store_uiux_polished\v1\backend\node_modules\router\lib\layer.js:152:17)
    at trimPrefix (D:\photo\store_uiux_polished\v1\backend\node_modules\router\index.js:342:13)
    at D:\photo\store_uiux_polished\v1\backend\node_modules\router\index.js:297:9
    at processParams (D:\photo\store_uiux_polished\v1\backend\node_modules\router\index.js:582:12)
    at next (D:\photo\store_uiux_polished\v1\backend\node_modules\router\index.js:291:5)
    at SendStream.error (D:\photo\store_uiux_polished\v1\backend\node_modules\serve-static\index.js:120:7)
    at SendStream.emit (node:events:509:20)
    at SendStream.error (D:\photo\store_uiux_polished\v1\backend\node_modules\send\index.js:168:17)
    at SendStream.onStatError (D:\photo\store_uiux_polished\v1\backend\node_modules\send\index.js:315:12) 
08-09-2026 23:26:24 | ERROR | Error found | 404 | GET /files/1788542750602_men-category.jpg : Can't find /files/1788542750602_men-category.jpg on this server | user: guest 
Error: Can't find /files/1788542750602_men-category.jpg on this server
    at D:\photo\store_uiux_polished\v1\backend\server.js:110:8
    at Layer.handleRequest (D:\photo\store_uiux_polished\v1\backend\node_modules\router\lib\layer.js:152:17)
    at trimPrefix (D:\photo\store_uiux_polished\v1\backend\node_modules\router\index.js:342:13)
    at D:\photo\store_uiux_polished\v1\backend\node_modules\router\index.js:297:9
    at processParams (D:\photo\store_uiux_polished\v1\backend\node_modules\router\index.js:582:12)
    at next (D:\photo\store_uiux_polished\v1\backend\node_modules\router\index.js:291:5)
    at SendStream.error (D:\photo\store_uiux_polished\v1\backend\node_modules\serve-static\index.js:120:7)
    at SendStream.emit (node:events:509:20)
    at SendStream.error (D:\photo\store_uiux_polished\v1\backend\node_modules\send\index.js:168:17)
    at SendStream.onStatError (D:\photo\store_uiux_polished\v1\backend\node_modules\send\index.js:315:12) 
08-09-2026 23:26:24 | ERROR | Error found | 404 | GET /files/1788430760414_Black_Denim_Jacket.jpg : Can't find /files/1788430760414_Black_Denim_Jacket.jpg on this server | user: guest 
Error: Can't find /files/1788430760414_Black_Denim_Jacket.jpg on this server
    at D:\photo\store_uiux_polished\v1\backend\server.js:110:8
    at Layer.handleRequest (D:\photo\store_uiux_polished\v1\backend\node_modules\router\lib\layer.js:152:17)
    at trimPrefix (D:\photo\store_uiux_polished\v1\backend\node_modules\router\index.js:342:13)
    at D:\photo\store_uiux_polished\v1\backend\node_modules\router\index.js:297:9
    at processParams (D:\photo\store_uiux_polished\v1\backend\node_modules\router\index.js:582:12)
    at next (D:\photo\store_uiux_polished\v1\backend\node_modules\router\index.js:291:5)
    at SendStream.error (D:\photo\store_uiux_polished\v1\backend\node_modules\serve-static\index.js:120:7)
    at SendStream.emit (node:events:509:20)
    at SendStream.error (D:\photo\store_uiux_polished\v1\backend\node_modules\send\index.js:168:17)
    at SendStream.onStatError (D:\photo\store_uiux_polished\v1\backend\node_modules\send\index.js:315:12) 
08-09-2026 23:26:29 | ERROR | Error found | 404 | GET /files/1788542750602_men-category.jpg : Can't find /files/1788542750602_men-category.jpg on this server | user: guest 
Error: Can't find /files/1788542750602_men-category.jpg on this server
    at D:\photo\store_uiux_polished\v1\backend\server.js:110:8
    at Layer.handleRequest (D:\photo\store_uiux_polished\v1\backend\node_modules\router\lib\layer.js:152:17)
    at trimPrefix (D:\photo\store_uiux_polished\v1\backend\node_modules\router\index.js:342:13)
    at D:\photo\store_uiux_polished\v1\backend\node_modules\router\index.js:297:9
    at processParams (D:\photo\store_uiux_polished\v1\backend\node_modules\router\index.js:582:12)
    at next (D:\photo\store_uiux_polished\v1\backend\node_modules\router\index.js:291:5)
    at SendStream.error (D:\photo\store_uiux_polished\v1\backend\node_modules\serve-static\index.js:120:7)
    at SendStream.emit (node:events:509:20)
    at SendStream.error (D:\photo\store_uiux_polished\v1\backend\node_modules\send\index.js:168:17)
    at SendStream.onStatError (D:\photo\store_uiux_polished\v1\backend\node_modules\send\index.js:315:12) 
08-09-2026 23:26:50 | INFO | Guest cart merged into user Abdelrhman  
08-09-2026 23:26:50 | INFO | User addresses fetched  
08-09-2026 23:27:19 | ERROR | Error found | 404 | GET /files/1788430760414_Black_Denim_Jacket.jpg : Can't find /files/1788430760414_Black_Denim_Jacket.jpg on this server | user: guest 
Error: Can't find /files/1788430760414_Black_Denim_Jacket.jpg on this server
    at D:\photo\store_uiux_polished\v1\backend\server.js:110:8
    at Layer.handleRequest (D:\photo\store_uiux_polished\v1\backend\node_modules\router\lib\layer.js:152:17)
    at trimPrefix (D:\photo\store_uiux_polished\v1\backend\node_modules\router\index.js:342:13)
    at D:\photo\store_uiux_polished\v1\backend\node_modules\router\index.js:297:9
    at processParams (D:\photo\store_uiux_polished\v1\backend\node_modules\router\index.js:582:12)
    at next (D:\photo\store_uiux_polished\v1\backend\node_modules\router\index.js:291:5)
    at SendStream.error (D:\photo\store_uiux_polished\v1\backend\node_modules\serve-static\index.js:120:7)
    at SendStream.emit (node:events:509:20)
    at SendStream.error (D:\photo\store_uiux_polished\v1\backend\node_modules\send\index.js:168:17)
    at SendStream.onStatError (D:\photo\store_uiux_polished\v1\backend\node_modules\send\index.js:315:12) 
08-09-2026 23:27:19 | ERROR | Error found | 404 | GET /files/1788542750602_men-category.jpg : Can't find /files/1788542750602_men-category.jpg on this server | user: guest 
Error: Can't find /files/1788542750602_men-category.jpg on this server
    at D:\photo\store_uiux_polished\v1\backend\server.js:110:8
    at Layer.handleRequest (D:\photo\store_uiux_polished\v1\backend\node_modules\router\lib\layer.js:152:17)
    at trimPrefix (D:\photo\store_uiux_polished\v1\backend\node_modules\router\index.js:342:13)
    at D:\photo\store_uiux_polished\v1\backend\node_modules\router\index.js:297:9
    at processParams (D:\photo\store_uiux_polished\v1\backend\node_modules\router\index.js:582:12)
    at next (D:\photo\store_uiux_polished\v1\backend\node_modules\router\index.js:291:5)
    at SendStream.error (D:\photo\store_uiux_polished\v1\backend\node_modules\serve-static\index.js:120:7)
    at SendStream.emit (node:events:509:20)
    at SendStream.error (D:\photo\store_uiux_polished\v1\backend\node_modules\send\index.js:168:17)
    at SendStream.onStatError (D:\photo\store_uiux_polished\v1\backend\node_modules\send\index.js:315:12) 
08-09-2026 23:27:33 | ERROR | Error found | 404 | GET /files/1788430760414_Black_Denim_Jacket.jpg : Can't find /files/1788430760414_Black_Denim_Jacket.jpg on this server | user: guest 
Error: Can't find /files/1788430760414_Black_Denim_Jacket.jpg on this server
    at D:\photo\store_uiux_polished\v1\backend\server.js:110:8
    at Layer.handleRequest (D:\photo\store_uiux_polished\v1\backend\node_modules\router\lib\layer.js:152:17)
    at trimPrefix (D:\photo\store_uiux_polished\v1\backend\node_modules\router\index.js:342:13)
    at D:\photo\store_uiux_polished\v1\backend\node_modules\router\index.js:297:9
    at processParams (D:\photo\store_uiux_polished\v1\backend\node_modules\router\index.js:582:12)
    at next (D:\photo\store_uiux_polished\v1\backend\node_modules\router\index.js:291:5)
    at SendStream.error (D:\photo\store_uiux_polished\v1\backend\node_modules\serve-static\index.js:120:7)
    at SendStream.emit (node:events:509:20)
    at SendStream.error (D:\photo\store_uiux_polished\v1\backend\node_modules\send\index.js:168:17)
    at SendStream.onStatError (D:\photo\store_uiux_polished\v1\backend\node_modules\send\index.js:315:12) 
08-09-2026 23:27:33 | ERROR | Error found | 404 | GET /files/1788542750602_men-category.jpg : Can't find /files/1788542750602_men-category.jpg on this server | user: guest 
Error: Can't find /files/1788542750602_men-category.jpg on this server
    at D:\photo\store_uiux_polished\v1\backend\server.js:110:8
    at Layer.handleRequest (D:\photo\store_uiux_polished\v1\backend\node_modules\router\lib\layer.js:152:17)
    at trimPrefix (D:\photo\store_uiux_polished\v1\backend\node_modules\router\index.js:342:13)
    at D:\photo\store_uiux_polished\v1\backend\node_modules\router\index.js:297:9
    at processParams (D:\photo\store_uiux_polished\v1\backend\node_modules\router\index.js:582:12)
    at next (D:\photo\store_uiux_polished\v1\backend\node_modules\router\index.js:291:5)
    at SendStream.error (D:\photo\store_uiux_polished\v1\backend\node_modules\serve-static\index.js:120:7)
    at SendStream.emit (node:events:509:20)
    at SendStream.error (D:\photo\store_uiux_polished\v1\backend\node_modules\send\index.js:168:17)
    at SendStream.onStatError (D:\photo\store_uiux_polished\v1\backend\node_modules\send\index.js:315:12) 
08-09-2026 23:27:33 | ERROR | Error found | 404 | GET /files/1788430760414_Black_Denim_Jacket.jpg : Can't find /files/1788430760414_Black_Denim_Jacket.jpg on this server | user: guest 
Error: Can't find /files/1788430760414_Black_Denim_Jacket.jpg on this server
    at D:\photo\store_uiux_polished\v1\backend\server.js:110:8
    at Layer.handleRequest (D:\photo\store_uiux_polished\v1\backend\node_modules\router\lib\layer.js:152:17)
    at trimPrefix (D:\photo\store_uiux_polished\v1\backend\node_modules\router\index.js:342:13)
    at D:\photo\store_uiux_polished\v1\backend\node_modules\router\index.js:297:9
    at processParams (D:\photo\store_uiux_polished\v1\backend\node_modules\router\index.js:582:12)
    at next (D:\photo\store_uiux_polished\v1\backend\node_modules\router\index.js:291:5)
    at SendStream.error (D:\photo\store_uiux_polished\v1\backend\node_modules\serve-static\index.js:120:7)
    at SendStream.emit (node:events:509:20)
    at SendStream.error (D:\photo\store_uiux_polished\v1\backend\node_modules\send\index.js:168:17)
    at SendStream.onStatError (D:\photo\store_uiux_polished\v1\backend\node_modules\send\index.js:315:12) 
08-09-2026 23:27:34 | ERROR | Error found | 404 | GET /files/1788430760414_Black_Denim_Jacket.jpg : Can't find /files/1788430760414_Black_Denim_Jacket.jpg on this server | user: guest 
Error: Can't find /files/1788430760414_Black_Denim_Jacket.jpg on this server
    at D:\photo\store_uiux_polished\v1\backend\server.js:110:8
    at Layer.handleRequest (D:\photo\store_uiux_polished\v1\backend\node_modules\router\lib\layer.js:152:17)
    at trimPrefix (D:\photo\store_uiux_polished\v1\backend\node_modules\router\index.js:342:13)
    at D:\photo\store_uiux_polished\v1\backend\node_modules\router\index.js:297:9
    at processParams (D:\photo\store_uiux_polished\v1\backend\node_modules\router\index.js:582:12)
    at next (D:\photo\store_uiux_polished\v1\backend\node_modules\router\index.js:291:5)
    at SendStream.error (D:\photo\store_uiux_polished\v1\backend\node_modules\serve-static\index.js:120:7)
    at SendStream.emit (node:events:509:20)
    at SendStream.error (D:\photo\store_uiux_polished\v1\backend\node_modules\send\index.js:168:17)
    at SendStream.onStatError (D:\photo\store_uiux_polished\v1\backend\node_modules\send\index.js:315:12) 
08-09-2026 23:27:34 | ERROR | Error found | 404 | GET /files/1788542750602_men-category.jpg : Can't find /files/1788542750602_men-category.jpg on this server | user: guest 
Error: Can't find /files/1788542750602_men-category.jpg on this server
    at D:\photo\store_uiux_polished\v1\backend\server.js:110:8
    at Layer.handleRequest (D:\photo\store_uiux_polished\v1\backend\node_modules\router\lib\layer.js:152:17)
    at trimPrefix (D:\photo\store_uiux_polished\v1\backend\node_modules\router\index.js:342:13)
    at D:\photo\store_uiux_polished\v1\backend\node_modules\router\index.js:297:9
    at processParams (D:\photo\store_uiux_polished\v1\backend\node_modules\router\index.js:582:12)
    at next (D:\photo\store_uiux_polished\v1\backend\node_modules\router\index.js:291:5)
    at SendStream.error (D:\photo\store_uiux_polished\v1\backend\node_modules\serve-static\index.js:120:7)
    at SendStream.emit (node:events:509:20)
    at SendStream.error (D:\photo\store_uiux_polished\v1\backend\node_modules\send\index.js:168:17)
    at SendStream.onStatError (D:\photo\store_uiux_polished\v1\backend\node_modules\send\index.js:315:12) 
08-09-2026 23:29:03 | ERROR | Error found | 404 | GET /files/1788430760414_Black_Denim_Jacket.jpg : Can't find /files/1788430760414_Black_Denim_Jacket.jpg on this server | user: guest 
Error: Can't find /files/1788430760414_Black_Denim_Jacket.jpg on this server
    at D:\photo\store_uiux_polished\v1\backend\server.js:110:8
    at Layer.handleRequest (D:\photo\store_uiux_polished\v1\backend\node_modules\router\lib\layer.js:152:17)
    at trimPrefix (D:\photo\store_uiux_polished\v1\backend\node_modules\router\index.js:342:13)
    at D:\photo\store_uiux_polished\v1\backend\node_modules\router\index.js:297:9
    at processParams (D:\photo\store_uiux_polished\v1\backend\node_modules\router\index.js:582:12)
    at next (D:\photo\store_uiux_polished\v1\backend\node_modules\router\index.js:291:5)
    at SendStream.error (D:\photo\store_uiux_polished\v1\backend\node_modules\serve-static\index.js:120:7)
    at SendStream.emit (node:events:509:20)
    at SendStream.error (D:\photo\store_uiux_polished\v1\backend\node_modules\send\index.js:168:17)
    at SendStream.onStatError (D:\photo\store_uiux_polished\v1\backend\node_modules\send\index.js:315:12) 
08-09-2026 23:29:03 | ERROR | Error found | 404 | GET /files/1788542750602_men-category.jpg : Can't find /files/1788542750602_men-category.jpg on this server | user: guest 
Error: Can't find /files/1788542750602_men-category.jpg on this server
    at D:\photo\store_uiux_polished\v1\backend\server.js:110:8
    at Layer.handleRequest (D:\photo\store_uiux_polished\v1\backend\node_modules\router\lib\layer.js:152:17)
    at trimPrefix (D:\photo\store_uiux_polished\v1\backend\node_modules\router\index.js:342:13)
    at D:\photo\store_uiux_polished\v1\backend\node_modules\router\index.js:297:9
    at processParams (D:\photo\store_uiux_polished\v1\backend\node_modules\router\index.js:582:12)
    at next (D:\photo\store_uiux_polished\v1\backend\node_modules\router\index.js:291:5)
    at SendStream.error (D:\photo\store_uiux_polished\v1\backend\node_modules\serve-static\index.js:120:7)
    at SendStream.emit (node:events:509:20)
    at SendStream.error (D:\photo\store_uiux_polished\v1\backend\node_modules\send\index.js:168:17)
    at SendStream.onStatError (D:\photo\store_uiux_polished\v1\backend\node_modules\send\index.js:315:12) 
08-09-2026 23:30:13 | INFO | User addresses fetched  
08-09-2026 23:30:26 | INFO | User addresses fetched  
08-09-2026 23:34:31 | ERROR | Error found | 404 | GET /files/1788430760414_Black_Denim_Jacket.jpg : Can't find /files/1788430760414_Black_Denim_Jacket.jpg on this server | user: guest 
Error: Can't find /files/1788430760414_Black_Denim_Jacket.jpg on this server
    at D:\photo\store_uiux_polished\v1\backend\server.js:110:8
    at Layer.handleRequest (D:\photo\store_uiux_polished\v1\backend\node_modules\router\lib\layer.js:152:17)
    at trimPrefix (D:\photo\store_uiux_polished\v1\backend\node_modules\router\index.js:342:13)
    at D:\photo\store_uiux_polished\v1\backend\node_modules\router\index.js:297:9
    at processParams (D:\photo\store_uiux_polished\v1\backend\node_modules\router\index.js:582:12)
    at next (D:\photo\store_uiux_polished\v1\backend\node_modules\router\index.js:291:5)
    at SendStream.error (D:\photo\store_uiux_polished\v1\backend\node_modules\serve-static\index.js:120:7)
    at SendStream.emit (node:events:509:20)
    at SendStream.error (D:\photo\store_uiux_polished\v1\backend\node_modules\send\index.js:168:17)
    at SendStream.onStatError (D:\photo\store_uiux_polished\v1\backend\node_modules\send\index.js:315:12) 
08-09-2026 23:34:31 | ERROR | Error found | 404 | GET /files/1788542750602_men-category.jpg : Can't find /files/1788542750602_men-category.jpg on this server | user: guest 
Error: Can't find /files/1788542750602_men-category.jpg on this server
    at D:\photo\store_uiux_polished\v1\backend\server.js:110:8
    at Layer.handleRequest (D:\photo\store_uiux_polished\v1\backend\node_modules\router\lib\layer.js:152:17)
    at trimPrefix (D:\photo\store_uiux_polished\v1\backend\node_modules\router\index.js:342:13)
    at D:\photo\store_uiux_polished\v1\backend\node_modules\router\index.js:297:9
    at processParams (D:\photo\store_uiux_polished\v1\backend\node_modules\router\index.js:582:12)
    at next (D:\photo\store_uiux_polished\v1\backend\node_modules\router\index.js:291:5)
    at SendStream.error (D:\photo\store_uiux_polished\v1\backend\node_modules\serve-static\index.js:120:7)
    at SendStream.emit (node:events:509:20)
    at SendStream.error (D:\photo\store_uiux_polished\v1\backend\node_modules\send\index.js:168:17)
    at SendStream.onStatError (D:\photo\store_uiux_polished\v1\backend\node_modules\send\index.js:315:12) 
08-09-2026 23:34:47 | ERROR | Error found | 404 | GET /files/1788430760414_Black_Denim_Jacket.jpg : Can't find /files/1788430760414_Black_Denim_Jacket.jpg on this server | user: guest 
Error: Can't find /files/1788430760414_Black_Denim_Jacket.jpg on this server
    at D:\photo\store_uiux_polished\v1\backend\server.js:110:8
    at Layer.handleRequest (D:\photo\store_uiux_polished\v1\backend\node_modules\router\lib\layer.js:152:17)
    at trimPrefix (D:\photo\store_uiux_polished\v1\backend\node_modules\router\index.js:342:13)
    at D:\photo\store_uiux_polished\v1\backend\node_modules\router\index.js:297:9
    at processParams (D:\photo\store_uiux_polished\v1\backend\node_modules\router\index.js:582:12)
    at next (D:\photo\store_uiux_polished\v1\backend\node_modules\router\index.js:291:5)
    at SendStream.error (D:\photo\store_uiux_polished\v1\backend\node_modules\serve-static\index.js:120:7)
    at SendStream.emit (node:events:509:20)
    at SendStream.error (D:\photo\store_uiux_polished\v1\backend\node_modules\send\index.js:168:17)
    at SendStream.onStatError (D:\photo\store_uiux_polished\v1\backend\node_modules\send\index.js:315:12) 
08-09-2026 23:35:43 | ERROR | Error found | 404 | GET /files/1788430760414_Black_Denim_Jacket.jpg : Can't find /files/1788430760414_Black_Denim_Jacket.jpg on this server | user: guest 
Error: Can't find /files/1788430760414_Black_Denim_Jacket.jpg on this server
    at D:\photo\store_uiux_polished\v1\backend\server.js:110:8
    at Layer.handleRequest (D:\photo\store_uiux_polished\v1\backend\node_modules\router\lib\layer.js:152:17)
    at trimPrefix (D:\photo\store_uiux_polished\v1\backend\node_modules\router\index.js:342:13)
    at D:\photo\store_uiux_polished\v1\backend\node_modules\router\index.js:297:9
    at processParams (D:\photo\store_uiux_polished\v1\backend\node_modules\router\index.js:582:12)
    at next (D:\photo\store_uiux_polished\v1\backend\node_modules\router\index.js:291:5)
    at SendStream.error (D:\photo\store_uiux_polished\v1\backend\node_modules\serve-static\index.js:120:7)
    at SendStream.emit (node:events:509:20)
    at SendStream.error (D:\photo\store_uiux_polished\v1\backend\node_modules\send\index.js:168:17)
    at SendStream.onStatError (D:\photo\store_uiux_polished\v1\backend\node_modules\send\index.js:315:12) 
08-09-2026 23:35:43 | ERROR | Error found | 404 | GET /files/1788542750602_men-category.jpg : Can't find /files/1788542750602_men-category.jpg on this server | user: guest 
Error: Can't find /files/1788542750602_men-category.jpg on this server
    at D:\photo\store_uiux_polished\v1\backend\server.js:110:8
    at Layer.handleRequest (D:\photo\store_uiux_polished\v1\backend\node_modules\router\lib\layer.js:152:17)
    at trimPrefix (D:\photo\store_uiux_polished\v1\backend\node_modules\router\index.js:342:13)
    at D:\photo\store_uiux_polished\v1\backend\node_modules\router\index.js:297:9
    at processParams (D:\photo\store_uiux_polished\v1\backend\node_modules\router\index.js:582:12)
    at next (D:\photo\store_uiux_polished\v1\backend\node_modules\router\index.js:291:5)
    at SendStream.error (D:\photo\store_uiux_polished\v1\backend\node_modules\serve-static\index.js:120:7)
    at SendStream.emit (node:events:509:20)
    at SendStream.error (D:\photo\store_uiux_polished\v1\backend\node_modules\send\index.js:168:17)
    at SendStream.onStatError (D:\photo\store_uiux_polished\v1\backend\node_modules\send\index.js:315:12) 
08-09-2026 23:38:51 | ERROR | Error found | 404 | GET /files/1788430760414_Black_Denim_Jacket.jpg : Can't find /files/1788430760414_Black_Denim_Jacket.jpg on this server | user: guest 
Error: Can't find /files/1788430760414_Black_Denim_Jacket.jpg on this server
    at D:\photo\store_uiux_polished\v1\backend\server.js:110:8
    at Layer.handleRequest (D:\photo\store_uiux_polished\v1\backend\node_modules\router\lib\layer.js:152:17)
    at trimPrefix (D:\photo\store_uiux_polished\v1\backend\node_modules\router\index.js:342:13)
    at D:\photo\store_uiux_polished\v1\backend\node_modules\router\index.js:297:9
    at processParams (D:\photo\store_uiux_polished\v1\backend\node_modules\router\index.js:582:12)
    at next (D:\photo\store_uiux_polished\v1\backend\node_modules\router\index.js:291:5)
    at SendStream.error (D:\photo\store_uiux_polished\v1\backend\node_modules\serve-static\index.js:120:7)
    at SendStream.emit (node:events:509:20)
    at SendStream.error (D:\photo\store_uiux_polished\v1\backend\node_modules\send\index.js:168:17)
    at SendStream.onStatError (D:\photo\store_uiux_polished\v1\backend\node_modules\send\index.js:315:12) 
08-09-2026 23:38:51 | ERROR | Error found | 404 | GET /files/1788542750602_men-category.jpg : Can't find /files/1788542750602_men-category.jpg on this server | user: guest 
Error: Can't find /files/1788542750602_men-category.jpg on this server
    at D:\photo\store_uiux_polished\v1\backend\server.js:110:8
    at Layer.handleRequest (D:\photo\store_uiux_polished\v1\backend\node_modules\router\lib\layer.js:152:17)
    at trimPrefix (D:\photo\store_uiux_polished\v1\backend\node_modules\router\index.js:342:13)
    at D:\photo\store_uiux_polished\v1\backend\node_modules\router\index.js:297:9
    at processParams (D:\photo\store_uiux_polished\v1\backend\node_modules\router\index.js:582:12)
    at next (D:\photo\store_uiux_polished\v1\backend\node_modules\router\index.js:291:5)
    at SendStream.error (D:\photo\store_uiux_polished\v1\backend\node_modules\serve-static\index.js:120:7)
    at SendStream.emit (node:events:509:20)
    at SendStream.error (D:\photo\store_uiux_polished\v1\backend\node_modules\send\index.js:168:17)
    at SendStream.onStatError (D:\photo\store_uiux_polished\v1\backend\node_modules\send\index.js:315:12) 
08-09-2026 23:39:39 | ERROR | Error found | 404 | GET /files/1788542750602_men-category.jpg : Can't find /files/1788542750602_men-category.jpg on this server | user: guest 
Error: Can't find /files/1788542750602_men-category.jpg on this server
    at D:\photo\store_uiux_polished\v1\backend\server.js:110:8
    at Layer.handleRequest (D:\photo\store_uiux_polished\v1\backend\node_modules\router\lib\layer.js:152:17)
    at trimPrefix (D:\photo\store_uiux_polished\v1\backend\node_modules\router\index.js:342:13)
    at D:\photo\store_uiux_polished\v1\backend\node_modules\router\index.js:297:9
    at processParams (D:\photo\store_uiux_polished\v1\backend\node_modules\router\index.js:582:12)
    at next (D:\photo\store_uiux_polished\v1\backend\node_modules\router\index.js:291:5)
    at SendStream.error (D:\photo\store_uiux_polished\v1\backend\node_modules\serve-static\index.js:120:7)
    at SendStream.emit (node:events:509:20)
    at SendStream.error (D:\photo\store_uiux_polished\v1\backend\node_modules\send\index.js:168:17)
    at SendStream.onStatError (D:\photo\store_uiux_polished\v1\backend\node_modules\send\index.js:315:12) 
08-09-2026 23:39:39 | ERROR | Error found | 404 | GET /files/1788430760414_Black_Denim_Jacket.jpg : Can't find /files/1788430760414_Black_Denim_Jacket.jpg on this server | user: guest 
Error: Can't find /files/1788430760414_Black_Denim_Jacket.jpg on this server
    at D:\photo\store_uiux_polished\v1\backend\server.js:110:8
    at Layer.handleRequest (D:\photo\store_uiux_polished\v1\backend\node_modules\router\lib\layer.js:152:17)
    at trimPrefix (D:\photo\store_uiux_polished\v1\backend\node_modules\router\index.js:342:13)
    at D:\photo\store_uiux_polished\v1\backend\node_modules\router\index.js:297:9
    at processParams (D:\photo\store_uiux_polished\v1\backend\node_modules\router\index.js:582:12)
    at next (D:\photo\store_uiux_polished\v1\backend\node_modules\router\index.js:291:5)
    at SendStream.error (D:\photo\store_uiux_polished\v1\backend\node_modules\serve-static\index.js:120:7)
    at SendStream.emit (node:events:509:20)
    at SendStream.error (D:\photo\store_uiux_polished\v1\backend\node_modules\send\index.js:168:17)
    at SendStream.onStatError (D:\photo\store_uiux_polished\v1\backend\node_modules\send\index.js:315:12) 
08-09-2026 23:40:56 | ERROR | Error found | 404 | GET /files/1788430760414_Black_Denim_Jacket.jpg : Can't find /files/1788430760414_Black_Denim_Jacket.jpg on this server | user: guest 
Error: Can't find /files/1788430760414_Black_Denim_Jacket.jpg on this server
    at D:\photo\store_uiux_polished\v1\backend\server.js:110:8
    at Layer.handleRequest (D:\photo\store_uiux_polished\v1\backend\node_modules\router\lib\layer.js:152:17)
    at trimPrefix (D:\photo\store_uiux_polished\v1\backend\node_modules\router\index.js:342:13)
    at D:\photo\store_uiux_polished\v1\backend\node_modules\router\index.js:297:9
    at processParams (D:\photo\store_uiux_polished\v1\backend\node_modules\router\index.js:582:12)
    at next (D:\photo\store_uiux_polished\v1\backend\node_modules\router\index.js:291:5)
    at SendStream.error (D:\photo\store_uiux_polished\v1\backend\node_modules\serve-static\index.js:120:7)
    at SendStream.emit (node:events:509:20)
    at SendStream.error (D:\photo\store_uiux_polished\v1\backend\node_modules\send\index.js:168:17)
    at SendStream.onStatError (D:\photo\store_uiux_polished\v1\backend\node_modules\send\index.js:315:12) 
08-09-2026 23:40:56 | ERROR | Error found | 404 | GET /files/1788542750602_men-category.jpg : Can't find /files/1788542750602_men-category.jpg on this server | user: guest 
Error: Can't find /files/1788542750602_men-category.jpg on this server
    at D:\photo\store_uiux_polished\v1\backend\server.js:110:8
    at Layer.handleRequest (D:\photo\store_uiux_polished\v1\backend\node_modules\router\lib\layer.js:152:17)
    at trimPrefix (D:\photo\store_uiux_polished\v1\backend\node_modules\router\index.js:342:13)
    at D:\photo\store_uiux_polished\v1\backend\node_modules\router\index.js:297:9
    at processParams (D:\photo\store_uiux_polished\v1\backend\node_modules\router\index.js:582:12)
    at next (D:\photo\store_uiux_polished\v1\backend\node_modules\router\index.js:291:5)
    at SendStream.error (D:\photo\store_uiux_polished\v1\backend\node_modules\serve-static\index.js:120:7)
    at SendStream.emit (node:events:509:20)
    at SendStream.error (D:\photo\store_uiux_polished\v1\backend\node_modules\send\index.js:168:17)
    at SendStream.onStatError (D:\photo\store_uiux_polished\v1\backend\node_modules\send\index.js:315:12) 
08-09-2026 23:45:47 | ERROR | Error found | 404 | GET /files/1788430760414_Black_Denim_Jacket.jpg : Can't find /files/1788430760414_Black_Denim_Jacket.jpg on this server | user: guest 
Error: Can't find /files/1788430760414_Black_Denim_Jacket.jpg on this server
    at D:\photo\store_uiux_polished\v1\backend\server.js:110:8
    at Layer.handleRequest (D:\photo\store_uiux_polished\v1\backend\node_modules\router\lib\layer.js:152:17)
    at trimPrefix (D:\photo\store_uiux_polished\v1\backend\node_modules\router\index.js:342:13)
    at D:\photo\store_uiux_polished\v1\backend\node_modules\router\index.js:297:9
    at processParams (D:\photo\store_uiux_polished\v1\backend\node_modules\router\index.js:582:12)
    at next (D:\photo\store_uiux_polished\v1\backend\node_modules\router\index.js:291:5)
    at SendStream.error (D:\photo\store_uiux_polished\v1\backend\node_modules\serve-static\index.js:120:7)
    at SendStream.emit (node:events:509:20)
    at SendStream.error (D:\photo\store_uiux_polished\v1\backend\node_modules\send\index.js:168:17)
    at SendStream.onStatError (D:\photo\store_uiux_polished\v1\backend\node_modules\send\index.js:315:12) 
08-09-2026 23:46:04 | INFO | Product removed from cart by Abdelrhman  
08-09-2026 23:46:05 | ERROR | Error found | 404 | GET /files/1788430760414_Black_Denim_Jacket.jpg : Can't find /files/1788430760414_Black_Denim_Jacket.jpg on this server | user: guest 
Error: Can't find /files/1788430760414_Black_Denim_Jacket.jpg on this server
    at D:\photo\store_uiux_polished\v1\backend\server.js:110:8
    at Layer.handleRequest (D:\photo\store_uiux_polished\v1\backend\node_modules\router\lib\layer.js:152:17)
    at trimPrefix (D:\photo\store_uiux_polished\v1\backend\node_modules\router\index.js:342:13)
    at D:\photo\store_uiux_polished\v1\backend\node_modules\router\index.js:297:9
    at processParams (D:\photo\store_uiux_polished\v1\backend\node_modules\router\index.js:582:12)
    at next (D:\photo\store_uiux_polished\v1\backend\node_modules\router\index.js:291:5)
    at SendStream.error (D:\photo\store_uiux_polished\v1\backend\node_modules\serve-static\index.js:120:7)
    at SendStream.emit (node:events:509:20)
    at SendStream.error (D:\photo\store_uiux_polished\v1\backend\node_modules\send\index.js:168:17)
    at SendStream.onStatError (D:\photo\store_uiux_polished\v1\backend\node_modules\send\index.js:315:12) 
08-09-2026 23:46:05 | ERROR | Error found | 404 | GET /files/1788542750602_men-category.jpg : Can't find /files/1788542750602_men-category.jpg on this server | user: guest 
Error: Can't find /files/1788542750602_men-category.jpg on this server
    at D:\photo\store_uiux_polished\v1\backend\server.js:110:8
    at Layer.handleRequest (D:\photo\store_uiux_polished\v1\backend\node_modules\router\lib\layer.js:152:17)
    at trimPrefix (D:\photo\store_uiux_polished\v1\backend\node_modules\router\index.js:342:13)
    at D:\photo\store_uiux_polished\v1\backend\node_modules\router\index.js:297:9
    at processParams (D:\photo\store_uiux_polished\v1\backend\node_modules\router\index.js:582:12)
    at next (D:\photo\store_uiux_polished\v1\backend\node_modules\router\index.js:291:5)
    at SendStream.error (D:\photo\store_uiux_polished\v1\backend\node_modules\serve-static\index.js:120:7)
    at SendStream.emit (node:events:509:20)
    at SendStream.error (D:\photo\store_uiux_polished\v1\backend\node_modules\send\index.js:168:17)
    at SendStream.onStatError (D:\photo\store_uiux_polished\v1\backend\node_modules\send\index.js:315:12) 
08-09-2026 23:49:06 | ERROR | Error found | 404 | GET /files/1788542750602_men-category.jpg : Can't find /files/1788542750602_men-category.jpg on this server | user: guest 
Error: Can't find /files/1788542750602_men-category.jpg on this server
    at D:\photo\store_uiux_polished\v1\backend\server.js:110:8
    at Layer.handleRequest (D:\photo\store_uiux_polished\v1\backend\node_modules\router\lib\layer.js:152:17)
    at trimPrefix (D:\photo\store_uiux_polished\v1\backend\node_modules\router\index.js:342:13)
    at D:\photo\store_uiux_polished\v1\backend\node_modules\router\index.js:297:9
    at processParams (D:\photo\store_uiux_polished\v1\backend\node_modules\router\index.js:582:12)
    at next (D:\photo\store_uiux_polished\v1\backend\node_modules\router\index.js:291:5)
    at SendStream.error (D:\photo\store_uiux_polished\v1\backend\node_modules\serve-static\index.js:120:7)
    at SendStream.emit (node:events:509:20)
    at SendStream.error (D:\photo\store_uiux_polished\v1\backend\node_modules\send\index.js:168:17)
    at SendStream.onStatError (D:\photo\store_uiux_polished\v1\backend\node_modules\send\index.js:315:12) 
08-09-2026 23:49:06 | ERROR | Error found | 404 | GET /files/1788430760414_Black_Denim_Jacket.jpg : Can't find /files/1788430760414_Black_Denim_Jacket.jpg on this server | user: guest 
Error: Can't find /files/1788430760414_Black_Denim_Jacket.jpg on this server
    at D:\photo\store_uiux_polished\v1\backend\server.js:110:8
    at Layer.handleRequest (D:\photo\store_uiux_polished\v1\backend\node_modules\router\lib\layer.js:152:17)
    at trimPrefix (D:\photo\store_uiux_polished\v1\backend\node_modules\router\index.js:342:13)
    at D:\photo\store_uiux_polished\v1\backend\node_modules\router\index.js:297:9
    at processParams (D:\photo\store_uiux_polished\v1\backend\node_modules\router\index.js:582:12)
    at next (D:\photo\store_uiux_polished\v1\backend\node_modules\router\index.js:291:5)
    at SendStream.error (D:\photo\store_uiux_polished\v1\backend\node_modules\serve-static\index.js:120:7)
    at SendStream.emit (node:events:509:20)
    at SendStream.error (D:\photo\store_uiux_polished\v1\backend\node_modules\send\index.js:168:17)
    at SendStream.onStatError (D:\photo\store_uiux_polished\v1\backend\node_modules\send\index.js:315:12) 
08-09-2026 23:49:08 | ERROR | Error found | 400 | POST /api/v1/cart : Not enough stock | user: Abdelrhman - 6a8d78cdf901c9b8d8280d61 
Error: Not enough stock
    at D:\photo\store_uiux_polished\v1\backend\controllers\cart.controller.js:42:17
    at process.processTicksAndRejections (node:internal/process/task_queues:104:5) 
08-09-2026 23:49:15 | ERROR | Error found | 404 | GET /files/1788542750602_men-category.jpg : Can't find /files/1788542750602_men-category.jpg on this server | user: guest 
Error: Can't find /files/1788542750602_men-category.jpg on this server
    at D:\photo\store_uiux_polished\v1\backend\server.js:110:8
    at Layer.handleRequest (D:\photo\store_uiux_polished\v1\backend\node_modules\router\lib\layer.js:152:17)
    at trimPrefix (D:\photo\store_uiux_polished\v1\backend\node_modules\router\index.js:342:13)
    at D:\photo\store_uiux_polished\v1\backend\node_modules\router\index.js:297:9
    at processParams (D:\photo\store_uiux_polished\v1\backend\node_modules\router\index.js:582:12)
    at next (D:\photo\store_uiux_polished\v1\backend\node_modules\router\index.js:291:5)
    at SendStream.error (D:\photo\store_uiux_polished\v1\backend\node_modules\serve-static\index.js:120:7)
    at SendStream.emit (node:events:509:20)
    at SendStream.error (D:\photo\store_uiux_polished\v1\backend\node_modules\send\index.js:168:17)
    at SendStream.onStatError (D:\photo\store_uiux_polished\v1\backend\node_modules\send\index.js:315:12) 
08-09-2026 23:49:15 | ERROR | Error found | 404 | GET /files/1788430760414_Black_Denim_Jacket.jpg : Can't find /files/1788430760414_Black_Denim_Jacket.jpg on this server | user: guest 
Error: Can't find /files/1788430760414_Black_Denim_Jacket.jpg on this server
    at D:\photo\store_uiux_polished\v1\backend\server.js:110:8
    at Layer.handleRequest (D:\photo\store_uiux_polished\v1\backend\node_modules\router\lib\layer.js:152:17)
    at trimPrefix (D:\photo\store_uiux_polished\v1\backend\node_modules\router\index.js:342:13)
    at D:\photo\store_uiux_polished\v1\backend\node_modules\router\index.js:297:9
    at processParams (D:\photo\store_uiux_polished\v1\backend\node_modules\router\index.js:582:12)
    at next (D:\photo\store_uiux_polished\v1\backend\node_modules\router\index.js:291:5)
    at SendStream.error (D:\photo\store_uiux_polished\v1\backend\node_modules\serve-static\index.js:120:7)
    at SendStream.emit (node:events:509:20)
    at SendStream.error (D:\photo\store_uiux_polished\v1\backend\node_modules\send\index.js:168:17)
    at SendStream.onStatError (D:\photo\store_uiux_polished\v1\backend\node_modules\send\index.js:315:12) 
08-09-2026 23:49:16 | INFO | Product abdelrhman essam added to cart by Abdelrhman  
08-09-2026 23:49:27 | INFO | Product removed from cart by Abdelrhman  
08-09-2026 23:49:29 | INFO | Product abdelrhman essam added to cart by Abdelrhman  
08-09-2026 23:49:31 | INFO | Product abdelrhman essam added to cart by Abdelrhman  
08-09-2026 23:49:31 | INFO | Product abdelrhman essam added to cart by Abdelrhman  
08-09-2026 23:49:32 | INFO | Product abdelrhman essam added to cart by Abdelrhman  
08-09-2026 23:49:32 | INFO | Product abdelrhman essam added to cart by Abdelrhman  
08-09-2026 23:49:32 | INFO | Product abdelrhman essam added to cart by Abdelrhman  
08-09-2026 23:49:33 | INFO | Product abdelrhman essam added to cart by Abdelrhman  
08-09-2026 23:49:33 | INFO | Product abdelrhman essam added to cart by Abdelrhman  
08-09-2026 23:49:33 | ERROR | Error found | 400 | POST /api/v1/cart : Not enough stock | user: Abdelrhman - 6a8d78cdf901c9b8d8280d61 
Error: Not enough stock
    at D:\photo\store_uiux_polished\v1\backend\controllers\cart.controller.js:70:21
    at process.processTicksAndRejections (node:internal/process/task_queues:104:5) 
08-09-2026 23:49:33 | ERROR | Error found | 400 | POST /api/v1/cart : Not enough stock | user: Abdelrhman - 6a8d78cdf901c9b8d8280d61 
Error: Not enough stock
    at D:\photo\store_uiux_polished\v1\backend\controllers\cart.controller.js:70:21
    at process.processTicksAndRejections (node:internal/process/task_queues:104:5) 
08-09-2026 23:49:33 | ERROR | Error found | 400 | POST /api/v1/cart : Not enough stock | user: Abdelrhman - 6a8d78cdf901c9b8d8280d61 
Error: Not enough stock
    at D:\photo\store_uiux_polished\v1\backend\controllers\cart.controller.js:70:21
    at process.processTicksAndRejections (node:internal/process/task_queues:104:5) 
08-09-2026 23:49:34 | ERROR | Error found | 400 | POST /api/v1/cart : Not enough stock | user: Abdelrhman - 6a8d78cdf901c9b8d8280d61 
Error: Not enough stock
    at D:\photo\store_uiux_polished\v1\backend\controllers\cart.controller.js:70:21
    at process.processTicksAndRejections (node:internal/process/task_queues:104:5) 
08-09-2026 23:49:34 | ERROR | Error found | 400 | POST /api/v1/cart : Not enough stock | user: Abdelrhman - 6a8d78cdf901c9b8d8280d61 
Error: Not enough stock
    at D:\photo\store_uiux_polished\v1\backend\controllers\cart.controller.js:70:21
    at process.processTicksAndRejections (node:internal/process/task_queues:104:5) 
08-09-2026 23:49:34 | ERROR | Error found | 400 | POST /api/v1/cart : Not enough stock | user: Abdelrhman - 6a8d78cdf901c9b8d8280d61 
Error: Not enough stock
    at D:\photo\store_uiux_polished\v1\backend\controllers\cart.controller.js:70:21
    at process.processTicksAndRejections (node:internal/process/task_queues:104:5) 
08-09-2026 23:49:34 | ERROR | Error found | 400 | POST /api/v1/cart : Not enough stock | user: Abdelrhman - 6a8d78cdf901c9b8d8280d61 
Error: Not enough stock
    at D:\photo\store_uiux_polished\v1\backend\controllers\cart.controller.js:70:21
    at process.processTicksAndRejections (node:internal/process/task_queues:104:5) 
08-09-2026 23:49:34 | ERROR | Error found | 400 | POST /api/v1/cart : Not enough stock | user: Abdelrhman - 6a8d78cdf901c9b8d8280d61 
Error: Not enough stock
    at D:\photo\store_uiux_polished\v1\backend\controllers\cart.controller.js:70:21
    at process.processTicksAndRejections (node:internal/process/task_queues:104:5) 
08-09-2026 23:49:35 | ERROR | Error found | 400 | POST /api/v1/cart : Not enough stock | user: Abdelrhman - 6a8d78cdf901c9b8d8280d61 
Error: Not enough stock
    at D:\photo\store_uiux_polished\v1\backend\controllers\cart.controller.js:70:21
    at process.processTicksAndRejections (node:internal/process/task_queues:104:5) 
08-09-2026 23:49:35 | ERROR | Error found | 400 | POST /api/v1/cart : Not enough stock | user: Abdelrhman - 6a8d78cdf901c9b8d8280d61 
Error: Not enough stock
    at D:\photo\store_uiux_polished\v1\backend\controllers\cart.controller.js:70:21
    at process.processTicksAndRejections (node:internal/process/task_queues:104:5) 
08-09-2026 23:49:36 | ERROR | Error found | 400 | POST /api/v1/cart : Not enough stock | user: Abdelrhman - 6a8d78cdf901c9b8d8280d61 
Error: Not enough stock
    at D:\photo\store_uiux_polished\v1\backend\controllers\cart.controller.js:70:21
    at process.processTicksAndRejections (node:internal/process/task_queues:104:5) 
08-09-2026 23:49:36 | ERROR | Error found | 400 | POST /api/v1/cart : Not enough stock | user: Abdelrhman - 6a8d78cdf901c9b8d8280d61 
Error: Not enough stock
    at D:\photo\store_uiux_polished\v1\backend\controllers\cart.controller.js:70:21
    at process.processTicksAndRejections (node:internal/process/task_queues:104:5) 
08-09-2026 23:49:37 | ERROR | Error found | 400 | POST /api/v1/cart : Not enough stock | user: Abdelrhman - 6a8d78cdf901c9b8d8280d61 
Error: Not enough stock
    at D:\photo\store_uiux_polished\v1\backend\controllers\cart.controller.js:70:21
    at process.processTicksAndRejections (node:internal/process/task_queues:104:5) 
08-09-2026 23:49:37 | ERROR | Error found | 400 | POST /api/v1/cart : Not enough stock | user: Abdelrhman - 6a8d78cdf901c9b8d8280d61 
Error: Not enough stock
    at D:\photo\store_uiux_polished\v1\backend\controllers\cart.controller.js:70:21
    at process.processTicksAndRejections (node:internal/process/task_queues:104:5) 
08-09-2026 23:49:37 | ERROR | Error found | 400 | POST /api/v1/cart : Not enough stock | user: Abdelrhman - 6a8d78cdf901c9b8d8280d61 
Error: Not enough stock
    at D:\photo\store_uiux_polished\v1\backend\controllers\cart.controller.js:70:21
    at process.processTicksAndRejections (node:internal/process/task_queues:104:5) 
08-09-2026 23:49:37 | ERROR | Error found | 400 | POST /api/v1/cart : Not enough stock | user: Abdelrhman - 6a8d78cdf901c9b8d8280d61 
Error: Not enough stock
    at D:\photo\store_uiux_polished\v1\backend\controllers\cart.controller.js:70:21
    at process.processTicksAndRejections (node:internal/process/task_queues:104:5) 
08-09-2026 23:49:38 | ERROR | Error found | 400 | POST /api/v1/cart : Not enough stock | user: Abdelrhman - 6a8d78cdf901c9b8d8280d61 
Error: Not enough stock
    at D:\photo\store_uiux_polished\v1\backend\controllers\cart.controller.js:70:21
    at process.processTicksAndRejections (node:internal/process/task_queues:104:5) 
08-09-2026 23:49:42 | INFO | Cart cleared by Abdelrhman  
08-09-2026 23:50:14 | ERROR | Error found | 404 | GET /files/1788430760414_Black_Denim_Jacket.jpg : Can't find /files/1788430760414_Black_Denim_Jacket.jpg on this server | user: guest 
Error: Can't find /files/1788430760414_Black_Denim_Jacket.jpg on this server
    at D:\photo\store_uiux_polished\v1\backend\server.js:110:8
    at Layer.handleRequest (D:\photo\store_uiux_polished\v1\backend\node_modules\router\lib\layer.js:152:17)
    at trimPrefix (D:\photo\store_uiux_polished\v1\backend\node_modules\router\index.js:342:13)
    at D:\photo\store_uiux_polished\v1\backend\node_modules\router\index.js:297:9
    at processParams (D:\photo\store_uiux_polished\v1\backend\node_modules\router\index.js:582:12)
    at next (D:\photo\store_uiux_polished\v1\backend\node_modules\router\index.js:291:5)
    at SendStream.error (D:\photo\store_uiux_polished\v1\backend\node_modules\serve-static\index.js:120:7)
    at SendStream.emit (node:events:509:20)
    at SendStream.error (D:\photo\store_uiux_polished\v1\backend\node_modules\send\index.js:168:17)
    at SendStream.onStatError (D:\photo\store_uiux_polished\v1\backend\node_modules\send\index.js:315:12) 
08-09-2026 23:50:14 | ERROR | Error found | 404 | GET /files/1788542750602_men-category.jpg : Can't find /files/1788542750602_men-category.jpg on this server | user: guest 
Error: Can't find /files/1788542750602_men-category.jpg on this server
    at D:\photo\store_uiux_polished\v1\backend\server.js:110:8
    at Layer.handleRequest (D:\photo\store_uiux_polished\v1\backend\node_modules\router\lib\layer.js:152:17)
    at trimPrefix (D:\photo\store_uiux_polished\v1\backend\node_modules\router\index.js:342:13)
    at D:\photo\store_uiux_polished\v1\backend\node_modules\router\index.js:297:9
    at processParams (D:\photo\store_uiux_polished\v1\backend\node_modules\router\index.js:582:12)
    at next (D:\photo\store_uiux_polished\v1\backend\node_modules\router\index.js:291:5)
    at SendStream.error (D:\photo\store_uiux_polished\v1\backend\node_modules\serve-static\index.js:120:7)
    at SendStream.emit (node:events:509:20)
    at SendStream.error (D:\photo\store_uiux_polished\v1\backend\node_modules\send\index.js:168:17)
    at SendStream.onStatError (D:\photo\store_uiux_polished\v1\backend\node_modules\send\index.js:315:12) 
08-09-2026 23:50:28 | ERROR | Error found | 404 | GET /files/1788542750602_men-category.jpg : Can't find /files/1788542750602_men-category.jpg on this server | user: guest 
Error: Can't find /files/1788542750602_men-category.jpg on this server
    at D:\photo\store_uiux_polished\v1\backend\server.js:110:8
    at Layer.handleRequest (D:\photo\store_uiux_polished\v1\backend\node_modules\router\lib\layer.js:152:17)
    at trimPrefix (D:\photo\store_uiux_polished\v1\backend\node_modules\router\index.js:342:13)
    at D:\photo\store_uiux_polished\v1\backend\node_modules\router\index.js:297:9
    at processParams (D:\photo\store_uiux_polished\v1\backend\node_modules\router\index.js:582:12)
    at next (D:\photo\store_uiux_polished\v1\backend\node_modules\router\index.js:291:5)
    at SendStream.error (D:\photo\store_uiux_polished\v1\backend\node_modules\serve-static\index.js:120:7)
    at SendStream.emit (node:events:509:20)
    at SendStream.error (D:\photo\store_uiux_polished\v1\backend\node_modules\send\index.js:168:17)
    at SendStream.onStatError (D:\photo\store_uiux_polished\v1\backend\node_modules\send\index.js:315:12) 
08-09-2026 23:50:28 | ERROR | Error found | 404 | GET /files/1788430760414_Black_Denim_Jacket.jpg : Can't find /files/1788430760414_Black_Denim_Jacket.jpg on this server | user: guest 
Error: Can't find /files/1788430760414_Black_Denim_Jacket.jpg on this server
    at D:\photo\store_uiux_polished\v1\backend\server.js:110:8
    at Layer.handleRequest (D:\photo\store_uiux_polished\v1\backend\node_modules\router\lib\layer.js:152:17)
    at trimPrefix (D:\photo\store_uiux_polished\v1\backend\node_modules\router\index.js:342:13)
    at D:\photo\store_uiux_polished\v1\backend\node_modules\router\index.js:297:9
    at processParams (D:\photo\store_uiux_polished\v1\backend\node_modules\router\index.js:582:12)
    at next (D:\photo\store_uiux_polished\v1\backend\node_modules\router\index.js:291:5)
    at SendStream.error (D:\photo\store_uiux_polished\v1\backend\node_modules\serve-static\index.js:120:7)
    at SendStream.emit (node:events:509:20)
    at SendStream.error (D:\photo\store_uiux_polished\v1\backend\node_modules\send\index.js:168:17)
    at SendStream.onStatError (D:\photo\store_uiux_polished\v1\backend\node_modules\send\index.js:315:12) 
08-09-2026 23:54:42 | ERROR | Error found | 404 | GET /files/1788542750602_men-category.jpg : Can't find /files/1788542750602_men-category.jpg on this server | user: guest 
Error: Can't find /files/1788542750602_men-category.jpg on this server
    at D:\photo\store_uiux_polished\v1\backend\server.js:110:8
    at Layer.handleRequest (D:\photo\store_uiux_polished\v1\backend\node_modules\router\lib\layer.js:152:17)
    at trimPrefix (D:\photo\store_uiux_polished\v1\backend\node_modules\router\index.js:342:13)
    at D:\photo\store_uiux_polished\v1\backend\node_modules\router\index.js:297:9
    at processParams (D:\photo\store_uiux_polished\v1\backend\node_modules\router\index.js:582:12)
    at next (D:\photo\store_uiux_polished\v1\backend\node_modules\router\index.js:291:5)
    at SendStream.error (D:\photo\store_uiux_polished\v1\backend\node_modules\serve-static\index.js:120:7)
    at SendStream.emit (node:events:509:20)
    at SendStream.error (D:\photo\store_uiux_polished\v1\backend\node_modules\send\index.js:168:17)
    at SendStream.onStatError (D:\photo\store_uiux_polished\v1\backend\node_modules\send\index.js:315:12) 
08-09-2026 23:54:42 | ERROR | Error found | 404 | GET /files/1788430760414_Black_Denim_Jacket.jpg : Can't find /files/1788430760414_Black_Denim_Jacket.jpg on this server | user: guest 
Error: Can't find /files/1788430760414_Black_Denim_Jacket.jpg on this server
    at D:\photo\store_uiux_polished\v1\backend\server.js:110:8
    at Layer.handleRequest (D:\photo\store_uiux_polished\v1\backend\node_modules\router\lib\layer.js:152:17)
    at trimPrefix (D:\photo\store_uiux_polished\v1\backend\node_modules\router\index.js:342:13)
    at D:\photo\store_uiux_polished\v1\backend\node_modules\router\index.js:297:9
    at processParams (D:\photo\store_uiux_polished\v1\backend\node_modules\router\index.js:582:12)
    at next (D:\photo\store_uiux_polished\v1\backend\node_modules\router\index.js:291:5)
    at SendStream.error (D:\photo\store_uiux_polished\v1\backend\node_modules\serve-static\index.js:120:7)
    at SendStream.emit (node:events:509:20)
    at SendStream.error (D:\photo\store_uiux_polished\v1\backend\node_modules\send\index.js:168:17)
    at SendStream.onStatError (D:\photo\store_uiux_polished\v1\backend\node_modules\send\index.js:315:12) 
08-09-2026 23:55:01 | ERROR | Error found | 404 | GET /files/1788542750602_men-category.jpg : Can't find /files/1788542750602_men-category.jpg on this server | user: guest 
Error: Can't find /files/1788542750602_men-category.jpg on this server
    at D:\photo\store_uiux_polished\v1\backend\server.js:110:8
    at Layer.handleRequest (D:\photo\store_uiux_polished\v1\backend\node_modules\router\lib\layer.js:152:17)
    at trimPrefix (D:\photo\store_uiux_polished\v1\backend\node_modules\router\index.js:342:13)
    at D:\photo\store_uiux_polished\v1\backend\node_modules\router\index.js:297:9
    at processParams (D:\photo\store_uiux_polished\v1\backend\node_modules\router\index.js:582:12)
    at next (D:\photo\store_uiux_polished\v1\backend\node_modules\router\index.js:291:5)
    at SendStream.error (D:\photo\store_uiux_polished\v1\backend\node_modules\serve-static\index.js:120:7)
    at SendStream.emit (node:events:509:20)
    at SendStream.error (D:\photo\store_uiux_polished\v1\backend\node_modules\send\index.js:168:17)
    at SendStream.onStatError (D:\photo\store_uiux_polished\v1\backend\node_modules\send\index.js:315:12) 
08-09-2026 23:55:01 | ERROR | Error found | 404 | GET /files/1788430760414_Black_Denim_Jacket.jpg : Can't find /files/1788430760414_Black_Denim_Jacket.jpg on this server | user: guest 
Error: Can't find /files/1788430760414_Black_Denim_Jacket.jpg on this server
    at D:\photo\store_uiux_polished\v1\backend\server.js:110:8
    at Layer.handleRequest (D:\photo\store_uiux_polished\v1\backend\node_modules\router\lib\layer.js:152:17)
    at trimPrefix (D:\photo\store_uiux_polished\v1\backend\node_modules\router\index.js:342:13)
    at D:\photo\store_uiux_polished\v1\backend\node_modules\router\index.js:297:9
    at processParams (D:\photo\store_uiux_polished\v1\backend\node_modules\router\index.js:582:12)
    at next (D:\photo\store_uiux_polished\v1\backend\node_modules\router\index.js:291:5)
    at SendStream.error (D:\photo\store_uiux_polished\v1\backend\node_modules\serve-static\index.js:120:7)
    at SendStream.emit (node:events:509:20)
    at SendStream.error (D:\photo\store_uiux_polished\v1\backend\node_modules\send\index.js:168:17)
    at SendStream.onStatError (D:\photo\store_uiux_polished\v1\backend\node_modules\send\index.js:315:12) 
08-09-2026 23:56:21 | ERROR | Error found | 404 | GET /files/1788542750602_men-category.jpg : Can't find /files/1788542750602_men-category.jpg on this server | user: guest 
Error: Can't find /files/1788542750602_men-category.jpg on this server
    at D:\photo\store_uiux_polished\v1\backend\server.js:110:8
    at Layer.handleRequest (D:\photo\store_uiux_polished\v1\backend\node_modules\router\lib\layer.js:152:17)
    at trimPrefix (D:\photo\store_uiux_polished\v1\backend\node_modules\router\index.js:342:13)
    at D:\photo\store_uiux_polished\v1\backend\node_modules\router\index.js:297:9
    at processParams (D:\photo\store_uiux_polished\v1\backend\node_modules\router\index.js:582:12)
    at next (D:\photo\store_uiux_polished\v1\backend\node_modules\router\index.js:291:5)
    at SendStream.error (D:\photo\store_uiux_polished\v1\backend\node_modules\serve-static\index.js:120:7)
    at SendStream.emit (node:events:509:20)
    at SendStream.error (D:\photo\store_uiux_polished\v1\backend\node_modules\send\index.js:168:17)
    at SendStream.onStatError (D:\photo\store_uiux_polished\v1\backend\node_modules\send\index.js:315:12) 
08-09-2026 23:56:21 | ERROR | Error found | 404 | GET /files/1788430760414_Black_Denim_Jacket.jpg : Can't find /files/1788430760414_Black_Denim_Jacket.jpg on this server | user: guest 
Error: Can't find /files/1788430760414_Black_Denim_Jacket.jpg on this server
    at D:\photo\store_uiux_polished\v1\backend\server.js:110:8
    at Layer.handleRequest (D:\photo\store_uiux_polished\v1\backend\node_modules\router\lib\layer.js:152:17)
    at trimPrefix (D:\photo\store_uiux_polished\v1\backend\node_modules\router\index.js:342:13)
    at D:\photo\store_uiux_polished\v1\backend\node_modules\router\index.js:297:9
    at processParams (D:\photo\store_uiux_polished\v1\backend\node_modules\router\index.js:582:12)
    at next (D:\photo\store_uiux_polished\v1\backend\node_modules\router\index.js:291:5)
    at SendStream.error (D:\photo\store_uiux_polished\v1\backend\node_modules\serve-static\index.js:120:7)
    at SendStream.emit (node:events:509:20)
    at SendStream.error (D:\photo\store_uiux_polished\v1\backend\node_modules\send\index.js:168:17)
    at SendStream.onStatError (D:\photo\store_uiux_polished\v1\backend\node_modules\send\index.js:315:12) 
08-09-2026 23:56:31 | ERROR | Error found | 404 | GET /files/1788542750602_men-category.jpg : Can't find /files/1788542750602_men-category.jpg on this server | user: guest 
Error: Can't find /files/1788542750602_men-category.jpg on this server
    at D:\photo\store_uiux_polished\v1\backend\server.js:110:8
    at Layer.handleRequest (D:\photo\store_uiux_polished\v1\backend\node_modules\router\lib\layer.js:152:17)
    at trimPrefix (D:\photo\store_uiux_polished\v1\backend\node_modules\router\index.js:342:13)
    at D:\photo\store_uiux_polished\v1\backend\node_modules\router\index.js:297:9
    at processParams (D:\photo\store_uiux_polished\v1\backend\node_modules\router\index.js:582:12)
    at next (D:\photo\store_uiux_polished\v1\backend\node_modules\router\index.js:291:5)
    at SendStream.error (D:\photo\store_uiux_polished\v1\backend\node_modules\serve-static\index.js:120:7)
    at SendStream.emit (node:events:509:20)
    at SendStream.error (D:\photo\store_uiux_polished\v1\backend\node_modules\send\index.js:168:17)
    at SendStream.onStatError (D:\photo\store_uiux_polished\v1\backend\node_modules\send\index.js:315:12) 
08-09-2026 23:56:31 | ERROR | Error found | 404 | GET /files/1788430760414_Black_Denim_Jacket.jpg : Can't find /files/1788430760414_Black_Denim_Jacket.jpg on this server | user: guest 
Error: Can't find /files/1788430760414_Black_Denim_Jacket.jpg on this server
    at D:\photo\store_uiux_polished\v1\backend\server.js:110:8
    at Layer.handleRequest (D:\photo\store_uiux_polished\v1\backend\node_modules\router\lib\layer.js:152:17)
    at trimPrefix (D:\photo\store_uiux_polished\v1\backend\node_modules\router\index.js:342:13)
    at D:\photo\store_uiux_polished\v1\backend\node_modules\router\index.js:297:9
    at processParams (D:\photo\store_uiux_polished\v1\backend\node_modules\router\index.js:582:12)
    at next (D:\photo\store_uiux_polished\v1\backend\node_modules\router\index.js:291:5)
    at SendStream.error (D:\photo\store_uiux_polished\v1\backend\node_modules\serve-static\index.js:120:7)
    at SendStream.emit (node:events:509:20)
    at SendStream.error (D:\photo\store_uiux_polished\v1\backend\node_modules\send\index.js:168:17)
    at SendStream.onStatError (D:\photo\store_uiux_polished\v1\backend\node_modules\send\index.js:315:12) 
08-09-2026 23:56:42 | ERROR | Error found | 404 | GET /files/1788542750602_men-category.jpg : Can't find /files/1788542750602_men-category.jpg on this server | user: guest 
Error: Can't find /files/1788542750602_men-category.jpg on this server
    at D:\photo\store_uiux_polished\v1\backend\server.js:110:8
    at Layer.handleRequest (D:\photo\store_uiux_polished\v1\backend\node_modules\router\lib\layer.js:152:17)
    at trimPrefix (D:\photo\store_uiux_polished\v1\backend\node_modules\router\index.js:342:13)
    at D:\photo\store_uiux_polished\v1\backend\node_modules\router\index.js:297:9
    at processParams (D:\photo\store_uiux_polished\v1\backend\node_modules\router\index.js:582:12)
    at next (D:\photo\store_uiux_polished\v1\backend\node_modules\router\index.js:291:5)
    at SendStream.error (D:\photo\store_uiux_polished\v1\backend\node_modules\serve-static\index.js:120:7)
    at SendStream.emit (node:events:509:20)
    at SendStream.error (D:\photo\store_uiux_polished\v1\backend\node_modules\send\index.js:168:17)
    at SendStream.onStatError (D:\photo\store_uiux_polished\v1\backend\node_modules\send\index.js:315:12) 
08-09-2026 23:56:42 | ERROR | Error found | 404 | GET /files/1788430760414_Black_Denim_Jacket.jpg : Can't find /files/1788430760414_Black_Denim_Jacket.jpg on this server | user: guest 
Error: Can't find /files/1788430760414_Black_Denim_Jacket.jpg on this server
    at D:\photo\store_uiux_polished\v1\backend\server.js:110:8
    at Layer.handleRequest (D:\photo\store_uiux_polished\v1\backend\node_modules\router\lib\layer.js:152:17)
    at trimPrefix (D:\photo\store_uiux_polished\v1\backend\node_modules\router\index.js:342:13)
    at D:\photo\store_uiux_polished\v1\backend\node_modules\router\index.js:297:9
    at processParams (D:\photo\store_uiux_polished\v1\backend\node_modules\router\index.js:582:12)
    at next (D:\photo\store_uiux_polished\v1\backend\node_modules\router\index.js:291:5)
    at SendStream.error (D:\photo\store_uiux_polished\v1\backend\node_modules\serve-static\index.js:120:7)
    at SendStream.emit (node:events:509:20)
    at SendStream.error (D:\photo\store_uiux_polished\v1\backend\node_modules\send\index.js:168:17)
    at SendStream.onStatError (D:\photo\store_uiux_polished\v1\backend\node_modules\send\index.js:315:12) 
08-09-2026 23:57:12 | ERROR | Error found | 404 | GET /files/1788542750602_men-category.jpg : Can't find /files/1788542750602_men-category.jpg on this server | user: guest 
Error: Can't find /files/1788542750602_men-category.jpg on this server
    at D:\photo\store_uiux_polished\v1\backend\server.js:110:8
    at Layer.handleRequest (D:\photo\store_uiux_polished\v1\backend\node_modules\router\lib\layer.js:152:17)
    at trimPrefix (D:\photo\store_uiux_polished\v1\backend\node_modules\router\index.js:342:13)
    at D:\photo\store_uiux_polished\v1\backend\node_modules\router\index.js:297:9
    at processParams (D:\photo\store_uiux_polished\v1\backend\node_modules\router\index.js:582:12)
    at next (D:\photo\store_uiux_polished\v1\backend\node_modules\router\index.js:291:5)
    at SendStream.error (D:\photo\store_uiux_polished\v1\backend\node_modules\serve-static\index.js:120:7)
    at SendStream.emit (node:events:509:20)
    at SendStream.error (D:\photo\store_uiux_polished\v1\backend\node_modules\send\index.js:168:17)
    at SendStream.onStatError (D:\photo\store_uiux_polished\v1\backend\node_modules\send\index.js:315:12) 
08-09-2026 23:57:12 | ERROR | Error found | 404 | GET /files/1788430760414_Black_Denim_Jacket.jpg : Can't find /files/1788430760414_Black_Denim_Jacket.jpg on this server | user: guest 
Error: Can't find /files/1788430760414_Black_Denim_Jacket.jpg on this server
    at D:\photo\store_uiux_polished\v1\backend\server.js:110:8
    at Layer.handleRequest (D:\photo\store_uiux_polished\v1\backend\node_modules\router\lib\layer.js:152:17)
    at trimPrefix (D:\photo\store_uiux_polished\v1\backend\node_modules\router\index.js:342:13)
    at D:\photo\store_uiux_polished\v1\backend\node_modules\router\index.js:297:9
    at processParams (D:\photo\store_uiux_polished\v1\backend\node_modules\router\index.js:582:12)
    at next (D:\photo\store_uiux_polished\v1\backend\node_modules\router\index.js:291:5)
    at SendStream.error (D:\photo\store_uiux_polished\v1\backend\node_modules\serve-static\index.js:120:7)
    at SendStream.emit (node:events:509:20)
    at SendStream.error (D:\photo\store_uiux_polished\v1\backend\node_modules\send\index.js:168:17)
    at SendStream.onStatError (D:\photo\store_uiux_polished\v1\backend\node_modules\send\index.js:315:12) 
08-09-2026 23:59:29 | ERROR | Error found | 404 | GET /files/1788542750602_men-category.jpg : Can't find /files/1788542750602_men-category.jpg on this server | user: guest 
Error: Can't find /files/1788542750602_men-category.jpg on this server
    at D:\photo\store_uiux_polished\v1\backend\server.js:110:8
    at Layer.handleRequest (D:\photo\store_uiux_polished\v1\backend\node_modules\router\lib\layer.js:152:17)
    at trimPrefix (D:\photo\store_uiux_polished\v1\backend\node_modules\router\index.js:342:13)
    at D:\photo\store_uiux_polished\v1\backend\node_modules\router\index.js:297:9
    at processParams (D:\photo\store_uiux_polished\v1\backend\node_modules\router\index.js:582:12)
    at next (D:\photo\store_uiux_polished\v1\backend\node_modules\router\index.js:291:5)
    at SendStream.error (D:\photo\store_uiux_polished\v1\backend\node_modules\serve-static\index.js:120:7)
    at SendStream.emit (node:events:509:20)
    at SendStream.error (D:\photo\store_uiux_polished\v1\backend\node_modules\send\index.js:168:17)
    at SendStream.onStatError (D:\photo\store_uiux_polished\v1\backend\node_modules\send\index.js:315:12) 
08-09-2026 23:59:29 | ERROR | Error found | 404 | GET /files/1788430760414_Black_Denim_Jacket.jpg : Can't find /files/1788430760414_Black_Denim_Jacket.jpg on this server | user: guest 
Error: Can't find /files/1788430760414_Black_Denim_Jacket.jpg on this server
    at D:\photo\store_uiux_polished\v1\backend\server.js:110:8
    at Layer.handleRequest (D:\photo\store_uiux_polished\v1\backend\node_modules\router\lib\layer.js:152:17)
    at trimPrefix (D:\photo\store_uiux_polished\v1\backend\node_modules\router\index.js:342:13)
    at D:\photo\store_uiux_polished\v1\backend\node_modules\router\index.js:297:9
    at processParams (D:\photo\store_uiux_polished\v1\backend\node_modules\router\index.js:582:12)
    at next (D:\photo\store_uiux_polished\v1\backend\node_modules\router\index.js:291:5)
    at SendStream.error (D:\photo\store_uiux_polished\v1\backend\node_modules\serve-static\index.js:120:7)
    at SendStream.emit (node:events:509:20)
    at SendStream.error (D:\photo\store_uiux_polished\v1\backend\node_modules\send\index.js:168:17)
    at SendStream.onStatError (D:\photo\store_uiux_polished\v1\backend\node_modules\send\index.js:315:12) 
09-09-2026 00:02:28 | ERROR | Error found | 404 | GET /files/1788542750602_men-category.jpg : Can't find /files/1788542750602_men-category.jpg on this server | user: guest 
Error: Can't find /files/1788542750602_men-category.jpg on this server
    at D:\photo\store_uiux_polished\v1\backend\server.js:110:8
    at Layer.handleRequest (D:\photo\store_uiux_polished\v1\backend\node_modules\router\lib\layer.js:152:17)
    at trimPrefix (D:\photo\store_uiux_polished\v1\backend\node_modules\router\index.js:342:13)
    at D:\photo\store_uiux_polished\v1\backend\node_modules\router\index.js:297:9
    at processParams (D:\photo\store_uiux_polished\v1\backend\node_modules\router\index.js:582:12)
    at next (D:\photo\store_uiux_polished\v1\backend\node_modules\router\index.js:291:5)
    at SendStream.error (D:\photo\store_uiux_polished\v1\backend\node_modules\serve-static\index.js:120:7)
    at SendStream.emit (node:events:509:20)
    at SendStream.error (D:\photo\store_uiux_polished\v1\backend\node_modules\send\index.js:168:17)
    at SendStream.onStatError (D:\photo\store_uiux_polished\v1\backend\node_modules\send\index.js:315:12) 
09-09-2026 00:02:28 | ERROR | Error found | 404 | GET /files/1788430760414_Black_Denim_Jacket.jpg : Can't find /files/1788430760414_Black_Denim_Jacket.jpg on this server | user: guest 
Error: Can't find /files/1788430760414_Black_Denim_Jacket.jpg on this server
    at D:\photo\store_uiux_polished\v1\backend\server.js:110:8
    at Layer.handleRequest (D:\photo\store_uiux_polished\v1\backend\node_modules\router\lib\layer.js:152:17)
    at trimPrefix (D:\photo\store_uiux_polished\v1\backend\node_modules\router\index.js:342:13)
    at D:\photo\store_uiux_polished\v1\backend\node_modules\router\index.js:297:9
    at processParams (D:\photo\store_uiux_polished\v1\backend\node_modules\router\index.js:582:12)
    at next (D:\photo\store_uiux_polished\v1\backend\node_modules\router\index.js:291:5)
    at SendStream.error (D:\photo\store_uiux_polished\v1\backend\node_modules\serve-static\index.js:120:7)
    at SendStream.emit (node:events:509:20)
    at SendStream.error (D:\photo\store_uiux_polished\v1\backend\node_modules\send\index.js:168:17)
    at SendStream.onStatError (D:\photo\store_uiux_polished\v1\backend\node_modules\send\index.js:315:12) 
09-09-2026 00:04:48 | ERROR | Error found | 404 | GET /files/1788542750602_men-category.jpg : Can't find /files/1788542750602_men-category.jpg on this server | user: guest 
Error: Can't find /files/1788542750602_men-category.jpg on this server
    at D:\photo\store_uiux_polished\v1\backend\server.js:110:8
    at Layer.handleRequest (D:\photo\store_uiux_polished\v1\backend\node_modules\router\lib\layer.js:152:17)
    at trimPrefix (D:\photo\store_uiux_polished\v1\backend\node_modules\router\index.js:342:13)
    at D:\photo\store_uiux_polished\v1\backend\node_modules\router\index.js:297:9
    at processParams (D:\photo\store_uiux_polished\v1\backend\node_modules\router\index.js:582:12)
    at next (D:\photo\store_uiux_polished\v1\backend\node_modules\router\index.js:291:5)
    at SendStream.error (D:\photo\store_uiux_polished\v1\backend\node_modules\serve-static\index.js:120:7)
    at SendStream.emit (node:events:509:20)
    at SendStream.error (D:\photo\store_uiux_polished\v1\backend\node_modules\send\index.js:168:17)
    at SendStream.onStatError (D:\photo\store_uiux_polished\v1\backend\node_modules\send\index.js:315:12) 
09-09-2026 00:04:48 | ERROR | Error found | 404 | GET /files/1788430760414_Black_Denim_Jacket.jpg : Can't find /files/1788430760414_Black_Denim_Jacket.jpg on this server | user: guest 
Error: Can't find /files/1788430760414_Black_Denim_Jacket.jpg on this server
    at D:\photo\store_uiux_polished\v1\backend\server.js:110:8
    at Layer.handleRequest (D:\photo\store_uiux_polished\v1\backend\node_modules\router\lib\layer.js:152:17)
    at trimPrefix (D:\photo\store_uiux_polished\v1\backend\node_modules\router\index.js:342:13)
    at D:\photo\store_uiux_polished\v1\backend\node_modules\router\index.js:297:9
    at processParams (D:\photo\store_uiux_polished\v1\backend\node_modules\router\index.js:582:12)
    at next (D:\photo\store_uiux_polished\v1\backend\node_modules\router\index.js:291:5)
    at SendStream.error (D:\photo\store_uiux_polished\v1\backend\node_modules\serve-static\index.js:120:7)
    at SendStream.emit (node:events:509:20)
    at SendStream.error (D:\photo\store_uiux_polished\v1\backend\node_modules\send\index.js:168:17)
    at SendStream.onStatError (D:\photo\store_uiux_polished\v1\backend\node_modules\send\index.js:315:12) 
09-09-2026 00:05:17 | ERROR | Error found | 404 | GET /files/1788430760414_Black_Denim_Jacket.jpg : Can't find /files/1788430760414_Black_Denim_Jacket.jpg on this server | user: guest 
Error: Can't find /files/1788430760414_Black_Denim_Jacket.jpg on this server
    at D:\photo\store_uiux_polished\v1\backend\server.js:110:8
    at Layer.handleRequest (D:\photo\store_uiux_polished\v1\backend\node_modules\router\lib\layer.js:152:17)
    at trimPrefix (D:\photo\store_uiux_polished\v1\backend\node_modules\router\index.js:342:13)
    at D:\photo\store_uiux_polished\v1\backend\node_modules\router\index.js:297:9
    at processParams (D:\photo\store_uiux_polished\v1\backend\node_modules\router\index.js:582:12)
    at next (D:\photo\store_uiux_polished\v1\backend\node_modules\router\index.js:291:5)
    at SendStream.error (D:\photo\store_uiux_polished\v1\backend\node_modules\serve-static\index.js:120:7)
    at SendStream.emit (node:events:509:20)
    at SendStream.error (D:\photo\store_uiux_polished\v1\backend\node_modules\send\index.js:168:17)
    at SendStream.onStatError (D:\photo\store_uiux_polished\v1\backend\node_modules\send\index.js:315:12) 
09-09-2026 00:05:17 | ERROR | Error found | 404 | GET /files/1788542750602_men-category.jpg : Can't find /files/1788542750602_men-category.jpg on this server | user: guest 
Error: Can't find /files/1788542750602_men-category.jpg on this server
    at D:\photo\store_uiux_polished\v1\backend\server.js:110:8
    at Layer.handleRequest (D:\photo\store_uiux_polished\v1\backend\node_modules\router\lib\layer.js:152:17)
    at trimPrefix (D:\photo\store_uiux_polished\v1\backend\node_modules\router\index.js:342:13)
    at D:\photo\store_uiux_polished\v1\backend\node_modules\router\index.js:297:9
    at processParams (D:\photo\store_uiux_polished\v1\backend\node_modules\router\index.js:582:12)
    at next (D:\photo\store_uiux_polished\v1\backend\node_modules\router\index.js:291:5)
    at SendStream.error (D:\photo\store_uiux_polished\v1\backend\node_modules\serve-static\index.js:120:7)
    at SendStream.emit (node:events:509:20)
    at SendStream.error (D:\photo\store_uiux_polished\v1\backend\node_modules\send\index.js:168:17)
    at SendStream.onStatError (D:\photo\store_uiux_polished\v1\backend\node_modules\send\index.js:315:12) 
09-09-2026 00:05:20 | ERROR | Error found | 404 | GET /files/1788542750602_men-category.jpg : Can't find /files/1788542750602_men-category.jpg on this server | user: guest 
Error: Can't find /files/1788542750602_men-category.jpg on this server
    at D:\photo\store_uiux_polished\v1\backend\server.js:110:8
    at Layer.handleRequest (D:\photo\store_uiux_polished\v1\backend\node_modules\router\lib\layer.js:152:17)
    at trimPrefix (D:\photo\store_uiux_polished\v1\backend\node_modules\router\index.js:342:13)
    at D:\photo\store_uiux_polished\v1\backend\node_modules\router\index.js:297:9
    at processParams (D:\photo\store_uiux_polished\v1\backend\node_modules\router\index.js:582:12)
    at next (D:\photo\store_uiux_polished\v1\backend\node_modules\router\index.js:291:5)
    at SendStream.error (D:\photo\store_uiux_polished\v1\backend\node_modules\serve-static\index.js:120:7)
    at SendStream.emit (node:events:509:20)
    at SendStream.error (D:\photo\store_uiux_polished\v1\backend\node_modules\send\index.js:168:17)
    at SendStream.onStatError (D:\photo\store_uiux_polished\v1\backend\node_modules\send\index.js:315:12) 
09-09-2026 00:05:20 | ERROR | Error found | 404 | GET /files/1788430760414_Black_Denim_Jacket.jpg : Can't find /files/1788430760414_Black_Denim_Jacket.jpg on this server | user: guest 
Error: Can't find /files/1788430760414_Black_Denim_Jacket.jpg on this server
    at D:\photo\store_uiux_polished\v1\backend\server.js:110:8
    at Layer.handleRequest (D:\photo\store_uiux_polished\v1\backend\node_modules\router\lib\layer.js:152:17)
    at trimPrefix (D:\photo\store_uiux_polished\v1\backend\node_modules\router\index.js:342:13)
    at D:\photo\store_uiux_polished\v1\backend\node_modules\router\index.js:297:9
    at processParams (D:\photo\store_uiux_polished\v1\backend\node_modules\router\index.js:582:12)
    at next (D:\photo\store_uiux_polished\v1\backend\node_modules\router\index.js:291:5)
    at SendStream.error (D:\photo\store_uiux_polished\v1\backend\node_modules\serve-static\index.js:120:7)
    at SendStream.emit (node:events:509:20)
    at SendStream.error (D:\photo\store_uiux_polished\v1\backend\node_modules\send\index.js:168:17)
    at SendStream.onStatError (D:\photo\store_uiux_polished\v1\backend\node_modules\send\index.js:315:12) 
09-09-2026 00:06:59 | ERROR | Error found | 404 | GET /files/1788542750602_men-category.jpg : Can't find /files/1788542750602_men-category.jpg on this server | user: guest 
Error: Can't find /files/1788542750602_men-category.jpg on this server
    at D:\photo\store_uiux_polished\v1\backend\server.js:110:8
    at Layer.handleRequest (D:\photo\store_uiux_polished\v1\backend\node_modules\router\lib\layer.js:152:17)
    at trimPrefix (D:\photo\store_uiux_polished\v1\backend\node_modules\router\index.js:342:13)
    at D:\photo\store_uiux_polished\v1\backend\node_modules\router\index.js:297:9
    at processParams (D:\photo\store_uiux_polished\v1\backend\node_modules\router\index.js:582:12)
    at next (D:\photo\store_uiux_polished\v1\backend\node_modules\router\index.js:291:5)
    at SendStream.error (D:\photo\store_uiux_polished\v1\backend\node_modules\serve-static\index.js:120:7)
    at SendStream.emit (node:events:509:20)
    at SendStream.error (D:\photo\store_uiux_polished\v1\backend\node_modules\send\index.js:168:17)
    at SendStream.onStatError (D:\photo\store_uiux_polished\v1\backend\node_modules\send\index.js:315:12) 
09-09-2026 00:07:00 | ERROR | Error found | 404 | GET /files/1788430760414_Black_Denim_Jacket.jpg : Can't find /files/1788430760414_Black_Denim_Jacket.jpg on this server | user: guest 
Error: Can't find /files/1788430760414_Black_Denim_Jacket.jpg on this server
    at D:\photo\store_uiux_polished\v1\backend\server.js:110:8
    at Layer.handleRequest (D:\photo\store_uiux_polished\v1\backend\node_modules\router\lib\layer.js:152:17)
    at trimPrefix (D:\photo\store_uiux_polished\v1\backend\node_modules\router\index.js:342:13)
    at D:\photo\store_uiux_polished\v1\backend\node_modules\router\index.js:297:9
    at processParams (D:\photo\store_uiux_polished\v1\backend\node_modules\router\index.js:582:12)
    at next (D:\photo\store_uiux_polished\v1\backend\node_modules\router\index.js:291:5)
    at SendStream.error (D:\photo\store_uiux_polished\v1\backend\node_modules\serve-static\index.js:120:7)
    at SendStream.emit (node:events:509:20)
    at SendStream.error (D:\photo\store_uiux_polished\v1\backend\node_modules\send\index.js:168:17)
    at SendStream.onStatError (D:\photo\store_uiux_polished\v1\backend\node_modules\send\index.js:315:12) 
09-09-2026 00:07:35 | ERROR | Error found | 404 | GET /files/1788542750602_men-category.jpg : Can't find /files/1788542750602_men-category.jpg on this server | user: guest 
Error: Can't find /files/1788542750602_men-category.jpg on this server
    at D:\photo\store_uiux_polished\v1\backend\server.js:110:8
    at Layer.handleRequest (D:\photo\store_uiux_polished\v1\backend\node_modules\router\lib\layer.js:152:17)
    at trimPrefix (D:\photo\store_uiux_polished\v1\backend\node_modules\router\index.js:342:13)
    at D:\photo\store_uiux_polished\v1\backend\node_modules\router\index.js:297:9
    at processParams (D:\photo\store_uiux_polished\v1\backend\node_modules\router\index.js:582:12)
    at next (D:\photo\store_uiux_polished\v1\backend\node_modules\router\index.js:291:5)
    at SendStream.error (D:\photo\store_uiux_polished\v1\backend\node_modules\serve-static\index.js:120:7)
    at SendStream.emit (node:events:509:20)
    at SendStream.error (D:\photo\store_uiux_polished\v1\backend\node_modules\send\index.js:168:17)
    at SendStream.onStatError (D:\photo\store_uiux_polished\v1\backend\node_modules\send\index.js:315:12) 
09-09-2026 00:07:35 | ERROR | Error found | 404 | GET /files/1788430760414_Black_Denim_Jacket.jpg : Can't find /files/1788430760414_Black_Denim_Jacket.jpg on this server | user: guest 
Error: Can't find /files/1788430760414_Black_Denim_Jacket.jpg on this server
    at D:\photo\store_uiux_polished\v1\backend\server.js:110:8
    at Layer.handleRequest (D:\photo\store_uiux_polished\v1\backend\node_modules\router\lib\layer.js:152:17)
    at trimPrefix (D:\photo\store_uiux_polished\v1\backend\node_modules\router\index.js:342:13)
    at D:\photo\store_uiux_polished\v1\backend\node_modules\router\index.js:297:9
    at processParams (D:\photo\store_uiux_polished\v1\backend\node_modules\router\index.js:582:12)
    at next (D:\photo\store_uiux_polished\v1\backend\node_modules\router\index.js:291:5)
    at SendStream.error (D:\photo\store_uiux_polished\v1\backend\node_modules\serve-static\index.js:120:7)
    at SendStream.emit (node:events:509:20)
    at SendStream.error (D:\photo\store_uiux_polished\v1\backend\node_modules\send\index.js:168:17)
    at SendStream.onStatError (D:\photo\store_uiux_polished\v1\backend\node_modules\send\index.js:315:12) 
09-09-2026 00:10:20 | ERROR | Error found | 404 | GET /api/v1/products/category/men%D8%B3 : Category not found | user: guest 
Error: Category not found
    at D:\photo\store_uiux_polished\v1\backend\controllers\product.controller.js:294:17
    at process.processTicksAndRejections (node:internal/process/task_queues:104:5) 
09-09-2026 00:10:28 | ERROR | Error found | 404 | GET /api/v1/products/category/men%D8%B8%D8%A9 : Category not found | user: guest 
Error: Category not found
    at D:\photo\store_uiux_polished\v1\backend\controllers\product.controller.js:294:17
    at process.processTicksAndRejections (node:internal/process/task_queues:104:5) 
09-09-2026 00:22:18 | ERROR | Error found | 404 | GET /files/1788430760414_Black_Denim_Jacket.jpg : Can't find /files/1788430760414_Black_Denim_Jacket.jpg on this server | user: guest 
Error: Can't find /files/1788430760414_Black_Denim_Jacket.jpg on this server
    at D:\photo\store_uiux_polished\v1\backend\server.js:110:8
    at Layer.handleRequest (D:\photo\store_uiux_polished\v1\backend\node_modules\router\lib\layer.js:152:17)
    at trimPrefix (D:\photo\store_uiux_polished\v1\backend\node_modules\router\index.js:342:13)
    at D:\photo\store_uiux_polished\v1\backend\node_modules\router\index.js:297:9
    at processParams (D:\photo\store_uiux_polished\v1\backend\node_modules\router\index.js:582:12)
    at next (D:\photo\store_uiux_polished\v1\backend\node_modules\router\index.js:291:5)
    at SendStream.error (D:\photo\store_uiux_polished\v1\backend\node_modules\serve-static\index.js:120:7)
    at SendStream.emit (node:events:509:20)
    at SendStream.error (D:\photo\store_uiux_polished\v1\backend\node_modules\send\index.js:168:17)
    at SendStream.onStatError (D:\photo\store_uiux_polished\v1\backend\node_modules\send\index.js:315:12) 
09-09-2026 00:22:18 | ERROR | Error found | 404 | GET /files/1788542750602_men-category.jpg : Can't find /files/1788542750602_men-category.jpg on this server | user: guest 
Error: Can't find /files/1788542750602_men-category.jpg on this server
    at D:\photo\store_uiux_polished\v1\backend\server.js:110:8
    at Layer.handleRequest (D:\photo\store_uiux_polished\v1\backend\node_modules\router\lib\layer.js:152:17)
    at trimPrefix (D:\photo\store_uiux_polished\v1\backend\node_modules\router\index.js:342:13)
    at D:\photo\store_uiux_polished\v1\backend\node_modules\router\index.js:297:9
    at processParams (D:\photo\store_uiux_polished\v1\backend\node_modules\router\index.js:582:12)
    at next (D:\photo\store_uiux_polished\v1\backend\node_modules\router\index.js:291:5)
    at SendStream.error (D:\photo\store_uiux_polished\v1\backend\node_modules\serve-static\index.js:120:7)
    at SendStream.emit (node:events:509:20)
    at SendStream.error (D:\photo\store_uiux_polished\v1\backend\node_modules\send\index.js:168:17)
    at SendStream.onStatError (D:\photo\store_uiux_polished\v1\backend\node_modules\send\index.js:315:12) 
09-09-2026 00:22:20 | ERROR | Error found | 404 | GET /files/1788542750602_men-category.jpg : Can't find /files/1788542750602_men-category.jpg on this server | user: guest 
Error: Can't find /files/1788542750602_men-category.jpg on this server
    at D:\photo\store_uiux_polished\v1\backend\server.js:110:8
    at Layer.handleRequest (D:\photo\store_uiux_polished\v1\backend\node_modules\router\lib\layer.js:152:17)
    at trimPrefix (D:\photo\store_uiux_polished\v1\backend\node_modules\router\index.js:342:13)
    at D:\photo\store_uiux_polished\v1\backend\node_modules\router\index.js:297:9
    at processParams (D:\photo\store_uiux_polished\v1\backend\node_modules\router\index.js:582:12)
    at next (D:\photo\store_uiux_polished\v1\backend\node_modules\router\index.js:291:5)
    at SendStream.error (D:\photo\store_uiux_polished\v1\backend\node_modules\serve-static\index.js:120:7)
    at SendStream.emit (node:events:509:20)
    at SendStream.error (D:\photo\store_uiux_polished\v1\backend\node_modules\send\index.js:168:17)
    at SendStream.onStatError (D:\photo\store_uiux_polished\v1\backend\node_modules\send\index.js:315:12) 
09-09-2026 00:22:20 | ERROR | Error found | 404 | GET /files/1788430760414_Black_Denim_Jacket.jpg : Can't find /files/1788430760414_Black_Denim_Jacket.jpg on this server | user: guest 
Error: Can't find /files/1788430760414_Black_Denim_Jacket.jpg on this server
    at D:\photo\store_uiux_polished\v1\backend\server.js:110:8
    at Layer.handleRequest (D:\photo\store_uiux_polished\v1\backend\node_modules\router\lib\layer.js:152:17)
    at trimPrefix (D:\photo\store_uiux_polished\v1\backend\node_modules\router\index.js:342:13)
    at D:\photo\store_uiux_polished\v1\backend\node_modules\router\index.js:297:9
    at processParams (D:\photo\store_uiux_polished\v1\backend\node_modules\router\index.js:582:12)
    at next (D:\photo\store_uiux_polished\v1\backend\node_modules\router\index.js:291:5)
    at SendStream.error (D:\photo\store_uiux_polished\v1\backend\node_modules\serve-static\index.js:120:7)
    at SendStream.emit (node:events:509:20)
    at SendStream.error (D:\photo\store_uiux_polished\v1\backend\node_modules\send\index.js:168:17)
    at SendStream.onStatError (D:\photo\store_uiux_polished\v1\backend\node_modules\send\index.js:315:12) 
09-09-2026 00:22:26 | ERROR | Error found | 404 | GET /api/v1/products/category/mendccdfbfgn : Category not found | user: guest 
Error: Category not found
    at D:\photo\store_uiux_polished\v1\backend\controllers\product.controller.js:294:17
    at process.processTicksAndRejections (node:internal/process/task_queues:104:5) 
09-09-2026 10:07:53 | ERROR | Error found | 404 | GET /api/v1/products/category/mendccdfbfgn : Category not found | user: guest 
Error: Category not found
    at D:\photo\store_uiux_polished\v1\backend\controllers\product.controller.js:294:17
    at process.processTicksAndRejections (node:internal/process/task_queues:104:5) 
09-09-2026 10:08:06 | ERROR | Error found | 403 | POST /api/v1/auth/login : Invalid email or password | user: guest 
Error: Invalid email or password
    at D:\photo\store_uiux_polished\v1\backend\controllers\auth.controller.js:104:17 
09-09-2026 10:08:23 | ERROR | Error found | 403 | POST /api/v1/auth/login : Invalid email or password | user: guest 
Error: Invalid email or password
    at D:\photo\store_uiux_polished\v1\backend\controllers\auth.controller.js:104:17 
09-09-2026 10:08:39 | ERROR | Error found | 403 | POST /api/v1/auth/login : Invalid email or password | user: guest 
Error: Invalid email or password
    at D:\photo\store_uiux_polished\v1\backend\controllers\auth.controller.js:104:17 
09-09-2026 10:08:52 | ERROR | Error found | 403 | POST /api/v1/auth/login : Invalid email or password | user: guest 
Error: Invalid email or password
    at D:\photo\store_uiux_polished\v1\backend\controllers\auth.controller.js:104:17 
09-09-2026 10:09:17 | ERROR | Error found | 404 | GET /files/1788430760414_Black_Denim_Jacket.jpg : Can't find /files/1788430760414_Black_Denim_Jacket.jpg on this server | user: guest 
Error: Can't find /files/1788430760414_Black_Denim_Jacket.jpg on this server
    at D:\photo\store_uiux_polished\v1\backend\server.js:110:8
    at Layer.handleRequest (D:\photo\store_uiux_polished\v1\backend\node_modules\router\lib\layer.js:152:17)
    at trimPrefix (D:\photo\store_uiux_polished\v1\backend\node_modules\router\index.js:342:13)
    at D:\photo\store_uiux_polished\v1\backend\node_modules\router\index.js:297:9
    at processParams (D:\photo\store_uiux_polished\v1\backend\node_modules\router\index.js:582:12)
    at next (D:\photo\store_uiux_polished\v1\backend\node_modules\router\index.js:291:5)
    at SendStream.error (D:\photo\store_uiux_polished\v1\backend\node_modules\serve-static\index.js:120:7)
    at SendStream.emit (node:events:509:20)
    at SendStream.error (D:\photo\store_uiux_polished\v1\backend\node_modules\send\index.js:168:17)
    at SendStream.onStatError (D:\photo\store_uiux_polished\v1\backend\node_modules\send\index.js:315:12) 
09-09-2026 10:09:36 | ERROR | Error found | 404 | GET /api/v1/products/category/mendccdfbfgn : Category not found | user: guest 
Error: Category not found
    at D:\photo\store_uiux_polished\v1\backend\controllers\product.controller.js:294:17
    at process.processTicksAndRejections (node:internal/process/task_queues:104:5) 
09-09-2026 10:09:45 | ERROR | Error found | 404 | GET /api/v1/products/category/mendccdfbfgnb : Category not found | user: guest 
Error: Category not found
    at D:\photo\store_uiux_polished\v1\backend\controllers\product.controller.js:294:17
    at process.processTicksAndRejections (node:internal/process/task_queues:104:5) 
09-09-2026 10:10:03 | ERROR | Error found | 404 | GET /files/1788542750602_men-category.jpg : Can't find /files/1788542750602_men-category.jpg on this server | user: guest 
Error: Can't find /files/1788542750602_men-category.jpg on this server
    at D:\photo\store_uiux_polished\v1\backend\server.js:110:8
    at Layer.handleRequest (D:\photo\store_uiux_polished\v1\backend\node_modules\router\lib\layer.js:152:17)
    at trimPrefix (D:\photo\store_uiux_polished\v1\backend\node_modules\router\index.js:342:13)
    at D:\photo\store_uiux_polished\v1\backend\node_modules\router\index.js:297:9
    at processParams (D:\photo\store_uiux_polished\v1\backend\node_modules\router\index.js:582:12)
    at next (D:\photo\store_uiux_polished\v1\backend\node_modules\router\index.js:291:5)
    at SendStream.error (D:\photo\store_uiux_polished\v1\backend\node_modules\serve-static\index.js:120:7)
    at SendStream.emit (node:events:509:20)
    at SendStream.error (D:\photo\store_uiux_polished\v1\backend\node_modules\send\index.js:168:17)
    at SendStream.onStatError (D:\photo\store_uiux_polished\v1\backend\node_modules\send\index.js:315:12) 
09-09-2026 10:10:03 | ERROR | Error found | 404 | GET /files/1788430760414_Black_Denim_Jacket.jpg : Can't find /files/1788430760414_Black_Denim_Jacket.jpg on this server | user: guest 
Error: Can't find /files/1788430760414_Black_Denim_Jacket.jpg on this server
    at D:\photo\store_uiux_polished\v1\backend\server.js:110:8
    at Layer.handleRequest (D:\photo\store_uiux_polished\v1\backend\node_modules\router\lib\layer.js:152:17)
    at trimPrefix (D:\photo\store_uiux_polished\v1\backend\node_modules\router\index.js:342:13)
    at D:\photo\store_uiux_polished\v1\backend\node_modules\router\index.js:297:9
    at processParams (D:\photo\store_uiux_polished\v1\backend\node_modules\router\index.js:582:12)
    at next (D:\photo\store_uiux_polished\v1\backend\node_modules\router\index.js:291:5)
    at SendStream.error (D:\photo\store_uiux_polished\v1\backend\node_modules\serve-static\index.js:120:7)
    at SendStream.emit (node:events:509:20)
    at SendStream.error (D:\photo\store_uiux_polished\v1\backend\node_modules\send\index.js:168:17)
    at SendStream.onStatError (D:\photo\store_uiux_polished\v1\backend\node_modules\send\index.js:315:12) 
09-09-2026 10:13:43 | ERROR | Error found | 404 | GET /files/1788542750602_men-category.jpg : Can't find /files/1788542750602_men-category.jpg on this server | user: guest 
Error: Can't find /files/1788542750602_men-category.jpg on this server
    at D:\photo\store_uiux_polished\v1\backend\server.js:110:8
    at Layer.handleRequest (D:\photo\store_uiux_polished\v1\backend\node_modules\router\lib\layer.js:152:17)
    at trimPrefix (D:\photo\store_uiux_polished\v1\backend\node_modules\router\index.js:342:13)
    at D:\photo\store_uiux_polished\v1\backend\node_modules\router\index.js:297:9
    at processParams (D:\photo\store_uiux_polished\v1\backend\node_modules\router\index.js:582:12)
    at next (D:\photo\store_uiux_polished\v1\backend\node_modules\router\index.js:291:5)
    at SendStream.error (D:\photo\store_uiux_polished\v1\backend\node_modules\serve-static\index.js:120:7)
    at SendStream.emit (node:events:509:20)
    at SendStream.error (D:\photo\store_uiux_polished\v1\backend\node_modules\send\index.js:168:17)
    at SendStream.onStatError (D:\photo\store_uiux_polished\v1\backend\node_modules\send\index.js:315:12) 
09-09-2026 10:13:43 | ERROR | Error found | 404 | GET /files/1788430760414_Black_Denim_Jacket.jpg : Can't find /files/1788430760414_Black_Denim_Jacket.jpg on this server | user: guest 
Error: Can't find /files/1788430760414_Black_Denim_Jacket.jpg on this server
    at D:\photo\store_uiux_polished\v1\backend\server.js:110:8
    at Layer.handleRequest (D:\photo\store_uiux_polished\v1\backend\node_modules\router\lib\layer.js:152:17)
    at trimPrefix (D:\photo\store_uiux_polished\v1\backend\node_modules\router\index.js:342:13)
    at D:\photo\store_uiux_polished\v1\backend\node_modules\router\index.js:297:9
    at processParams (D:\photo\store_uiux_polished\v1\backend\node_modules\router\index.js:582:12)
    at next (D:\photo\store_uiux_polished\v1\backend\node_modules\router\index.js:291:5)
    at SendStream.error (D:\photo\store_uiux_polished\v1\backend\node_modules\serve-static\index.js:120:7)
    at SendStream.emit (node:events:509:20)
    at SendStream.error (D:\photo\store_uiux_polished\v1\backend\node_modules\send\index.js:168:17)
    at SendStream.onStatError (D:\photo\store_uiux_polished\v1\backend\node_modules\send\index.js:315:12) 
09-09-2026 10:14:20 | ERROR | Error found | 404 | GET /files/1788430760414_Black_Denim_Jacket.jpg : Can't find /files/1788430760414_Black_Denim_Jacket.jpg on this server | user: guest 
Error: Can't find /files/1788430760414_Black_Denim_Jacket.jpg on this server
    at D:\photo\store_uiux_polished\v1\backend\server.js:110:8
    at Layer.handleRequest (D:\photo\store_uiux_polished\v1\backend\node_modules\router\lib\layer.js:152:17)
    at trimPrefix (D:\photo\store_uiux_polished\v1\backend\node_modules\router\index.js:342:13)
    at D:\photo\store_uiux_polished\v1\backend\node_modules\router\index.js:297:9
    at processParams (D:\photo\store_uiux_polished\v1\backend\node_modules\router\index.js:582:12)
    at next (D:\photo\store_uiux_polished\v1\backend\node_modules\router\index.js:291:5)
    at SendStream.error (D:\photo\store_uiux_polished\v1\backend\node_modules\serve-static\index.js:120:7)
    at SendStream.emit (node:events:509:20)
    at SendStream.error (D:\photo\store_uiux_polished\v1\backend\node_modules\send\index.js:168:17)
    at SendStream.onStatError (D:\photo\store_uiux_polished\v1\backend\node_modules\send\index.js:315:12) 
09-09-2026 10:14:20 | ERROR | Error found | 404 | GET /files/1788542750602_men-category.jpg : Can't find /files/1788542750602_men-category.jpg on this server | user: guest 
Error: Can't find /files/1788542750602_men-category.jpg on this server
    at D:\photo\store_uiux_polished\v1\backend\server.js:110:8
    at Layer.handleRequest (D:\photo\store_uiux_polished\v1\backend\node_modules\router\lib\layer.js:152:17)
    at trimPrefix (D:\photo\store_uiux_polished\v1\backend\node_modules\router\index.js:342:13)
    at D:\photo\store_uiux_polished\v1\backend\node_modules\router\index.js:297:9
    at processParams (D:\photo\store_uiux_polished\v1\backend\node_modules\router\index.js:582:12)
    at next (D:\photo\store_uiux_polished\v1\backend\node_modules\router\index.js:291:5)
    at SendStream.error (D:\photo\store_uiux_polished\v1\backend\node_modules\serve-static\index.js:120:7)
    at SendStream.emit (node:events:509:20)
    at SendStream.error (D:\photo\store_uiux_polished\v1\backend\node_modules\send\index.js:168:17)
    at SendStream.onStatError (D:\photo\store_uiux_polished\v1\backend\node_modules\send\index.js:315:12) 
09-09-2026 10:14:21 | ERROR | Error found | 404 | GET /files/1788430760414_Black_Denim_Jacket.jpg : Can't find /files/1788430760414_Black_Denim_Jacket.jpg on this server | user: guest 
Error: Can't find /files/1788430760414_Black_Denim_Jacket.jpg on this server
    at D:\photo\store_uiux_polished\v1\backend\server.js:110:8
    at Layer.handleRequest (D:\photo\store_uiux_polished\v1\backend\node_modules\router\lib\layer.js:152:17)
    at trimPrefix (D:\photo\store_uiux_polished\v1\backend\node_modules\router\index.js:342:13)
    at D:\photo\store_uiux_polished\v1\backend\node_modules\router\index.js:297:9
    at processParams (D:\photo\store_uiux_polished\v1\backend\node_modules\router\index.js:582:12)
    at next (D:\photo\store_uiux_polished\v1\backend\node_modules\router\index.js:291:5)
    at SendStream.error (D:\photo\store_uiux_polished\v1\backend\node_modules\serve-static\index.js:120:7)
    at SendStream.emit (node:events:509:20)
    at SendStream.error (D:\photo\store_uiux_polished\v1\backend\node_modules\send\index.js:168:17)
    at SendStream.onStatError (D:\photo\store_uiux_polished\v1\backend\node_modules\send\index.js:315:12) 
09-09-2026 10:14:21 | ERROR | Error found | 404 | GET /files/1788430760414_Black_Denim_Jacket.jpg : Can't find /files/1788430760414_Black_Denim_Jacket.jpg on this server | user: guest 
Error: Can't find /files/1788430760414_Black_Denim_Jacket.jpg on this server
    at D:\photo\store_uiux_polished\v1\backend\server.js:110:8
    at Layer.handleRequest (D:\photo\store_uiux_polished\v1\backend\node_modules\router\lib\layer.js:152:17)
    at trimPrefix (D:\photo\store_uiux_polished\v1\backend\node_modules\router\index.js:342:13)
    at D:\photo\store_uiux_polished\v1\backend\node_modules\router\index.js:297:9
    at processParams (D:\photo\store_uiux_polished\v1\backend\node_modules\router\index.js:582:12)
    at next (D:\photo\store_uiux_polished\v1\backend\node_modules\router\index.js:291:5)
    at SendStream.error (D:\photo\store_uiux_polished\v1\backend\node_modules\serve-static\index.js:120:7)
    at SendStream.emit (node:events:509:20)
    at SendStream.error (D:\photo\store_uiux_polished\v1\backend\node_modules\send\index.js:168:17)
    at SendStream.onStatError (D:\photo\store_uiux_polished\v1\backend\node_modules\send\index.js:315:12) 
09-09-2026 10:14:21 | ERROR | Error found | 404 | GET /files/1788542750602_men-category.jpg : Can't find /files/1788542750602_men-category.jpg on this server | user: guest 
Error: Can't find /files/1788542750602_men-category.jpg on this server
    at D:\photo\store_uiux_polished\v1\backend\server.js:110:8
    at Layer.handleRequest (D:\photo\store_uiux_polished\v1\backend\node_modules\router\lib\layer.js:152:17)
    at trimPrefix (D:\photo\store_uiux_polished\v1\backend\node_modules\router\index.js:342:13)
    at D:\photo\store_uiux_polished\v1\backend\node_modules\router\index.js:297:9
    at processParams (D:\photo\store_uiux_polished\v1\backend\node_modules\router\index.js:582:12)
    at next (D:\photo\store_uiux_polished\v1\backend\node_modules\router\index.js:291:5)
    at SendStream.error (D:\photo\store_uiux_polished\v1\backend\node_modules\serve-static\index.js:120:7)
    at SendStream.emit (node:events:509:20)
    at SendStream.error (D:\photo\store_uiux_polished\v1\backend\node_modules\send\index.js:168:17)
    at SendStream.onStatError (D:\photo\store_uiux_polished\v1\backend\node_modules\send\index.js:315:12) 
09-09-2026 10:14:24 | ERROR | Error found | 404 | GET /files/1788542750602_men-category.jpg : Can't find /files/1788542750602_men-category.jpg on this server | user: guest 
Error: Can't find /files/1788542750602_men-category.jpg on this server
    at D:\photo\store_uiux_polished\v1\backend\server.js:110:8
    at Layer.handleRequest (D:\photo\store_uiux_polished\v1\backend\node_modules\router\lib\layer.js:152:17)
    at trimPrefix (D:\photo\store_uiux_polished\v1\backend\node_modules\router\index.js:342:13)
    at D:\photo\store_uiux_polished\v1\backend\node_modules\router\index.js:297:9
    at processParams (D:\photo\store_uiux_polished\v1\backend\node_modules\router\index.js:582:12)
    at next (D:\photo\store_uiux_polished\v1\backend\node_modules\router\index.js:291:5)
    at SendStream.error (D:\photo\store_uiux_polished\v1\backend\node_modules\serve-static\index.js:120:7)
    at SendStream.emit (node:events:509:20)
    at SendStream.error (D:\photo\store_uiux_polished\v1\backend\node_modules\send\index.js:168:17)
    at SendStream.onStatError (D:\photo\store_uiux_polished\v1\backend\node_modules\send\index.js:315:12) 
09-09-2026 10:14:42 | ERROR | Error found | 404 | GET /files/1788542750602_men-category.jpg : Can't find /files/1788542750602_men-category.jpg on this server | user: guest 
Error: Can't find /files/1788542750602_men-category.jpg on this server
    at D:\photo\store_uiux_polished\v1\backend\server.js:110:8
    at Layer.handleRequest (D:\photo\store_uiux_polished\v1\backend\node_modules\router\lib\layer.js:152:17)
    at trimPrefix (D:\photo\store_uiux_polished\v1\backend\node_modules\router\index.js:342:13)
    at D:\photo\store_uiux_polished\v1\backend\node_modules\router\index.js:297:9
    at processParams (D:\photo\store_uiux_polished\v1\backend\node_modules\router\index.js:582:12)
    at next (D:\photo\store_uiux_polished\v1\backend\node_modules\router\index.js:291:5)
    at SendStream.error (D:\photo\store_uiux_polished\v1\backend\node_modules\serve-static\index.js:120:7)
    at SendStream.emit (node:events:509:20)
    at SendStream.error (D:\photo\store_uiux_polished\v1\backend\node_modules\send\index.js:168:17)
    at SendStream.onStatError (D:\photo\store_uiux_polished\v1\backend\node_modules\send\index.js:315:12) 
09-09-2026 10:14:42 | ERROR | Error found | 404 | GET /files/1788430760414_Black_Denim_Jacket.jpg : Can't find /files/1788430760414_Black_Denim_Jacket.jpg on this server | user: guest 
Error: Can't find /files/1788430760414_Black_Denim_Jacket.jpg on this server
    at D:\photo\store_uiux_polished\v1\backend\server.js:110:8
    at Layer.handleRequest (D:\photo\store_uiux_polished\v1\backend\node_modules\router\lib\layer.js:152:17)
    at trimPrefix (D:\photo\store_uiux_polished\v1\backend\node_modules\router\index.js:342:13)
    at D:\photo\store_uiux_polished\v1\backend\node_modules\router\index.js:297:9
    at processParams (D:\photo\store_uiux_polished\v1\backend\node_modules\router\index.js:582:12)
    at next (D:\photo\store_uiux_polished\v1\backend\node_modules\router\index.js:291:5)
    at SendStream.error (D:\photo\store_uiux_polished\v1\backend\node_modules\serve-static\index.js:120:7)
    at SendStream.emit (node:events:509:20)
    at SendStream.error (D:\photo\store_uiux_polished\v1\backend\node_modules\send\index.js:168:17)
    at SendStream.onStatError (D:\photo\store_uiux_polished\v1\backend\node_modules\send\index.js:315:12) 
09-09-2026 10:14:59 | ERROR | Error found | 404 | GET /files/1788430760414_Black_Denim_Jacket.jpg : Can't find /files/1788430760414_Black_Denim_Jacket.jpg on this server | user: guest 
Error: Can't find /files/1788430760414_Black_Denim_Jacket.jpg on this server
    at D:\photo\store_uiux_polished\v1\backend\server.js:110:8
    at Layer.handleRequest (D:\photo\store_uiux_polished\v1\backend\node_modules\router\lib\layer.js:152:17)
    at trimPrefix (D:\photo\store_uiux_polished\v1\backend\node_modules\router\index.js:342:13)
    at D:\photo\store_uiux_polished\v1\backend\node_modules\router\index.js:297:9
    at processParams (D:\photo\store_uiux_polished\v1\backend\node_modules\router\index.js:582:12)
    at next (D:\photo\store_uiux_polished\v1\backend\node_modules\router\index.js:291:5)
    at SendStream.error (D:\photo\store_uiux_polished\v1\backend\node_modules\serve-static\index.js:120:7)
    at SendStream.emit (node:events:509:20)
    at SendStream.error (D:\photo\store_uiux_polished\v1\backend\node_modules\send\index.js:168:17)
    at SendStream.onStatError (D:\photo\store_uiux_polished\v1\backend\node_modules\send\index.js:315:12) 
09-09-2026 10:14:59 | ERROR | Error found | 404 | GET /files/1788542750602_men-category.jpg : Can't find /files/1788542750602_men-category.jpg on this server | user: guest 
Error: Can't find /files/1788542750602_men-category.jpg on this server
    at D:\photo\store_uiux_polished\v1\backend\server.js:110:8
    at Layer.handleRequest (D:\photo\store_uiux_polished\v1\backend\node_modules\router\lib\layer.js:152:17)
    at trimPrefix (D:\photo\store_uiux_polished\v1\backend\node_modules\router\index.js:342:13)
    at D:\photo\store_uiux_polished\v1\backend\node_modules\router\index.js:297:9
    at processParams (D:\photo\store_uiux_polished\v1\backend\node_modules\router\index.js:582:12)
    at next (D:\photo\store_uiux_polished\v1\backend\node_modules\router\index.js:291:5)
    at SendStream.error (D:\photo\store_uiux_polished\v1\backend\node_modules\serve-static\index.js:120:7)
    at SendStream.emit (node:events:509:20)
    at SendStream.error (D:\photo\store_uiux_polished\v1\backend\node_modules\send\index.js:168:17)
    at SendStream.onStatError (D:\photo\store_uiux_polished\v1\backend\node_modules\send\index.js:315:12) 
09-09-2026 10:15:08 | ERROR | Error found | 404 | GET /files/1788430760414_Black_Denim_Jacket.jpg : Can't find /files/1788430760414_Black_Denim_Jacket.jpg on this server | user: guest 
Error: Can't find /files/1788430760414_Black_Denim_Jacket.jpg on this server
    at D:\photo\store_uiux_polished\v1\backend\server.js:110:8
    at Layer.handleRequest (D:\photo\store_uiux_polished\v1\backend\node_modules\router\lib\layer.js:152:17)
    at trimPrefix (D:\photo\store_uiux_polished\v1\backend\node_modules\router\index.js:342:13)
    at D:\photo\store_uiux_polished\v1\backend\node_modules\router\index.js:297:9
    at processParams (D:\photo\store_uiux_polished\v1\backend\node_modules\router\index.js:582:12)
    at next (D:\photo\store_uiux_polished\v1\backend\node_modules\router\index.js:291:5)
    at SendStream.error (D:\photo\store_uiux_polished\v1\backend\node_modules\serve-static\index.js:120:7)
    at SendStream.emit (node:events:509:20)
    at SendStream.error (D:\photo\store_uiux_polished\v1\backend\node_modules\send\index.js:168:17)
    at SendStream.onStatError (D:\photo\store_uiux_polished\v1\backend\node_modules\send\index.js:315:12) 
09-09-2026 10:15:08 | ERROR | Error found | 404 | GET /files/1788542750602_men-category.jpg : Can't find /files/1788542750602_men-category.jpg on this server | user: guest 
Error: Can't find /files/1788542750602_men-category.jpg on this server
    at D:\photo\store_uiux_polished\v1\backend\server.js:110:8
    at Layer.handleRequest (D:\photo\store_uiux_polished\v1\backend\node_modules\router\lib\layer.js:152:17)
    at trimPrefix (D:\photo\store_uiux_polished\v1\backend\node_modules\router\index.js:342:13)
    at D:\photo\store_uiux_polished\v1\backend\node_modules\router\index.js:297:9
    at processParams (D:\photo\store_uiux_polished\v1\backend\node_modules\router\index.js:582:12)
    at next (D:\photo\store_uiux_polished\v1\backend\node_modules\router\index.js:291:5)
    at SendStream.error (D:\photo\store_uiux_polished\v1\backend\node_modules\serve-static\index.js:120:7)
    at SendStream.emit (node:events:509:20)
    at SendStream.error (D:\photo\store_uiux_polished\v1\backend\node_modules\send\index.js:168:17)
    at SendStream.onStatError (D:\photo\store_uiux_polished\v1\backend\node_modules\send\index.js:315:12) 
09-09-2026 10:24:45 | INFO | Testimonial created: 6aa109bd9eeedeedb728b238 by Abdelrhman  
09-09-2026 10:25:05 | INFO | Testimonial 6aa109bd9eeedeedb728b238 accepted by Abdelrhman  
09-09-2026 10:25:13 | ERROR | Error found | 404 | GET /files/1788430760414_Black_Denim_Jacket.jpg : Can't find /files/1788430760414_Black_Denim_Jacket.jpg on this server | user: guest 
Error: Can't find /files/1788430760414_Black_Denim_Jacket.jpg on this server
    at D:\photo\store_uiux_polished\v1\backend\server.js:110:8
    at Layer.handleRequest (D:\photo\store_uiux_polished\v1\backend\node_modules\router\lib\layer.js:152:17)
    at trimPrefix (D:\photo\store_uiux_polished\v1\backend\node_modules\router\index.js:342:13)
    at D:\photo\store_uiux_polished\v1\backend\node_modules\router\index.js:297:9
    at processParams (D:\photo\store_uiux_polished\v1\backend\node_modules\router\index.js:582:12)
    at next (D:\photo\store_uiux_polished\v1\backend\node_modules\router\index.js:291:5)
    at SendStream.error (D:\photo\store_uiux_polished\v1\backend\node_modules\serve-static\index.js:120:7)
    at SendStream.emit (node:events:509:20)
    at SendStream.error (D:\photo\store_uiux_polished\v1\backend\node_modules\send\index.js:168:17)
    at SendStream.onStatError (D:\photo\store_uiux_polished\v1\backend\node_modules\send\index.js:315:12) 
09-09-2026 10:25:13 | ERROR | Error found | 404 | GET /files/1788542750602_men-category.jpg : Can't find /files/1788542750602_men-category.jpg on this server | user: guest 
Error: Can't find /files/1788542750602_men-category.jpg on this server
    at D:\photo\store_uiux_polished\v1\backend\server.js:110:8
    at Layer.handleRequest (D:\photo\store_uiux_polished\v1\backend\node_modules\router\lib\layer.js:152:17)
    at trimPrefix (D:\photo\store_uiux_polished\v1\backend\node_modules\router\index.js:342:13)
    at D:\photo\store_uiux_polished\v1\backend\node_modules\router\index.js:297:9
    at processParams (D:\photo\store_uiux_polished\v1\backend\node_modules\router\index.js:582:12)
    at next (D:\photo\store_uiux_polished\v1\backend\node_modules\router\index.js:291:5)
    at SendStream.error (D:\photo\store_uiux_polished\v1\backend\node_modules\serve-static\index.js:120:7)
    at SendStream.emit (node:events:509:20)
    at SendStream.error (D:\photo\store_uiux_polished\v1\backend\node_modules\send\index.js:168:17)
    at SendStream.onStatError (D:\photo\store_uiux_polished\v1\backend\node_modules\send\index.js:315:12) 
09-09-2026 10:25:13 | ERROR | Error found | 404 | GET /files/1788430760414_Black_Denim_Jacket.jpg : Can't find /files/1788430760414_Black_Denim_Jacket.jpg on this server | user: guest 
Error: Can't find /files/1788430760414_Black_Denim_Jacket.jpg on this server
    at D:\photo\store_uiux_polished\v1\backend\server.js:110:8
    at Layer.handleRequest (D:\photo\store_uiux_polished\v1\backend\node_modules\router\lib\layer.js:152:17)
    at trimPrefix (D:\photo\store_uiux_polished\v1\backend\node_modules\router\index.js:342:13)
    at D:\photo\store_uiux_polished\v1\backend\node_modules\router\index.js:297:9
    at processParams (D:\photo\store_uiux_polished\v1\backend\node_modules\router\index.js:582:12)
    at next (D:\photo\store_uiux_polished\v1\backend\node_modules\router\index.js:291:5)
    at SendStream.error (D:\photo\store_uiux_polished\v1\backend\node_modules\serve-static\index.js:120:7)
    at SendStream.emit (node:events:509:20)
    at SendStream.error (D:\photo\store_uiux_polished\v1\backend\node_modules\send\index.js:168:17)
    at SendStream.onStatError (D:\photo\store_uiux_polished\v1\backend\node_modules\send\index.js:315:12) 
09-09-2026 10:25:14 | ERROR | Error found | 404 | GET /files/1788430760414_Black_Denim_Jacket.jpg : Can't find /files/1788430760414_Black_Denim_Jacket.jpg on this server | user: guest 
Error: Can't find /files/1788430760414_Black_Denim_Jacket.jpg on this server
    at D:\photo\store_uiux_polished\v1\backend\server.js:110:8
    at Layer.handleRequest (D:\photo\store_uiux_polished\v1\backend\node_modules\router\lib\layer.js:152:17)
    at trimPrefix (D:\photo\store_uiux_polished\v1\backend\node_modules\router\index.js:342:13)
    at D:\photo\store_uiux_polished\v1\backend\node_modules\router\index.js:297:9
    at processParams (D:\photo\store_uiux_polished\v1\backend\node_modules\router\index.js:582:12)
    at next (D:\photo\store_uiux_polished\v1\backend\node_modules\router\index.js:291:5)
    at SendStream.error (D:\photo\store_uiux_polished\v1\backend\node_modules\serve-static\index.js:120:7)
    at SendStream.emit (node:events:509:20)
    at SendStream.error (D:\photo\store_uiux_polished\v1\backend\node_modules\send\index.js:168:17)
    at SendStream.onStatError (D:\photo\store_uiux_polished\v1\backend\node_modules\send\index.js:315:12) 
09-09-2026 10:25:14 | ERROR | Error found | 404 | GET /files/1788542750602_men-category.jpg : Can't find /files/1788542750602_men-category.jpg on this server | user: guest 
Error: Can't find /files/1788542750602_men-category.jpg on this server
    at D:\photo\store_uiux_polished\v1\backend\server.js:110:8
    at Layer.handleRequest (D:\photo\store_uiux_polished\v1\backend\node_modules\router\lib\layer.js:152:17)
    at trimPrefix (D:\photo\store_uiux_polished\v1\backend\node_modules\router\index.js:342:13)
    at D:\photo\store_uiux_polished\v1\backend\node_modules\router\index.js:297:9
    at processParams (D:\photo\store_uiux_polished\v1\backend\node_modules\router\index.js:582:12)
    at next (D:\photo\store_uiux_polished\v1\backend\node_modules\router\index.js:291:5)
    at SendStream.error (D:\photo\store_uiux_polished\v1\backend\node_modules\serve-static\index.js:120:7)
    at SendStream.emit (node:events:509:20)
    at SendStream.error (D:\photo\store_uiux_polished\v1\backend\node_modules\send\index.js:168:17)
    at SendStream.onStatError (D:\photo\store_uiux_polished\v1\backend\node_modules\send\index.js:315:12) 
09-09-2026 10:32:48 | ERROR | Error found | 404 | GET /files/1788430760414_Black_Denim_Jacket.jpg : Can't find /files/1788430760414_Black_Denim_Jacket.jpg on this server | user: guest 
Error: Can't find /files/1788430760414_Black_Denim_Jacket.jpg on this server
    at D:\photo\store_uiux_polished\v1\backend\server.js:110:8
    at Layer.handleRequest (D:\photo\store_uiux_polished\v1\backend\node_modules\router\lib\layer.js:152:17)
    at trimPrefix (D:\photo\store_uiux_polished\v1\backend\node_modules\router\index.js:342:13)
    at D:\photo\store_uiux_polished\v1\backend\node_modules\router\index.js:297:9
    at processParams (D:\photo\store_uiux_polished\v1\backend\node_modules\router\index.js:582:12)
    at next (D:\photo\store_uiux_polished\v1\backend\node_modules\router\index.js:291:5)
    at SendStream.error (D:\photo\store_uiux_polished\v1\backend\node_modules\serve-static\index.js:120:7)
    at SendStream.emit (node:events:509:20)
    at SendStream.error (D:\photo\store_uiux_polished\v1\backend\node_modules\send\index.js:168:17)
    at SendStream.onStatError (D:\photo\store_uiux_polished\v1\backend\node_modules\send\index.js:315:12) 
09-09-2026 10:32:48 | ERROR | Error found | 404 | GET /files/1788542750602_men-category.jpg : Can't find /files/1788542750602_men-category.jpg on this server | user: guest 
Error: Can't find /files/1788542750602_men-category.jpg on this server
    at D:\photo\store_uiux_polished\v1\backend\server.js:110:8
    at Layer.handleRequest (D:\photo\store_uiux_polished\v1\backend\node_modules\router\lib\layer.js:152:17)
    at trimPrefix (D:\photo\store_uiux_polished\v1\backend\node_modules\router\index.js:342:13)
    at D:\photo\store_uiux_polished\v1\backend\node_modules\router\index.js:297:9
    at processParams (D:\photo\store_uiux_polished\v1\backend\node_modules\router\index.js:582:12)
    at next (D:\photo\store_uiux_polished\v1\backend\node_modules\router\index.js:291:5)
    at SendStream.error (D:\photo\store_uiux_polished\v1\backend\node_modules\serve-static\index.js:120:7)
    at SendStream.emit (node:events:509:20)
    at SendStream.error (D:\photo\store_uiux_polished\v1\backend\node_modules\send\index.js:168:17)
    at SendStream.onStatError (D:\photo\store_uiux_polished\v1\backend\node_modules\send\index.js:315:12) 
09-09-2026 10:32:49 | ERROR | Error found | 404 | GET /files/1788430760414_Black_Denim_Jacket.jpg : Can't find /files/1788430760414_Black_Denim_Jacket.jpg on this server | user: guest 
Error: Can't find /files/1788430760414_Black_Denim_Jacket.jpg on this server
    at D:\photo\store_uiux_polished\v1\backend\server.js:110:8
    at Layer.handleRequest (D:\photo\store_uiux_polished\v1\backend\node_modules\router\lib\layer.js:152:17)
    at trimPrefix (D:\photo\store_uiux_polished\v1\backend\node_modules\router\index.js:342:13)
    at D:\photo\store_uiux_polished\v1\backend\node_modules\router\index.js:297:9
    at processParams (D:\photo\store_uiux_polished\v1\backend\node_modules\router\index.js:582:12)
    at next (D:\photo\store_uiux_polished\v1\backend\node_modules\router\index.js:291:5)
    at SendStream.error (D:\photo\store_uiux_polished\v1\backend\node_modules\serve-static\index.js:120:7)
    at SendStream.emit (node:events:509:20)
    at SendStream.error (D:\photo\store_uiux_polished\v1\backend\node_modules\send\index.js:168:17)
    at SendStream.onStatError (D:\photo\store_uiux_polished\v1\backend\node_modules\send\index.js:315:12) 
09-09-2026 10:32:50 | ERROR | Error found | 404 | GET /files/1788430760414_Black_Denim_Jacket.jpg : Can't find /files/1788430760414_Black_Denim_Jacket.jpg on this server | user: guest 
Error: Can't find /files/1788430760414_Black_Denim_Jacket.jpg on this server
    at D:\photo\store_uiux_polished\v1\backend\server.js:110:8
    at Layer.handleRequest (D:\photo\store_uiux_polished\v1\backend\node_modules\router\lib\layer.js:152:17)
    at trimPrefix (D:\photo\store_uiux_polished\v1\backend\node_modules\router\index.js:342:13)
    at D:\photo\store_uiux_polished\v1\backend\node_modules\router\index.js:297:9
    at processParams (D:\photo\store_uiux_polished\v1\backend\node_modules\router\index.js:582:12)
    at next (D:\photo\store_uiux_polished\v1\backend\node_modules\router\index.js:291:5)
    at SendStream.error (D:\photo\store_uiux_polished\v1\backend\node_modules\serve-static\index.js:120:7)
    at SendStream.emit (node:events:509:20)
    at SendStream.error (D:\photo\store_uiux_polished\v1\backend\node_modules\send\index.js:168:17)
    at SendStream.onStatError (D:\photo\store_uiux_polished\v1\backend\node_modules\send\index.js:315:12) 
09-09-2026 10:32:50 | ERROR | Error found | 404 | GET /files/1788542750602_men-category.jpg : Can't find /files/1788542750602_men-category.jpg on this server | user: guest 
Error: Can't find /files/1788542750602_men-category.jpg on this server
    at D:\photo\store_uiux_polished\v1\backend\server.js:110:8
    at Layer.handleRequest (D:\photo\store_uiux_polished\v1\backend\node_modules\router\lib\layer.js:152:17)
    at trimPrefix (D:\photo\store_uiux_polished\v1\backend\node_modules\router\index.js:342:13)
    at D:\photo\store_uiux_polished\v1\backend\node_modules\router\index.js:297:9
    at processParams (D:\photo\store_uiux_polished\v1\backend\node_modules\router\index.js:582:12)
    at next (D:\photo\store_uiux_polished\v1\backend\node_modules\router\index.js:291:5)
    at SendStream.error (D:\photo\store_uiux_polished\v1\backend\node_modules\serve-static\index.js:120:7)
    at SendStream.emit (node:events:509:20)
    at SendStream.error (D:\photo\store_uiux_polished\v1\backend\node_modules\send\index.js:168:17)
    at SendStream.onStatError (D:\photo\store_uiux_polished\v1\backend\node_modules\send\index.js:315:12) 
09-09-2026 10:32:54 | ERROR | Error found | 404 | GET /files/1788542750602_men-category.jpg : Can't find /files/1788542750602_men-category.jpg on this server | user: guest 
Error: Can't find /files/1788542750602_men-category.jpg on this server
    at D:\photo\store_uiux_polished\v1\backend\server.js:110:8
    at Layer.handleRequest (D:\photo\store_uiux_polished\v1\backend\node_modules\router\lib\layer.js:152:17)
    at trimPrefix (D:\photo\store_uiux_polished\v1\backend\node_modules\router\index.js:342:13)
    at D:\photo\store_uiux_polished\v1\backend\node_modules\router\index.js:297:9
    at processParams (D:\photo\store_uiux_polished\v1\backend\node_modules\router\index.js:582:12)
    at next (D:\photo\store_uiux_polished\v1\backend\node_modules\router\index.js:291:5)
    at SendStream.error (D:\photo\store_uiux_polished\v1\backend\node_modules\serve-static\index.js:120:7)
    at SendStream.emit (node:events:509:20)
    at SendStream.error (D:\photo\store_uiux_polished\v1\backend\node_modules\send\index.js:168:17)
    at SendStream.onStatError (D:\photo\store_uiux_polished\v1\backend\node_modules\send\index.js:315:12) 
09-09-2026 10:32:54 | ERROR | Error found | 404 | GET /files/1788430760414_Black_Denim_Jacket.jpg : Can't find /files/1788430760414_Black_Denim_Jacket.jpg on this server | user: guest 
Error: Can't find /files/1788430760414_Black_Denim_Jacket.jpg on this server
    at D:\photo\store_uiux_polished\v1\backend\server.js:110:8
    at Layer.handleRequest (D:\photo\store_uiux_polished\v1\backend\node_modules\router\lib\layer.js:152:17)
    at trimPrefix (D:\photo\store_uiux_polished\v1\backend\node_modules\router\index.js:342:13)
    at D:\photo\store_uiux_polished\v1\backend\node_modules\router\index.js:297:9
    at processParams (D:\photo\store_uiux_polished\v1\backend\node_modules\router\index.js:582:12)
    at next (D:\photo\store_uiux_polished\v1\backend\node_modules\router\index.js:291:5)
    at SendStream.error (D:\photo\store_uiux_polished\v1\backend\node_modules\serve-static\index.js:120:7)
    at SendStream.emit (node:events:509:20)
    at SendStream.error (D:\photo\store_uiux_polished\v1\backend\node_modules\send\index.js:168:17)
    at SendStream.onStatError (D:\photo\store_uiux_polished\v1\backend\node_modules\send\index.js:315:12) 
09-09-2026 10:33:24 | ERROR | Error found | 404 | GET /files/1788430760414_Black_Denim_Jacket.jpg : Can't find /files/1788430760414_Black_Denim_Jacket.jpg on this server | user: guest 
Error: Can't find /files/1788430760414_Black_Denim_Jacket.jpg on this server
    at D:\photo\store_uiux_polished\v1\backend\server.js:110:8
    at Layer.handleRequest (D:\photo\store_uiux_polished\v1\backend\node_modules\router\lib\layer.js:152:17)
    at trimPrefix (D:\photo\store_uiux_polished\v1\backend\node_modules\router\index.js:342:13)
    at D:\photo\store_uiux_polished\v1\backend\node_modules\router\index.js:297:9
    at processParams (D:\photo\store_uiux_polished\v1\backend\node_modules\router\index.js:582:12)
    at next (D:\photo\store_uiux_polished\v1\backend\node_modules\router\index.js:291:5)
    at SendStream.error (D:\photo\store_uiux_polished\v1\backend\node_modules\serve-static\index.js:120:7)
    at SendStream.emit (node:events:509:20)
    at SendStream.error (D:\photo\store_uiux_polished\v1\backend\node_modules\send\index.js:168:17)
    at SendStream.onStatError (D:\photo\store_uiux_polished\v1\backend\node_modules\send\index.js:315:12) 
09-09-2026 10:33:24 | ERROR | Error found | 404 | GET /files/1788542750602_men-category.jpg : Can't find /files/1788542750602_men-category.jpg on this server | user: guest 
Error: Can't find /files/1788542750602_men-category.jpg on this server
    at D:\photo\store_uiux_polished\v1\backend\server.js:110:8
    at Layer.handleRequest (D:\photo\store_uiux_polished\v1\backend\node_modules\router\lib\layer.js:152:17)
    at trimPrefix (D:\photo\store_uiux_polished\v1\backend\node_modules\router\index.js:342:13)
    at D:\photo\store_uiux_polished\v1\backend\node_modules\router\index.js:297:9
    at processParams (D:\photo\store_uiux_polished\v1\backend\node_modules\router\index.js:582:12)
    at next (D:\photo\store_uiux_polished\v1\backend\node_modules\router\index.js:291:5)
    at SendStream.error (D:\photo\store_uiux_polished\v1\backend\node_modules\serve-static\index.js:120:7)
    at SendStream.emit (node:events:509:20)
    at SendStream.error (D:\photo\store_uiux_polished\v1\backend\node_modules\send\index.js:168:17)
    at SendStream.onStatError (D:\photo\store_uiux_polished\v1\backend\node_modules\send\index.js:315:12) 
09-09-2026 10:33:24 | ERROR | Error found | 404 | GET /files/1788430760414_Black_Denim_Jacket.jpg : Can't find /files/1788430760414_Black_Denim_Jacket.jpg on this server | user: guest 
Error: Can't find /files/1788430760414_Black_Denim_Jacket.jpg on this server
    at D:\photo\store_uiux_polished\v1\backend\server.js:110:8
    at Layer.handleRequest (D:\photo\store_uiux_polished\v1\backend\node_modules\router\lib\layer.js:152:17)
    at trimPrefix (D:\photo\store_uiux_polished\v1\backend\node_modules\router\index.js:342:13)
    at D:\photo\store_uiux_polished\v1\backend\node_modules\router\index.js:297:9
    at processParams (D:\photo\store_uiux_polished\v1\backend\node_modules\router\index.js:582:12)
    at next (D:\photo\store_uiux_polished\v1\backend\node_modules\router\index.js:291:5)
    at SendStream.error (D:\photo\store_uiux_polished\v1\backend\node_modules\serve-static\index.js:120:7)
    at SendStream.emit (node:events:509:20)
    at SendStream.error (D:\photo\store_uiux_polished\v1\backend\node_modules\send\index.js:168:17)
    at SendStream.onStatError (D:\photo\store_uiux_polished\v1\backend\node_modules\send\index.js:315:12) 
09-09-2026 10:33:24 | ERROR | Error found | 404 | GET /files/1788430760414_Black_Denim_Jacket.jpg : Can't find /files/1788430760414_Black_Denim_Jacket.jpg on this server | user: guest 
Error: Can't find /files/1788430760414_Black_Denim_Jacket.jpg on this server
    at D:\photo\store_uiux_polished\v1\backend\server.js:110:8
    at Layer.handleRequest (D:\photo\store_uiux_polished\v1\backend\node_modules\router\lib\layer.js:152:17)
    at trimPrefix (D:\photo\store_uiux_polished\v1\backend\node_modules\router\index.js:342:13)
    at D:\photo\store_uiux_polished\v1\backend\node_modules\router\index.js:297:9
    at processParams (D:\photo\store_uiux_polished\v1\backend\node_modules\router\index.js:582:12)
    at next (D:\photo\store_uiux_polished\v1\backend\node_modules\router\index.js:291:5)
    at SendStream.error (D:\photo\store_uiux_polished\v1\backend\node_modules\serve-static\index.js:120:7)
    at SendStream.emit (node:events:509:20)
    at SendStream.error (D:\photo\store_uiux_polished\v1\backend\node_modules\send\index.js:168:17)
    at SendStream.onStatError (D:\photo\store_uiux_polished\v1\backend\node_modules\send\index.js:315:12) 
09-09-2026 10:33:24 | ERROR | Error found | 404 | GET /files/1788542750602_men-category.jpg : Can't find /files/1788542750602_men-category.jpg on this server | user: guest 
Error: Can't find /files/1788542750602_men-category.jpg on this server
    at D:\photo\store_uiux_polished\v1\backend\server.js:110:8
    at Layer.handleRequest (D:\photo\store_uiux_polished\v1\backend\node_modules\router\lib\layer.js:152:17)
    at trimPrefix (D:\photo\store_uiux_polished\v1\backend\node_modules\router\index.js:342:13)
    at D:\photo\store_uiux_polished\v1\backend\node_modules\router\index.js:297:9
    at processParams (D:\photo\store_uiux_polished\v1\backend\node_modules\router\index.js:582:12)
    at next (D:\photo\store_uiux_polished\v1\backend\node_modules\router\index.js:291:5)
    at SendStream.error (D:\photo\store_uiux_polished\v1\backend\node_modules\serve-static\index.js:120:7)
    at SendStream.emit (node:events:509:20)
    at SendStream.error (D:\photo\store_uiux_polished\v1\backend\node_modules\send\index.js:168:17)
    at SendStream.onStatError (D:\photo\store_uiux_polished\v1\backend\node_modules\send\index.js:315:12) 
09-09-2026 10:34:33 | ERROR | Error found | 404 | GET /files/1788430760414_Black_Denim_Jacket.jpg : Can't find /files/1788430760414_Black_Denim_Jacket.jpg on this server | user: guest 
Error: Can't find /files/1788430760414_Black_Denim_Jacket.jpg on this server
    at D:\photo\store_uiux_polished\v1\backend\server.js:110:8
    at Layer.handleRequest (D:\photo\store_uiux_polished\v1\backend\node_modules\router\lib\layer.js:152:17)
    at trimPrefix (D:\photo\store_uiux_polished\v1\backend\node_modules\router\index.js:342:13)
    at D:\photo\store_uiux_polished\v1\backend\node_modules\router\index.js:297:9
    at processParams (D:\photo\store_uiux_polished\v1\backend\node_modules\router\index.js:582:12)
    at next (D:\photo\store_uiux_polished\v1\backend\node_modules\router\index.js:291:5)
    at SendStream.error (D:\photo\store_uiux_polished\v1\backend\node_modules\serve-static\index.js:120:7)
    at SendStream.emit (node:events:509:20)
    at SendStream.error (D:\photo\store_uiux_polished\v1\backend\node_modules\send\index.js:168:17)
    at SendStream.onStatError (D:\photo\store_uiux_polished\v1\backend\node_modules\send\index.js:315:12) 
09-09-2026 10:34:33 | ERROR | Error found | 404 | GET /files/1788542750602_men-category.jpg : Can't find /files/1788542750602_men-category.jpg on this server | user: guest 
Error: Can't find /files/1788542750602_men-category.jpg on this server
    at D:\photo\store_uiux_polished\v1\backend\server.js:110:8
    at Layer.handleRequest (D:\photo\store_uiux_polished\v1\backend\node_modules\router\lib\layer.js:152:17)
    at trimPrefix (D:\photo\store_uiux_polished\v1\backend\node_modules\router\index.js:342:13)
    at D:\photo\store_uiux_polished\v1\backend\node_modules\router\index.js:297:9
    at processParams (D:\photo\store_uiux_polished\v1\backend\node_modules\router\index.js:582:12)
    at next (D:\photo\store_uiux_polished\v1\backend\node_modules\router\index.js:291:5)
    at SendStream.error (D:\photo\store_uiux_polished\v1\backend\node_modules\serve-static\index.js:120:7)
    at SendStream.emit (node:events:509:20)
    at SendStream.error (D:\photo\store_uiux_polished\v1\backend\node_modules\send\index.js:168:17)
    at SendStream.onStatError (D:\photo\store_uiux_polished\v1\backend\node_modules\send\index.js:315:12) 
09-09-2026 10:34:43 | ERROR | Error found | 404 | GET /files/1788542750602_men-category.jpg : Can't find /files/1788542750602_men-category.jpg on this server | user: guest 
Error: Can't find /files/1788542750602_men-category.jpg on this server
    at D:\photo\store_uiux_polished\v1\backend\server.js:110:8
    at Layer.handleRequest (D:\photo\store_uiux_polished\v1\backend\node_modules\router\lib\layer.js:152:17)
    at trimPrefix (D:\photo\store_uiux_polished\v1\backend\node_modules\router\index.js:342:13)
    at D:\photo\store_uiux_polished\v1\backend\node_modules\router\index.js:297:9
    at processParams (D:\photo\store_uiux_polished\v1\backend\node_modules\router\index.js:582:12)
    at next (D:\photo\store_uiux_polished\v1\backend\node_modules\router\index.js:291:5)
    at SendStream.error (D:\photo\store_uiux_polished\v1\backend\node_modules\serve-static\index.js:120:7)
    at SendStream.emit (node:events:509:20)
    at SendStream.error (D:\photo\store_uiux_polished\v1\backend\node_modules\send\index.js:168:17)
    at SendStream.onStatError (D:\photo\store_uiux_polished\v1\backend\node_modules\send\index.js:315:12) 
09-09-2026 10:34:43 | ERROR | Error found | 404 | GET /files/1788430760414_Black_Denim_Jacket.jpg : Can't find /files/1788430760414_Black_Denim_Jacket.jpg on this server | user: guest 
Error: Can't find /files/1788430760414_Black_Denim_Jacket.jpg on this server
    at D:\photo\store_uiux_polished\v1\backend\server.js:110:8
    at Layer.handleRequest (D:\photo\store_uiux_polished\v1\backend\node_modules\router\lib\layer.js:152:17)
    at trimPrefix (D:\photo\store_uiux_polished\v1\backend\node_modules\router\index.js:342:13)
    at D:\photo\store_uiux_polished\v1\backend\node_modules\router\index.js:297:9
    at processParams (D:\photo\store_uiux_polished\v1\backend\node_modules\router\index.js:582:12)
    at next (D:\photo\store_uiux_polished\v1\backend\node_modules\router\index.js:291:5)
    at SendStream.error (D:\photo\store_uiux_polished\v1\backend\node_modules\serve-static\index.js:120:7)
    at SendStream.emit (node:events:509:20)
    at SendStream.error (D:\photo\store_uiux_polished\v1\backend\node_modules\send\index.js:168:17)
    at SendStream.onStatError (D:\photo\store_uiux_polished\v1\backend\node_modules\send\index.js:315:12) 
09-09-2026 10:34:47 | ERROR | Error found | 404 | GET /files/1788430760414_Black_Denim_Jacket.jpg : Can't find /files/1788430760414_Black_Denim_Jacket.jpg on this server | user: guest 
Error: Can't find /files/1788430760414_Black_Denim_Jacket.jpg on this server
    at D:\photo\store_uiux_polished\v1\backend\server.js:110:8
    at Layer.handleRequest (D:\photo\store_uiux_polished\v1\backend\node_modules\router\lib\layer.js:152:17)
    at trimPrefix (D:\photo\store_uiux_polished\v1\backend\node_modules\router\index.js:342:13)
    at D:\photo\store_uiux_polished\v1\backend\node_modules\router\index.js:297:9
    at processParams (D:\photo\store_uiux_polished\v1\backend\node_modules\router\index.js:582:12)
    at next (D:\photo\store_uiux_polished\v1\backend\node_modules\router\index.js:291:5)
    at SendStream.error (D:\photo\store_uiux_polished\v1\backend\node_modules\serve-static\index.js:120:7)
    at SendStream.emit (node:events:509:20)
    at SendStream.error (D:\photo\store_uiux_polished\v1\backend\node_modules\send\index.js:168:17)
    at SendStream.onStatError (D:\photo\store_uiux_polished\v1\backend\node_modules\send\index.js:315:12) 
09-09-2026 10:34:47 | ERROR | Error found | 404 | GET /files/1788542750602_men-category.jpg : Can't find /files/1788542750602_men-category.jpg on this server | user: guest 
Error: Can't find /files/1788542750602_men-category.jpg on this server
    at D:\photo\store_uiux_polished\v1\backend\server.js:110:8
    at Layer.handleRequest (D:\photo\store_uiux_polished\v1\backend\node_modules\router\lib\layer.js:152:17)
    at trimPrefix (D:\photo\store_uiux_polished\v1\backend\node_modules\router\index.js:342:13)
    at D:\photo\store_uiux_polished\v1\backend\node_modules\router\index.js:297:9
    at processParams (D:\photo\store_uiux_polished\v1\backend\node_modules\router\index.js:582:12)
    at next (D:\photo\store_uiux_polished\v1\backend\node_modules\router\index.js:291:5)
    at SendStream.error (D:\photo\store_uiux_polished\v1\backend\node_modules\serve-static\index.js:120:7)
    at SendStream.emit (node:events:509:20)
    at SendStream.error (D:\photo\store_uiux_polished\v1\backend\node_modules\send\index.js:168:17)
    at SendStream.onStatError (D:\photo\store_uiux_polished\v1\backend\node_modules\send\index.js:315:12) 
09-09-2026 10:34:47 | ERROR | Error found | 404 | GET /files/1788430760414_Black_Denim_Jacket.jpg : Can't find /files/1788430760414_Black_Denim_Jacket.jpg on this server | user: guest 
Error: Can't find /files/1788430760414_Black_Denim_Jacket.jpg on this server
    at D:\photo\store_uiux_polished\v1\backend\server.js:110:8
    at Layer.handleRequest (D:\photo\store_uiux_polished\v1\backend\node_modules\router\lib\layer.js:152:17)
    at trimPrefix (D:\photo\store_uiux_polished\v1\backend\node_modules\router\index.js:342:13)
    at D:\photo\store_uiux_polished\v1\backend\node_modules\router\index.js:297:9
    at processParams (D:\photo\store_uiux_polished\v1\backend\node_modules\router\index.js:582:12)
    at next (D:\photo\store_uiux_polished\v1\backend\node_modules\router\index.js:291:5)
    at SendStream.error (D:\photo\store_uiux_polished\v1\backend\node_modules\serve-static\index.js:120:7)
    at SendStream.emit (node:events:509:20)
    at SendStream.error (D:\photo\store_uiux_polished\v1\backend\node_modules\send\index.js:168:17)
    at SendStream.onStatError (D:\photo\store_uiux_polished\v1\backend\node_modules\send\index.js:315:12) 
09-09-2026 10:34:48 | ERROR | Error found | 404 | GET /files/1788430760414_Black_Denim_Jacket.jpg : Can't find /files/1788430760414_Black_Denim_Jacket.jpg on this server | user: guest 
Error: Can't find /files/1788430760414_Black_Denim_Jacket.jpg on this server
    at D:\photo\store_uiux_polished\v1\backend\server.js:110:8
    at Layer.handleRequest (D:\photo\store_uiux_polished\v1\backend\node_modules\router\lib\layer.js:152:17)
    at trimPrefix (D:\photo\store_uiux_polished\v1\backend\node_modules\router\index.js:342:13)
    at D:\photo\store_uiux_polished\v1\backend\node_modules\router\index.js:297:9
    at processParams (D:\photo\store_uiux_polished\v1\backend\node_modules\router\index.js:582:12)
    at next (D:\photo\store_uiux_polished\v1\backend\node_modules\router\index.js:291:5)
    at SendStream.error (D:\photo\store_uiux_polished\v1\backend\node_modules\serve-static\index.js:120:7)
    at SendStream.emit (node:events:509:20)
    at SendStream.error (D:\photo\store_uiux_polished\v1\backend\node_modules\send\index.js:168:17)
    at SendStream.onStatError (D:\photo\store_uiux_polished\v1\backend\node_modules\send\index.js:315:12) 
09-09-2026 10:34:48 | ERROR | Error found | 404 | GET /files/1788542750602_men-category.jpg : Can't find /files/1788542750602_men-category.jpg on this server | user: guest 
Error: Can't find /files/1788542750602_men-category.jpg on this server
    at D:\photo\store_uiux_polished\v1\backend\server.js:110:8
    at Layer.handleRequest (D:\photo\store_uiux_polished\v1\backend\node_modules\router\lib\layer.js:152:17)
    at trimPrefix (D:\photo\store_uiux_polished\v1\backend\node_modules\router\index.js:342:13)
    at D:\photo\store_uiux_polished\v1\backend\node_modules\router\index.js:297:9
    at processParams (D:\photo\store_uiux_polished\v1\backend\node_modules\router\index.js:582:12)
    at next (D:\photo\store_uiux_polished\v1\backend\node_modules\router\index.js:291:5)
    at SendStream.error (D:\photo\store_uiux_polished\v1\backend\node_modules\serve-static\index.js:120:7)
    at SendStream.emit (node:events:509:20)
    at SendStream.error (D:\photo\store_uiux_polished\v1\backend\node_modules\send\index.js:168:17)
    at SendStream.onStatError (D:\photo\store_uiux_polished\v1\backend\node_modules\send\index.js:315:12) 
09-09-2026 10:37:18 | ERROR | Error found | 404 | GET /files/1788430760414_Black_Denim_Jacket.jpg : Can't find /files/1788430760414_Black_Denim_Jacket.jpg on this server | user: guest 
Error: Can't find /files/1788430760414_Black_Denim_Jacket.jpg on this server
    at D:\photo\store_uiux_polished\v1\backend\server.js:110:8
    at Layer.handleRequest (D:\photo\store_uiux_polished\v1\backend\node_modules\router\lib\layer.js:152:17)
    at trimPrefix (D:\photo\store_uiux_polished\v1\backend\node_modules\router\index.js:342:13)
    at D:\photo\store_uiux_polished\v1\backend\node_modules\router\index.js:297:9
    at processParams (D:\photo\store_uiux_polished\v1\backend\node_modules\router\index.js:582:12)
    at next (D:\photo\store_uiux_polished\v1\backend\node_modules\router\index.js:291:5)
    at SendStream.error (D:\photo\store_uiux_polished\v1\backend\node_modules\serve-static\index.js:120:7)
    at SendStream.emit (node:events:509:20)
    at SendStream.error (D:\photo\store_uiux_polished\v1\backend\node_modules\send\index.js:168:17)
    at SendStream.onStatError (D:\photo\store_uiux_polished\v1\backend\node_modules\send\index.js:315:12) 
09-09-2026 10:37:18 | ERROR | Error found | 404 | GET /files/1788542750602_men-category.jpg : Can't find /files/1788542750602_men-category.jpg on this server | user: guest 
Error: Can't find /files/1788542750602_men-category.jpg on this server
    at D:\photo\store_uiux_polished\v1\backend\server.js:110:8
    at Layer.handleRequest (D:\photo\store_uiux_polished\v1\backend\node_modules\router\lib\layer.js:152:17)
    at trimPrefix (D:\photo\store_uiux_polished\v1\backend\node_modules\router\index.js:342:13)
    at D:\photo\store_uiux_polished\v1\backend\node_modules\router\index.js:297:9
    at processParams (D:\photo\store_uiux_polished\v1\backend\node_modules\router\index.js:582:12)
    at next (D:\photo\store_uiux_polished\v1\backend\node_modules\router\index.js:291:5)
    at SendStream.error (D:\photo\store_uiux_polished\v1\backend\node_modules\serve-static\index.js:120:7)
    at SendStream.emit (node:events:509:20)
    at SendStream.error (D:\photo\store_uiux_polished\v1\backend\node_modules\send\index.js:168:17)
    at SendStream.onStatError (D:\photo\store_uiux_polished\v1\backend\node_modules\send\index.js:315:12) 
09-09-2026 10:37:18 | ERROR | Error found | 404 | GET /files/1788430760414_Black_Denim_Jacket.jpg : Can't find /files/1788430760414_Black_Denim_Jacket.jpg on this server | user: guest 
Error: Can't find /files/1788430760414_Black_Denim_Jacket.jpg on this server
    at D:\photo\store_uiux_polished\v1\backend\server.js:110:8
    at Layer.handleRequest (D:\photo\store_uiux_polished\v1\backend\node_modules\router\lib\layer.js:152:17)
    at trimPrefix (D:\photo\store_uiux_polished\v1\backend\node_modules\router\index.js:342:13)
    at D:\photo\store_uiux_polished\v1\backend\node_modules\router\index.js:297:9
    at processParams (D:\photo\store_uiux_polished\v1\backend\node_modules\router\index.js:582:12)
    at next (D:\photo\store_uiux_polished\v1\backend\node_modules\router\index.js:291:5)
    at SendStream.error (D:\photo\store_uiux_polished\v1\backend\node_modules\serve-static\index.js:120:7)
    at SendStream.emit (node:events:509:20)
    at SendStream.error (D:\photo\store_uiux_polished\v1\backend\node_modules\send\index.js:168:17)
    at SendStream.onStatError (D:\photo\store_uiux_polished\v1\backend\node_modules\send\index.js:315:12) 
09-09-2026 10:37:18 | ERROR | Error found | 404 | GET /files/1788430760414_Black_Denim_Jacket.jpg : Can't find /files/1788430760414_Black_Denim_Jacket.jpg on this server | user: guest 
Error: Can't find /files/1788430760414_Black_Denim_Jacket.jpg on this server
    at D:\photo\store_uiux_polished\v1\backend\server.js:110:8
    at Layer.handleRequest (D:\photo\store_uiux_polished\v1\backend\node_modules\router\lib\layer.js:152:17)
    at trimPrefix (D:\photo\store_uiux_polished\v1\backend\node_modules\router\index.js:342:13)
    at D:\photo\store_uiux_polished\v1\backend\node_modules\router\index.js:297:9
    at processParams (D:\photo\store_uiux_polished\v1\backend\node_modules\router\index.js:582:12)
    at next (D:\photo\store_uiux_polished\v1\backend\node_modules\router\index.js:291:5)
    at SendStream.error (D:\photo\store_uiux_polished\v1\backend\node_modules\serve-static\index.js:120:7)
    at SendStream.emit (node:events:509:20)
    at SendStream.error (D:\photo\store_uiux_polished\v1\backend\node_modules\send\index.js:168:17)
    at SendStream.onStatError (D:\photo\store_uiux_polished\v1\backend\node_modules\send\index.js:315:12) 
09-09-2026 10:37:18 | ERROR | Error found | 404 | GET /files/1788542750602_men-category.jpg : Can't find /files/1788542750602_men-category.jpg on this server | user: guest 
Error: Can't find /files/1788542750602_men-category.jpg on this server
    at D:\photo\store_uiux_polished\v1\backend\server.js:110:8
    at Layer.handleRequest (D:\photo\store_uiux_polished\v1\backend\node_modules\router\lib\layer.js:152:17)
    at trimPrefix (D:\photo\store_uiux_polished\v1\backend\node_modules\router\index.js:342:13)
    at D:\photo\store_uiux_polished\v1\backend\node_modules\router\index.js:297:9
    at processParams (D:\photo\store_uiux_polished\v1\backend\node_modules\router\index.js:582:12)
    at next (D:\photo\store_uiux_polished\v1\backend\node_modules\router\index.js:291:5)
    at SendStream.error (D:\photo\store_uiux_polished\v1\backend\node_modules\serve-static\index.js:120:7)
    at SendStream.emit (node:events:509:20)
    at SendStream.error (D:\photo\store_uiux_polished\v1\backend\node_modules\send\index.js:168:17)
    at SendStream.onStatError (D:\photo\store_uiux_polished\v1\backend\node_modules\send\index.js:315:12) 
09-09-2026 10:38:16 | ERROR | Error found | 404 | GET /files/1788430760414_Black_Denim_Jacket.jpg : Can't find /files/1788430760414_Black_Denim_Jacket.jpg on this server | user: guest 
Error: Can't find /files/1788430760414_Black_Denim_Jacket.jpg on this server
    at D:\photo\store_uiux_polished\v1\backend\server.js:110:8
    at Layer.handleRequest (D:\photo\store_uiux_polished\v1\backend\node_modules\router\lib\layer.js:152:17)
    at trimPrefix (D:\photo\store_uiux_polished\v1\backend\node_modules\router\index.js:342:13)
    at D:\photo\store_uiux_polished\v1\backend\node_modules\router\index.js:297:9
    at processParams (D:\photo\store_uiux_polished\v1\backend\node_modules\router\index.js:582:12)
    at next (D:\photo\store_uiux_polished\v1\backend\node_modules\router\index.js:291:5)
    at SendStream.error (D:\photo\store_uiux_polished\v1\backend\node_modules\serve-static\index.js:120:7)
    at SendStream.emit (node:events:509:20)
    at SendStream.error (D:\photo\store_uiux_polished\v1\backend\node_modules\send\index.js:168:17)
    at SendStream.onStatError (D:\photo\store_uiux_polished\v1\backend\node_modules\send\index.js:315:12) 
09-09-2026 10:38:16 | ERROR | Error found | 404 | GET /files/1788542750602_men-category.jpg : Can't find /files/1788542750602_men-category.jpg on this server | user: guest 
Error: Can't find /files/1788542750602_men-category.jpg on this server
    at D:\photo\store_uiux_polished\v1\backend\server.js:110:8
    at Layer.handleRequest (D:\photo\store_uiux_polished\v1\backend\node_modules\router\lib\layer.js:152:17)
    at trimPrefix (D:\photo\store_uiux_polished\v1\backend\node_modules\router\index.js:342:13)
    at D:\photo\store_uiux_polished\v1\backend\node_modules\router\index.js:297:9
    at processParams (D:\photo\store_uiux_polished\v1\backend\node_modules\router\index.js:582:12)
    at next (D:\photo\store_uiux_polished\v1\backend\node_modules\router\index.js:291:5)
    at SendStream.error (D:\photo\store_uiux_polished\v1\backend\node_modules\serve-static\index.js:120:7)
    at SendStream.emit (node:events:509:20)
    at SendStream.error (D:\photo\store_uiux_polished\v1\backend\node_modules\send\index.js:168:17)
    at SendStream.onStatError (D:\photo\store_uiux_polished\v1\backend\node_modules\send\index.js:315:12) 
09-09-2026 10:38:16 | ERROR | Error found | 404 | GET /files/1788430760414_Black_Denim_Jacket.jpg : Can't find /files/1788430760414_Black_Denim_Jacket.jpg on this server | user: guest 
Error: Can't find /files/1788430760414_Black_Denim_Jacket.jpg on this server
    at D:\photo\store_uiux_polished\v1\backend\server.js:110:8
    at Layer.handleRequest (D:\photo\store_uiux_polished\v1\backend\node_modules\router\lib\layer.js:152:17)
    at trimPrefix (D:\photo\store_uiux_polished\v1\backend\node_modules\router\index.js:342:13)
    at D:\photo\store_uiux_polished\v1\backend\node_modules\router\index.js:297:9
    at processParams (D:\photo\store_uiux_polished\v1\backend\node_modules\router\index.js:582:12)
    at next (D:\photo\store_uiux_polished\v1\backend\node_modules\router\index.js:291:5)
    at SendStream.error (D:\photo\store_uiux_polished\v1\backend\node_modules\serve-static\index.js:120:7)
    at SendStream.emit (node:events:509:20)
    at SendStream.error (D:\photo\store_uiux_polished\v1\backend\node_modules\send\index.js:168:17)
    at SendStream.onStatError (D:\photo\store_uiux_polished\v1\backend\node_modules\send\index.js:315:12) 
09-09-2026 10:38:16 | ERROR | Error found | 404 | GET /files/1788430760414_Black_Denim_Jacket.jpg : Can't find /files/1788430760414_Black_Denim_Jacket.jpg on this server | user: guest 
Error: Can't find /files/1788430760414_Black_Denim_Jacket.jpg on this server
    at D:\photo\store_uiux_polished\v1\backend\server.js:110:8
    at Layer.handleRequest (D:\photo\store_uiux_polished\v1\backend\node_modules\router\lib\layer.js:152:17)
    at trimPrefix (D:\photo\store_uiux_polished\v1\backend\node_modules\router\index.js:342:13)
    at D:\photo\store_uiux_polished\v1\backend\node_modules\router\index.js:297:9
    at processParams (D:\photo\store_uiux_polished\v1\backend\node_modules\router\index.js:582:12)
    at next (D:\photo\store_uiux_polished\v1\backend\node_modules\router\index.js:291:5)
    at SendStream.error (D:\photo\store_uiux_polished\v1\backend\node_modules\serve-static\index.js:120:7)
    at SendStream.emit (node:events:509:20)
    at SendStream.error (D:\photo\store_uiux_polished\v1\backend\node_modules\send\index.js:168:17)
    at SendStream.onStatError (D:\photo\store_uiux_polished\v1\backend\node_modules\send\index.js:315:12) 
09-09-2026 10:38:17 | ERROR | Error found | 404 | GET /files/1788542750602_men-category.jpg : Can't find /files/1788542750602_men-category.jpg on this server | user: guest 
Error: Can't find /files/1788542750602_men-category.jpg on this server
    at D:\photo\store_uiux_polished\v1\backend\server.js:110:8
    at Layer.handleRequest (D:\photo\store_uiux_polished\v1\backend\node_modules\router\lib\layer.js:152:17)
    at trimPrefix (D:\photo\store_uiux_polished\v1\backend\node_modules\router\index.js:342:13)
    at D:\photo\store_uiux_polished\v1\backend\node_modules\router\index.js:297:9
    at processParams (D:\photo\store_uiux_polished\v1\backend\node_modules\router\index.js:582:12)
    at next (D:\photo\store_uiux_polished\v1\backend\node_modules\router\index.js:291:5)
    at SendStream.error (D:\photo\store_uiux_polished\v1\backend\node_modules\serve-static\index.js:120:7)
    at SendStream.emit (node:events:509:20)
    at SendStream.error (D:\photo\store_uiux_polished\v1\backend\node_modules\send\index.js:168:17)
    at SendStream.onStatError (D:\photo\store_uiux_polished\v1\backend\node_modules\send\index.js:315:12) 
09-09-2026 10:39:22 | ERROR | Error found | 404 | GET /files/1788430760414_Black_Denim_Jacket.jpg : Can't find /files/1788430760414_Black_Denim_Jacket.jpg on this server | user: guest 
Error: Can't find /files/1788430760414_Black_Denim_Jacket.jpg on this server
    at D:\photo\store_uiux_polished\v1\backend\server.js:110:8
    at Layer.handleRequest (D:\photo\store_uiux_polished\v1\backend\node_modules\router\lib\layer.js:152:17)
    at trimPrefix (D:\photo\store_uiux_polished\v1\backend\node_modules\router\index.js:342:13)
    at D:\photo\store_uiux_polished\v1\backend\node_modules\router\index.js:297:9
    at processParams (D:\photo\store_uiux_polished\v1\backend\node_modules\router\index.js:582:12)
    at next (D:\photo\store_uiux_polished\v1\backend\node_modules\router\index.js:291:5)
    at SendStream.error (D:\photo\store_uiux_polished\v1\backend\node_modules\serve-static\index.js:120:7)
    at SendStream.emit (node:events:509:20)
    at SendStream.error (D:\photo\store_uiux_polished\v1\backend\node_modules\send\index.js:168:17)
    at SendStream.onStatError (D:\photo\store_uiux_polished\v1\backend\node_modules\send\index.js:315:12) 
09-09-2026 10:39:22 | ERROR | Error found | 404 | GET /files/1788542750602_men-category.jpg : Can't find /files/1788542750602_men-category.jpg on this server | user: guest 
Error: Can't find /files/1788542750602_men-category.jpg on this server
    at D:\photo\store_uiux_polished\v1\backend\server.js:110:8
    at Layer.handleRequest (D:\photo\store_uiux_polished\v1\backend\node_modules\router\lib\layer.js:152:17)
    at trimPrefix (D:\photo\store_uiux_polished\v1\backend\node_modules\router\index.js:342:13)
    at D:\photo\store_uiux_polished\v1\backend\node_modules\router\index.js:297:9
    at processParams (D:\photo\store_uiux_polished\v1\backend\node_modules\router\index.js:582:12)
    at next (D:\photo\store_uiux_polished\v1\backend\node_modules\router\index.js:291:5)
    at SendStream.error (D:\photo\store_uiux_polished\v1\backend\node_modules\serve-static\index.js:120:7)
    at SendStream.emit (node:events:509:20)
    at SendStream.error (D:\photo\store_uiux_polished\v1\backend\node_modules\send\index.js:168:17)
    at SendStream.onStatError (D:\photo\store_uiux_polished\v1\backend\node_modules\send\index.js:315:12) 
09-09-2026 10:39:22 | ERROR | Error found | 404 | GET /files/1788430760414_Black_Denim_Jacket.jpg : Can't find /files/1788430760414_Black_Denim_Jacket.jpg on this server | user: guest 
Error: Can't find /files/1788430760414_Black_Denim_Jacket.jpg on this server
    at D:\photo\store_uiux_polished\v1\backend\server.js:110:8
    at Layer.handleRequest (D:\photo\store_uiux_polished\v1\backend\node_modules\router\lib\layer.js:152:17)
    at trimPrefix (D:\photo\store_uiux_polished\v1\backend\node_modules\router\index.js:342:13)
    at D:\photo\store_uiux_polished\v1\backend\node_modules\router\index.js:297:9
    at processParams (D:\photo\store_uiux_polished\v1\backend\node_modules\router\index.js:582:12)
    at next (D:\photo\store_uiux_polished\v1\backend\node_modules\router\index.js:291:5)
    at SendStream.error (D:\photo\store_uiux_polished\v1\backend\node_modules\serve-static\index.js:120:7)
    at SendStream.emit (node:events:509:20)
    at SendStream.error (D:\photo\store_uiux_polished\v1\backend\node_modules\send\index.js:168:17)
    at SendStream.onStatError (D:\photo\store_uiux_polished\v1\backend\node_modules\send\index.js:315:12) 
09-09-2026 10:39:23 | ERROR | Error found | 404 | GET /files/1788430760414_Black_Denim_Jacket.jpg : Can't find /files/1788430760414_Black_Denim_Jacket.jpg on this server | user: guest 
Error: Can't find /files/1788430760414_Black_Denim_Jacket.jpg on this server
    at D:\photo\store_uiux_polished\v1\backend\server.js:110:8
    at Layer.handleRequest (D:\photo\store_uiux_polished\v1\backend\node_modules\router\lib\layer.js:152:17)
    at trimPrefix (D:\photo\store_uiux_polished\v1\backend\node_modules\router\index.js:342:13)
    at D:\photo\store_uiux_polished\v1\backend\node_modules\router\index.js:297:9
    at processParams (D:\photo\store_uiux_polished\v1\backend\node_modules\router\index.js:582:12)
    at next (D:\photo\store_uiux_polished\v1\backend\node_modules\router\index.js:291:5)
    at SendStream.error (D:\photo\store_uiux_polished\v1\backend\node_modules\serve-static\index.js:120:7)
    at SendStream.emit (node:events:509:20)
    at SendStream.error (D:\photo\store_uiux_polished\v1\backend\node_modules\send\index.js:168:17)
    at SendStream.onStatError (D:\photo\store_uiux_polished\v1\backend\node_modules\send\index.js:315:12) 
09-09-2026 10:39:23 | ERROR | Error found | 404 | GET /files/1788542750602_men-category.jpg : Can't find /files/1788542750602_men-category.jpg on this server | user: guest 
Error: Can't find /files/1788542750602_men-category.jpg on this server
    at D:\photo\store_uiux_polished\v1\backend\server.js:110:8
    at Layer.handleRequest (D:\photo\store_uiux_polished\v1\backend\node_modules\router\lib\layer.js:152:17)
    at trimPrefix (D:\photo\store_uiux_polished\v1\backend\node_modules\router\index.js:342:13)
    at D:\photo\store_uiux_polished\v1\backend\node_modules\router\index.js:297:9
    at processParams (D:\photo\store_uiux_polished\v1\backend\node_modules\router\index.js:582:12)
    at next (D:\photo\store_uiux_polished\v1\backend\node_modules\router\index.js:291:5)
    at SendStream.error (D:\photo\store_uiux_polished\v1\backend\node_modules\serve-static\index.js:120:7)
    at SendStream.emit (node:events:509:20)
    at SendStream.error (D:\photo\store_uiux_polished\v1\backend\node_modules\send\index.js:168:17)
    at SendStream.onStatError (D:\photo\store_uiux_polished\v1\backend\node_modules\send\index.js:315:12) 
09-09-2026 10:41:18 | ERROR | Error found | 404 | GET /files/1788430760414_Black_Denim_Jacket.jpg : Can't find /files/1788430760414_Black_Denim_Jacket.jpg on this server | user: guest 
Error: Can't find /files/1788430760414_Black_Denim_Jacket.jpg on this server
    at D:\photo\store_uiux_polished\v1\backend\server.js:110:8
    at Layer.handleRequest (D:\photo\store_uiux_polished\v1\backend\node_modules\router\lib\layer.js:152:17)
    at trimPrefix (D:\photo\store_uiux_polished\v1\backend\node_modules\router\index.js:342:13)
    at D:\photo\store_uiux_polished\v1\backend\node_modules\router\index.js:297:9
    at processParams (D:\photo\store_uiux_polished\v1\backend\node_modules\router\index.js:582:12)
    at next (D:\photo\store_uiux_polished\v1\backend\node_modules\router\index.js:291:5)
    at SendStream.error (D:\photo\store_uiux_polished\v1\backend\node_modules\serve-static\index.js:120:7)
    at SendStream.emit (node:events:509:20)
    at SendStream.error (D:\photo\store_uiux_polished\v1\backend\node_modules\send\index.js:168:17)
    at SendStream.onStatError (D:\photo\store_uiux_polished\v1\backend\node_modules\send\index.js:315:12) 
09-09-2026 10:41:18 | ERROR | Error found | 404 | GET /files/1788542750602_men-category.jpg : Can't find /files/1788542750602_men-category.jpg on this server | user: guest 
Error: Can't find /files/1788542750602_men-category.jpg on this server
    at D:\photo\store_uiux_polished\v1\backend\server.js:110:8
    at Layer.handleRequest (D:\photo\store_uiux_polished\v1\backend\node_modules\router\lib\layer.js:152:17)
    at trimPrefix (D:\photo\store_uiux_polished\v1\backend\node_modules\router\index.js:342:13)
    at D:\photo\store_uiux_polished\v1\backend\node_modules\router\index.js:297:9
    at processParams (D:\photo\store_uiux_polished\v1\backend\node_modules\router\index.js:582:12)
    at next (D:\photo\store_uiux_polished\v1\backend\node_modules\router\index.js:291:5)
    at SendStream.error (D:\photo\store_uiux_polished\v1\backend\node_modules\serve-static\index.js:120:7)
    at SendStream.emit (node:events:509:20)
    at SendStream.error (D:\photo\store_uiux_polished\v1\backend\node_modules\send\index.js:168:17)
    at SendStream.onStatError (D:\photo\store_uiux_polished\v1\backend\node_modules\send\index.js:315:12) 
09-09-2026 10:43:11 | ERROR | Error found | 404 | GET /files/1788430760414_Black_Denim_Jacket.jpg : Can't find /files/1788430760414_Black_Denim_Jacket.jpg on this server | user: guest 
Error: Can't find /files/1788430760414_Black_Denim_Jacket.jpg on this server
    at D:\photo\store_uiux_polished\v1\backend\server.js:110:8
    at Layer.handleRequest (D:\photo\store_uiux_polished\v1\backend\node_modules\router\lib\layer.js:152:17)
    at trimPrefix (D:\photo\store_uiux_polished\v1\backend\node_modules\router\index.js:342:13)
    at D:\photo\store_uiux_polished\v1\backend\node_modules\router\index.js:297:9
    at processParams (D:\photo\store_uiux_polished\v1\backend\node_modules\router\index.js:582:12)
    at next (D:\photo\store_uiux_polished\v1\backend\node_modules\router\index.js:291:5)
    at SendStream.error (D:\photo\store_uiux_polished\v1\backend\node_modules\serve-static\index.js:120:7)
    at SendStream.emit (node:events:509:20)
    at SendStream.error (D:\photo\store_uiux_polished\v1\backend\node_modules\send\index.js:168:17)
    at SendStream.onStatError (D:\photo\store_uiux_polished\v1\backend\node_modules\send\index.js:315:12) 
09-09-2026 10:43:11 | ERROR | Error found | 404 | GET /files/1788542750602_men-category.jpg : Can't find /files/1788542750602_men-category.jpg on this server | user: guest 
Error: Can't find /files/1788542750602_men-category.jpg on this server
    at D:\photo\store_uiux_polished\v1\backend\server.js:110:8
    at Layer.handleRequest (D:\photo\store_uiux_polished\v1\backend\node_modules\router\lib\layer.js:152:17)
    at trimPrefix (D:\photo\store_uiux_polished\v1\backend\node_modules\router\index.js:342:13)
    at D:\photo\store_uiux_polished\v1\backend\node_modules\router\index.js:297:9
    at processParams (D:\photo\store_uiux_polished\v1\backend\node_modules\router\index.js:582:12)
    at next (D:\photo\store_uiux_polished\v1\backend\node_modules\router\index.js:291:5)
    at SendStream.error (D:\photo\store_uiux_polished\v1\backend\node_modules\serve-static\index.js:120:7)
    at SendStream.emit (node:events:509:20)
    at SendStream.error (D:\photo\store_uiux_polished\v1\backend\node_modules\send\index.js:168:17)
    at SendStream.onStatError (D:\photo\store_uiux_polished\v1\backend\node_modules\send\index.js:315:12) 
09-09-2026 10:43:22 | ERROR | Error found | 404 | GET /files/1788430760414_Black_Denim_Jacket.jpg : Can't find /files/1788430760414_Black_Denim_Jacket.jpg on this server | user: guest 
Error: Can't find /files/1788430760414_Black_Denim_Jacket.jpg on this server
    at D:\photo\store_uiux_polished\v1\backend\server.js:110:8
    at Layer.handleRequest (D:\photo\store_uiux_polished\v1\backend\node_modules\router\lib\layer.js:152:17)
    at trimPrefix (D:\photo\store_uiux_polished\v1\backend\node_modules\router\index.js:342:13)
    at D:\photo\store_uiux_polished\v1\backend\node_modules\router\index.js:297:9
    at processParams (D:\photo\store_uiux_polished\v1\backend\node_modules\router\index.js:582:12)
    at next (D:\photo\store_uiux_polished\v1\backend\node_modules\router\index.js:291:5)
    at SendStream.error (D:\photo\store_uiux_polished\v1\backend\node_modules\serve-static\index.js:120:7)
    at SendStream.emit (node:events:509:20)
    at SendStream.error (D:\photo\store_uiux_polished\v1\backend\node_modules\send\index.js:168:17)
    at SendStream.onStatError (D:\photo\store_uiux_polished\v1\backend\node_modules\send\index.js:315:12) 
09-09-2026 10:44:18 | ERROR | Error found | 404 | GET /files/1788430760414_Black_Denim_Jacket.jpg : Can't find /files/1788430760414_Black_Denim_Jacket.jpg on this server | user: guest 
Error: Can't find /files/1788430760414_Black_Denim_Jacket.jpg on this server
    at D:\photo\store_uiux_polished\v1\backend\server.js:110:8
    at Layer.handleRequest (D:\photo\store_uiux_polished\v1\backend\node_modules\router\lib\layer.js:152:17)
    at trimPrefix (D:\photo\store_uiux_polished\v1\backend\node_modules\router\index.js:342:13)
    at D:\photo\store_uiux_polished\v1\backend\node_modules\router\index.js:297:9
    at processParams (D:\photo\store_uiux_polished\v1\backend\node_modules\router\index.js:582:12)
    at next (D:\photo\store_uiux_polished\v1\backend\node_modules\router\index.js:291:5)
    at SendStream.error (D:\photo\store_uiux_polished\v1\backend\node_modules\serve-static\index.js:120:7)
    at SendStream.emit (node:events:509:20)
    at SendStream.error (D:\photo\store_uiux_polished\v1\backend\node_modules\send\index.js:168:17)
    at SendStream.onStatError (D:\photo\store_uiux_polished\v1\backend\node_modules\send\index.js:315:12) 
09-09-2026 10:44:18 | ERROR | Error found | 404 | GET /files/1788542750602_men-category.jpg : Can't find /files/1788542750602_men-category.jpg on this server | user: guest 
Error: Can't find /files/1788542750602_men-category.jpg on this server
    at D:\photo\store_uiux_polished\v1\backend\server.js:110:8
    at Layer.handleRequest (D:\photo\store_uiux_polished\v1\backend\node_modules\router\lib\layer.js:152:17)
    at trimPrefix (D:\photo\store_uiux_polished\v1\backend\node_modules\router\index.js:342:13)
    at D:\photo\store_uiux_polished\v1\backend\node_modules\router\index.js:297:9
    at processParams (D:\photo\store_uiux_polished\v1\backend\node_modules\router\index.js:582:12)
    at next (D:\photo\store_uiux_polished\v1\backend\node_modules\router\index.js:291:5)
    at SendStream.error (D:\photo\store_uiux_polished\v1\backend\node_modules\serve-static\index.js:120:7)
    at SendStream.emit (node:events:509:20)
    at SendStream.error (D:\photo\store_uiux_polished\v1\backend\node_modules\send\index.js:168:17)
    at SendStream.onStatError (D:\photo\store_uiux_polished\v1\backend\node_modules\send\index.js:315:12) 
09-09-2026 10:49:22 | ERROR | Error found | 404 | GET /files/1788430760414_Black_Denim_Jacket.jpg : Can't find /files/1788430760414_Black_Denim_Jacket.jpg on this server | user: guest 
Error: Can't find /files/1788430760414_Black_Denim_Jacket.jpg on this server
    at D:\photo\store_uiux_polished\v1\backend\server.js:110:8
    at Layer.handleRequest (D:\photo\store_uiux_polished\v1\backend\node_modules\router\lib\layer.js:152:17)
    at trimPrefix (D:\photo\store_uiux_polished\v1\backend\node_modules\router\index.js:342:13)
    at D:\photo\store_uiux_polished\v1\backend\node_modules\router\index.js:297:9
    at processParams (D:\photo\store_uiux_polished\v1\backend\node_modules\router\index.js:582:12)
    at next (D:\photo\store_uiux_polished\v1\backend\node_modules\router\index.js:291:5)
    at SendStream.error (D:\photo\store_uiux_polished\v1\backend\node_modules\serve-static\index.js:120:7)
    at SendStream.emit (node:events:509:20)
    at SendStream.error (D:\photo\store_uiux_polished\v1\backend\node_modules\send\index.js:168:17)
    at SendStream.onStatError (D:\photo\store_uiux_polished\v1\backend\node_modules\send\index.js:315:12) 
09-09-2026 10:49:22 | ERROR | Error found | 404 | GET /files/1788542750602_men-category.jpg : Can't find /files/1788542750602_men-category.jpg on this server | user: guest 
Error: Can't find /files/1788542750602_men-category.jpg on this server
    at D:\photo\store_uiux_polished\v1\backend\server.js:110:8
    at Layer.handleRequest (D:\photo\store_uiux_polished\v1\backend\node_modules\router\lib\layer.js:152:17)
    at trimPrefix (D:\photo\store_uiux_polished\v1\backend\node_modules\router\index.js:342:13)
    at D:\photo\store_uiux_polished\v1\backend\node_modules\router\index.js:297:9
    at processParams (D:\photo\store_uiux_polished\v1\backend\node_modules\router\index.js:582:12)
    at next (D:\photo\store_uiux_polished\v1\backend\node_modules\router\index.js:291:5)
    at SendStream.error (D:\photo\store_uiux_polished\v1\backend\node_modules\serve-static\index.js:120:7)
    at SendStream.emit (node:events:509:20)
    at SendStream.error (D:\photo\store_uiux_polished\v1\backend\node_modules\send\index.js:168:17)
    at SendStream.onStatError (D:\photo\store_uiux_polished\v1\backend\node_modules\send\index.js:315:12) 
09-09-2026 10:49:23 | ERROR | Error found | 404 | GET /files/1788430760414_Black_Denim_Jacket.jpg : Can't find /files/1788430760414_Black_Denim_Jacket.jpg on this server | user: guest 
Error: Can't find /files/1788430760414_Black_Denim_Jacket.jpg on this server
    at D:\photo\store_uiux_polished\v1\backend\server.js:110:8
    at Layer.handleRequest (D:\photo\store_uiux_polished\v1\backend\node_modules\router\lib\layer.js:152:17)
    at trimPrefix (D:\photo\store_uiux_polished\v1\backend\node_modules\router\index.js:342:13)
    at D:\photo\store_uiux_polished\v1\backend\node_modules\router\index.js:297:9
    at processParams (D:\photo\store_uiux_polished\v1\backend\node_modules\router\index.js:582:12)
    at next (D:\photo\store_uiux_polished\v1\backend\node_modules\router\index.js:291:5)
    at SendStream.error (D:\photo\store_uiux_polished\v1\backend\node_modules\serve-static\index.js:120:7)
    at SendStream.emit (node:events:509:20)
    at SendStream.error (D:\photo\store_uiux_polished\v1\backend\node_modules\send\index.js:168:17)
    at SendStream.onStatError (D:\photo\store_uiux_polished\v1\backend\node_modules\send\index.js:315:12) 
09-09-2026 10:49:23 | ERROR | Error found | 404 | GET /files/1788542750602_men-category.jpg : Can't find /files/1788542750602_men-category.jpg on this server | user: guest 
Error: Can't find /files/1788542750602_men-category.jpg on this server
    at D:\photo\store_uiux_polished\v1\backend\server.js:110:8
    at Layer.handleRequest (D:\photo\store_uiux_polished\v1\backend\node_modules\router\lib\layer.js:152:17)
    at trimPrefix (D:\photo\store_uiux_polished\v1\backend\node_modules\router\index.js:342:13)
    at D:\photo\store_uiux_polished\v1\backend\node_modules\router\index.js:297:9
    at processParams (D:\photo\store_uiux_polished\v1\backend\node_modules\router\index.js:582:12)
    at next (D:\photo\store_uiux_polished\v1\backend\node_modules\router\index.js:291:5)
    at SendStream.error (D:\photo\store_uiux_polished\v1\backend\node_modules\serve-static\index.js:120:7)
    at SendStream.emit (node:events:509:20)
    at SendStream.error (D:\photo\store_uiux_polished\v1\backend\node_modules\send\index.js:168:17)
    at SendStream.onStatError (D:\photo\store_uiux_polished\v1\backend\node_modules\send\index.js:315:12) 
09-09-2026 10:49:25 | ERROR | Error found | 404 | GET /files/1788430760414_Black_Denim_Jacket.jpg : Can't find /files/1788430760414_Black_Denim_Jacket.jpg on this server | user: guest 
Error: Can't find /files/1788430760414_Black_Denim_Jacket.jpg on this server
    at D:\photo\store_uiux_polished\v1\backend\server.js:110:8
    at Layer.handleRequest (D:\photo\store_uiux_polished\v1\backend\node_modules\router\lib\layer.js:152:17)
    at trimPrefix (D:\photo\store_uiux_polished\v1\backend\node_modules\router\index.js:342:13)
    at D:\photo\store_uiux_polished\v1\backend\node_modules\router\index.js:297:9
    at processParams (D:\photo\store_uiux_polished\v1\backend\node_modules\router\index.js:582:12)
    at next (D:\photo\store_uiux_polished\v1\backend\node_modules\router\index.js:291:5)
    at SendStream.error (D:\photo\store_uiux_polished\v1\backend\node_modules\serve-static\index.js:120:7)
    at SendStream.emit (node:events:509:20)
    at SendStream.error (D:\photo\store_uiux_polished\v1\backend\node_modules\send\index.js:168:17)
    at SendStream.onStatError (D:\photo\store_uiux_polished\v1\backend\node_modules\send\index.js:315:12) 
09-09-2026 10:49:25 | ERROR | Error found | 404 | GET /files/1788430760414_Black_Denim_Jacket.jpg : Can't find /files/1788430760414_Black_Denim_Jacket.jpg on this server | user: guest 
Error: Can't find /files/1788430760414_Black_Denim_Jacket.jpg on this server
    at D:\photo\store_uiux_polished\v1\backend\server.js:110:8
    at Layer.handleRequest (D:\photo\store_uiux_polished\v1\backend\node_modules\router\lib\layer.js:152:17)
    at trimPrefix (D:\photo\store_uiux_polished\v1\backend\node_modules\router\index.js:342:13)
    at D:\photo\store_uiux_polished\v1\backend\node_modules\router\index.js:297:9
    at processParams (D:\photo\store_uiux_polished\v1\backend\node_modules\router\index.js:582:12)
    at next (D:\photo\store_uiux_polished\v1\backend\node_modules\router\index.js:291:5)
    at SendStream.error (D:\photo\store_uiux_polished\v1\backend\node_modules\serve-static\index.js:120:7)
    at SendStream.emit (node:events:509:20)
    at SendStream.error (D:\photo\store_uiux_polished\v1\backend\node_modules\send\index.js:168:17)
    at SendStream.onStatError (D:\photo\store_uiux_polished\v1\backend\node_modules\send\index.js:315:12) 
09-09-2026 10:49:25 | ERROR | Error found | 404 | GET /files/1788542750602_men-category.jpg : Can't find /files/1788542750602_men-category.jpg on this server | user: guest 
Error: Can't find /files/1788542750602_men-category.jpg on this server
    at D:\photo\store_uiux_polished\v1\backend\server.js:110:8
    at Layer.handleRequest (D:\photo\store_uiux_polished\v1\backend\node_modules\router\lib\layer.js:152:17)
    at trimPrefix (D:\photo\store_uiux_polished\v1\backend\node_modules\router\index.js:342:13)
    at D:\photo\store_uiux_polished\v1\backend\node_modules\router\index.js:297:9
    at processParams (D:\photo\store_uiux_polished\v1\backend\node_modules\router\index.js:582:12)
    at next (D:\photo\store_uiux_polished\v1\backend\node_modules\router\index.js:291:5)
    at SendStream.error (D:\photo\store_uiux_polished\v1\backend\node_modules\serve-static\index.js:120:7)
    at SendStream.emit (node:events:509:20)
    at SendStream.error (D:\photo\store_uiux_polished\v1\backend\node_modules\send\index.js:168:17)
    at SendStream.onStatError (D:\photo\store_uiux_polished\v1\backend\node_modules\send\index.js:315:12) 
09-09-2026 10:52:59 | ERROR | Error found | 404 | GET /files/1788430760414_Black_Denim_Jacket.jpg : Can't find /files/1788430760414_Black_Denim_Jacket.jpg on this server | user: guest 
Error: Can't find /files/1788430760414_Black_Denim_Jacket.jpg on this server
    at D:\photo\store_uiux_polished\v1\backend\server.js:110:8
    at Layer.handleRequest (D:\photo\store_uiux_polished\v1\backend\node_modules\router\lib\layer.js:152:17)
    at trimPrefix (D:\photo\store_uiux_polished\v1\backend\node_modules\router\index.js:342:13)
    at D:\photo\store_uiux_polished\v1\backend\node_modules\router\index.js:297:9
    at processParams (D:\photo\store_uiux_polished\v1\backend\node_modules\router\index.js:582:12)
    at next (D:\photo\store_uiux_polished\v1\backend\node_modules\router\index.js:291:5)
    at SendStream.error (D:\photo\store_uiux_polished\v1\backend\node_modules\serve-static\index.js:120:7)
    at SendStream.emit (node:events:509:20)
    at SendStream.error (D:\photo\store_uiux_polished\v1\backend\node_modules\send\index.js:168:17)
    at SendStream.onStatError (D:\photo\store_uiux_polished\v1\backend\node_modules\send\index.js:315:12) 
09-09-2026 10:52:59 | ERROR | Error found | 404 | GET /files/1788542750602_men-category.jpg : Can't find /files/1788542750602_men-category.jpg on this server | user: guest 
Error: Can't find /files/1788542750602_men-category.jpg on this server
    at D:\photo\store_uiux_polished\v1\backend\server.js:110:8
    at Layer.handleRequest (D:\photo\store_uiux_polished\v1\backend\node_modules\router\lib\layer.js:152:17)
    at trimPrefix (D:\photo\store_uiux_polished\v1\backend\node_modules\router\index.js:342:13)
    at D:\photo\store_uiux_polished\v1\backend\node_modules\router\index.js:297:9
    at processParams (D:\photo\store_uiux_polished\v1\backend\node_modules\router\index.js:582:12)
    at next (D:\photo\store_uiux_polished\v1\backend\node_modules\router\index.js:291:5)
    at SendStream.error (D:\photo\store_uiux_polished\v1\backend\node_modules\serve-static\index.js:120:7)
    at SendStream.emit (node:events:509:20)
    at SendStream.error (D:\photo\store_uiux_polished\v1\backend\node_modules\send\index.js:168:17)
    at SendStream.onStatError (D:\photo\store_uiux_polished\v1\backend\node_modules\send\index.js:315:12) 
09-09-2026 10:53:15 | ERROR | Error found | 404 | GET /files/1788430760414_Black_Denim_Jacket.jpg : Can't find /files/1788430760414_Black_Denim_Jacket.jpg on this server | user: guest 
Error: Can't find /files/1788430760414_Black_Denim_Jacket.jpg on this server
    at D:\photo\store_uiux_polished\v1\backend\server.js:110:8
    at Layer.handleRequest (D:\photo\store_uiux_polished\v1\backend\node_modules\router\lib\layer.js:152:17)
    at trimPrefix (D:\photo\store_uiux_polished\v1\backend\node_modules\router\index.js:342:13)
    at D:\photo\store_uiux_polished\v1\backend\node_modules\router\index.js:297:9
    at processParams (D:\photo\store_uiux_polished\v1\backend\node_modules\router\index.js:582:12)
    at next (D:\photo\store_uiux_polished\v1\backend\node_modules\router\index.js:291:5)
    at SendStream.error (D:\photo\store_uiux_polished\v1\backend\node_modules\serve-static\index.js:120:7)
    at SendStream.emit (node:events:509:20)
    at SendStream.error (D:\photo\store_uiux_polished\v1\backend\node_modules\send\index.js:168:17)
    at SendStream.onStatError (D:\photo\store_uiux_polished\v1\backend\node_modules\send\index.js:315:12) 
09-09-2026 10:53:15 | ERROR | Error found | 404 | GET /files/1788542750602_men-category.jpg : Can't find /files/1788542750602_men-category.jpg on this server | user: guest 
Error: Can't find /files/1788542750602_men-category.jpg on this server
    at D:\photo\store_uiux_polished\v1\backend\server.js:110:8
    at Layer.handleRequest (D:\photo\store_uiux_polished\v1\backend\node_modules\router\lib\layer.js:152:17)
    at trimPrefix (D:\photo\store_uiux_polished\v1\backend\node_modules\router\index.js:342:13)
    at D:\photo\store_uiux_polished\v1\backend\node_modules\router\index.js:297:9
    at processParams (D:\photo\store_uiux_polished\v1\backend\node_modules\router\index.js:582:12)
    at next (D:\photo\store_uiux_polished\v1\backend\node_modules\router\index.js:291:5)
    at SendStream.error (D:\photo\store_uiux_polished\v1\backend\node_modules\serve-static\index.js:120:7)
    at SendStream.emit (node:events:509:20)
    at SendStream.error (D:\photo\store_uiux_polished\v1\backend\node_modules\send\index.js:168:17)
    at SendStream.onStatError (D:\photo\store_uiux_polished\v1\backend\node_modules\send\index.js:315:12) 
09-09-2026 10:53:59 | ERROR | Error found | 404 | GET /files/1788430760414_Black_Denim_Jacket.jpg : Can't find /files/1788430760414_Black_Denim_Jacket.jpg on this server | user: guest 
Error: Can't find /files/1788430760414_Black_Denim_Jacket.jpg on this server
    at D:\photo\store_uiux_polished\v1\backend\server.js:110:8
    at Layer.handleRequest (D:\photo\store_uiux_polished\v1\backend\node_modules\router\lib\layer.js:152:17)
    at trimPrefix (D:\photo\store_uiux_polished\v1\backend\node_modules\router\index.js:342:13)
    at D:\photo\store_uiux_polished\v1\backend\node_modules\router\index.js:297:9
    at processParams (D:\photo\store_uiux_polished\v1\backend\node_modules\router\index.js:582:12)
    at next (D:\photo\store_uiux_polished\v1\backend\node_modules\router\index.js:291:5)
    at SendStream.error (D:\photo\store_uiux_polished\v1\backend\node_modules\serve-static\index.js:120:7)
    at SendStream.emit (node:events:509:20)
    at SendStream.error (D:\photo\store_uiux_polished\v1\backend\node_modules\send\index.js:168:17)
    at SendStream.onStatError (D:\photo\store_uiux_polished\v1\backend\node_modules\send\index.js:315:12) 
09-09-2026 10:53:59 | ERROR | Error found | 404 | GET /files/1788430760414_Black_Denim_Jacket.jpg : Can't find /files/1788430760414_Black_Denim_Jacket.jpg on this server | user: guest 
Error: Can't find /files/1788430760414_Black_Denim_Jacket.jpg on this server
    at D:\photo\store_uiux_polished\v1\backend\server.js:110:8
    at Layer.handleRequest (D:\photo\store_uiux_polished\v1\backend\node_modules\router\lib\layer.js:152:17)
    at trimPrefix (D:\photo\store_uiux_polished\v1\backend\node_modules\router\index.js:342:13)
    at D:\photo\store_uiux_polished\v1\backend\node_modules\router\index.js:297:9
    at processParams (D:\photo\store_uiux_polished\v1\backend\node_modules\router\index.js:582:12)
    at next (D:\photo\store_uiux_polished\v1\backend\node_modules\router\index.js:291:5)
    at SendStream.error (D:\photo\store_uiux_polished\v1\backend\node_modules\serve-static\index.js:120:7)
    at SendStream.emit (node:events:509:20)
    at SendStream.error (D:\photo\store_uiux_polished\v1\backend\node_modules\send\index.js:168:17)
    at SendStream.onStatError (D:\photo\store_uiux_polished\v1\backend\node_modules\send\index.js:315:12) 
09-09-2026 10:53:59 | ERROR | Error found | 404 | GET /files/1788542750602_men-category.jpg : Can't find /files/1788542750602_men-category.jpg on this server | user: guest 
Error: Can't find /files/1788542750602_men-category.jpg on this server
    at D:\photo\store_uiux_polished\v1\backend\server.js:110:8
    at Layer.handleRequest (D:\photo\store_uiux_polished\v1\backend\node_modules\router\lib\layer.js:152:17)
    at trimPrefix (D:\photo\store_uiux_polished\v1\backend\node_modules\router\index.js:342:13)
    at D:\photo\store_uiux_polished\v1\backend\node_modules\router\index.js:297:9
    at processParams (D:\photo\store_uiux_polished\v1\backend\node_modules\router\index.js:582:12)
    at next (D:\photo\store_uiux_polished\v1\backend\node_modules\router\index.js:291:5)
    at SendStream.error (D:\photo\store_uiux_polished\v1\backend\node_modules\serve-static\index.js:120:7)
    at SendStream.emit (node:events:509:20)
    at SendStream.error (D:\photo\store_uiux_polished\v1\backend\node_modules\send\index.js:168:17)
    at SendStream.onStatError (D:\photo\store_uiux_polished\v1\backend\node_modules\send\index.js:315:12) 
09-09-2026 10:56:36 | ERROR | Error found | 404 | GET /files/1788430760414_Black_Denim_Jacket.jpg : Can't find /files/1788430760414_Black_Denim_Jacket.jpg on this server | user: guest 
Error: Can't find /files/1788430760414_Black_Denim_Jacket.jpg on this server
    at D:\photo\store_uiux_polished\v1\backend\server.js:110:8
    at Layer.handleRequest (D:\photo\store_uiux_polished\v1\backend\node_modules\router\lib\layer.js:152:17)
    at trimPrefix (D:\photo\store_uiux_polished\v1\backend\node_modules\router\index.js:342:13)
    at D:\photo\store_uiux_polished\v1\backend\node_modules\router\index.js:297:9
    at processParams (D:\photo\store_uiux_polished\v1\backend\node_modules\router\index.js:582:12)
    at next (D:\photo\store_uiux_polished\v1\backend\node_modules\router\index.js:291:5)
    at SendStream.error (D:\photo\store_uiux_polished\v1\backend\node_modules\serve-static\index.js:120:7)
    at SendStream.emit (node:events:509:20)
    at SendStream.error (D:\photo\store_uiux_polished\v1\backend\node_modules\send\index.js:168:17)
    at SendStream.onStatError (D:\photo\store_uiux_polished\v1\backend\node_modules\send\index.js:315:12) 
09-09-2026 10:56:36 | ERROR | Error found | 404 | GET /files/1788542750602_men-category.jpg : Can't find /files/1788542750602_men-category.jpg on this server | user: guest 
Error: Can't find /files/1788542750602_men-category.jpg on this server
    at D:\photo\store_uiux_polished\v1\backend\server.js:110:8
    at Layer.handleRequest (D:\photo\store_uiux_polished\v1\backend\node_modules\router\lib\layer.js:152:17)
    at trimPrefix (D:\photo\store_uiux_polished\v1\backend\node_modules\router\index.js:342:13)
    at D:\photo\store_uiux_polished\v1\backend\node_modules\router\index.js:297:9
    at processParams (D:\photo\store_uiux_polished\v1\backend\node_modules\router\index.js:582:12)
    at next (D:\photo\store_uiux_polished\v1\backend\node_modules\router\index.js:291:5)
    at SendStream.error (D:\photo\store_uiux_polished\v1\backend\node_modules\serve-static\index.js:120:7)
    at SendStream.emit (node:events:509:20)
    at SendStream.error (D:\photo\store_uiux_polished\v1\backend\node_modules\send\index.js:168:17)
    at SendStream.onStatError (D:\photo\store_uiux_polished\v1\backend\node_modules\send\index.js:315:12) 
09-09-2026 10:57:34 | ERROR | Error found | 404 | GET /files/1788430760414_Black_Denim_Jacket.jpg : Can't find /files/1788430760414_Black_Denim_Jacket.jpg on this server | user: guest 
Error: Can't find /files/1788430760414_Black_Denim_Jacket.jpg on this server
    at D:\photo\store_uiux_polished\v1\backend\server.js:110:8
    at Layer.handleRequest (D:\photo\store_uiux_polished\v1\backend\node_modules\router\lib\layer.js:152:17)
    at trimPrefix (D:\photo\store_uiux_polished\v1\backend\node_modules\router\index.js:342:13)
    at D:\photo\store_uiux_polished\v1\backend\node_modules\router\index.js:297:9
    at processParams (D:\photo\store_uiux_polished\v1\backend\node_modules\router\index.js:582:12)
    at next (D:\photo\store_uiux_polished\v1\backend\node_modules\router\index.js:291:5)
    at SendStream.error (D:\photo\store_uiux_polished\v1\backend\node_modules\serve-static\index.js:120:7)
    at SendStream.emit (node:events:509:20)
    at SendStream.error (D:\photo\store_uiux_polished\v1\backend\node_modules\send\index.js:168:17)
    at SendStream.onStatError (D:\photo\store_uiux_polished\v1\backend\node_modules\send\index.js:315:12) 
09-09-2026 10:57:34 | ERROR | Error found | 404 | GET /files/1788542750602_men-category.jpg : Can't find /files/1788542750602_men-category.jpg on this server | user: guest 
Error: Can't find /files/1788542750602_men-category.jpg on this server
    at D:\photo\store_uiux_polished\v1\backend\server.js:110:8
    at Layer.handleRequest (D:\photo\store_uiux_polished\v1\backend\node_modules\router\lib\layer.js:152:17)
    at trimPrefix (D:\photo\store_uiux_polished\v1\backend\node_modules\router\index.js:342:13)
    at D:\photo\store_uiux_polished\v1\backend\node_modules\router\index.js:297:9
    at processParams (D:\photo\store_uiux_polished\v1\backend\node_modules\router\index.js:582:12)
    at next (D:\photo\store_uiux_polished\v1\backend\node_modules\router\index.js:291:5)
    at SendStream.error (D:\photo\store_uiux_polished\v1\backend\node_modules\serve-static\index.js:120:7)
    at SendStream.emit (node:events:509:20)
    at SendStream.error (D:\photo\store_uiux_polished\v1\backend\node_modules\send\index.js:168:17)
    at SendStream.onStatError (D:\photo\store_uiux_polished\v1\backend\node_modules\send\index.js:315:12) 
09-09-2026 10:57:35 | ERROR | Error found | 404 | GET /files/1788430760414_Black_Denim_Jacket.jpg : Can't find /files/1788430760414_Black_Denim_Jacket.jpg on this server | user: guest 
Error: Can't find /files/1788430760414_Black_Denim_Jacket.jpg on this server
    at D:\photo\store_uiux_polished\v1\backend\server.js:110:8
    at Layer.handleRequest (D:\photo\store_uiux_polished\v1\backend\node_modules\router\lib\layer.js:152:17)
    at trimPrefix (D:\photo\store_uiux_polished\v1\backend\node_modules\router\index.js:342:13)
    at D:\photo\store_uiux_polished\v1\backend\node_modules\router\index.js:297:9
    at processParams (D:\photo\store_uiux_polished\v1\backend\node_modules\router\index.js:582:12)
    at next (D:\photo\store_uiux_polished\v1\backend\node_modules\router\index.js:291:5)
    at SendStream.error (D:\photo\store_uiux_polished\v1\backend\node_modules\serve-static\index.js:120:7)
    at SendStream.emit (node:events:509:20)
    at SendStream.error (D:\photo\store_uiux_polished\v1\backend\node_modules\send\index.js:168:17)
    at SendStream.onStatError (D:\photo\store_uiux_polished\v1\backend\node_modules\send\index.js:315:12) 
09-09-2026 10:57:35 | ERROR | Error found | 404 | GET /files/1788430760414_Black_Denim_Jacket.jpg : Can't find /files/1788430760414_Black_Denim_Jacket.jpg on this server | user: guest 
Error: Can't find /files/1788430760414_Black_Denim_Jacket.jpg on this server
    at D:\photo\store_uiux_polished\v1\backend\server.js:110:8
    at Layer.handleRequest (D:\photo\store_uiux_polished\v1\backend\node_modules\router\lib\layer.js:152:17)
    at trimPrefix (D:\photo\store_uiux_polished\v1\backend\node_modules\router\index.js:342:13)
    at D:\photo\store_uiux_polished\v1\backend\node_modules\router\index.js:297:9
    at processParams (D:\photo\store_uiux_polished\v1\backend\node_modules\router\index.js:582:12)
    at next (D:\photo\store_uiux_polished\v1\backend\node_modules\router\index.js:291:5)
    at SendStream.error (D:\photo\store_uiux_polished\v1\backend\node_modules\serve-static\index.js:120:7)
    at SendStream.emit (node:events:509:20)
    at SendStream.error (D:\photo\store_uiux_polished\v1\backend\node_modules\send\index.js:168:17)
    at SendStream.onStatError (D:\photo\store_uiux_polished\v1\backend\node_modules\send\index.js:315:12) 
09-09-2026 10:57:35 | ERROR | Error found | 404 | GET /files/1788542750602_men-category.jpg : Can't find /files/1788542750602_men-category.jpg on this server | user: guest 
Error: Can't find /files/1788542750602_men-category.jpg on this server
    at D:\photo\store_uiux_polished\v1\backend\server.js:110:8
    at Layer.handleRequest (D:\photo\store_uiux_polished\v1\backend\node_modules\router\lib\layer.js:152:17)
    at trimPrefix (D:\photo\store_uiux_polished\v1\backend\node_modules\router\index.js:342:13)
    at D:\photo\store_uiux_polished\v1\backend\node_modules\router\index.js:297:9
    at processParams (D:\photo\store_uiux_polished\v1\backend\node_modules\router\index.js:582:12)
    at next (D:\photo\store_uiux_polished\v1\backend\node_modules\router\index.js:291:5)
    at SendStream.error (D:\photo\store_uiux_polished\v1\backend\node_modules\serve-static\index.js:120:7)
    at SendStream.emit (node:events:509:20)
    at SendStream.error (D:\photo\store_uiux_polished\v1\backend\node_modules\send\index.js:168:17)
    at SendStream.onStatError (D:\photo\store_uiux_polished\v1\backend\node_modules\send\index.js:315:12) 
09-09-2026 11:00:23 | ERROR | Error found | 404 | GET /files/1788430760414_Black_Denim_Jacket.jpg : Can't find /files/1788430760414_Black_Denim_Jacket.jpg on this server | user: guest 
Error: Can't find /files/1788430760414_Black_Denim_Jacket.jpg on this server
    at D:\photo\store_uiux_polished\v1\backend\server.js:110:8
    at Layer.handleRequest (D:\photo\store_uiux_polished\v1\backend\node_modules\router\lib\layer.js:152:17)
    at trimPrefix (D:\photo\store_uiux_polished\v1\backend\node_modules\router\index.js:342:13)
    at D:\photo\store_uiux_polished\v1\backend\node_modules\router\index.js:297:9
    at processParams (D:\photo\store_uiux_polished\v1\backend\node_modules\router\index.js:582:12)
    at next (D:\photo\store_uiux_polished\v1\backend\node_modules\router\index.js:291:5)
    at SendStream.error (D:\photo\store_uiux_polished\v1\backend\node_modules\serve-static\index.js:120:7)
    at SendStream.emit (node:events:509:20)
    at SendStream.error (D:\photo\store_uiux_polished\v1\backend\node_modules\send\index.js:168:17)
    at SendStream.onStatError (D:\photo\store_uiux_polished\v1\backend\node_modules\send\index.js:315:12) 
09-09-2026 11:00:23 | ERROR | Error found | 404 | GET /files/1788542750602_men-category.jpg : Can't find /files/1788542750602_men-category.jpg on this server | user: guest 
Error: Can't find /files/1788542750602_men-category.jpg on this server
    at D:\photo\store_uiux_polished\v1\backend\server.js:110:8
    at Layer.handleRequest (D:\photo\store_uiux_polished\v1\backend\node_modules\router\lib\layer.js:152:17)
    at trimPrefix (D:\photo\store_uiux_polished\v1\backend\node_modules\router\index.js:342:13)
    at D:\photo\store_uiux_polished\v1\backend\node_modules\router\index.js:297:9
    at processParams (D:\photo\store_uiux_polished\v1\backend\node_modules\router\index.js:582:12)
    at next (D:\photo\store_uiux_polished\v1\backend\node_modules\router\index.js:291:5)
    at SendStream.error (D:\photo\store_uiux_polished\v1\backend\node_modules\serve-static\index.js:120:7)
    at SendStream.emit (node:events:509:20)
    at SendStream.error (D:\photo\store_uiux_polished\v1\backend\node_modules\send\index.js:168:17)
    at SendStream.onStatError (D:\photo\store_uiux_polished\v1\backend\node_modules\send\index.js:315:12) 
09-09-2026 11:00:24 | ERROR | Error found | 404 | GET /files/1788430760414_Black_Denim_Jacket.jpg : Can't find /files/1788430760414_Black_Denim_Jacket.jpg on this server | user: guest 
Error: Can't find /files/1788430760414_Black_Denim_Jacket.jpg on this server
    at D:\photo\store_uiux_polished\v1\backend\server.js:110:8
    at Layer.handleRequest (D:\photo\store_uiux_polished\v1\backend\node_modules\router\lib\layer.js:152:17)
    at trimPrefix (D:\photo\store_uiux_polished\v1\backend\node_modules\router\index.js:342:13)
    at D:\photo\store_uiux_polished\v1\backend\node_modules\router\index.js:297:9
    at processParams (D:\photo\store_uiux_polished\v1\backend\node_modules\router\index.js:582:12)
    at next (D:\photo\store_uiux_polished\v1\backend\node_modules\router\index.js:291:5)
    at SendStream.error (D:\photo\store_uiux_polished\v1\backend\node_modules\serve-static\index.js:120:7)
    at SendStream.emit (node:events:509:20)
    at SendStream.error (D:\photo\store_uiux_polished\v1\backend\node_modules\send\index.js:168:17)
    at SendStream.onStatError (D:\photo\store_uiux_polished\v1\backend\node_modules\send\index.js:315:12) 
09-09-2026 11:00:24 | ERROR | Error found | 404 | GET /files/1788430760414_Black_Denim_Jacket.jpg : Can't find /files/1788430760414_Black_Denim_Jacket.jpg on this server | user: guest 
Error: Can't find /files/1788430760414_Black_Denim_Jacket.jpg on this server
    at D:\photo\store_uiux_polished\v1\backend\server.js:110:8
    at Layer.handleRequest (D:\photo\store_uiux_polished\v1\backend\node_modules\router\lib\layer.js:152:17)
    at trimPrefix (D:\photo\store_uiux_polished\v1\backend\node_modules\router\index.js:342:13)
    at D:\photo\store_uiux_polished\v1\backend\node_modules\router\index.js:297:9
    at processParams (D:\photo\store_uiux_polished\v1\backend\node_modules\router\index.js:582:12)
    at next (D:\photo\store_uiux_polished\v1\backend\node_modules\router\index.js:291:5)
    at SendStream.error (D:\photo\store_uiux_polished\v1\backend\node_modules\serve-static\index.js:120:7)
    at SendStream.emit (node:events:509:20)
    at SendStream.error (D:\photo\store_uiux_polished\v1\backend\node_modules\send\index.js:168:17)
    at SendStream.onStatError (D:\photo\store_uiux_polished\v1\backend\node_modules\send\index.js:315:12) 
09-09-2026 11:00:25 | ERROR | Error found | 404 | GET /files/1788542750602_men-category.jpg : Can't find /files/1788542750602_men-category.jpg on this server | user: guest 
Error: Can't find /files/1788542750602_men-category.jpg on this server
    at D:\photo\store_uiux_polished\v1\backend\server.js:110:8
    at Layer.handleRequest (D:\photo\store_uiux_polished\v1\backend\node_modules\router\lib\layer.js:152:17)
    at trimPrefix (D:\photo\store_uiux_polished\v1\backend\node_modules\router\index.js:342:13)
    at D:\photo\store_uiux_polished\v1\backend\node_modules\router\index.js:297:9
    at processParams (D:\photo\store_uiux_polished\v1\backend\node_modules\router\index.js:582:12)
    at next (D:\photo\store_uiux_polished\v1\backend\node_modules\router\index.js:291:5)
    at SendStream.error (D:\photo\store_uiux_polished\v1\backend\node_modules\serve-static\index.js:120:7)
    at SendStream.emit (node:events:509:20)
    at SendStream.error (D:\photo\store_uiux_polished\v1\backend\node_modules\send\index.js:168:17)
    at SendStream.onStatError (D:\photo\store_uiux_polished\v1\backend\node_modules\send\index.js:315:12) 
09-09-2026 11:05:41 | ERROR | Error found | 404 | GET /files/1788430760414_Black_Denim_Jacket.jpg : Can't find /files/1788430760414_Black_Denim_Jacket.jpg on this server | user: guest 
Error: Can't find /files/1788430760414_Black_Denim_Jacket.jpg on this server
    at D:\photo\store_uiux_polished\v1\backend\server.js:110:8
    at Layer.handleRequest (D:\photo\store_uiux_polished\v1\backend\node_modules\router\lib\layer.js:152:17)
    at trimPrefix (D:\photo\store_uiux_polished\v1\backend\node_modules\router\index.js:342:13)
    at D:\photo\store_uiux_polished\v1\backend\node_modules\router\index.js:297:9
    at processParams (D:\photo\store_uiux_polished\v1\backend\node_modules\router\index.js:582:12)
    at next (D:\photo\store_uiux_polished\v1\backend\node_modules\router\index.js:291:5)
    at SendStream.error (D:\photo\store_uiux_polished\v1\backend\node_modules\serve-static\index.js:120:7)
    at SendStream.emit (node:events:509:20)
    at SendStream.error (D:\photo\store_uiux_polished\v1\backend\node_modules\send\index.js:168:17)
    at SendStream.onStatError (D:\photo\store_uiux_polished\v1\backend\node_modules\send\index.js:315:12) 
09-09-2026 11:05:41 | ERROR | Error found | 404 | GET /files/1788542750602_men-category.jpg : Can't find /files/1788542750602_men-category.jpg on this server | user: guest 
Error: Can't find /files/1788542750602_men-category.jpg on this server
    at D:\photo\store_uiux_polished\v1\backend\server.js:110:8
    at Layer.handleRequest (D:\photo\store_uiux_polished\v1\backend\node_modules\router\lib\layer.js:152:17)
    at trimPrefix (D:\photo\store_uiux_polished\v1\backend\node_modules\router\index.js:342:13)
    at D:\photo\store_uiux_polished\v1\backend\node_modules\router\index.js:297:9
    at processParams (D:\photo\store_uiux_polished\v1\backend\node_modules\router\index.js:582:12)
    at next (D:\photo\store_uiux_polished\v1\backend\node_modules\router\index.js:291:5)
    at SendStream.error (D:\photo\store_uiux_polished\v1\backend\node_modules\serve-static\index.js:120:7)
    at SendStream.emit (node:events:509:20)
    at SendStream.error (D:\photo\store_uiux_polished\v1\backend\node_modules\send\index.js:168:17)
    at SendStream.onStatError (D:\photo\store_uiux_polished\v1\backend\node_modules\send\index.js:315:12) 
09-09-2026 11:05:43 | ERROR | Error found | 404 | GET /files/1788430760414_Black_Denim_Jacket.jpg : Can't find /files/1788430760414_Black_Denim_Jacket.jpg on this server | user: guest 
Error: Can't find /files/1788430760414_Black_Denim_Jacket.jpg on this server
    at D:\photo\store_uiux_polished\v1\backend\server.js:110:8
    at Layer.handleRequest (D:\photo\store_uiux_polished\v1\backend\node_modules\router\lib\layer.js:152:17)
    at trimPrefix (D:\photo\store_uiux_polished\v1\backend\node_modules\router\index.js:342:13)
    at D:\photo\store_uiux_polished\v1\backend\node_modules\router\index.js:297:9
    at processParams (D:\photo\store_uiux_polished\v1\backend\node_modules\router\index.js:582:12)
    at next (D:\photo\store_uiux_polished\v1\backend\node_modules\router\index.js:291:5)
    at SendStream.error (D:\photo\store_uiux_polished\v1\backend\node_modules\serve-static\index.js:120:7)
    at SendStream.emit (node:events:509:20)
    at SendStream.error (D:\photo\store_uiux_polished\v1\backend\node_modules\send\index.js:168:17)
    at SendStream.onStatError (D:\photo\store_uiux_polished\v1\backend\node_modules\send\index.js:315:12) 
09-09-2026 11:05:43 | ERROR | Error found | 404 | GET /files/1788430760414_Black_Denim_Jacket.jpg : Can't find /files/1788430760414_Black_Denim_Jacket.jpg on this server | user: guest 
Error: Can't find /files/1788430760414_Black_Denim_Jacket.jpg on this server
    at D:\photo\store_uiux_polished\v1\backend\server.js:110:8
    at Layer.handleRequest (D:\photo\store_uiux_polished\v1\backend\node_modules\router\lib\layer.js:152:17)
    at trimPrefix (D:\photo\store_uiux_polished\v1\backend\node_modules\router\index.js:342:13)
    at D:\photo\store_uiux_polished\v1\backend\node_modules\router\index.js:297:9
    at processParams (D:\photo\store_uiux_polished\v1\backend\node_modules\router\index.js:582:12)
    at next (D:\photo\store_uiux_polished\v1\backend\node_modules\router\index.js:291:5)
    at SendStream.error (D:\photo\store_uiux_polished\v1\backend\node_modules\serve-static\index.js:120:7)
    at SendStream.emit (node:events:509:20)
    at SendStream.error (D:\photo\store_uiux_polished\v1\backend\node_modules\send\index.js:168:17)
    at SendStream.onStatError (D:\photo\store_uiux_polished\v1\backend\node_modules\send\index.js:315:12) 
09-09-2026 11:05:44 | ERROR | Error found | 404 | GET /files/1788542750602_men-category.jpg : Can't find /files/1788542750602_men-category.jpg on this server | user: guest 
Error: Can't find /files/1788542750602_men-category.jpg on this server
    at D:\photo\store_uiux_polished\v1\backend\server.js:110:8
    at Layer.handleRequest (D:\photo\store_uiux_polished\v1\backend\node_modules\router\lib\layer.js:152:17)
    at trimPrefix (D:\photo\store_uiux_polished\v1\backend\node_modules\router\index.js:342:13)
    at D:\photo\store_uiux_polished\v1\backend\node_modules\router\index.js:297:9
    at processParams (D:\photo\store_uiux_polished\v1\backend\node_modules\router\index.js:582:12)
    at next (D:\photo\store_uiux_polished\v1\backend\node_modules\router\index.js:291:5)
    at SendStream.error (D:\photo\store_uiux_polished\v1\backend\node_modules\serve-static\index.js:120:7)
    at SendStream.emit (node:events:509:20)
    at SendStream.error (D:\photo\store_uiux_polished\v1\backend\node_modules\send\index.js:168:17)
    at SendStream.onStatError (D:\photo\store_uiux_polished\v1\backend\node_modules\send\index.js:315:12) 
09-09-2026 11:06:10 | ERROR | Error found | 404 | GET /files/1788430760414_Black_Denim_Jacket.jpg : Can't find /files/1788430760414_Black_Denim_Jacket.jpg on this server | user: guest 
Error: Can't find /files/1788430760414_Black_Denim_Jacket.jpg on this server
    at D:\photo\store_uiux_polished\v1\backend\server.js:110:8
    at Layer.handleRequest (D:\photo\store_uiux_polished\v1\backend\node_modules\router\lib\layer.js:152:17)
    at trimPrefix (D:\photo\store_uiux_polished\v1\backend\node_modules\router\index.js:342:13)
    at D:\photo\store_uiux_polished\v1\backend\node_modules\router\index.js:297:9
    at processParams (D:\photo\store_uiux_polished\v1\backend\node_modules\router\index.js:582:12)
    at next (D:\photo\store_uiux_polished\v1\backend\node_modules\router\index.js:291:5)
    at SendStream.error (D:\photo\store_uiux_polished\v1\backend\node_modules\serve-static\index.js:120:7)
    at SendStream.emit (node:events:509:20)
    at SendStream.error (D:\photo\store_uiux_polished\v1\backend\node_modules\send\index.js:168:17)
    at SendStream.onStatError (D:\photo\store_uiux_polished\v1\backend\node_modules\send\index.js:315:12) 
09-09-2026 11:06:10 | ERROR | Error found | 404 | GET /files/1788542750602_men-category.jpg : Can't find /files/1788542750602_men-category.jpg on this server | user: guest 
Error: Can't find /files/1788542750602_men-category.jpg on this server
    at D:\photo\store_uiux_polished\v1\backend\server.js:110:8
    at Layer.handleRequest (D:\photo\store_uiux_polished\v1\backend\node_modules\router\lib\layer.js:152:17)
    at trimPrefix (D:\photo\store_uiux_polished\v1\backend\node_modules\router\index.js:342:13)
    at D:\photo\store_uiux_polished\v1\backend\node_modules\router\index.js:297:9
    at processParams (D:\photo\store_uiux_polished\v1\backend\node_modules\router\index.js:582:12)
    at next (D:\photo\store_uiux_polished\v1\backend\node_modules\router\index.js:291:5)
    at SendStream.error (D:\photo\store_uiux_polished\v1\backend\node_modules\serve-static\index.js:120:7)
    at SendStream.emit (node:events:509:20)
    at SendStream.error (D:\photo\store_uiux_polished\v1\backend\node_modules\send\index.js:168:17)
    at SendStream.onStatError (D:\photo\store_uiux_polished\v1\backend\node_modules\send\index.js:315:12) 
09-09-2026 11:06:29 | ERROR | Error found | 404 | GET /files/1788430760414_Black_Denim_Jacket.jpg : Can't find /files/1788430760414_Black_Denim_Jacket.jpg on this server | user: guest 
Error: Can't find /files/1788430760414_Black_Denim_Jacket.jpg on this server
    at D:\photo\store_uiux_polished\v1\backend\server.js:110:8
    at Layer.handleRequest (D:\photo\store_uiux_polished\v1\backend\node_modules\router\lib\layer.js:152:17)
    at trimPrefix (D:\photo\store_uiux_polished\v1\backend\node_modules\router\index.js:342:13)
    at D:\photo\store_uiux_polished\v1\backend\node_modules\router\index.js:297:9
    at processParams (D:\photo\store_uiux_polished\v1\backend\node_modules\router\index.js:582:12)
    at next (D:\photo\store_uiux_polished\v1\backend\node_modules\router\index.js:291:5)
    at SendStream.error (D:\photo\store_uiux_polished\v1\backend\node_modules\serve-static\index.js:120:7)
    at SendStream.emit (node:events:509:20)
    at SendStream.error (D:\photo\store_uiux_polished\v1\backend\node_modules\send\index.js:168:17)
    at SendStream.onStatError (D:\photo\store_uiux_polished\v1\backend\node_modules\send\index.js:315:12) 
09-09-2026 11:06:29 | ERROR | Error found | 404 | GET /files/1788542750602_men-category.jpg : Can't find /files/1788542750602_men-category.jpg on this server | user: guest 
Error: Can't find /files/1788542750602_men-category.jpg on this server
    at D:\photo\store_uiux_polished\v1\backend\server.js:110:8
    at Layer.handleRequest (D:\photo\store_uiux_polished\v1\backend\node_modules\router\lib\layer.js:152:17)
    at trimPrefix (D:\photo\store_uiux_polished\v1\backend\node_modules\router\index.js:342:13)
    at D:\photo\store_uiux_polished\v1\backend\node_modules\router\index.js:297:9
    at processParams (D:\photo\store_uiux_polished\v1\backend\node_modules\router\index.js:582:12)
    at next (D:\photo\store_uiux_polished\v1\backend\node_modules\router\index.js:291:5)
    at SendStream.error (D:\photo\store_uiux_polished\v1\backend\node_modules\serve-static\index.js:120:7)
    at SendStream.emit (node:events:509:20)
    at SendStream.error (D:\photo\store_uiux_polished\v1\backend\node_modules\send\index.js:168:17)
    at SendStream.onStatError (D:\photo\store_uiux_polished\v1\backend\node_modules\send\index.js:315:12) 
09-09-2026 11:06:45 | ERROR | Error found | 404 | GET /files/1788430760414_Black_Denim_Jacket.jpg : Can't find /files/1788430760414_Black_Denim_Jacket.jpg on this server | user: guest 
Error: Can't find /files/1788430760414_Black_Denim_Jacket.jpg on this server
    at D:\photo\store_uiux_polished\v1\backend\server.js:110:8
    at Layer.handleRequest (D:\photo\store_uiux_polished\v1\backend\node_modules\router\lib\layer.js:152:17)
    at trimPrefix (D:\photo\store_uiux_polished\v1\backend\node_modules\router\index.js:342:13)
    at D:\photo\store_uiux_polished\v1\backend\node_modules\router\index.js:297:9
    at processParams (D:\photo\store_uiux_polished\v1\backend\node_modules\router\index.js:582:12)
    at next (D:\photo\store_uiux_polished\v1\backend\node_modules\router\index.js:291:5)
    at SendStream.error (D:\photo\store_uiux_polished\v1\backend\node_modules\serve-static\index.js:120:7)
    at SendStream.emit (node:events:509:20)
    at SendStream.error (D:\photo\store_uiux_polished\v1\backend\node_modules\send\index.js:168:17)
    at SendStream.onStatError (D:\photo\store_uiux_polished\v1\backend\node_modules\send\index.js:315:12) 
09-09-2026 11:06:45 | ERROR | Error found | 404 | GET /files/1788542750602_men-category.jpg : Can't find /files/1788542750602_men-category.jpg on this server | user: guest 
Error: Can't find /files/1788542750602_men-category.jpg on this server
    at D:\photo\store_uiux_polished\v1\backend\server.js:110:8
    at Layer.handleRequest (D:\photo\store_uiux_polished\v1\backend\node_modules\router\lib\layer.js:152:17)
    at trimPrefix (D:\photo\store_uiux_polished\v1\backend\node_modules\router\index.js:342:13)
    at D:\photo\store_uiux_polished\v1\backend\node_modules\router\index.js:297:9
    at processParams (D:\photo\store_uiux_polished\v1\backend\node_modules\router\index.js:582:12)
    at next (D:\photo\store_uiux_polished\v1\backend\node_modules\router\index.js:291:5)
    at SendStream.error (D:\photo\store_uiux_polished\v1\backend\node_modules\serve-static\index.js:120:7)
    at SendStream.emit (node:events:509:20)
    at SendStream.error (D:\photo\store_uiux_polished\v1\backend\node_modules\send\index.js:168:17)
    at SendStream.onStatError (D:\photo\store_uiux_polished\v1\backend\node_modules\send\index.js:315:12) 
09-09-2026 11:07:11 | ERROR | Error found | 404 | GET /files/1788542750602_men-category.jpg : Can't find /files/1788542750602_men-category.jpg on this server | user: guest 
Error: Can't find /files/1788542750602_men-category.jpg on this server
    at D:\photo\store_uiux_polished\v1\backend\server.js:110:8
    at Layer.handleRequest (D:\photo\store_uiux_polished\v1\backend\node_modules\router\lib\layer.js:152:17)
    at trimPrefix (D:\photo\store_uiux_polished\v1\backend\node_modules\router\index.js:342:13)
    at D:\photo\store_uiux_polished\v1\backend\node_modules\router\index.js:297:9
    at processParams (D:\photo\store_uiux_polished\v1\backend\node_modules\router\index.js:582:12)
    at next (D:\photo\store_uiux_polished\v1\backend\node_modules\router\index.js:291:5)
    at SendStream.error (D:\photo\store_uiux_polished\v1\backend\node_modules\serve-static\index.js:120:7)
    at SendStream.emit (node:events:509:20)
    at SendStream.error (D:\photo\store_uiux_polished\v1\backend\node_modules\send\index.js:168:17)
    at SendStream.onStatError (D:\photo\store_uiux_polished\v1\backend\node_modules\send\index.js:315:12) 
09-09-2026 11:07:11 | ERROR | Error found | 404 | GET /files/1788430760414_Black_Denim_Jacket.jpg : Can't find /files/1788430760414_Black_Denim_Jacket.jpg on this server | user: guest 
Error: Can't find /files/1788430760414_Black_Denim_Jacket.jpg on this server
    at D:\photo\store_uiux_polished\v1\backend\server.js:110:8
    at Layer.handleRequest (D:\photo\store_uiux_polished\v1\backend\node_modules\router\lib\layer.js:152:17)
    at trimPrefix (D:\photo\store_uiux_polished\v1\backend\node_modules\router\index.js:342:13)
    at D:\photo\store_uiux_polished\v1\backend\node_modules\router\index.js:297:9
    at processParams (D:\photo\store_uiux_polished\v1\backend\node_modules\router\index.js:582:12)
    at next (D:\photo\store_uiux_polished\v1\backend\node_modules\router\index.js:291:5)
    at SendStream.error (D:\photo\store_uiux_polished\v1\backend\node_modules\serve-static\index.js:120:7)
    at SendStream.emit (node:events:509:20)
    at SendStream.error (D:\photo\store_uiux_polished\v1\backend\node_modules\send\index.js:168:17)
    at SendStream.onStatError (D:\photo\store_uiux_polished\v1\backend\node_modules\send\index.js:315:12) 
09-09-2026 11:07:15 | ERROR | Error found | 404 | GET /files/1788430760414_Black_Denim_Jacket.jpg : Can't find /files/1788430760414_Black_Denim_Jacket.jpg on this server | user: guest 
Error: Can't find /files/1788430760414_Black_Denim_Jacket.jpg on this server
    at D:\photo\store_uiux_polished\v1\backend\server.js:110:8
    at Layer.handleRequest (D:\photo\store_uiux_polished\v1\backend\node_modules\router\lib\layer.js:152:17)
    at trimPrefix (D:\photo\store_uiux_polished\v1\backend\node_modules\router\index.js:342:13)
    at D:\photo\store_uiux_polished\v1\backend\node_modules\router\index.js:297:9
    at processParams (D:\photo\store_uiux_polished\v1\backend\node_modules\router\index.js:582:12)
    at next (D:\photo\store_uiux_polished\v1\backend\node_modules\router\index.js:291:5)
    at SendStream.error (D:\photo\store_uiux_polished\v1\backend\node_modules\serve-static\index.js:120:7)
    at SendStream.emit (node:events:509:20)
    at SendStream.error (D:\photo\store_uiux_polished\v1\backend\node_modules\send\index.js:168:17)
    at SendStream.onStatError (D:\photo\store_uiux_polished\v1\backend\node_modules\send\index.js:315:12) 
09-09-2026 11:07:15 | ERROR | Error found | 404 | GET /files/1788542750602_men-category.jpg : Can't find /files/1788542750602_men-category.jpg on this server | user: guest 
Error: Can't find /files/1788542750602_men-category.jpg on this server
    at D:\photo\store_uiux_polished\v1\backend\server.js:110:8
    at Layer.handleRequest (D:\photo\store_uiux_polished\v1\backend\node_modules\router\lib\layer.js:152:17)
    at trimPrefix (D:\photo\store_uiux_polished\v1\backend\node_modules\router\index.js:342:13)
    at D:\photo\store_uiux_polished\v1\backend\node_modules\router\index.js:297:9
    at processParams (D:\photo\store_uiux_polished\v1\backend\node_modules\router\index.js:582:12)
    at next (D:\photo\store_uiux_polished\v1\backend\node_modules\router\index.js:291:5)
    at SendStream.error (D:\photo\store_uiux_polished\v1\backend\node_modules\serve-static\index.js:120:7)
    at SendStream.emit (node:events:509:20)
    at SendStream.error (D:\photo\store_uiux_polished\v1\backend\node_modules\send\index.js:168:17)
    at SendStream.onStatError (D:\photo\store_uiux_polished\v1\backend\node_modules\send\index.js:315:12) 
09-09-2026 11:07:19 | ERROR | Error found | 404 | GET /files/1788430760414_Black_Denim_Jacket.jpg : Can't find /files/1788430760414_Black_Denim_Jacket.jpg on this server | user: guest 
Error: Can't find /files/1788430760414_Black_Denim_Jacket.jpg on this server
    at D:\photo\store_uiux_polished\v1\backend\server.js:110:8
    at Layer.handleRequest (D:\photo\store_uiux_polished\v1\backend\node_modules\router\lib\layer.js:152:17)
    at trimPrefix (D:\photo\store_uiux_polished\v1\backend\node_modules\router\index.js:342:13)
    at D:\photo\store_uiux_polished\v1\backend\node_modules\router\index.js:297:9
    at processParams (D:\photo\store_uiux_polished\v1\backend\node_modules\router\index.js:582:12)
    at next (D:\photo\store_uiux_polished\v1\backend\node_modules\router\index.js:291:5)
    at SendStream.error (D:\photo\store_uiux_polished\v1\backend\node_modules\serve-static\index.js:120:7)
    at SendStream.emit (node:events:509:20)
    at SendStream.error (D:\photo\store_uiux_polished\v1\backend\node_modules\send\index.js:168:17)
    at SendStream.onStatError (D:\photo\store_uiux_polished\v1\backend\node_modules\send\index.js:315:12) 
09-09-2026 11:07:19 | ERROR | Error found | 404 | GET /files/1788542750602_men-category.jpg : Can't find /files/1788542750602_men-category.jpg on this server | user: guest 
Error: Can't find /files/1788542750602_men-category.jpg on this server
    at D:\photo\store_uiux_polished\v1\backend\server.js:110:8
    at Layer.handleRequest (D:\photo\store_uiux_polished\v1\backend\node_modules\router\lib\layer.js:152:17)
    at trimPrefix (D:\photo\store_uiux_polished\v1\backend\node_modules\router\index.js:342:13)
    at D:\photo\store_uiux_polished\v1\backend\node_modules\router\index.js:297:9
    at processParams (D:\photo\store_uiux_polished\v1\backend\node_modules\router\index.js:582:12)
    at next (D:\photo\store_uiux_polished\v1\backend\node_modules\router\index.js:291:5)
    at SendStream.error (D:\photo\store_uiux_polished\v1\backend\node_modules\serve-static\index.js:120:7)
    at SendStream.emit (node:events:509:20)
    at SendStream.error (D:\photo\store_uiux_polished\v1\backend\node_modules\send\index.js:168:17)
    at SendStream.onStatError (D:\photo\store_uiux_polished\v1\backend\node_modules\send\index.js:315:12) 
09-09-2026 11:07:24 | ERROR | Error found | 404 | GET /files/1788430760414_Black_Denim_Jacket.jpg : Can't find /files/1788430760414_Black_Denim_Jacket.jpg on this server | user: guest 
Error: Can't find /files/1788430760414_Black_Denim_Jacket.jpg on this server
    at D:\photo\store_uiux_polished\v1\backend\server.js:110:8
    at Layer.handleRequest (D:\photo\store_uiux_polished\v1\backend\node_modules\router\lib\layer.js:152:17)
    at trimPrefix (D:\photo\store_uiux_polished\v1\backend\node_modules\router\index.js:342:13)
    at D:\photo\store_uiux_polished\v1\backend\node_modules\router\index.js:297:9
    at processParams (D:\photo\store_uiux_polished\v1\backend\node_modules\router\index.js:582:12)
    at next (D:\photo\store_uiux_polished\v1\backend\node_modules\router\index.js:291:5)
    at SendStream.error (D:\photo\store_uiux_polished\v1\backend\node_modules\serve-static\index.js:120:7)
    at SendStream.emit (node:events:509:20)
    at SendStream.error (D:\photo\store_uiux_polished\v1\backend\node_modules\send\index.js:168:17)
    at SendStream.onStatError (D:\photo\store_uiux_polished\v1\backend\node_modules\send\index.js:315:12) 
09-09-2026 11:07:24 | ERROR | Error found | 404 | GET /files/1788542750602_men-category.jpg : Can't find /files/1788542750602_men-category.jpg on this server | user: guest 
Error: Can't find /files/1788542750602_men-category.jpg on this server
    at D:\photo\store_uiux_polished\v1\backend\server.js:110:8
    at Layer.handleRequest (D:\photo\store_uiux_polished\v1\backend\node_modules\router\lib\layer.js:152:17)
    at trimPrefix (D:\photo\store_uiux_polished\v1\backend\node_modules\router\index.js:342:13)
    at D:\photo\store_uiux_polished\v1\backend\node_modules\router\index.js:297:9
    at processParams (D:\photo\store_uiux_polished\v1\backend\node_modules\router\index.js:582:12)
    at next (D:\photo\store_uiux_polished\v1\backend\node_modules\router\index.js:291:5)
    at SendStream.error (D:\photo\store_uiux_polished\v1\backend\node_modules\serve-static\index.js:120:7)
    at SendStream.emit (node:events:509:20)
    at SendStream.error (D:\photo\store_uiux_polished\v1\backend\node_modules\send\index.js:168:17)
    at SendStream.onStatError (D:\photo\store_uiux_polished\v1\backend\node_modules\send\index.js:315:12) 
09-09-2026 11:07:30 | ERROR | Error found | 404 | GET /files/1788430760414_Black_Denim_Jacket.jpg : Can't find /files/1788430760414_Black_Denim_Jacket.jpg on this server | user: guest 
Error: Can't find /files/1788430760414_Black_Denim_Jacket.jpg on this server
    at D:\photo\store_uiux_polished\v1\backend\server.js:110:8
    at Layer.handleRequest (D:\photo\store_uiux_polished\v1\backend\node_modules\router\lib\layer.js:152:17)
    at trimPrefix (D:\photo\store_uiux_polished\v1\backend\node_modules\router\index.js:342:13)
    at D:\photo\store_uiux_polished\v1\backend\node_modules\router\index.js:297:9
    at processParams (D:\photo\store_uiux_polished\v1\backend\node_modules\router\index.js:582:12)
    at next (D:\photo\store_uiux_polished\v1\backend\node_modules\router\index.js:291:5)
    at SendStream.error (D:\photo\store_uiux_polished\v1\backend\node_modules\serve-static\index.js:120:7)
    at SendStream.emit (node:events:509:20)
    at SendStream.error (D:\photo\store_uiux_polished\v1\backend\node_modules\send\index.js:168:17)
    at SendStream.onStatError (D:\photo\store_uiux_polished\v1\backend\node_modules\send\index.js:315:12) 
09-09-2026 11:07:30 | ERROR | Error found | 404 | GET /files/1788542750602_men-category.jpg : Can't find /files/1788542750602_men-category.jpg on this server | user: guest 
Error: Can't find /files/1788542750602_men-category.jpg on this server
    at D:\photo\store_uiux_polished\v1\backend\server.js:110:8
    at Layer.handleRequest (D:\photo\store_uiux_polished\v1\backend\node_modules\router\lib\layer.js:152:17)
    at trimPrefix (D:\photo\store_uiux_polished\v1\backend\node_modules\router\index.js:342:13)
    at D:\photo\store_uiux_polished\v1\backend\node_modules\router\index.js:297:9
    at processParams (D:\photo\store_uiux_polished\v1\backend\node_modules\router\index.js:582:12)
    at next (D:\photo\store_uiux_polished\v1\backend\node_modules\router\index.js:291:5)
    at SendStream.error (D:\photo\store_uiux_polished\v1\backend\node_modules\serve-static\index.js:120:7)
    at SendStream.emit (node:events:509:20)
    at SendStream.error (D:\photo\store_uiux_polished\v1\backend\node_modules\send\index.js:168:17)
    at SendStream.onStatError (D:\photo\store_uiux_polished\v1\backend\node_modules\send\index.js:315:12) 
09-09-2026 11:07:38 | ERROR | Error found | 404 | GET /files/1788430760414_Black_Denim_Jacket.jpg : Can't find /files/1788430760414_Black_Denim_Jacket.jpg on this server | user: guest 
Error: Can't find /files/1788430760414_Black_Denim_Jacket.jpg on this server
    at D:\photo\store_uiux_polished\v1\backend\server.js:110:8
    at Layer.handleRequest (D:\photo\store_uiux_polished\v1\backend\node_modules\router\lib\layer.js:152:17)
    at trimPrefix (D:\photo\store_uiux_polished\v1\backend\node_modules\router\index.js:342:13)
    at D:\photo\store_uiux_polished\v1\backend\node_modules\router\index.js:297:9
    at processParams (D:\photo\store_uiux_polished\v1\backend\node_modules\router\index.js:582:12)
    at next (D:\photo\store_uiux_polished\v1\backend\node_modules\router\index.js:291:5)
    at SendStream.error (D:\photo\store_uiux_polished\v1\backend\node_modules\serve-static\index.js:120:7)
    at SendStream.emit (node:events:509:20)
    at SendStream.error (D:\photo\store_uiux_polished\v1\backend\node_modules\send\index.js:168:17)
    at SendStream.onStatError (D:\photo\store_uiux_polished\v1\backend\node_modules\send\index.js:315:12) 
09-09-2026 11:07:38 | ERROR | Error found | 404 | GET /files/1788542750602_men-category.jpg : Can't find /files/1788542750602_men-category.jpg on this server | user: guest 
Error: Can't find /files/1788542750602_men-category.jpg on this server
    at D:\photo\store_uiux_polished\v1\backend\server.js:110:8
    at Layer.handleRequest (D:\photo\store_uiux_polished\v1\backend\node_modules\router\lib\layer.js:152:17)
    at trimPrefix (D:\photo\store_uiux_polished\v1\backend\node_modules\router\index.js:342:13)
    at D:\photo\store_uiux_polished\v1\backend\node_modules\router\index.js:297:9
    at processParams (D:\photo\store_uiux_polished\v1\backend\node_modules\router\index.js:582:12)
    at next (D:\photo\store_uiux_polished\v1\backend\node_modules\router\index.js:291:5)
    at SendStream.error (D:\photo\store_uiux_polished\v1\backend\node_modules\serve-static\index.js:120:7)
    at SendStream.emit (node:events:509:20)
    at SendStream.error (D:\photo\store_uiux_polished\v1\backend\node_modules\send\index.js:168:17)
    at SendStream.onStatError (D:\photo\store_uiux_polished\v1\backend\node_modules\send\index.js:315:12) 
09-09-2026 11:07:44 | ERROR | Error found | 404 | GET /files/1788430760414_Black_Denim_Jacket.jpg : Can't find /files/1788430760414_Black_Denim_Jacket.jpg on this server | user: guest 
Error: Can't find /files/1788430760414_Black_Denim_Jacket.jpg on this server
    at D:\photo\store_uiux_polished\v1\backend\server.js:110:8
    at Layer.handleRequest (D:\photo\store_uiux_polished\v1\backend\node_modules\router\lib\layer.js:152:17)
    at trimPrefix (D:\photo\store_uiux_polished\v1\backend\node_modules\router\index.js:342:13)
    at D:\photo\store_uiux_polished\v1\backend\node_modules\router\index.js:297:9
    at processParams (D:\photo\store_uiux_polished\v1\backend\node_modules\router\index.js:582:12)
    at next (D:\photo\store_uiux_polished\v1\backend\node_modules\router\index.js:291:5)
    at SendStream.error (D:\photo\store_uiux_polished\v1\backend\node_modules\serve-static\index.js:120:7)
    at SendStream.emit (node:events:509:20)
    at SendStream.error (D:\photo\store_uiux_polished\v1\backend\node_modules\send\index.js:168:17)
    at SendStream.onStatError (D:\photo\store_uiux_polished\v1\backend\node_modules\send\index.js:315:12) 
09-09-2026 11:07:44 | ERROR | Error found | 404 | GET /files/1788542750602_men-category.jpg : Can't find /files/1788542750602_men-category.jpg on this server | user: guest 
Error: Can't find /files/1788542750602_men-category.jpg on this server
    at D:\photo\store_uiux_polished\v1\backend\server.js:110:8
    at Layer.handleRequest (D:\photo\store_uiux_polished\v1\backend\node_modules\router\lib\layer.js:152:17)
    at trimPrefix (D:\photo\store_uiux_polished\v1\backend\node_modules\router\index.js:342:13)
    at D:\photo\store_uiux_polished\v1\backend\node_modules\router\index.js:297:9
    at processParams (D:\photo\store_uiux_polished\v1\backend\node_modules\router\index.js:582:12)
    at next (D:\photo\store_uiux_polished\v1\backend\node_modules\router\index.js:291:5)
    at SendStream.error (D:\photo\store_uiux_polished\v1\backend\node_modules\serve-static\index.js:120:7)
    at SendStream.emit (node:events:509:20)
    at SendStream.error (D:\photo\store_uiux_polished\v1\backend\node_modules\send\index.js:168:17)
    at SendStream.onStatError (D:\photo\store_uiux_polished\v1\backend\node_modules\send\index.js:315:12) 
09-09-2026 11:07:49 | ERROR | Error found | 404 | GET /files/1788430760414_Black_Denim_Jacket.jpg : Can't find /files/1788430760414_Black_Denim_Jacket.jpg on this server | user: guest 
Error: Can't find /files/1788430760414_Black_Denim_Jacket.jpg on this server
    at D:\photo\store_uiux_polished\v1\backend\server.js:110:8
    at Layer.handleRequest (D:\photo\store_uiux_polished\v1\backend\node_modules\router\lib\layer.js:152:17)
    at trimPrefix (D:\photo\store_uiux_polished\v1\backend\node_modules\router\index.js:342:13)
    at D:\photo\store_uiux_polished\v1\backend\node_modules\router\index.js:297:9
    at processParams (D:\photo\store_uiux_polished\v1\backend\node_modules\router\index.js:582:12)
    at next (D:\photo\store_uiux_polished\v1\backend\node_modules\router\index.js:291:5)
    at SendStream.error (D:\photo\store_uiux_polished\v1\backend\node_modules\serve-static\index.js:120:7)
    at SendStream.emit (node:events:509:20)
    at SendStream.error (D:\photo\store_uiux_polished\v1\backend\node_modules\send\index.js:168:17)
    at SendStream.onStatError (D:\photo\store_uiux_polished\v1\backend\node_modules\send\index.js:315:12) 
09-09-2026 11:07:49 | ERROR | Error found | 404 | GET /files/1788542750602_men-category.jpg : Can't find /files/1788542750602_men-category.jpg on this server | user: guest 
Error: Can't find /files/1788542750602_men-category.jpg on this server
    at D:\photo\store_uiux_polished\v1\backend\server.js:110:8
    at Layer.handleRequest (D:\photo\store_uiux_polished\v1\backend\node_modules\router\lib\layer.js:152:17)
    at trimPrefix (D:\photo\store_uiux_polished\v1\backend\node_modules\router\index.js:342:13)
    at D:\photo\store_uiux_polished\v1\backend\node_modules\router\index.js:297:9
    at processParams (D:\photo\store_uiux_polished\v1\backend\node_modules\router\index.js:582:12)
    at next (D:\photo\store_uiux_polished\v1\backend\node_modules\router\index.js:291:5)
    at SendStream.error (D:\photo\store_uiux_polished\v1\backend\node_modules\serve-static\index.js:120:7)
    at SendStream.emit (node:events:509:20)
    at SendStream.error (D:\photo\store_uiux_polished\v1\backend\node_modules\send\index.js:168:17)
    at SendStream.onStatError (D:\photo\store_uiux_polished\v1\backend\node_modules\send\index.js:315:12) 
09-09-2026 11:08:01 | ERROR | Error found | 404 | GET /files/1788430760414_Black_Denim_Jacket.jpg : Can't find /files/1788430760414_Black_Denim_Jacket.jpg on this server | user: guest 
Error: Can't find /files/1788430760414_Black_Denim_Jacket.jpg on this server
    at D:\photo\store_uiux_polished\v1\backend\server.js:110:8
    at Layer.handleRequest (D:\photo\store_uiux_polished\v1\backend\node_modules\router\lib\layer.js:152:17)
    at trimPrefix (D:\photo\store_uiux_polished\v1\backend\node_modules\router\index.js:342:13)
    at D:\photo\store_uiux_polished\v1\backend\node_modules\router\index.js:297:9
    at processParams (D:\photo\store_uiux_polished\v1\backend\node_modules\router\index.js:582:12)
    at next (D:\photo\store_uiux_polished\v1\backend\node_modules\router\index.js:291:5)
    at SendStream.error (D:\photo\store_uiux_polished\v1\backend\node_modules\serve-static\index.js:120:7)
    at SendStream.emit (node:events:509:20)
    at SendStream.error (D:\photo\store_uiux_polished\v1\backend\node_modules\send\index.js:168:17)
    at SendStream.onStatError (D:\photo\store_uiux_polished\v1\backend\node_modules\send\index.js:315:12) 
09-09-2026 11:08:01 | ERROR | Error found | 404 | GET /files/1788542750602_men-category.jpg : Can't find /files/1788542750602_men-category.jpg on this server | user: guest 
Error: Can't find /files/1788542750602_men-category.jpg on this server
    at D:\photo\store_uiux_polished\v1\backend\server.js:110:8
    at Layer.handleRequest (D:\photo\store_uiux_polished\v1\backend\node_modules\router\lib\layer.js:152:17)
    at trimPrefix (D:\photo\store_uiux_polished\v1\backend\node_modules\router\index.js:342:13)
    at D:\photo\store_uiux_polished\v1\backend\node_modules\router\index.js:297:9
    at processParams (D:\photo\store_uiux_polished\v1\backend\node_modules\router\index.js:582:12)
    at next (D:\photo\store_uiux_polished\v1\backend\node_modules\router\index.js:291:5)
    at SendStream.error (D:\photo\store_uiux_polished\v1\backend\node_modules\serve-static\index.js:120:7)
    at SendStream.emit (node:events:509:20)
    at SendStream.error (D:\photo\store_uiux_polished\v1\backend\node_modules\send\index.js:168:17)
    at SendStream.onStatError (D:\photo\store_uiux_polished\v1\backend\node_modules\send\index.js:315:12) 
09-09-2026 11:08:09 | ERROR | Error found | 404 | GET /files/1788430760414_Black_Denim_Jacket.jpg : Can't find /files/1788430760414_Black_Denim_Jacket.jpg on this server | user: guest 
Error: Can't find /files/1788430760414_Black_Denim_Jacket.jpg on this server
    at D:\photo\store_uiux_polished\v1\backend\server.js:110:8
    at Layer.handleRequest (D:\photo\store_uiux_polished\v1\backend\node_modules\router\lib\layer.js:152:17)
    at trimPrefix (D:\photo\store_uiux_polished\v1\backend\node_modules\router\index.js:342:13)
    at D:\photo\store_uiux_polished\v1\backend\node_modules\router\index.js:297:9
    at processParams (D:\photo\store_uiux_polished\v1\backend\node_modules\router\index.js:582:12)
    at next (D:\photo\store_uiux_polished\v1\backend\node_modules\router\index.js:291:5)
    at SendStream.error (D:\photo\store_uiux_polished\v1\backend\node_modules\serve-static\index.js:120:7)
    at SendStream.emit (node:events:509:20)
    at SendStream.error (D:\photo\store_uiux_polished\v1\backend\node_modules\send\index.js:168:17)
    at SendStream.onStatError (D:\photo\store_uiux_polished\v1\backend\node_modules\send\index.js:315:12) 
09-09-2026 11:08:09 | ERROR | Error found | 404 | GET /files/1788542750602_men-category.jpg : Can't find /files/1788542750602_men-category.jpg on this server | user: guest 
Error: Can't find /files/1788542750602_men-category.jpg on this server
    at D:\photo\store_uiux_polished\v1\backend\server.js:110:8
    at Layer.handleRequest (D:\photo\store_uiux_polished\v1\backend\node_modules\router\lib\layer.js:152:17)
    at trimPrefix (D:\photo\store_uiux_polished\v1\backend\node_modules\router\index.js:342:13)
    at D:\photo\store_uiux_polished\v1\backend\node_modules\router\index.js:297:9
    at processParams (D:\photo\store_uiux_polished\v1\backend\node_modules\router\index.js:582:12)
    at next (D:\photo\store_uiux_polished\v1\backend\node_modules\router\index.js:291:5)
    at SendStream.error (D:\photo\store_uiux_polished\v1\backend\node_modules\serve-static\index.js:120:7)
    at SendStream.emit (node:events:509:20)
    at SendStream.error (D:\photo\store_uiux_polished\v1\backend\node_modules\send\index.js:168:17)
    at SendStream.onStatError (D:\photo\store_uiux_polished\v1\backend\node_modules\send\index.js:315:12) 
09-09-2026 11:08:22 | ERROR | Error found | 404 | GET /files/1788430760414_Black_Denim_Jacket.jpg : Can't find /files/1788430760414_Black_Denim_Jacket.jpg on this server | user: guest 
Error: Can't find /files/1788430760414_Black_Denim_Jacket.jpg on this server
    at D:\photo\store_uiux_polished\v1\backend\server.js:110:8
    at Layer.handleRequest (D:\photo\store_uiux_polished\v1\backend\node_modules\router\lib\layer.js:152:17)
    at trimPrefix (D:\photo\store_uiux_polished\v1\backend\node_modules\router\index.js:342:13)
    at D:\photo\store_uiux_polished\v1\backend\node_modules\router\index.js:297:9
    at processParams (D:\photo\store_uiux_polished\v1\backend\node_modules\router\index.js:582:12)
    at next (D:\photo\store_uiux_polished\v1\backend\node_modules\router\index.js:291:5)
    at SendStream.error (D:\photo\store_uiux_polished\v1\backend\node_modules\serve-static\index.js:120:7)
    at SendStream.emit (node:events:509:20)
    at SendStream.error (D:\photo\store_uiux_polished\v1\backend\node_modules\send\index.js:168:17)
    at SendStream.onStatError (D:\photo\store_uiux_polished\v1\backend\node_modules\send\index.js:315:12) 
09-09-2026 11:08:22 | ERROR | Error found | 404 | GET /files/1788542750602_men-category.jpg : Can't find /files/1788542750602_men-category.jpg on this server | user: guest 
Error: Can't find /files/1788542750602_men-category.jpg on this server
    at D:\photo\store_uiux_polished\v1\backend\server.js:110:8
    at Layer.handleRequest (D:\photo\store_uiux_polished\v1\backend\node_modules\router\lib\layer.js:152:17)
    at trimPrefix (D:\photo\store_uiux_polished\v1\backend\node_modules\router\index.js:342:13)
    at D:\photo\store_uiux_polished\v1\backend\node_modules\router\index.js:297:9
    at processParams (D:\photo\store_uiux_polished\v1\backend\node_modules\router\index.js:582:12)
    at next (D:\photo\store_uiux_polished\v1\backend\node_modules\router\index.js:291:5)
    at SendStream.error (D:\photo\store_uiux_polished\v1\backend\node_modules\serve-static\index.js:120:7)
    at SendStream.emit (node:events:509:20)
    at SendStream.error (D:\photo\store_uiux_polished\v1\backend\node_modules\send\index.js:168:17)
    at SendStream.onStatError (D:\photo\store_uiux_polished\v1\backend\node_modules\send\index.js:315:12) 
09-09-2026 11:08:34 | ERROR | Error found | 404 | GET /files/1788430760414_Black_Denim_Jacket.jpg : Can't find /files/1788430760414_Black_Denim_Jacket.jpg on this server | user: guest 
Error: Can't find /files/1788430760414_Black_Denim_Jacket.jpg on this server
    at D:\photo\store_uiux_polished\v1\backend\server.js:110:8
    at Layer.handleRequest (D:\photo\store_uiux_polished\v1\backend\node_modules\router\lib\layer.js:152:17)
    at trimPrefix (D:\photo\store_uiux_polished\v1\backend\node_modules\router\index.js:342:13)
    at D:\photo\store_uiux_polished\v1\backend\node_modules\router\index.js:297:9
    at processParams (D:\photo\store_uiux_polished\v1\backend\node_modules\router\index.js:582:12)
    at next (D:\photo\store_uiux_polished\v1\backend\node_modules\router\index.js:291:5)
    at SendStream.error (D:\photo\store_uiux_polished\v1\backend\node_modules\serve-static\index.js:120:7)
    at SendStream.emit (node:events:509:20)
    at SendStream.error (D:\photo\store_uiux_polished\v1\backend\node_modules\send\index.js:168:17)
    at SendStream.onStatError (D:\photo\store_uiux_polished\v1\backend\node_modules\send\index.js:315:12) 
09-09-2026 11:08:34 | ERROR | Error found | 404 | GET /files/1788542750602_men-category.jpg : Can't find /files/1788542750602_men-category.jpg on this server | user: guest 
Error: Can't find /files/1788542750602_men-category.jpg on this server
    at D:\photo\store_uiux_polished\v1\backend\server.js:110:8
    at Layer.handleRequest (D:\photo\store_uiux_polished\v1\backend\node_modules\router\lib\layer.js:152:17)
    at trimPrefix (D:\photo\store_uiux_polished\v1\backend\node_modules\router\index.js:342:13)
    at D:\photo\store_uiux_polished\v1\backend\node_modules\router\index.js:297:9
    at processParams (D:\photo\store_uiux_polished\v1\backend\node_modules\router\index.js:582:12)
    at next (D:\photo\store_uiux_polished\v1\backend\node_modules\router\index.js:291:5)
    at SendStream.error (D:\photo\store_uiux_polished\v1\backend\node_modules\serve-static\index.js:120:7)
    at SendStream.emit (node:events:509:20)
    at SendStream.error (D:\photo\store_uiux_polished\v1\backend\node_modules\send\index.js:168:17)
    at SendStream.onStatError (D:\photo\store_uiux_polished\v1\backend\node_modules\send\index.js:315:12) 
09-09-2026 11:08:38 | ERROR | Error found | 404 | GET /files/1788430760414_Black_Denim_Jacket.jpg : Can't find /files/1788430760414_Black_Denim_Jacket.jpg on this server | user: guest 
Error: Can't find /files/1788430760414_Black_Denim_Jacket.jpg on this server
    at D:\photo\store_uiux_polished\v1\backend\server.js:110:8
    at Layer.handleRequest (D:\photo\store_uiux_polished\v1\backend\node_modules\router\lib\layer.js:152:17)
    at trimPrefix (D:\photo\store_uiux_polished\v1\backend\node_modules\router\index.js:342:13)
    at D:\photo\store_uiux_polished\v1\backend\node_modules\router\index.js:297:9
    at processParams (D:\photo\store_uiux_polished\v1\backend\node_modules\router\index.js:582:12)
    at next (D:\photo\store_uiux_polished\v1\backend\node_modules\router\index.js:291:5)
    at SendStream.error (D:\photo\store_uiux_polished\v1\backend\node_modules\serve-static\index.js:120:7)
    at SendStream.emit (node:events:509:20)
    at SendStream.error (D:\photo\store_uiux_polished\v1\backend\node_modules\send\index.js:168:17)
    at SendStream.onStatError (D:\photo\store_uiux_polished\v1\backend\node_modules\send\index.js:315:12) 
09-09-2026 11:08:38 | ERROR | Error found | 404 | GET /files/1788542750602_men-category.jpg : Can't find /files/1788542750602_men-category.jpg on this server | user: guest 
Error: Can't find /files/1788542750602_men-category.jpg on this server
    at D:\photo\store_uiux_polished\v1\backend\server.js:110:8
    at Layer.handleRequest (D:\photo\store_uiux_polished\v1\backend\node_modules\router\lib\layer.js:152:17)
    at trimPrefix (D:\photo\store_uiux_polished\v1\backend\node_modules\router\index.js:342:13)
    at D:\photo\store_uiux_polished\v1\backend\node_modules\router\index.js:297:9
    at processParams (D:\photo\store_uiux_polished\v1\backend\node_modules\router\index.js:582:12)
    at next (D:\photo\store_uiux_polished\v1\backend\node_modules\router\index.js:291:5)
    at SendStream.error (D:\photo\store_uiux_polished\v1\backend\node_modules\serve-static\index.js:120:7)
    at SendStream.emit (node:events:509:20)
    at SendStream.error (D:\photo\store_uiux_polished\v1\backend\node_modules\send\index.js:168:17)
    at SendStream.onStatError (D:\photo\store_uiux_polished\v1\backend\node_modules\send\index.js:315:12) 
09-09-2026 11:08:39 | ERROR | Error found | 404 | GET /files/1788430760414_Black_Denim_Jacket.jpg : Can't find /files/1788430760414_Black_Denim_Jacket.jpg on this server | user: guest 
Error: Can't find /files/1788430760414_Black_Denim_Jacket.jpg on this server
    at D:\photo\store_uiux_polished\v1\backend\server.js:110:8
    at Layer.handleRequest (D:\photo\store_uiux_polished\v1\backend\node_modules\router\lib\layer.js:152:17)
    at trimPrefix (D:\photo\store_uiux_polished\v1\backend\node_modules\router\index.js:342:13)
    at D:\photo\store_uiux_polished\v1\backend\node_modules\router\index.js:297:9
    at processParams (D:\photo\store_uiux_polished\v1\backend\node_modules\router\index.js:582:12)
    at next (D:\photo\store_uiux_polished\v1\backend\node_modules\router\index.js:291:5)
    at SendStream.error (D:\photo\store_uiux_polished\v1\backend\node_modules\serve-static\index.js:120:7)
    at SendStream.emit (node:events:509:20)
    at SendStream.error (D:\photo\store_uiux_polished\v1\backend\node_modules\send\index.js:168:17)
    at SendStream.onStatError (D:\photo\store_uiux_polished\v1\backend\node_modules\send\index.js:315:12) 
09-09-2026 11:08:39 | ERROR | Error found | 404 | GET /files/1788542750602_men-category.jpg : Can't find /files/1788542750602_men-category.jpg on this server | user: guest 
Error: Can't find /files/1788542750602_men-category.jpg on this server
    at D:\photo\store_uiux_polished\v1\backend\server.js:110:8
    at Layer.handleRequest (D:\photo\store_uiux_polished\v1\backend\node_modules\router\lib\layer.js:152:17)
    at trimPrefix (D:\photo\store_uiux_polished\v1\backend\node_modules\router\index.js:342:13)
    at D:\photo\store_uiux_polished\v1\backend\node_modules\router\index.js:297:9
    at processParams (D:\photo\store_uiux_polished\v1\backend\node_modules\router\index.js:582:12)
    at next (D:\photo\store_uiux_polished\v1\backend\node_modules\router\index.js:291:5)
    at SendStream.error (D:\photo\store_uiux_polished\v1\backend\node_modules\serve-static\index.js:120:7)
    at SendStream.emit (node:events:509:20)
    at SendStream.error (D:\photo\store_uiux_polished\v1\backend\node_modules\send\index.js:168:17)
    at SendStream.onStatError (D:\photo\store_uiux_polished\v1\backend\node_modules\send\index.js:315:12) 
09-09-2026 11:08:46 | ERROR | Error found | 404 | GET /files/1788430760414_Black_Denim_Jacket.jpg : Can't find /files/1788430760414_Black_Denim_Jacket.jpg on this server | user: guest 
Error: Can't find /files/1788430760414_Black_Denim_Jacket.jpg on this server
    at D:\photo\store_uiux_polished\v1\backend\server.js:110:8
    at Layer.handleRequest (D:\photo\store_uiux_polished\v1\backend\node_modules\router\lib\layer.js:152:17)
    at trimPrefix (D:\photo\store_uiux_polished\v1\backend\node_modules\router\index.js:342:13)
    at D:\photo\store_uiux_polished\v1\backend\node_modules\router\index.js:297:9
    at processParams (D:\photo\store_uiux_polished\v1\backend\node_modules\router\index.js:582:12)
    at next (D:\photo\store_uiux_polished\v1\backend\node_modules\router\index.js:291:5)
    at SendStream.error (D:\photo\store_uiux_polished\v1\backend\node_modules\serve-static\index.js:120:7)
    at SendStream.emit (node:events:509:20)
    at SendStream.error (D:\photo\store_uiux_polished\v1\backend\node_modules\send\index.js:168:17)
    at SendStream.onStatError (D:\photo\store_uiux_polished\v1\backend\node_modules\send\index.js:315:12) 
09-09-2026 11:08:46 | ERROR | Error found | 404 | GET /files/1788542750602_men-category.jpg : Can't find /files/1788542750602_men-category.jpg on this server | user: guest 
Error: Can't find /files/1788542750602_men-category.jpg on this server
    at D:\photo\store_uiux_polished\v1\backend\server.js:110:8
    at Layer.handleRequest (D:\photo\store_uiux_polished\v1\backend\node_modules\router\lib\layer.js:152:17)
    at trimPrefix (D:\photo\store_uiux_polished\v1\backend\node_modules\router\index.js:342:13)
    at D:\photo\store_uiux_polished\v1\backend\node_modules\router\index.js:297:9
    at processParams (D:\photo\store_uiux_polished\v1\backend\node_modules\router\index.js:582:12)
    at next (D:\photo\store_uiux_polished\v1\backend\node_modules\router\index.js:291:5)
    at SendStream.error (D:\photo\store_uiux_polished\v1\backend\node_modules\serve-static\index.js:120:7)
    at SendStream.emit (node:events:509:20)
    at SendStream.error (D:\photo\store_uiux_polished\v1\backend\node_modules\send\index.js:168:17)
    at SendStream.onStatError (D:\photo\store_uiux_polished\v1\backend\node_modules\send\index.js:315:12) 
09-09-2026 11:08:51 | ERROR | Error found | 404 | GET /files/1788430760414_Black_Denim_Jacket.jpg : Can't find /files/1788430760414_Black_Denim_Jacket.jpg on this server | user: guest 
Error: Can't find /files/1788430760414_Black_Denim_Jacket.jpg on this server
    at D:\photo\store_uiux_polished\v1\backend\server.js:110:8
    at Layer.handleRequest (D:\photo\store_uiux_polished\v1\backend\node_modules\router\lib\layer.js:152:17)
    at trimPrefix (D:\photo\store_uiux_polished\v1\backend\node_modules\router\index.js:342:13)
    at D:\photo\store_uiux_polished\v1\backend\node_modules\router\index.js:297:9
    at processParams (D:\photo\store_uiux_polished\v1\backend\node_modules\router\index.js:582:12)
    at next (D:\photo\store_uiux_polished\v1\backend\node_modules\router\index.js:291:5)
    at SendStream.error (D:\photo\store_uiux_polished\v1\backend\node_modules\serve-static\index.js:120:7)
    at SendStream.emit (node:events:509:20)
    at SendStream.error (D:\photo\store_uiux_polished\v1\backend\node_modules\send\index.js:168:17)
    at SendStream.onStatError (D:\photo\store_uiux_polished\v1\backend\node_modules\send\index.js:315:12) 
09-09-2026 11:08:51 | ERROR | Error found | 404 | GET /files/1788542750602_men-category.jpg : Can't find /files/1788542750602_men-category.jpg on this server | user: guest 
Error: Can't find /files/1788542750602_men-category.jpg on this server
    at D:\photo\store_uiux_polished\v1\backend\server.js:110:8
    at Layer.handleRequest (D:\photo\store_uiux_polished\v1\backend\node_modules\router\lib\layer.js:152:17)
    at trimPrefix (D:\photo\store_uiux_polished\v1\backend\node_modules\router\index.js:342:13)
    at D:\photo\store_uiux_polished\v1\backend\node_modules\router\index.js:297:9
    at processParams (D:\photo\store_uiux_polished\v1\backend\node_modules\router\index.js:582:12)
    at next (D:\photo\store_uiux_polished\v1\backend\node_modules\router\index.js:291:5)
    at SendStream.error (D:\photo\store_uiux_polished\v1\backend\node_modules\serve-static\index.js:120:7)
    at SendStream.emit (node:events:509:20)
    at SendStream.error (D:\photo\store_uiux_polished\v1\backend\node_modules\send\index.js:168:17)
    at SendStream.onStatError (D:\photo\store_uiux_polished\v1\backend\node_modules\send\index.js:315:12) 
09-09-2026 11:08:54 | ERROR | Error found | 404 | GET /files/1788430760414_Black_Denim_Jacket.jpg : Can't find /files/1788430760414_Black_Denim_Jacket.jpg on this server | user: guest 
Error: Can't find /files/1788430760414_Black_Denim_Jacket.jpg on this server
    at D:\photo\store_uiux_polished\v1\backend\server.js:110:8
    at Layer.handleRequest (D:\photo\store_uiux_polished\v1\backend\node_modules\router\lib\layer.js:152:17)
    at trimPrefix (D:\photo\store_uiux_polished\v1\backend\node_modules\router\index.js:342:13)
    at D:\photo\store_uiux_polished\v1\backend\node_modules\router\index.js:297:9
    at processParams (D:\photo\store_uiux_polished\v1\backend\node_modules\router\index.js:582:12)
    at next (D:\photo\store_uiux_polished\v1\backend\node_modules\router\index.js:291:5)
    at SendStream.error (D:\photo\store_uiux_polished\v1\backend\node_modules\serve-static\index.js:120:7)
    at SendStream.emit (node:events:509:20)
    at SendStream.error (D:\photo\store_uiux_polished\v1\backend\node_modules\send\index.js:168:17)
    at SendStream.onStatError (D:\photo\store_uiux_polished\v1\backend\node_modules\send\index.js:315:12) 
09-09-2026 11:08:54 | ERROR | Error found | 404 | GET /files/1788542750602_men-category.jpg : Can't find /files/1788542750602_men-category.jpg on this server | user: guest 
Error: Can't find /files/1788542750602_men-category.jpg on this server
    at D:\photo\store_uiux_polished\v1\backend\server.js:110:8
    at Layer.handleRequest (D:\photo\store_uiux_polished\v1\backend\node_modules\router\lib\layer.js:152:17)
    at trimPrefix (D:\photo\store_uiux_polished\v1\backend\node_modules\router\index.js:342:13)
    at D:\photo\store_uiux_polished\v1\backend\node_modules\router\index.js:297:9
    at processParams (D:\photo\store_uiux_polished\v1\backend\node_modules\router\index.js:582:12)
    at next (D:\photo\store_uiux_polished\v1\backend\node_modules\router\index.js:291:5)
    at SendStream.error (D:\photo\store_uiux_polished\v1\backend\node_modules\serve-static\index.js:120:7)
    at SendStream.emit (node:events:509:20)
    at SendStream.error (D:\photo\store_uiux_polished\v1\backend\node_modules\send\index.js:168:17)
    at SendStream.onStatError (D:\photo\store_uiux_polished\v1\backend\node_modules\send\index.js:315:12) 
09-09-2026 11:08:59 | ERROR | Error found | 404 | GET /files/1788430760414_Black_Denim_Jacket.jpg : Can't find /files/1788430760414_Black_Denim_Jacket.jpg on this server | user: guest 
Error: Can't find /files/1788430760414_Black_Denim_Jacket.jpg on this server
    at D:\photo\store_uiux_polished\v1\backend\server.js:110:8
    at Layer.handleRequest (D:\photo\store_uiux_polished\v1\backend\node_modules\router\lib\layer.js:152:17)
    at trimPrefix (D:\photo\store_uiux_polished\v1\backend\node_modules\router\index.js:342:13)
    at D:\photo\store_uiux_polished\v1\backend\node_modules\router\index.js:297:9
    at processParams (D:\photo\store_uiux_polished\v1\backend\node_modules\router\index.js:582:12)
    at next (D:\photo\store_uiux_polished\v1\backend\node_modules\router\index.js:291:5)
    at SendStream.error (D:\photo\store_uiux_polished\v1\backend\node_modules\serve-static\index.js:120:7)
    at SendStream.emit (node:events:509:20)
    at SendStream.error (D:\photo\store_uiux_polished\v1\backend\node_modules\send\index.js:168:17)
    at SendStream.onStatError (D:\photo\store_uiux_polished\v1\backend\node_modules\send\index.js:315:12) 
09-09-2026 11:08:59 | ERROR | Error found | 404 | GET /files/1788542750602_men-category.jpg : Can't find /files/1788542750602_men-category.jpg on this server | user: guest 
Error: Can't find /files/1788542750602_men-category.jpg on this server
    at D:\photo\store_uiux_polished\v1\backend\server.js:110:8
    at Layer.handleRequest (D:\photo\store_uiux_polished\v1\backend\node_modules\router\lib\layer.js:152:17)
    at trimPrefix (D:\photo\store_uiux_polished\v1\backend\node_modules\router\index.js:342:13)
    at D:\photo\store_uiux_polished\v1\backend\node_modules\router\index.js:297:9
    at processParams (D:\photo\store_uiux_polished\v1\backend\node_modules\router\index.js:582:12)
    at next (D:\photo\store_uiux_polished\v1\backend\node_modules\router\index.js:291:5)
    at SendStream.error (D:\photo\store_uiux_polished\v1\backend\node_modules\serve-static\index.js:120:7)
    at SendStream.emit (node:events:509:20)
    at SendStream.error (D:\photo\store_uiux_polished\v1\backend\node_modules\send\index.js:168:17)
    at SendStream.onStatError (D:\photo\store_uiux_polished\v1\backend\node_modules\send\index.js:315:12) 
09-09-2026 11:09:04 | ERROR | Error found | 404 | GET /files/1788430760414_Black_Denim_Jacket.jpg : Can't find /files/1788430760414_Black_Denim_Jacket.jpg on this server | user: guest 
Error: Can't find /files/1788430760414_Black_Denim_Jacket.jpg on this server
    at D:\photo\store_uiux_polished\v1\backend\server.js:110:8
    at Layer.handleRequest (D:\photo\store_uiux_polished\v1\backend\node_modules\router\lib\layer.js:152:17)
    at trimPrefix (D:\photo\store_uiux_polished\v1\backend\node_modules\router\index.js:342:13)
    at D:\photo\store_uiux_polished\v1\backend\node_modules\router\index.js:297:9
    at processParams (D:\photo\store_uiux_polished\v1\backend\node_modules\router\index.js:582:12)
    at next (D:\photo\store_uiux_polished\v1\backend\node_modules\router\index.js:291:5)
    at SendStream.error (D:\photo\store_uiux_polished\v1\backend\node_modules\serve-static\index.js:120:7)
    at SendStream.emit (node:events:509:20)
    at SendStream.error (D:\photo\store_uiux_polished\v1\backend\node_modules\send\index.js:168:17)
    at SendStream.onStatError (D:\photo\store_uiux_polished\v1\backend\node_modules\send\index.js:315:12) 
09-09-2026 11:09:04 | ERROR | Error found | 404 | GET /files/1788542750602_men-category.jpg : Can't find /files/1788542750602_men-category.jpg on this server | user: guest 
Error: Can't find /files/1788542750602_men-category.jpg on this server
    at D:\photo\store_uiux_polished\v1\backend\server.js:110:8
    at Layer.handleRequest (D:\photo\store_uiux_polished\v1\backend\node_modules\router\lib\layer.js:152:17)
    at trimPrefix (D:\photo\store_uiux_polished\v1\backend\node_modules\router\index.js:342:13)
    at D:\photo\store_uiux_polished\v1\backend\node_modules\router\index.js:297:9
    at processParams (D:\photo\store_uiux_polished\v1\backend\node_modules\router\index.js:582:12)
    at next (D:\photo\store_uiux_polished\v1\backend\node_modules\router\index.js:291:5)
    at SendStream.error (D:\photo\store_uiux_polished\v1\backend\node_modules\serve-static\index.js:120:7)
    at SendStream.emit (node:events:509:20)
    at SendStream.error (D:\photo\store_uiux_polished\v1\backend\node_modules\send\index.js:168:17)
    at SendStream.onStatError (D:\photo\store_uiux_polished\v1\backend\node_modules\send\index.js:315:12) 
09-09-2026 11:09:13 | ERROR | Error found | 404 | GET /files/1788430760414_Black_Denim_Jacket.jpg : Can't find /files/1788430760414_Black_Denim_Jacket.jpg on this server | user: guest 
Error: Can't find /files/1788430760414_Black_Denim_Jacket.jpg on this server
    at D:\photo\store_uiux_polished\v1\backend\server.js:110:8
    at Layer.handleRequest (D:\photo\store_uiux_polished\v1\backend\node_modules\router\lib\layer.js:152:17)
    at trimPrefix (D:\photo\store_uiux_polished\v1\backend\node_modules\router\index.js:342:13)
    at D:\photo\store_uiux_polished\v1\backend\node_modules\router\index.js:297:9
    at processParams (D:\photo\store_uiux_polished\v1\backend\node_modules\router\index.js:582:12)
    at next (D:\photo\store_uiux_polished\v1\backend\node_modules\router\index.js:291:5)
    at SendStream.error (D:\photo\store_uiux_polished\v1\backend\node_modules\serve-static\index.js:120:7)
    at SendStream.emit (node:events:509:20)
    at SendStream.error (D:\photo\store_uiux_polished\v1\backend\node_modules\send\index.js:168:17)
    at SendStream.onStatError (D:\photo\store_uiux_polished\v1\backend\node_modules\send\index.js:315:12) 
09-09-2026 11:09:13 | ERROR | Error found | 404 | GET /files/1788542750602_men-category.jpg : Can't find /files/1788542750602_men-category.jpg on this server | user: guest 
Error: Can't find /files/1788542750602_men-category.jpg on this server
    at D:\photo\store_uiux_polished\v1\backend\server.js:110:8
    at Layer.handleRequest (D:\photo\store_uiux_polished\v1\backend\node_modules\router\lib\layer.js:152:17)
    at trimPrefix (D:\photo\store_uiux_polished\v1\backend\node_modules\router\index.js:342:13)
    at D:\photo\store_uiux_polished\v1\backend\node_modules\router\index.js:297:9
    at processParams (D:\photo\store_uiux_polished\v1\backend\node_modules\router\index.js:582:12)
    at next (D:\photo\store_uiux_polished\v1\backend\node_modules\router\index.js:291:5)
    at SendStream.error (D:\photo\store_uiux_polished\v1\backend\node_modules\serve-static\index.js:120:7)
    at SendStream.emit (node:events:509:20)
    at SendStream.error (D:\photo\store_uiux_polished\v1\backend\node_modules\send\index.js:168:17)
    at SendStream.onStatError (D:\photo\store_uiux_polished\v1\backend\node_modules\send\index.js:315:12) 
09-09-2026 11:09:17 | ERROR | Error found | 404 | GET /files/1788430760414_Black_Denim_Jacket.jpg : Can't find /files/1788430760414_Black_Denim_Jacket.jpg on this server | user: guest 
Error: Can't find /files/1788430760414_Black_Denim_Jacket.jpg on this server
    at D:\photo\store_uiux_polished\v1\backend\server.js:110:8
    at Layer.handleRequest (D:\photo\store_uiux_polished\v1\backend\node_modules\router\lib\layer.js:152:17)
    at trimPrefix (D:\photo\store_uiux_polished\v1\backend\node_modules\router\index.js:342:13)
    at D:\photo\store_uiux_polished\v1\backend\node_modules\router\index.js:297:9
    at processParams (D:\photo\store_uiux_polished\v1\backend\node_modules\router\index.js:582:12)
    at next (D:\photo\store_uiux_polished\v1\backend\node_modules\router\index.js:291:5)
    at SendStream.error (D:\photo\store_uiux_polished\v1\backend\node_modules\serve-static\index.js:120:7)
    at SendStream.emit (node:events:509:20)
    at SendStream.error (D:\photo\store_uiux_polished\v1\backend\node_modules\send\index.js:168:17)
    at SendStream.onStatError (D:\photo\store_uiux_polished\v1\backend\node_modules\send\index.js:315:12) 
09-09-2026 11:09:17 | ERROR | Error found | 404 | GET /files/1788542750602_men-category.jpg : Can't find /files/1788542750602_men-category.jpg on this server | user: guest 
Error: Can't find /files/1788542750602_men-category.jpg on this server
    at D:\photo\store_uiux_polished\v1\backend\server.js:110:8
    at Layer.handleRequest (D:\photo\store_uiux_polished\v1\backend\node_modules\router\lib\layer.js:152:17)
    at trimPrefix (D:\photo\store_uiux_polished\v1\backend\node_modules\router\index.js:342:13)
    at D:\photo\store_uiux_polished\v1\backend\node_modules\router\index.js:297:9
    at processParams (D:\photo\store_uiux_polished\v1\backend\node_modules\router\index.js:582:12)
    at next (D:\photo\store_uiux_polished\v1\backend\node_modules\router\index.js:291:5)
    at SendStream.error (D:\photo\store_uiux_polished\v1\backend\node_modules\serve-static\index.js:120:7)
    at SendStream.emit (node:events:509:20)
    at SendStream.error (D:\photo\store_uiux_polished\v1\backend\node_modules\send\index.js:168:17)
    at SendStream.onStatError (D:\photo\store_uiux_polished\v1\backend\node_modules\send\index.js:315:12) 
09-09-2026 11:09:20 | ERROR | Error found | 404 | GET /files/1788430760414_Black_Denim_Jacket.jpg : Can't find /files/1788430760414_Black_Denim_Jacket.jpg on this server | user: guest 
Error: Can't find /files/1788430760414_Black_Denim_Jacket.jpg on this server
    at D:\photo\store_uiux_polished\v1\backend\server.js:110:8
    at Layer.handleRequest (D:\photo\store_uiux_polished\v1\backend\node_modules\router\lib\layer.js:152:17)
    at trimPrefix (D:\photo\store_uiux_polished\v1\backend\node_modules\router\index.js:342:13)
    at D:\photo\store_uiux_polished\v1\backend\node_modules\router\index.js:297:9
    at processParams (D:\photo\store_uiux_polished\v1\backend\node_modules\router\index.js:582:12)
    at next (D:\photo\store_uiux_polished\v1\backend\node_modules\router\index.js:291:5)
    at SendStream.error (D:\photo\store_uiux_polished\v1\backend\node_modules\serve-static\index.js:120:7)
    at SendStream.emit (node:events:509:20)
    at SendStream.error (D:\photo\store_uiux_polished\v1\backend\node_modules\send\index.js:168:17)
    at SendStream.onStatError (D:\photo\store_uiux_polished\v1\backend\node_modules\send\index.js:315:12) 
09-09-2026 11:09:20 | ERROR | Error found | 404 | GET /files/1788542750602_men-category.jpg : Can't find /files/1788542750602_men-category.jpg on this server | user: guest 
Error: Can't find /files/1788542750602_men-category.jpg on this server
    at D:\photo\store_uiux_polished\v1\backend\server.js:110:8
    at Layer.handleRequest (D:\photo\store_uiux_polished\v1\backend\node_modules\router\lib\layer.js:152:17)
    at trimPrefix (D:\photo\store_uiux_polished\v1\backend\node_modules\router\index.js:342:13)
    at D:\photo\store_uiux_polished\v1\backend\node_modules\router\index.js:297:9
    at processParams (D:\photo\store_uiux_polished\v1\backend\node_modules\router\index.js:582:12)
    at next (D:\photo\store_uiux_polished\v1\backend\node_modules\router\index.js:291:5)
    at SendStream.error (D:\photo\store_uiux_polished\v1\backend\node_modules\serve-static\index.js:120:7)
    at SendStream.emit (node:events:509:20)
    at SendStream.error (D:\photo\store_uiux_polished\v1\backend\node_modules\send\index.js:168:17)
    at SendStream.onStatError (D:\photo\store_uiux_polished\v1\backend\node_modules\send\index.js:315:12) 
09-09-2026 11:09:38 | ERROR | Error found | 404 | GET /files/1788430760414_Black_Denim_Jacket.jpg : Can't find /files/1788430760414_Black_Denim_Jacket.jpg on this server | user: guest 
Error: Can't find /files/1788430760414_Black_Denim_Jacket.jpg on this server
    at D:\photo\store_uiux_polished\v1\backend\server.js:110:8
    at Layer.handleRequest (D:\photo\store_uiux_polished\v1\backend\node_modules\router\lib\layer.js:152:17)
    at trimPrefix (D:\photo\store_uiux_polished\v1\backend\node_modules\router\index.js:342:13)
    at D:\photo\store_uiux_polished\v1\backend\node_modules\router\index.js:297:9
    at processParams (D:\photo\store_uiux_polished\v1\backend\node_modules\router\index.js:582:12)
    at next (D:\photo\store_uiux_polished\v1\backend\node_modules\router\index.js:291:5)
    at SendStream.error (D:\photo\store_uiux_polished\v1\backend\node_modules\serve-static\index.js:120:7)
    at SendStream.emit (node:events:509:20)
    at SendStream.error (D:\photo\store_uiux_polished\v1\backend\node_modules\send\index.js:168:17)
    at SendStream.onStatError (D:\photo\store_uiux_polished\v1\backend\node_modules\send\index.js:315:12) 
09-09-2026 11:09:38 | ERROR | Error found | 404 | GET /files/1788542750602_men-category.jpg : Can't find /files/1788542750602_men-category.jpg on this server | user: guest 
Error: Can't find /files/1788542750602_men-category.jpg on this server
    at D:\photo\store_uiux_polished\v1\backend\server.js:110:8
    at Layer.handleRequest (D:\photo\store_uiux_polished\v1\backend\node_modules\router\lib\layer.js:152:17)
    at trimPrefix (D:\photo\store_uiux_polished\v1\backend\node_modules\router\index.js:342:13)
    at D:\photo\store_uiux_polished\v1\backend\node_modules\router\index.js:297:9
    at processParams (D:\photo\store_uiux_polished\v1\backend\node_modules\router\index.js:582:12)
    at next (D:\photo\store_uiux_polished\v1\backend\node_modules\router\index.js:291:5)
    at SendStream.error (D:\photo\store_uiux_polished\v1\backend\node_modules\serve-static\index.js:120:7)
    at SendStream.emit (node:events:509:20)
    at SendStream.error (D:\photo\store_uiux_polished\v1\backend\node_modules\send\index.js:168:17)
    at SendStream.onStatError (D:\photo\store_uiux_polished\v1\backend\node_modules\send\index.js:315:12) 
09-09-2026 11:13:11 | ERROR | Error found | 404 | GET /files/1788430760414_Black_Denim_Jacket.jpg : Can't find /files/1788430760414_Black_Denim_Jacket.jpg on this server | user: guest 
Error: Can't find /files/1788430760414_Black_Denim_Jacket.jpg on this server
    at D:\photo\store_uiux_polished\v1\backend\server.js:110:8
    at Layer.handleRequest (D:\photo\store_uiux_polished\v1\backend\node_modules\router\lib\layer.js:152:17)
    at trimPrefix (D:\photo\store_uiux_polished\v1\backend\node_modules\router\index.js:342:13)
    at D:\photo\store_uiux_polished\v1\backend\node_modules\router\index.js:297:9
    at processParams (D:\photo\store_uiux_polished\v1\backend\node_modules\router\index.js:582:12)
    at next (D:\photo\store_uiux_polished\v1\backend\node_modules\router\index.js:291:5)
    at SendStream.error (D:\photo\store_uiux_polished\v1\backend\node_modules\serve-static\index.js:120:7)
    at SendStream.emit (node:events:509:20)
    at SendStream.error (D:\photo\store_uiux_polished\v1\backend\node_modules\send\index.js:168:17)
    at SendStream.onStatError (D:\photo\store_uiux_polished\v1\backend\node_modules\send\index.js:315:12) 
09-09-2026 11:13:11 | ERROR | Error found | 404 | GET /files/1788542750602_men-category.jpg : Can't find /files/1788542750602_men-category.jpg on this server | user: guest 
Error: Can't find /files/1788542750602_men-category.jpg on this server
    at D:\photo\store_uiux_polished\v1\backend\server.js:110:8
    at Layer.handleRequest (D:\photo\store_uiux_polished\v1\backend\node_modules\router\lib\layer.js:152:17)
    at trimPrefix (D:\photo\store_uiux_polished\v1\backend\node_modules\router\index.js:342:13)
    at D:\photo\store_uiux_polished\v1\backend\node_modules\router\index.js:297:9
    at processParams (D:\photo\store_uiux_polished\v1\backend\node_modules\router\index.js:582:12)
    at next (D:\photo\store_uiux_polished\v1\backend\node_modules\router\index.js:291:5)
    at SendStream.error (D:\photo\store_uiux_polished\v1\backend\node_modules\serve-static\index.js:120:7)
    at SendStream.emit (node:events:509:20)
    at SendStream.error (D:\photo\store_uiux_polished\v1\backend\node_modules\send\index.js:168:17)
    at SendStream.onStatError (D:\photo\store_uiux_polished\v1\backend\node_modules\send\index.js:315:12) 
09-09-2026 11:13:27 | ERROR | Error found | 404 | GET /files/1788430760414_Black_Denim_Jacket.jpg : Can't find /files/1788430760414_Black_Denim_Jacket.jpg on this server | user: guest 
Error: Can't find /files/1788430760414_Black_Denim_Jacket.jpg on this server
    at D:\photo\store_uiux_polished\v1\backend\server.js:110:8
    at Layer.handleRequest (D:\photo\store_uiux_polished\v1\backend\node_modules\router\lib\layer.js:152:17)
    at trimPrefix (D:\photo\store_uiux_polished\v1\backend\node_modules\router\index.js:342:13)
    at D:\photo\store_uiux_polished\v1\backend\node_modules\router\index.js:297:9
    at processParams (D:\photo\store_uiux_polished\v1\backend\node_modules\router\index.js:582:12)
    at next (D:\photo\store_uiux_polished\v1\backend\node_modules\router\index.js:291:5)
    at SendStream.error (D:\photo\store_uiux_polished\v1\backend\node_modules\serve-static\index.js:120:7)
    at SendStream.emit (node:events:509:20)
    at SendStream.error (D:\photo\store_uiux_polished\v1\backend\node_modules\send\index.js:168:17)
    at SendStream.onStatError (D:\photo\store_uiux_polished\v1\backend\node_modules\send\index.js:315:12) 
09-09-2026 11:13:27 | ERROR | Error found | 404 | GET /files/1788542750602_men-category.jpg : Can't find /files/1788542750602_men-category.jpg on this server | user: guest 
Error: Can't find /files/1788542750602_men-category.jpg on this server
    at D:\photo\store_uiux_polished\v1\backend\server.js:110:8
    at Layer.handleRequest (D:\photo\store_uiux_polished\v1\backend\node_modules\router\lib\layer.js:152:17)
    at trimPrefix (D:\photo\store_uiux_polished\v1\backend\node_modules\router\index.js:342:13)
    at D:\photo\store_uiux_polished\v1\backend\node_modules\router\index.js:297:9
    at processParams (D:\photo\store_uiux_polished\v1\backend\node_modules\router\index.js:582:12)
    at next (D:\photo\store_uiux_polished\v1\backend\node_modules\router\index.js:291:5)
    at SendStream.error (D:\photo\store_uiux_polished\v1\backend\node_modules\serve-static\index.js:120:7)
    at SendStream.emit (node:events:509:20)
    at SendStream.error (D:\photo\store_uiux_polished\v1\backend\node_modules\send\index.js:168:17)
    at SendStream.onStatError (D:\photo\store_uiux_polished\v1\backend\node_modules\send\index.js:315:12) 
09-09-2026 11:13:28 | ERROR | Error found | 404 | GET /files/1788430760414_Black_Denim_Jacket.jpg : Can't find /files/1788430760414_Black_Denim_Jacket.jpg on this server | user: guest 
Error: Can't find /files/1788430760414_Black_Denim_Jacket.jpg on this server
    at D:\photo\store_uiux_polished\v1\backend\server.js:110:8
    at Layer.handleRequest (D:\photo\store_uiux_polished\v1\backend\node_modules\router\lib\layer.js:152:17)
    at trimPrefix (D:\photo\store_uiux_polished\v1\backend\node_modules\router\index.js:342:13)
    at D:\photo\store_uiux_polished\v1\backend\node_modules\router\index.js:297:9
    at processParams (D:\photo\store_uiux_polished\v1\backend\node_modules\router\index.js:582:12)
    at next (D:\photo\store_uiux_polished\v1\backend\node_modules\router\index.js:291:5)
    at SendStream.error (D:\photo\store_uiux_polished\v1\backend\node_modules\serve-static\index.js:120:7)
    at SendStream.emit (node:events:509:20)
    at SendStream.error (D:\photo\store_uiux_polished\v1\backend\node_modules\send\index.js:168:17)
    at SendStream.onStatError (D:\photo\store_uiux_polished\v1\backend\node_modules\send\index.js:315:12) 
09-09-2026 11:13:28 | ERROR | Error found | 404 | GET /files/1788430760414_Black_Denim_Jacket.jpg : Can't find /files/1788430760414_Black_Denim_Jacket.jpg on this server | user: guest 
Error: Can't find /files/1788430760414_Black_Denim_Jacket.jpg on this server
    at D:\photo\store_uiux_polished\v1\backend\server.js:110:8
    at Layer.handleRequest (D:\photo\store_uiux_polished\v1\backend\node_modules\router\lib\layer.js:152:17)
    at trimPrefix (D:\photo\store_uiux_polished\v1\backend\node_modules\router\index.js:342:13)
    at D:\photo\store_uiux_polished\v1\backend\node_modules\router\index.js:297:9
    at processParams (D:\photo\store_uiux_polished\v1\backend\node_modules\router\index.js:582:12)
    at next (D:\photo\store_uiux_polished\v1\backend\node_modules\router\index.js:291:5)
    at SendStream.error (D:\photo\store_uiux_polished\v1\backend\node_modules\serve-static\index.js:120:7)
    at SendStream.emit (node:events:509:20)
    at SendStream.error (D:\photo\store_uiux_polished\v1\backend\node_modules\send\index.js:168:17)
    at SendStream.onStatError (D:\photo\store_uiux_polished\v1\backend\node_modules\send\index.js:315:12) 
09-09-2026 11:13:28 | ERROR | Error found | 404 | GET /files/1788542750602_men-category.jpg : Can't find /files/1788542750602_men-category.jpg on this server | user: guest 
Error: Can't find /files/1788542750602_men-category.jpg on this server
    at D:\photo\store_uiux_polished\v1\backend\server.js:110:8
    at Layer.handleRequest (D:\photo\store_uiux_polished\v1\backend\node_modules\router\lib\layer.js:152:17)
    at trimPrefix (D:\photo\store_uiux_polished\v1\backend\node_modules\router\index.js:342:13)
    at D:\photo\store_uiux_polished\v1\backend\node_modules\router\index.js:297:9
    at processParams (D:\photo\store_uiux_polished\v1\backend\node_modules\router\index.js:582:12)
    at next (D:\photo\store_uiux_polished\v1\backend\node_modules\router\index.js:291:5)
    at SendStream.error (D:\photo\store_uiux_polished\v1\backend\node_modules\serve-static\index.js:120:7)
    at SendStream.emit (node:events:509:20)
    at SendStream.error (D:\photo\store_uiux_polished\v1\backend\node_modules\send\index.js:168:17)
    at SendStream.onStatError (D:\photo\store_uiux_polished\v1\backend\node_modules\send\index.js:315:12) 
09-09-2026 11:17:55 | ERROR | Error found | 404 | GET /files/1788430760414_Black_Denim_Jacket.jpg : Can't find /files/1788430760414_Black_Denim_Jacket.jpg on this server | user: guest 
Error: Can't find /files/1788430760414_Black_Denim_Jacket.jpg on this server
    at D:\photo\store_uiux_polished\v1\backend\server.js:110:8
    at Layer.handleRequest (D:\photo\store_uiux_polished\v1\backend\node_modules\router\lib\layer.js:152:17)
    at trimPrefix (D:\photo\store_uiux_polished\v1\backend\node_modules\router\index.js:342:13)
    at D:\photo\store_uiux_polished\v1\backend\node_modules\router\index.js:297:9
    at processParams (D:\photo\store_uiux_polished\v1\backend\node_modules\router\index.js:582:12)
    at next (D:\photo\store_uiux_polished\v1\backend\node_modules\router\index.js:291:5)
    at SendStream.error (D:\photo\store_uiux_polished\v1\backend\node_modules\serve-static\index.js:120:7)
    at SendStream.emit (node:events:509:20)
    at SendStream.error (D:\photo\store_uiux_polished\v1\backend\node_modules\send\index.js:168:17)
    at SendStream.onStatError (D:\photo\store_uiux_polished\v1\backend\node_modules\send\index.js:315:12) 
09-09-2026 11:17:55 | ERROR | Error found | 404 | GET /files/1788542750602_men-category.jpg : Can't find /files/1788542750602_men-category.jpg on this server | user: guest 
Error: Can't find /files/1788542750602_men-category.jpg on this server
    at D:\photo\store_uiux_polished\v1\backend\server.js:110:8
    at Layer.handleRequest (D:\photo\store_uiux_polished\v1\backend\node_modules\router\lib\layer.js:152:17)
    at trimPrefix (D:\photo\store_uiux_polished\v1\backend\node_modules\router\index.js:342:13)
    at D:\photo\store_uiux_polished\v1\backend\node_modules\router\index.js:297:9
    at processParams (D:\photo\store_uiux_polished\v1\backend\node_modules\router\index.js:582:12)
    at next (D:\photo\store_uiux_polished\v1\backend\node_modules\router\index.js:291:5)
    at SendStream.error (D:\photo\store_uiux_polished\v1\backend\node_modules\serve-static\index.js:120:7)
    at SendStream.emit (node:events:509:20)
    at SendStream.error (D:\photo\store_uiux_polished\v1\backend\node_modules\send\index.js:168:17)
    at SendStream.onStatError (D:\photo\store_uiux_polished\v1\backend\node_modules\send\index.js:315:12) 
09-09-2026 11:17:56 | ERROR | Error found | 404 | GET /files/1788430760414_Black_Denim_Jacket.jpg : Can't find /files/1788430760414_Black_Denim_Jacket.jpg on this server | user: guest 
Error: Can't find /files/1788430760414_Black_Denim_Jacket.jpg on this server
    at D:\photo\store_uiux_polished\v1\backend\server.js:110:8
    at Layer.handleRequest (D:\photo\store_uiux_polished\v1\backend\node_modules\router\lib\layer.js:152:17)
    at trimPrefix (D:\photo\store_uiux_polished\v1\backend\node_modules\router\index.js:342:13)
    at D:\photo\store_uiux_polished\v1\backend\node_modules\router\index.js:297:9
    at processParams (D:\photo\store_uiux_polished\v1\backend\node_modules\router\index.js:582:12)
    at next (D:\photo\store_uiux_polished\v1\backend\node_modules\router\index.js:291:5)
    at SendStream.error (D:\photo\store_uiux_polished\v1\backend\node_modules\serve-static\index.js:120:7)
    at SendStream.emit (node:events:509:20)
    at SendStream.error (D:\photo\store_uiux_polished\v1\backend\node_modules\send\index.js:168:17)
    at SendStream.onStatError (D:\photo\store_uiux_polished\v1\backend\node_modules\send\index.js:315:12) 
09-09-2026 11:17:56 | ERROR | Error found | 404 | GET /files/1788430760414_Black_Denim_Jacket.jpg : Can't find /files/1788430760414_Black_Denim_Jacket.jpg on this server | user: guest 
Error: Can't find /files/1788430760414_Black_Denim_Jacket.jpg on this server
    at D:\photo\store_uiux_polished\v1\backend\server.js:110:8
    at Layer.handleRequest (D:\photo\store_uiux_polished\v1\backend\node_modules\router\lib\layer.js:152:17)
    at trimPrefix (D:\photo\store_uiux_polished\v1\backend\node_modules\router\index.js:342:13)
    at D:\photo\store_uiux_polished\v1\backend\node_modules\router\index.js:297:9
    at processParams (D:\photo\store_uiux_polished\v1\backend\node_modules\router\index.js:582:12)
    at next (D:\photo\store_uiux_polished\v1\backend\node_modules\router\index.js:291:5)
    at SendStream.error (D:\photo\store_uiux_polished\v1\backend\node_modules\serve-static\index.js:120:7)
    at SendStream.emit (node:events:509:20)
    at SendStream.error (D:\photo\store_uiux_polished\v1\backend\node_modules\send\index.js:168:17)
    at SendStream.onStatError (D:\photo\store_uiux_polished\v1\backend\node_modules\send\index.js:315:12) 
09-09-2026 11:17:56 | ERROR | Error found | 404 | GET /files/1788542750602_men-category.jpg : Can't find /files/1788542750602_men-category.jpg on this server | user: guest 
Error: Can't find /files/1788542750602_men-category.jpg on this server
    at D:\photo\store_uiux_polished\v1\backend\server.js:110:8
    at Layer.handleRequest (D:\photo\store_uiux_polished\v1\backend\node_modules\router\lib\layer.js:152:17)
    at trimPrefix (D:\photo\store_uiux_polished\v1\backend\node_modules\router\index.js:342:13)
    at D:\photo\store_uiux_polished\v1\backend\node_modules\router\index.js:297:9
    at processParams (D:\photo\store_uiux_polished\v1\backend\node_modules\router\index.js:582:12)
    at next (D:\photo\store_uiux_polished\v1\backend\node_modules\router\index.js:291:5)
    at SendStream.error (D:\photo\store_uiux_polished\v1\backend\node_modules\serve-static\index.js:120:7)
    at SendStream.emit (node:events:509:20)
    at SendStream.error (D:\photo\store_uiux_polished\v1\backend\node_modules\send\index.js:168:17)
    at SendStream.onStatError (D:\photo\store_uiux_polished\v1\backend\node_modules\send\index.js:315:12) 
09-09-2026 11:18:52 | ERROR | Error found | 404 | GET /files/1788430760414_Black_Denim_Jacket.jpg : Can't find /files/1788430760414_Black_Denim_Jacket.jpg on this server | user: guest 
Error: Can't find /files/1788430760414_Black_Denim_Jacket.jpg on this server
    at D:\photo\store_uiux_polished\v1\backend\server.js:110:8
    at Layer.handleRequest (D:\photo\store_uiux_polished\v1\backend\node_modules\router\lib\layer.js:152:17)
    at trimPrefix (D:\photo\store_uiux_polished\v1\backend\node_modules\router\index.js:342:13)
    at D:\photo\store_uiux_polished\v1\backend\node_modules\router\index.js:297:9
    at processParams (D:\photo\store_uiux_polished\v1\backend\node_modules\router\index.js:582:12)
    at next (D:\photo\store_uiux_polished\v1\backend\node_modules\router\index.js:291:5)
    at SendStream.error (D:\photo\store_uiux_polished\v1\backend\node_modules\serve-static\index.js:120:7)
    at SendStream.emit (node:events:509:20)
    at SendStream.error (D:\photo\store_uiux_polished\v1\backend\node_modules\send\index.js:168:17)
    at SendStream.onStatError (D:\photo\store_uiux_polished\v1\backend\node_modules\send\index.js:315:12) 
09-09-2026 11:18:52 | ERROR | Error found | 404 | GET /files/1788542750602_men-category.jpg : Can't find /files/1788542750602_men-category.jpg on this server | user: guest 
Error: Can't find /files/1788542750602_men-category.jpg on this server
    at D:\photo\store_uiux_polished\v1\backend\server.js:110:8
    at Layer.handleRequest (D:\photo\store_uiux_polished\v1\backend\node_modules\router\lib\layer.js:152:17)
    at trimPrefix (D:\photo\store_uiux_polished\v1\backend\node_modules\router\index.js:342:13)
    at D:\photo\store_uiux_polished\v1\backend\node_modules\router\index.js:297:9
    at processParams (D:\photo\store_uiux_polished\v1\backend\node_modules\router\index.js:582:12)
    at next (D:\photo\store_uiux_polished\v1\backend\node_modules\router\index.js:291:5)
    at SendStream.error (D:\photo\store_uiux_polished\v1\backend\node_modules\serve-static\index.js:120:7)
    at SendStream.emit (node:events:509:20)
    at SendStream.error (D:\photo\store_uiux_polished\v1\backend\node_modules\send\index.js:168:17)
    at SendStream.onStatError (D:\photo\store_uiux_polished\v1\backend\node_modules\send\index.js:315:12) 
09-09-2026 11:18:53 | ERROR | Error found | 404 | GET /files/1788430760414_Black_Denim_Jacket.jpg : Can't find /files/1788430760414_Black_Denim_Jacket.jpg on this server | user: guest 
Error: Can't find /files/1788430760414_Black_Denim_Jacket.jpg on this server
    at D:\photo\store_uiux_polished\v1\backend\server.js:110:8
    at Layer.handleRequest (D:\photo\store_uiux_polished\v1\backend\node_modules\router\lib\layer.js:152:17)
    at trimPrefix (D:\photo\store_uiux_polished\v1\backend\node_modules\router\index.js:342:13)
    at D:\photo\store_uiux_polished\v1\backend\node_modules\router\index.js:297:9
    at processParams (D:\photo\store_uiux_polished\v1\backend\node_modules\router\index.js:582:12)
    at next (D:\photo\store_uiux_polished\v1\backend\node_modules\router\index.js:291:5)
    at SendStream.error (D:\photo\store_uiux_polished\v1\backend\node_modules\serve-static\index.js:120:7)
    at SendStream.emit (node:events:509:20)
    at SendStream.error (D:\photo\store_uiux_polished\v1\backend\node_modules\send\index.js:168:17)
    at SendStream.onStatError (D:\photo\store_uiux_polished\v1\backend\node_modules\send\index.js:315:12) 
09-09-2026 11:18:53 | ERROR | Error found | 404 | GET /files/1788430760414_Black_Denim_Jacket.jpg : Can't find /files/1788430760414_Black_Denim_Jacket.jpg on this server | user: guest 
Error: Can't find /files/1788430760414_Black_Denim_Jacket.jpg on this server
    at D:\photo\store_uiux_polished\v1\backend\server.js:110:8
    at Layer.handleRequest (D:\photo\store_uiux_polished\v1\backend\node_modules\router\lib\layer.js:152:17)
    at trimPrefix (D:\photo\store_uiux_polished\v1\backend\node_modules\router\index.js:342:13)
    at D:\photo\store_uiux_polished\v1\backend\node_modules\router\index.js:297:9
    at processParams (D:\photo\store_uiux_polished\v1\backend\node_modules\router\index.js:582:12)
    at next (D:\photo\store_uiux_polished\v1\backend\node_modules\router\index.js:291:5)
    at SendStream.error (D:\photo\store_uiux_polished\v1\backend\node_modules\serve-static\index.js:120:7)
    at SendStream.emit (node:events:509:20)
    at SendStream.error (D:\photo\store_uiux_polished\v1\backend\node_modules\send\index.js:168:17)
    at SendStream.onStatError (D:\photo\store_uiux_polished\v1\backend\node_modules\send\index.js:315:12) 
09-09-2026 11:18:53 | ERROR | Error found | 404 | GET /files/1788542750602_men-category.jpg : Can't find /files/1788542750602_men-category.jpg on this server | user: guest 
Error: Can't find /files/1788542750602_men-category.jpg on this server
    at D:\photo\store_uiux_polished\v1\backend\server.js:110:8
    at Layer.handleRequest (D:\photo\store_uiux_polished\v1\backend\node_modules\router\lib\layer.js:152:17)
    at trimPrefix (D:\photo\store_uiux_polished\v1\backend\node_modules\router\index.js:342:13)
    at D:\photo\store_uiux_polished\v1\backend\node_modules\router\index.js:297:9
    at processParams (D:\photo\store_uiux_polished\v1\backend\node_modules\router\index.js:582:12)
    at next (D:\photo\store_uiux_polished\v1\backend\node_modules\router\index.js:291:5)
    at SendStream.error (D:\photo\store_uiux_polished\v1\backend\node_modules\serve-static\index.js:120:7)
    at SendStream.emit (node:events:509:20)
    at SendStream.error (D:\photo\store_uiux_polished\v1\backend\node_modules\send\index.js:168:17)
    at SendStream.onStatError (D:\photo\store_uiux_polished\v1\backend\node_modules\send\index.js:315:12) 
09-09-2026 11:18:58 | ERROR | Error found | 404 | GET /files/1788430760414_Black_Denim_Jacket.jpg : Can't find /files/1788430760414_Black_Denim_Jacket.jpg on this server | user: guest 
Error: Can't find /files/1788430760414_Black_Denim_Jacket.jpg on this server
    at D:\photo\store_uiux_polished\v1\backend\server.js:110:8
    at Layer.handleRequest (D:\photo\store_uiux_polished\v1\backend\node_modules\router\lib\layer.js:152:17)
    at trimPrefix (D:\photo\store_uiux_polished\v1\backend\node_modules\router\index.js:342:13)
    at D:\photo\store_uiux_polished\v1\backend\node_modules\router\index.js:297:9
    at processParams (D:\photo\store_uiux_polished\v1\backend\node_modules\router\index.js:582:12)
    at next (D:\photo\store_uiux_polished\v1\backend\node_modules\router\index.js:291:5)
    at SendStream.error (D:\photo\store_uiux_polished\v1\backend\node_modules\serve-static\index.js:120:7)
    at SendStream.emit (node:events:509:20)
    at SendStream.error (D:\photo\store_uiux_polished\v1\backend\node_modules\send\index.js:168:17)
    at SendStream.onStatError (D:\photo\store_uiux_polished\v1\backend\node_modules\send\index.js:315:12) 
09-09-2026 11:18:58 | ERROR | Error found | 404 | GET /files/1788542750602_men-category.jpg : Can't find /files/1788542750602_men-category.jpg on this server | user: guest 
Error: Can't find /files/1788542750602_men-category.jpg on this server
    at D:\photo\store_uiux_polished\v1\backend\server.js:110:8
    at Layer.handleRequest (D:\photo\store_uiux_polished\v1\backend\node_modules\router\lib\layer.js:152:17)
    at trimPrefix (D:\photo\store_uiux_polished\v1\backend\node_modules\router\index.js:342:13)
    at D:\photo\store_uiux_polished\v1\backend\node_modules\router\index.js:297:9
    at processParams (D:\photo\store_uiux_polished\v1\backend\node_modules\router\index.js:582:12)
    at next (D:\photo\store_uiux_polished\v1\backend\node_modules\router\index.js:291:5)
    at SendStream.error (D:\photo\store_uiux_polished\v1\backend\node_modules\serve-static\index.js:120:7)
    at SendStream.emit (node:events:509:20)
    at SendStream.error (D:\photo\store_uiux_polished\v1\backend\node_modules\send\index.js:168:17)
    at SendStream.onStatError (D:\photo\store_uiux_polished\v1\backend\node_modules\send\index.js:315:12) 
09-09-2026 11:18:59 | ERROR | Error found | 404 | GET /files/1788542750602_men-category.jpg : Can't find /files/1788542750602_men-category.jpg on this server | user: guest 
Error: Can't find /files/1788542750602_men-category.jpg on this server
    at D:\photo\store_uiux_polished\v1\backend\server.js:110:8
    at Layer.handleRequest (D:\photo\store_uiux_polished\v1\backend\node_modules\router\lib\layer.js:152:17)
    at trimPrefix (D:\photo\store_uiux_polished\v1\backend\node_modules\router\index.js:342:13)
    at D:\photo\store_uiux_polished\v1\backend\node_modules\router\index.js:297:9
    at processParams (D:\photo\store_uiux_polished\v1\backend\node_modules\router\index.js:582:12)
    at next (D:\photo\store_uiux_polished\v1\backend\node_modules\router\index.js:291:5)
    at SendStream.error (D:\photo\store_uiux_polished\v1\backend\node_modules\serve-static\index.js:120:7)
    at SendStream.emit (node:events:509:20)
    at SendStream.error (D:\photo\store_uiux_polished\v1\backend\node_modules\send\index.js:168:17)
    at SendStream.onStatError (D:\photo\store_uiux_polished\v1\backend\node_modules\send\index.js:315:12) 
09-09-2026 11:18:59 | ERROR | Error found | 404 | GET /files/1788430760414_Black_Denim_Jacket.jpg : Can't find /files/1788430760414_Black_Denim_Jacket.jpg on this server | user: guest 
Error: Can't find /files/1788430760414_Black_Denim_Jacket.jpg on this server
    at D:\photo\store_uiux_polished\v1\backend\server.js:110:8
    at Layer.handleRequest (D:\photo\store_uiux_polished\v1\backend\node_modules\router\lib\layer.js:152:17)
    at trimPrefix (D:\photo\store_uiux_polished\v1\backend\node_modules\router\index.js:342:13)
    at D:\photo\store_uiux_polished\v1\backend\node_modules\router\index.js:297:9
    at processParams (D:\photo\store_uiux_polished\v1\backend\node_modules\router\index.js:582:12)
    at next (D:\photo\store_uiux_polished\v1\backend\node_modules\router\index.js:291:5)
    at SendStream.error (D:\photo\store_uiux_polished\v1\backend\node_modules\serve-static\index.js:120:7)
    at SendStream.emit (node:events:509:20)
    at SendStream.error (D:\photo\store_uiux_polished\v1\backend\node_modules\send\index.js:168:17)
    at SendStream.onStatError (D:\photo\store_uiux_polished\v1\backend\node_modules\send\index.js:315:12) 
09-09-2026 11:19:03 | ERROR | Error found | 404 | GET /files/1788430760414_Black_Denim_Jacket.jpg : Can't find /files/1788430760414_Black_Denim_Jacket.jpg on this server | user: guest 
Error: Can't find /files/1788430760414_Black_Denim_Jacket.jpg on this server
    at D:\photo\store_uiux_polished\v1\backend\server.js:110:8
    at Layer.handleRequest (D:\photo\store_uiux_polished\v1\backend\node_modules\router\lib\layer.js:152:17)
    at trimPrefix (D:\photo\store_uiux_polished\v1\backend\node_modules\router\index.js:342:13)
    at D:\photo\store_uiux_polished\v1\backend\node_modules\router\index.js:297:9
    at processParams (D:\photo\store_uiux_polished\v1\backend\node_modules\router\index.js:582:12)
    at next (D:\photo\store_uiux_polished\v1\backend\node_modules\router\index.js:291:5)
    at SendStream.error (D:\photo\store_uiux_polished\v1\backend\node_modules\serve-static\index.js:120:7)
    at SendStream.emit (node:events:509:20)
    at SendStream.error (D:\photo\store_uiux_polished\v1\backend\node_modules\send\index.js:168:17)
    at SendStream.onStatError (D:\photo\store_uiux_polished\v1\backend\node_modules\send\index.js:315:12) 
09-09-2026 11:19:03 | ERROR | Error found | 404 | GET /files/1788542750602_men-category.jpg : Can't find /files/1788542750602_men-category.jpg on this server | user: guest 
Error: Can't find /files/1788542750602_men-category.jpg on this server
    at D:\photo\store_uiux_polished\v1\backend\server.js:110:8
    at Layer.handleRequest (D:\photo\store_uiux_polished\v1\backend\node_modules\router\lib\layer.js:152:17)
    at trimPrefix (D:\photo\store_uiux_polished\v1\backend\node_modules\router\index.js:342:13)
    at D:\photo\store_uiux_polished\v1\backend\node_modules\router\index.js:297:9
    at processParams (D:\photo\store_uiux_polished\v1\backend\node_modules\router\index.js:582:12)
    at next (D:\photo\store_uiux_polished\v1\backend\node_modules\router\index.js:291:5)
    at SendStream.error (D:\photo\store_uiux_polished\v1\backend\node_modules\serve-static\index.js:120:7)
    at SendStream.emit (node:events:509:20)
    at SendStream.error (D:\photo\store_uiux_polished\v1\backend\node_modules\send\index.js:168:17)
    at SendStream.onStatError (D:\photo\store_uiux_polished\v1\backend\node_modules\send\index.js:315:12) 
09-09-2026 11:19:10 | ERROR | Error found | 404 | GET /files/1788430760414_Black_Denim_Jacket.jpg : Can't find /files/1788430760414_Black_Denim_Jacket.jpg on this server | user: guest 
Error: Can't find /files/1788430760414_Black_Denim_Jacket.jpg on this server
    at D:\photo\store_uiux_polished\v1\backend\server.js:110:8
    at Layer.handleRequest (D:\photo\store_uiux_polished\v1\backend\node_modules\router\lib\layer.js:152:17)
    at trimPrefix (D:\photo\store_uiux_polished\v1\backend\node_modules\router\index.js:342:13)
    at D:\photo\store_uiux_polished\v1\backend\node_modules\router\index.js:297:9
    at processParams (D:\photo\store_uiux_polished\v1\backend\node_modules\router\index.js:582:12)
    at next (D:\photo\store_uiux_polished\v1\backend\node_modules\router\index.js:291:5)
    at SendStream.error (D:\photo\store_uiux_polished\v1\backend\node_modules\serve-static\index.js:120:7)
    at SendStream.emit (node:events:509:20)
    at SendStream.error (D:\photo\store_uiux_polished\v1\backend\node_modules\send\index.js:168:17)
    at SendStream.onStatError (D:\photo\store_uiux_polished\v1\backend\node_modules\send\index.js:315:12) 
09-09-2026 11:19:10 | ERROR | Error found | 404 | GET /files/1788430760414_Black_Denim_Jacket.jpg : Can't find /files/1788430760414_Black_Denim_Jacket.jpg on this server | user: guest 
Error: Can't find /files/1788430760414_Black_Denim_Jacket.jpg on this server
    at D:\photo\store_uiux_polished\v1\backend\server.js:110:8
    at Layer.handleRequest (D:\photo\store_uiux_polished\v1\backend\node_modules\router\lib\layer.js:152:17)
    at trimPrefix (D:\photo\store_uiux_polished\v1\backend\node_modules\router\index.js:342:13)
    at D:\photo\store_uiux_polished\v1\backend\node_modules\router\index.js:297:9
    at processParams (D:\photo\store_uiux_polished\v1\backend\node_modules\router\index.js:582:12)
    at next (D:\photo\store_uiux_polished\v1\backend\node_modules\router\index.js:291:5)
    at SendStream.error (D:\photo\store_uiux_polished\v1\backend\node_modules\serve-static\index.js:120:7)
    at SendStream.emit (node:events:509:20)
    at SendStream.error (D:\photo\store_uiux_polished\v1\backend\node_modules\send\index.js:168:17)
    at SendStream.onStatError (D:\photo\store_uiux_polished\v1\backend\node_modules\send\index.js:315:12) 
09-09-2026 11:19:11 | ERROR | Error found | 404 | GET /files/1788542750602_men-category.jpg : Can't find /files/1788542750602_men-category.jpg on this server | user: guest 
Error: Can't find /files/1788542750602_men-category.jpg on this server
    at D:\photo\store_uiux_polished\v1\backend\server.js:110:8
    at Layer.handleRequest (D:\photo\store_uiux_polished\v1\backend\node_modules\router\lib\layer.js:152:17)
    at trimPrefix (D:\photo\store_uiux_polished\v1\backend\node_modules\router\index.js:342:13)
    at D:\photo\store_uiux_polished\v1\backend\node_modules\router\index.js:297:9
    at processParams (D:\photo\store_uiux_polished\v1\backend\node_modules\router\index.js:582:12)
    at next (D:\photo\store_uiux_polished\v1\backend\node_modules\router\index.js:291:5)
    at SendStream.error (D:\photo\store_uiux_polished\v1\backend\node_modules\serve-static\index.js:120:7)
    at SendStream.emit (node:events:509:20)
    at SendStream.error (D:\photo\store_uiux_polished\v1\backend\node_modules\send\index.js:168:17)
    at SendStream.onStatError (D:\photo\store_uiux_polished\v1\backend\node_modules\send\index.js:315:12) 
09-09-2026 11:20:13 | INFO | Testimonial created: 6aa116bd9eeedeedb728b472 by Abdelrhman  
09-09-2026 11:20:52 | INFO | Testimonial created: 6aa116e49eeedeedb728b475 by Abdelrhman  
09-09-2026 11:21:02 | INFO | Testimonial created: 6aa116ee9eeedeedb728b478 by Abdelrhman  
09-09-2026 11:21:12 | INFO | Testimonial 6aa116ee9eeedeedb728b478 accepted by Abdelrhman  
09-09-2026 11:21:13 | INFO | Testimonial 6aa116e49eeedeedb728b475 accepted by Abdelrhman  
09-09-2026 11:21:15 | INFO | Testimonial 6aa116bd9eeedeedb728b472 accepted by Abdelrhman  
09-09-2026 11:21:20 | ERROR | Error found | 404 | GET /files/1788430760414_Black_Denim_Jacket.jpg : Can't find /files/1788430760414_Black_Denim_Jacket.jpg on this server | user: guest 
Error: Can't find /files/1788430760414_Black_Denim_Jacket.jpg on this server
    at D:\photo\store_uiux_polished\v1\backend\server.js:110:8
    at Layer.handleRequest (D:\photo\store_uiux_polished\v1\backend\node_modules\router\lib\layer.js:152:17)
    at trimPrefix (D:\photo\store_uiux_polished\v1\backend\node_modules\router\index.js:342:13)
    at D:\photo\store_uiux_polished\v1\backend\node_modules\router\index.js:297:9
    at processParams (D:\photo\store_uiux_polished\v1\backend\node_modules\router\index.js:582:12)
    at next (D:\photo\store_uiux_polished\v1\backend\node_modules\router\index.js:291:5)
    at SendStream.error (D:\photo\store_uiux_polished\v1\backend\node_modules\serve-static\index.js:120:7)
    at SendStream.emit (node:events:509:20)
    at SendStream.error (D:\photo\store_uiux_polished\v1\backend\node_modules\send\index.js:168:17)
    at SendStream.onStatError (D:\photo\store_uiux_polished\v1\backend\node_modules\send\index.js:315:12) 
09-09-2026 11:21:20 | ERROR | Error found | 404 | GET /files/1788542750602_men-category.jpg : Can't find /files/1788542750602_men-category.jpg on this server | user: guest 
Error: Can't find /files/1788542750602_men-category.jpg on this server
    at D:\photo\store_uiux_polished\v1\backend\server.js:110:8
    at Layer.handleRequest (D:\photo\store_uiux_polished\v1\backend\node_modules\router\lib\layer.js:152:17)
    at trimPrefix (D:\photo\store_uiux_polished\v1\backend\node_modules\router\index.js:342:13)
    at D:\photo\store_uiux_polished\v1\backend\node_modules\router\index.js:297:9
    at processParams (D:\photo\store_uiux_polished\v1\backend\node_modules\router\index.js:582:12)
    at next (D:\photo\store_uiux_polished\v1\backend\node_modules\router\index.js:291:5)
    at SendStream.error (D:\photo\store_uiux_polished\v1\backend\node_modules\serve-static\index.js:120:7)
    at SendStream.emit (node:events:509:20)
    at SendStream.error (D:\photo\store_uiux_polished\v1\backend\node_modules\send\index.js:168:17)
    at SendStream.onStatError (D:\photo\store_uiux_polished\v1\backend\node_modules\send\index.js:315:12) 
09-09-2026 11:21:21 | ERROR | Error found | 404 | GET /files/1788430760414_Black_Denim_Jacket.jpg : Can't find /files/1788430760414_Black_Denim_Jacket.jpg on this server | user: guest 
Error: Can't find /files/1788430760414_Black_Denim_Jacket.jpg on this server
    at D:\photo\store_uiux_polished\v1\backend\server.js:110:8
    at Layer.handleRequest (D:\photo\store_uiux_polished\v1\backend\node_modules\router\lib\layer.js:152:17)
    at trimPrefix (D:\photo\store_uiux_polished\v1\backend\node_modules\router\index.js:342:13)
    at D:\photo\store_uiux_polished\v1\backend\node_modules\router\index.js:297:9
    at processParams (D:\photo\store_uiux_polished\v1\backend\node_modules\router\index.js:582:12)
    at next (D:\photo\store_uiux_polished\v1\backend\node_modules\router\index.js:291:5)
    at SendStream.error (D:\photo\store_uiux_polished\v1\backend\node_modules\serve-static\index.js:120:7)
    at SendStream.emit (node:events:509:20)
    at SendStream.error (D:\photo\store_uiux_polished\v1\backend\node_modules\send\index.js:168:17)
    at SendStream.onStatError (D:\photo\store_uiux_polished\v1\backend\node_modules\send\index.js:315:12) 
09-09-2026 11:21:21 | ERROR | Error found | 404 | GET /files/1788430760414_Black_Denim_Jacket.jpg : Can't find /files/1788430760414_Black_Denim_Jacket.jpg on this server | user: guest 
Error: Can't find /files/1788430760414_Black_Denim_Jacket.jpg on this server
    at D:\photo\store_uiux_polished\v1\backend\server.js:110:8
    at Layer.handleRequest (D:\photo\store_uiux_polished\v1\backend\node_modules\router\lib\layer.js:152:17)
    at trimPrefix (D:\photo\store_uiux_polished\v1\backend\node_modules\router\index.js:342:13)
    at D:\photo\store_uiux_polished\v1\backend\node_modules\router\index.js:297:9
    at processParams (D:\photo\store_uiux_polished\v1\backend\node_modules\router\index.js:582:12)
    at next (D:\photo\store_uiux_polished\v1\backend\node_modules\router\index.js:291:5)
    at SendStream.error (D:\photo\store_uiux_polished\v1\backend\node_modules\serve-static\index.js:120:7)
    at SendStream.emit (node:events:509:20)
    at SendStream.error (D:\photo\store_uiux_polished\v1\backend\node_modules\send\index.js:168:17)
    at SendStream.onStatError (D:\photo\store_uiux_polished\v1\backend\node_modules\send\index.js:315:12) 
09-09-2026 11:21:21 | ERROR | Error found | 404 | GET /files/1788542750602_men-category.jpg : Can't find /files/1788542750602_men-category.jpg on this server | user: guest 
Error: Can't find /files/1788542750602_men-category.jpg on this server
    at D:\photo\store_uiux_polished\v1\backend\server.js:110:8
    at Layer.handleRequest (D:\photo\store_uiux_polished\v1\backend\node_modules\router\lib\layer.js:152:17)
    at trimPrefix (D:\photo\store_uiux_polished\v1\backend\node_modules\router\index.js:342:13)
    at D:\photo\store_uiux_polished\v1\backend\node_modules\router\index.js:297:9
    at processParams (D:\photo\store_uiux_polished\v1\backend\node_modules\router\index.js:582:12)
    at next (D:\photo\store_uiux_polished\v1\backend\node_modules\router\index.js:291:5)
    at SendStream.error (D:\photo\store_uiux_polished\v1\backend\node_modules\serve-static\index.js:120:7)
    at SendStream.emit (node:events:509:20)
    at SendStream.error (D:\photo\store_uiux_polished\v1\backend\node_modules\send\index.js:168:17)
    at SendStream.onStatError (D:\photo\store_uiux_polished\v1\backend\node_modules\send\index.js:315:12) 
09-09-2026 11:27:20 | ERROR | Error found | 404 | GET /files/1788430760414_Black_Denim_Jacket.jpg : Can't find /files/1788430760414_Black_Denim_Jacket.jpg on this server | user: guest 
Error: Can't find /files/1788430760414_Black_Denim_Jacket.jpg on this server
    at D:\photo\store_uiux_polished\v1\backend\server.js:110:8
    at Layer.handleRequest (D:\photo\store_uiux_polished\v1\backend\node_modules\router\lib\layer.js:152:17)
    at trimPrefix (D:\photo\store_uiux_polished\v1\backend\node_modules\router\index.js:342:13)
    at D:\photo\store_uiux_polished\v1\backend\node_modules\router\index.js:297:9
    at processParams (D:\photo\store_uiux_polished\v1\backend\node_modules\router\index.js:582:12)
    at next (D:\photo\store_uiux_polished\v1\backend\node_modules\router\index.js:291:5)
    at SendStream.error (D:\photo\store_uiux_polished\v1\backend\node_modules\serve-static\index.js:120:7)
    at SendStream.emit (node:events:509:20)
    at SendStream.error (D:\photo\store_uiux_polished\v1\backend\node_modules\send\index.js:168:17)
    at SendStream.onStatError (D:\photo\store_uiux_polished\v1\backend\node_modules\send\index.js:315:12) 
09-09-2026 11:27:20 | ERROR | Error found | 404 | GET /files/1788542750602_men-category.jpg : Can't find /files/1788542750602_men-category.jpg on this server | user: guest 
Error: Can't find /files/1788542750602_men-category.jpg on this server
    at D:\photo\store_uiux_polished\v1\backend\server.js:110:8
    at Layer.handleRequest (D:\photo\store_uiux_polished\v1\backend\node_modules\router\lib\layer.js:152:17)
    at trimPrefix (D:\photo\store_uiux_polished\v1\backend\node_modules\router\index.js:342:13)
    at D:\photo\store_uiux_polished\v1\backend\node_modules\router\index.js:297:9
    at processParams (D:\photo\store_uiux_polished\v1\backend\node_modules\router\index.js:582:12)
    at next (D:\photo\store_uiux_polished\v1\backend\node_modules\router\index.js:291:5)
    at SendStream.error (D:\photo\store_uiux_polished\v1\backend\node_modules\serve-static\index.js:120:7)
    at SendStream.emit (node:events:509:20)
    at SendStream.error (D:\photo\store_uiux_polished\v1\backend\node_modules\send\index.js:168:17)
    at SendStream.onStatError (D:\photo\store_uiux_polished\v1\backend\node_modules\send\index.js:315:12) 
09-09-2026 11:27:21 | ERROR | Error found | 404 | GET /files/1788430760414_Black_Denim_Jacket.jpg : Can't find /files/1788430760414_Black_Denim_Jacket.jpg on this server | user: guest 
Error: Can't find /files/1788430760414_Black_Denim_Jacket.jpg on this server
    at D:\photo\store_uiux_polished\v1\backend\server.js:110:8
    at Layer.handleRequest (D:\photo\store_uiux_polished\v1\backend\node_modules\router\lib\layer.js:152:17)
    at trimPrefix (D:\photo\store_uiux_polished\v1\backend\node_modules\router\index.js:342:13)
    at D:\photo\store_uiux_polished\v1\backend\node_modules\router\index.js:297:9
    at processParams (D:\photo\store_uiux_polished\v1\backend\node_modules\router\index.js:582:12)
    at next (D:\photo\store_uiux_polished\v1\backend\node_modules\router\index.js:291:5)
    at SendStream.error (D:\photo\store_uiux_polished\v1\backend\node_modules\serve-static\index.js:120:7)
    at SendStream.emit (node:events:509:20)
    at SendStream.error (D:\photo\store_uiux_polished\v1\backend\node_modules\send\index.js:168:17)
    at SendStream.onStatError (D:\photo\store_uiux_polished\v1\backend\node_modules\send\index.js:315:12) 
09-09-2026 11:27:21 | ERROR | Error found | 404 | GET /files/1788430760414_Black_Denim_Jacket.jpg : Can't find /files/1788430760414_Black_Denim_Jacket.jpg on this server | user: guest 
Error: Can't find /files/1788430760414_Black_Denim_Jacket.jpg on this server
    at D:\photo\store_uiux_polished\v1\backend\server.js:110:8
    at Layer.handleRequest (D:\photo\store_uiux_polished\v1\backend\node_modules\router\lib\layer.js:152:17)
    at trimPrefix (D:\photo\store_uiux_polished\v1\backend\node_modules\router\index.js:342:13)
    at D:\photo\store_uiux_polished\v1\backend\node_modules\router\index.js:297:9
    at processParams (D:\photo\store_uiux_polished\v1\backend\node_modules\router\index.js:582:12)
    at next (D:\photo\store_uiux_polished\v1\backend\node_modules\router\index.js:291:5)
    at SendStream.error (D:\photo\store_uiux_polished\v1\backend\node_modules\serve-static\index.js:120:7)
    at SendStream.emit (node:events:509:20)
    at SendStream.error (D:\photo\store_uiux_polished\v1\backend\node_modules\send\index.js:168:17)
    at SendStream.onStatError (D:\photo\store_uiux_polished\v1\backend\node_modules\send\index.js:315:12) 
09-09-2026 11:27:21 | ERROR | Error found | 404 | GET /files/1788542750602_men-category.jpg : Can't find /files/1788542750602_men-category.jpg on this server | user: guest 
Error: Can't find /files/1788542750602_men-category.jpg on this server
    at D:\photo\store_uiux_polished\v1\backend\server.js:110:8
    at Layer.handleRequest (D:\photo\store_uiux_polished\v1\backend\node_modules\router\lib\layer.js:152:17)
    at trimPrefix (D:\photo\store_uiux_polished\v1\backend\node_modules\router\index.js:342:13)
    at D:\photo\store_uiux_polished\v1\backend\node_modules\router\index.js:297:9
    at processParams (D:\photo\store_uiux_polished\v1\backend\node_modules\router\index.js:582:12)
    at next (D:\photo\store_uiux_polished\v1\backend\node_modules\router\index.js:291:5)
    at SendStream.error (D:\photo\store_uiux_polished\v1\backend\node_modules\serve-static\index.js:120:7)
    at SendStream.emit (node:events:509:20)
    at SendStream.error (D:\photo\store_uiux_polished\v1\backend\node_modules\send\index.js:168:17)
    at SendStream.onStatError (D:\photo\store_uiux_polished\v1\backend\node_modules\send\index.js:315:12) 
09-09-2026 11:27:25 | ERROR | Error found | 404 | GET /files/1788430760414_Black_Denim_Jacket.jpg : Can't find /files/1788430760414_Black_Denim_Jacket.jpg on this server | user: guest 
Error: Can't find /files/1788430760414_Black_Denim_Jacket.jpg on this server
    at D:\photo\store_uiux_polished\v1\backend\server.js:110:8
    at Layer.handleRequest (D:\photo\store_uiux_polished\v1\backend\node_modules\router\lib\layer.js:152:17)
    at trimPrefix (D:\photo\store_uiux_polished\v1\backend\node_modules\router\index.js:342:13)
    at D:\photo\store_uiux_polished\v1\backend\node_modules\router\index.js:297:9
    at processParams (D:\photo\store_uiux_polished\v1\backend\node_modules\router\index.js:582:12)
    at next (D:\photo\store_uiux_polished\v1\backend\node_modules\router\index.js:291:5)
    at SendStream.error (D:\photo\store_uiux_polished\v1\backend\node_modules\serve-static\index.js:120:7)
    at SendStream.emit (node:events:509:20)
    at SendStream.error (D:\photo\store_uiux_polished\v1\backend\node_modules\send\index.js:168:17)
    at SendStream.onStatError (D:\photo\store_uiux_polished\v1\backend\node_modules\send\index.js:315:12) 
09-09-2026 11:27:25 | ERROR | Error found | 404 | GET /files/1788542750602_men-category.jpg : Can't find /files/1788542750602_men-category.jpg on this server | user: guest 
Error: Can't find /files/1788542750602_men-category.jpg on this server
    at D:\photo\store_uiux_polished\v1\backend\server.js:110:8
    at Layer.handleRequest (D:\photo\store_uiux_polished\v1\backend\node_modules\router\lib\layer.js:152:17)
    at trimPrefix (D:\photo\store_uiux_polished\v1\backend\node_modules\router\index.js:342:13)
    at D:\photo\store_uiux_polished\v1\backend\node_modules\router\index.js:297:9
    at processParams (D:\photo\store_uiux_polished\v1\backend\node_modules\router\index.js:582:12)
    at next (D:\photo\store_uiux_polished\v1\backend\node_modules\router\index.js:291:5)
    at SendStream.error (D:\photo\store_uiux_polished\v1\backend\node_modules\serve-static\index.js:120:7)
    at SendStream.emit (node:events:509:20)
    at SendStream.error (D:\photo\store_uiux_polished\v1\backend\node_modules\send\index.js:168:17)
    at SendStream.onStatError (D:\photo\store_uiux_polished\v1\backend\node_modules\send\index.js:315:12) 
09-09-2026 11:27:26 | ERROR | Error found | 404 | GET /files/1788430760414_Black_Denim_Jacket.jpg : Can't find /files/1788430760414_Black_Denim_Jacket.jpg on this server | user: guest 
Error: Can't find /files/1788430760414_Black_Denim_Jacket.jpg on this server
    at D:\photo\store_uiux_polished\v1\backend\server.js:110:8
    at Layer.handleRequest (D:\photo\store_uiux_polished\v1\backend\node_modules\router\lib\layer.js:152:17)
    at trimPrefix (D:\photo\store_uiux_polished\v1\backend\node_modules\router\index.js:342:13)
    at D:\photo\store_uiux_polished\v1\backend\node_modules\router\index.js:297:9
    at processParams (D:\photo\store_uiux_polished\v1\backend\node_modules\router\index.js:582:12)
    at next (D:\photo\store_uiux_polished\v1\backend\node_modules\router\index.js:291:5)
    at SendStream.error (D:\photo\store_uiux_polished\v1\backend\node_modules\serve-static\index.js:120:7)
    at SendStream.emit (node:events:509:20)
    at SendStream.error (D:\photo\store_uiux_polished\v1\backend\node_modules\send\index.js:168:17)
    at SendStream.onStatError (D:\photo\store_uiux_polished\v1\backend\node_modules\send\index.js:315:12) 
09-09-2026 11:27:27 | ERROR | Error found | 404 | GET /files/1788430760414_Black_Denim_Jacket.jpg : Can't find /files/1788430760414_Black_Denim_Jacket.jpg on this server | user: guest 
Error: Can't find /files/1788430760414_Black_Denim_Jacket.jpg on this server
    at D:\photo\store_uiux_polished\v1\backend\server.js:110:8
    at Layer.handleRequest (D:\photo\store_uiux_polished\v1\backend\node_modules\router\lib\layer.js:152:17)
    at trimPrefix (D:\photo\store_uiux_polished\v1\backend\node_modules\router\index.js:342:13)
    at D:\photo\store_uiux_polished\v1\backend\node_modules\router\index.js:297:9
    at processParams (D:\photo\store_uiux_polished\v1\backend\node_modules\router\index.js:582:12)
    at next (D:\photo\store_uiux_polished\v1\backend\node_modules\router\index.js:291:5)
    at SendStream.error (D:\photo\store_uiux_polished\v1\backend\node_modules\serve-static\index.js:120:7)
    at SendStream.emit (node:events:509:20)
    at SendStream.error (D:\photo\store_uiux_polished\v1\backend\node_modules\send\index.js:168:17)
    at SendStream.onStatError (D:\photo\store_uiux_polished\v1\backend\node_modules\send\index.js:315:12) 
09-09-2026 11:27:27 | ERROR | Error found | 404 | GET /files/1788542750602_men-category.jpg : Can't find /files/1788542750602_men-category.jpg on this server | user: guest 
Error: Can't find /files/1788542750602_men-category.jpg on this server
    at D:\photo\store_uiux_polished\v1\backend\server.js:110:8
    at Layer.handleRequest (D:\photo\store_uiux_polished\v1\backend\node_modules\router\lib\layer.js:152:17)
    at trimPrefix (D:\photo\store_uiux_polished\v1\backend\node_modules\router\index.js:342:13)
    at D:\photo\store_uiux_polished\v1\backend\node_modules\router\index.js:297:9
    at processParams (D:\photo\store_uiux_polished\v1\backend\node_modules\router\index.js:582:12)
    at next (D:\photo\store_uiux_polished\v1\backend\node_modules\router\index.js:291:5)
    at SendStream.error (D:\photo\store_uiux_polished\v1\backend\node_modules\serve-static\index.js:120:7)
    at SendStream.emit (node:events:509:20)
    at SendStream.error (D:\photo\store_uiux_polished\v1\backend\node_modules\send\index.js:168:17)
    at SendStream.onStatError (D:\photo\store_uiux_polished\v1\backend\node_modules\send\index.js:315:12) 
09-09-2026 11:29:20 | ERROR | Error found | 404 | GET /files/1788430760414_Black_Denim_Jacket.jpg : Can't find /files/1788430760414_Black_Denim_Jacket.jpg on this server | user: guest 
Error: Can't find /files/1788430760414_Black_Denim_Jacket.jpg on this server
    at D:\photo\store_uiux_polished\v1\backend\server.js:110:8
    at Layer.handleRequest (D:\photo\store_uiux_polished\v1\backend\node_modules\router\lib\layer.js:152:17)
    at trimPrefix (D:\photo\store_uiux_polished\v1\backend\node_modules\router\index.js:342:13)
    at D:\photo\store_uiux_polished\v1\backend\node_modules\router\index.js:297:9
    at processParams (D:\photo\store_uiux_polished\v1\backend\node_modules\router\index.js:582:12)
    at next (D:\photo\store_uiux_polished\v1\backend\node_modules\router\index.js:291:5)
    at SendStream.error (D:\photo\store_uiux_polished\v1\backend\node_modules\serve-static\index.js:120:7)
    at SendStream.emit (node:events:509:20)
    at SendStream.error (D:\photo\store_uiux_polished\v1\backend\node_modules\send\index.js:168:17)
    at SendStream.onStatError (D:\photo\store_uiux_polished\v1\backend\node_modules\send\index.js:315:12) 
09-09-2026 11:29:20 | ERROR | Error found | 404 | GET /files/1788542750602_men-category.jpg : Can't find /files/1788542750602_men-category.jpg on this server | user: guest 
Error: Can't find /files/1788542750602_men-category.jpg on this server
    at D:\photo\store_uiux_polished\v1\backend\server.js:110:8
    at Layer.handleRequest (D:\photo\store_uiux_polished\v1\backend\node_modules\router\lib\layer.js:152:17)
    at trimPrefix (D:\photo\store_uiux_polished\v1\backend\node_modules\router\index.js:342:13)
    at D:\photo\store_uiux_polished\v1\backend\node_modules\router\index.js:297:9
    at processParams (D:\photo\store_uiux_polished\v1\backend\node_modules\router\index.js:582:12)
    at next (D:\photo\store_uiux_polished\v1\backend\node_modules\router\index.js:291:5)
    at SendStream.error (D:\photo\store_uiux_polished\v1\backend\node_modules\serve-static\index.js:120:7)
    at SendStream.emit (node:events:509:20)
    at SendStream.error (D:\photo\store_uiux_polished\v1\backend\node_modules\send\index.js:168:17)
    at SendStream.onStatError (D:\photo\store_uiux_polished\v1\backend\node_modules\send\index.js:315:12) 
09-09-2026 11:30:23 | ERROR | Error found | 404 | GET /files/1788430760414_Black_Denim_Jacket.jpg : Can't find /files/1788430760414_Black_Denim_Jacket.jpg on this server | user: guest 
Error: Can't find /files/1788430760414_Black_Denim_Jacket.jpg on this server
    at D:\photo\store_uiux_polished\v1\backend\server.js:110:8
    at Layer.handleRequest (D:\photo\store_uiux_polished\v1\backend\node_modules\router\lib\layer.js:152:17)
    at trimPrefix (D:\photo\store_uiux_polished\v1\backend\node_modules\router\index.js:342:13)
    at D:\photo\store_uiux_polished\v1\backend\node_modules\router\index.js:297:9
    at processParams (D:\photo\store_uiux_polished\v1\backend\node_modules\router\index.js:582:12)
    at next (D:\photo\store_uiux_polished\v1\backend\node_modules\router\index.js:291:5)
    at SendStream.error (D:\photo\store_uiux_polished\v1\backend\node_modules\serve-static\index.js:120:7)
    at SendStream.emit (node:events:509:20)
    at SendStream.error (D:\photo\store_uiux_polished\v1\backend\node_modules\send\index.js:168:17)
    at SendStream.onStatError (D:\photo\store_uiux_polished\v1\backend\node_modules\send\index.js:315:12) 
09-09-2026 11:30:23 | ERROR | Error found | 404 | GET /files/1788542750602_men-category.jpg : Can't find /files/1788542750602_men-category.jpg on this server | user: guest 
Error: Can't find /files/1788542750602_men-category.jpg on this server
    at D:\photo\store_uiux_polished\v1\backend\server.js:110:8
    at Layer.handleRequest (D:\photo\store_uiux_polished\v1\backend\node_modules\router\lib\layer.js:152:17)
    at trimPrefix (D:\photo\store_uiux_polished\v1\backend\node_modules\router\index.js:342:13)
    at D:\photo\store_uiux_polished\v1\backend\node_modules\router\index.js:297:9
    at processParams (D:\photo\store_uiux_polished\v1\backend\node_modules\router\index.js:582:12)
    at next (D:\photo\store_uiux_polished\v1\backend\node_modules\router\index.js:291:5)
    at SendStream.error (D:\photo\store_uiux_polished\v1\backend\node_modules\serve-static\index.js:120:7)
    at SendStream.emit (node:events:509:20)
    at SendStream.error (D:\photo\store_uiux_polished\v1\backend\node_modules\send\index.js:168:17)
    at SendStream.onStatError (D:\photo\store_uiux_polished\v1\backend\node_modules\send\index.js:315:12) 
09-09-2026 11:30:24 | ERROR | Error found | 404 | GET /files/1788430760414_Black_Denim_Jacket.jpg : Can't find /files/1788430760414_Black_Denim_Jacket.jpg on this server | user: guest 
Error: Can't find /files/1788430760414_Black_Denim_Jacket.jpg on this server
    at D:\photo\store_uiux_polished\v1\backend\server.js:110:8
    at Layer.handleRequest (D:\photo\store_uiux_polished\v1\backend\node_modules\router\lib\layer.js:152:17)
    at trimPrefix (D:\photo\store_uiux_polished\v1\backend\node_modules\router\index.js:342:13)
    at D:\photo\store_uiux_polished\v1\backend\node_modules\router\index.js:297:9
    at processParams (D:\photo\store_uiux_polished\v1\backend\node_modules\router\index.js:582:12)
    at next (D:\photo\store_uiux_polished\v1\backend\node_modules\router\index.js:291:5)
    at SendStream.error (D:\photo\store_uiux_polished\v1\backend\node_modules\serve-static\index.js:120:7)
    at SendStream.emit (node:events:509:20)
    at SendStream.error (D:\photo\store_uiux_polished\v1\backend\node_modules\send\index.js:168:17)
    at SendStream.onStatError (D:\photo\store_uiux_polished\v1\backend\node_modules\send\index.js:315:12) 
09-09-2026 11:30:24 | ERROR | Error found | 404 | GET /files/1788430760414_Black_Denim_Jacket.jpg : Can't find /files/1788430760414_Black_Denim_Jacket.jpg on this server | user: guest 
Error: Can't find /files/1788430760414_Black_Denim_Jacket.jpg on this server
    at D:\photo\store_uiux_polished\v1\backend\server.js:110:8
    at Layer.handleRequest (D:\photo\store_uiux_polished\v1\backend\node_modules\router\lib\layer.js:152:17)
    at trimPrefix (D:\photo\store_uiux_polished\v1\backend\node_modules\router\index.js:342:13)
    at D:\photo\store_uiux_polished\v1\backend\node_modules\router\index.js:297:9
    at processParams (D:\photo\store_uiux_polished\v1\backend\node_modules\router\index.js:582:12)
    at next (D:\photo\store_uiux_polished\v1\backend\node_modules\router\index.js:291:5)
    at SendStream.error (D:\photo\store_uiux_polished\v1\backend\node_modules\serve-static\index.js:120:7)
    at SendStream.emit (node:events:509:20)
    at SendStream.error (D:\photo\store_uiux_polished\v1\backend\node_modules\send\index.js:168:17)
    at SendStream.onStatError (D:\photo\store_uiux_polished\v1\backend\node_modules\send\index.js:315:12) 
09-09-2026 11:30:24 | ERROR | Error found | 404 | GET /files/1788542750602_men-category.jpg : Can't find /files/1788542750602_men-category.jpg on this server | user: guest 
Error: Can't find /files/1788542750602_men-category.jpg on this server
    at D:\photo\store_uiux_polished\v1\backend\server.js:110:8
    at Layer.handleRequest (D:\photo\store_uiux_polished\v1\backend\node_modules\router\lib\layer.js:152:17)
    at trimPrefix (D:\photo\store_uiux_polished\v1\backend\node_modules\router\index.js:342:13)
    at D:\photo\store_uiux_polished\v1\backend\node_modules\router\index.js:297:9
    at processParams (D:\photo\store_uiux_polished\v1\backend\node_modules\router\index.js:582:12)
    at next (D:\photo\store_uiux_polished\v1\backend\node_modules\router\index.js:291:5)
    at SendStream.error (D:\photo\store_uiux_polished\v1\backend\node_modules\serve-static\index.js:120:7)
    at SendStream.emit (node:events:509:20)
    at SendStream.error (D:\photo\store_uiux_polished\v1\backend\node_modules\send\index.js:168:17)
    at SendStream.onStatError (D:\photo\store_uiux_polished\v1\backend\node_modules\send\index.js:315:12) 
09-09-2026 11:31:14 | INFO | Testimonial created: 6aa119529eeedeedb728b503 by Abdelrhman  
09-09-2026 11:31:20 | INFO | Testimonial created: 6aa119589eeedeedb728b507 by Abdelrhman  
09-09-2026 11:31:26 | INFO | Testimonial created: 6aa1195e9eeedeedb728b50a by Abdelrhman  
09-09-2026 11:31:28 | ERROR | Error found | 404 | GET /files/1788430760414_Black_Denim_Jacket.jpg : Can't find /files/1788430760414_Black_Denim_Jacket.jpg on this server | user: guest 
Error: Can't find /files/1788430760414_Black_Denim_Jacket.jpg on this server
    at D:\photo\store_uiux_polished\v1\backend\server.js:110:8
    at Layer.handleRequest (D:\photo\store_uiux_polished\v1\backend\node_modules\router\lib\layer.js:152:17)
    at trimPrefix (D:\photo\store_uiux_polished\v1\backend\node_modules\router\index.js:342:13)
    at D:\photo\store_uiux_polished\v1\backend\node_modules\router\index.js:297:9
    at processParams (D:\photo\store_uiux_polished\v1\backend\node_modules\router\index.js:582:12)
    at next (D:\photo\store_uiux_polished\v1\backend\node_modules\router\index.js:291:5)
    at SendStream.error (D:\photo\store_uiux_polished\v1\backend\node_modules\serve-static\index.js:120:7)
    at SendStream.emit (node:events:509:20)
    at SendStream.error (D:\photo\store_uiux_polished\v1\backend\node_modules\send\index.js:168:17)
    at SendStream.onStatError (D:\photo\store_uiux_polished\v1\backend\node_modules\send\index.js:315:12) 
09-09-2026 11:31:28 | ERROR | Error found | 404 | GET /files/1788542750602_men-category.jpg : Can't find /files/1788542750602_men-category.jpg on this server | user: guest 
Error: Can't find /files/1788542750602_men-category.jpg on this server
    at D:\photo\store_uiux_polished\v1\backend\server.js:110:8
    at Layer.handleRequest (D:\photo\store_uiux_polished\v1\backend\node_modules\router\lib\layer.js:152:17)
    at trimPrefix (D:\photo\store_uiux_polished\v1\backend\node_modules\router\index.js:342:13)
    at D:\photo\store_uiux_polished\v1\backend\node_modules\router\index.js:297:9
    at processParams (D:\photo\store_uiux_polished\v1\backend\node_modules\router\index.js:582:12)
    at next (D:\photo\store_uiux_polished\v1\backend\node_modules\router\index.js:291:5)
    at SendStream.error (D:\photo\store_uiux_polished\v1\backend\node_modules\serve-static\index.js:120:7)
    at SendStream.emit (node:events:509:20)
    at SendStream.error (D:\photo\store_uiux_polished\v1\backend\node_modules\send\index.js:168:17)
    at SendStream.onStatError (D:\photo\store_uiux_polished\v1\backend\node_modules\send\index.js:315:12) 
09-09-2026 11:31:34 | INFO | Testimonial 6aa1195e9eeedeedb728b50a accepted by Abdelrhman  
09-09-2026 11:31:36 | INFO | Testimonial 6aa119589eeedeedb728b507 accepted by Abdelrhman  
09-09-2026 11:31:38 | INFO | Testimonial 6aa119529eeedeedb728b503 accepted by Abdelrhman  
09-09-2026 11:31:42 | ERROR | Error found | 404 | GET /files/1788430760414_Black_Denim_Jacket.jpg : Can't find /files/1788430760414_Black_Denim_Jacket.jpg on this server | user: guest 
Error: Can't find /files/1788430760414_Black_Denim_Jacket.jpg on this server
    at D:\photo\store_uiux_polished\v1\backend\server.js:110:8
    at Layer.handleRequest (D:\photo\store_uiux_polished\v1\backend\node_modules\router\lib\layer.js:152:17)
    at trimPrefix (D:\photo\store_uiux_polished\v1\backend\node_modules\router\index.js:342:13)
    at D:\photo\store_uiux_polished\v1\backend\node_modules\router\index.js:297:9
    at processParams (D:\photo\store_uiux_polished\v1\backend\node_modules\router\index.js:582:12)
    at next (D:\photo\store_uiux_polished\v1\backend\node_modules\router\index.js:291:5)
    at SendStream.error (D:\photo\store_uiux_polished\v1\backend\node_modules\serve-static\index.js:120:7)
    at SendStream.emit (node:events:509:20)
    at SendStream.error (D:\photo\store_uiux_polished\v1\backend\node_modules\send\index.js:168:17)
    at SendStream.onStatError (D:\photo\store_uiux_polished\v1\backend\node_modules\send\index.js:315:12) 
09-09-2026 11:31:42 | ERROR | Error found | 404 | GET /files/1788542750602_men-category.jpg : Can't find /files/1788542750602_men-category.jpg on this server | user: guest 
Error: Can't find /files/1788542750602_men-category.jpg on this server
    at D:\photo\store_uiux_polished\v1\backend\server.js:110:8
    at Layer.handleRequest (D:\photo\store_uiux_polished\v1\backend\node_modules\router\lib\layer.js:152:17)
    at trimPrefix (D:\photo\store_uiux_polished\v1\backend\node_modules\router\index.js:342:13)
    at D:\photo\store_uiux_polished\v1\backend\node_modules\router\index.js:297:9
    at processParams (D:\photo\store_uiux_polished\v1\backend\node_modules\router\index.js:582:12)
    at next (D:\photo\store_uiux_polished\v1\backend\node_modules\router\index.js:291:5)
    at SendStream.error (D:\photo\store_uiux_polished\v1\backend\node_modules\serve-static\index.js:120:7)
    at SendStream.emit (node:events:509:20)
    at SendStream.error (D:\photo\store_uiux_polished\v1\backend\node_modules\send\index.js:168:17)
    at SendStream.onStatError (D:\photo\store_uiux_polished\v1\backend\node_modules\send\index.js:315:12) 
09-09-2026 11:31:47 | ERROR | Error found | 404 | GET /files/1788430760414_Black_Denim_Jacket.jpg : Can't find /files/1788430760414_Black_Denim_Jacket.jpg on this server | user: guest 
Error: Can't find /files/1788430760414_Black_Denim_Jacket.jpg on this server
    at D:\photo\store_uiux_polished\v1\backend\server.js:110:8
    at Layer.handleRequest (D:\photo\store_uiux_polished\v1\backend\node_modules\router\lib\layer.js:152:17)
    at trimPrefix (D:\photo\store_uiux_polished\v1\backend\node_modules\router\index.js:342:13)
    at D:\photo\store_uiux_polished\v1\backend\node_modules\router\index.js:297:9
    at processParams (D:\photo\store_uiux_polished\v1\backend\node_modules\router\index.js:582:12)
    at next (D:\photo\store_uiux_polished\v1\backend\node_modules\router\index.js:291:5)
    at SendStream.error (D:\photo\store_uiux_polished\v1\backend\node_modules\serve-static\index.js:120:7)
    at SendStream.emit (node:events:509:20)
    at SendStream.error (D:\photo\store_uiux_polished\v1\backend\node_modules\send\index.js:168:17)
    at SendStream.onStatError (D:\photo\store_uiux_polished\v1\backend\node_modules\send\index.js:315:12) 
09-09-2026 11:31:47 | ERROR | Error found | 404 | GET /files/1788542750602_men-category.jpg : Can't find /files/1788542750602_men-category.jpg on this server | user: guest 
Error: Can't find /files/1788542750602_men-category.jpg on this server
    at D:\photo\store_uiux_polished\v1\backend\server.js:110:8
    at Layer.handleRequest (D:\photo\store_uiux_polished\v1\backend\node_modules\router\lib\layer.js:152:17)
    at trimPrefix (D:\photo\store_uiux_polished\v1\backend\node_modules\router\index.js:342:13)
    at D:\photo\store_uiux_polished\v1\backend\node_modules\router\index.js:297:9
    at processParams (D:\photo\store_uiux_polished\v1\backend\node_modules\router\index.js:582:12)
    at next (D:\photo\store_uiux_polished\v1\backend\node_modules\router\index.js:291:5)
    at SendStream.error (D:\photo\store_uiux_polished\v1\backend\node_modules\serve-static\index.js:120:7)
    at SendStream.emit (node:events:509:20)
    at SendStream.error (D:\photo\store_uiux_polished\v1\backend\node_modules\send\index.js:168:17)
    at SendStream.onStatError (D:\photo\store_uiux_polished\v1\backend\node_modules\send\index.js:315:12) 
09-09-2026 11:31:48 | ERROR | Error found | 404 | GET /files/1788430760414_Black_Denim_Jacket.jpg : Can't find /files/1788430760414_Black_Denim_Jacket.jpg on this server | user: guest 
Error: Can't find /files/1788430760414_Black_Denim_Jacket.jpg on this server
    at D:\photo\store_uiux_polished\v1\backend\server.js:110:8
    at Layer.handleRequest (D:\photo\store_uiux_polished\v1\backend\node_modules\router\lib\layer.js:152:17)
    at trimPrefix (D:\photo\store_uiux_polished\v1\backend\node_modules\router\index.js:342:13)
    at D:\photo\store_uiux_polished\v1\backend\node_modules\router\index.js:297:9
    at processParams (D:\photo\store_uiux_polished\v1\backend\node_modules\router\index.js:582:12)
    at next (D:\photo\store_uiux_polished\v1\backend\node_modules\router\index.js:291:5)
    at SendStream.error (D:\photo\store_uiux_polished\v1\backend\node_modules\serve-static\index.js:120:7)
    at SendStream.emit (node:events:509:20)
    at SendStream.error (D:\photo\store_uiux_polished\v1\backend\node_modules\send\index.js:168:17)
    at SendStream.onStatError (D:\photo\store_uiux_polished\v1\backend\node_modules\send\index.js:315:12) 
09-09-2026 11:31:48 | ERROR | Error found | 404 | GET /files/1788430760414_Black_Denim_Jacket.jpg : Can't find /files/1788430760414_Black_Denim_Jacket.jpg on this server | user: guest 
Error: Can't find /files/1788430760414_Black_Denim_Jacket.jpg on this server
    at D:\photo\store_uiux_polished\v1\backend\server.js:110:8
    at Layer.handleRequest (D:\photo\store_uiux_polished\v1\backend\node_modules\router\lib\layer.js:152:17)
    at trimPrefix (D:\photo\store_uiux_polished\v1\backend\node_modules\router\index.js:342:13)
    at D:\photo\store_uiux_polished\v1\backend\node_modules\router\index.js:297:9
    at processParams (D:\photo\store_uiux_polished\v1\backend\node_modules\router\index.js:582:12)
    at next (D:\photo\store_uiux_polished\v1\backend\node_modules\router\index.js:291:5)
    at SendStream.error (D:\photo\store_uiux_polished\v1\backend\node_modules\serve-static\index.js:120:7)
    at SendStream.emit (node:events:509:20)
    at SendStream.error (D:\photo\store_uiux_polished\v1\backend\node_modules\send\index.js:168:17)
    at SendStream.onStatError (D:\photo\store_uiux_polished\v1\backend\node_modules\send\index.js:315:12) 
09-09-2026 11:31:48 | ERROR | Error found | 404 | GET /files/1788542750602_men-category.jpg : Can't find /files/1788542750602_men-category.jpg on this server | user: guest 
Error: Can't find /files/1788542750602_men-category.jpg on this server
    at D:\photo\store_uiux_polished\v1\backend\server.js:110:8
    at Layer.handleRequest (D:\photo\store_uiux_polished\v1\backend\node_modules\router\lib\layer.js:152:17)
    at trimPrefix (D:\photo\store_uiux_polished\v1\backend\node_modules\router\index.js:342:13)
    at D:\photo\store_uiux_polished\v1\backend\node_modules\router\index.js:297:9
    at processParams (D:\photo\store_uiux_polished\v1\backend\node_modules\router\index.js:582:12)
    at next (D:\photo\store_uiux_polished\v1\backend\node_modules\router\index.js:291:5)
    at SendStream.error (D:\photo\store_uiux_polished\v1\backend\node_modules\serve-static\index.js:120:7)
    at SendStream.emit (node:events:509:20)
    at SendStream.error (D:\photo\store_uiux_polished\v1\backend\node_modules\send\index.js:168:17)
    at SendStream.onStatError (D:\photo\store_uiux_polished\v1\backend\node_modules\send\index.js:315:12) 
09-09-2026 11:31:53 | ERROR | Error found | 404 | GET /files/1788430760414_Black_Denim_Jacket.jpg : Can't find /files/1788430760414_Black_Denim_Jacket.jpg on this server | user: guest 
Error: Can't find /files/1788430760414_Black_Denim_Jacket.jpg on this server
    at D:\photo\store_uiux_polished\v1\backend\server.js:110:8
    at Layer.handleRequest (D:\photo\store_uiux_polished\v1\backend\node_modules\router\lib\layer.js:152:17)
    at trimPrefix (D:\photo\store_uiux_polished\v1\backend\node_modules\router\index.js:342:13)
    at D:\photo\store_uiux_polished\v1\backend\node_modules\router\index.js:297:9
    at processParams (D:\photo\store_uiux_polished\v1\backend\node_modules\router\index.js:582:12)
    at next (D:\photo\store_uiux_polished\v1\backend\node_modules\router\index.js:291:5)
    at SendStream.error (D:\photo\store_uiux_polished\v1\backend\node_modules\serve-static\index.js:120:7)
    at SendStream.emit (node:events:509:20)
    at SendStream.error (D:\photo\store_uiux_polished\v1\backend\node_modules\send\index.js:168:17)
    at SendStream.onStatError (D:\photo\store_uiux_polished\v1\backend\node_modules\send\index.js:315:12) 
09-09-2026 11:31:53 | ERROR | Error found | 404 | GET /files/1788542750602_men-category.jpg : Can't find /files/1788542750602_men-category.jpg on this server | user: guest 
Error: Can't find /files/1788542750602_men-category.jpg on this server
    at D:\photo\store_uiux_polished\v1\backend\server.js:110:8
    at Layer.handleRequest (D:\photo\store_uiux_polished\v1\backend\node_modules\router\lib\layer.js:152:17)
    at trimPrefix (D:\photo\store_uiux_polished\v1\backend\node_modules\router\index.js:342:13)
    at D:\photo\store_uiux_polished\v1\backend\node_modules\router\index.js:297:9
    at processParams (D:\photo\store_uiux_polished\v1\backend\node_modules\router\index.js:582:12)
    at next (D:\photo\store_uiux_polished\v1\backend\node_modules\router\index.js:291:5)
    at SendStream.error (D:\photo\store_uiux_polished\v1\backend\node_modules\serve-static\index.js:120:7)
    at SendStream.emit (node:events:509:20)
    at SendStream.error (D:\photo\store_uiux_polished\v1\backend\node_modules\send\index.js:168:17)
    at SendStream.onStatError (D:\photo\store_uiux_polished\v1\backend\node_modules\send\index.js:315:12) 
09-09-2026 11:31:54 | ERROR | Error found | 404 | GET /files/1788430760414_Black_Denim_Jacket.jpg : Can't find /files/1788430760414_Black_Denim_Jacket.jpg on this server | user: guest 
Error: Can't find /files/1788430760414_Black_Denim_Jacket.jpg on this server
    at D:\photo\store_uiux_polished\v1\backend\server.js:110:8
    at Layer.handleRequest (D:\photo\store_uiux_polished\v1\backend\node_modules\router\lib\layer.js:152:17)
    at trimPrefix (D:\photo\store_uiux_polished\v1\backend\node_modules\router\index.js:342:13)
    at D:\photo\store_uiux_polished\v1\backend\node_modules\router\index.js:297:9
    at processParams (D:\photo\store_uiux_polished\v1\backend\node_modules\router\index.js:582:12)
    at next (D:\photo\store_uiux_polished\v1\backend\node_modules\router\index.js:291:5)
    at SendStream.error (D:\photo\store_uiux_polished\v1\backend\node_modules\serve-static\index.js:120:7)
    at SendStream.emit (node:events:509:20)
    at SendStream.error (D:\photo\store_uiux_polished\v1\backend\node_modules\send\index.js:168:17)
    at SendStream.onStatError (D:\photo\store_uiux_polished\v1\backend\node_modules\send\index.js:315:12) 
09-09-2026 11:31:54 | ERROR | Error found | 404 | GET /files/1788430760414_Black_Denim_Jacket.jpg : Can't find /files/1788430760414_Black_Denim_Jacket.jpg on this server | user: guest 
Error: Can't find /files/1788430760414_Black_Denim_Jacket.jpg on this server
    at D:\photo\store_uiux_polished\v1\backend\server.js:110:8
    at Layer.handleRequest (D:\photo\store_uiux_polished\v1\backend\node_modules\router\lib\layer.js:152:17)
    at trimPrefix (D:\photo\store_uiux_polished\v1\backend\node_modules\router\index.js:342:13)
    at D:\photo\store_uiux_polished\v1\backend\node_modules\router\index.js:297:9
    at processParams (D:\photo\store_uiux_polished\v1\backend\node_modules\router\index.js:582:12)
    at next (D:\photo\store_uiux_polished\v1\backend\node_modules\router\index.js:291:5)
    at SendStream.error (D:\photo\store_uiux_polished\v1\backend\node_modules\serve-static\index.js:120:7)
    at SendStream.emit (node:events:509:20)
    at SendStream.error (D:\photo\store_uiux_polished\v1\backend\node_modules\send\index.js:168:17)
    at SendStream.onStatError (D:\photo\store_uiux_polished\v1\backend\node_modules\send\index.js:315:12) 
09-09-2026 11:31:54 | ERROR | Error found | 404 | GET /files/1788542750602_men-category.jpg : Can't find /files/1788542750602_men-category.jpg on this server | user: guest 
Error: Can't find /files/1788542750602_men-category.jpg on this server
    at D:\photo\store_uiux_polished\v1\backend\server.js:110:8
    at Layer.handleRequest (D:\photo\store_uiux_polished\v1\backend\node_modules\router\lib\layer.js:152:17)
    at trimPrefix (D:\photo\store_uiux_polished\v1\backend\node_modules\router\index.js:342:13)
    at D:\photo\store_uiux_polished\v1\backend\node_modules\router\index.js:297:9
    at processParams (D:\photo\store_uiux_polished\v1\backend\node_modules\router\index.js:582:12)
    at next (D:\photo\store_uiux_polished\v1\backend\node_modules\router\index.js:291:5)
    at SendStream.error (D:\photo\store_uiux_polished\v1\backend\node_modules\serve-static\index.js:120:7)
    at SendStream.emit (node:events:509:20)
    at SendStream.error (D:\photo\store_uiux_polished\v1\backend\node_modules\send\index.js:168:17)
    at SendStream.onStatError (D:\photo\store_uiux_polished\v1\backend\node_modules\send\index.js:315:12) 
09-09-2026 11:35:37 | ERROR | Error found | 404 | GET /files/1788430760414_Black_Denim_Jacket.jpg : Can't find /files/1788430760414_Black_Denim_Jacket.jpg on this server | user: guest 
Error: Can't find /files/1788430760414_Black_Denim_Jacket.jpg on this server
    at D:\photo\store_uiux_polished\v1\backend\server.js:110:8
    at Layer.handleRequest (D:\photo\store_uiux_polished\v1\backend\node_modules\router\lib\layer.js:152:17)
    at trimPrefix (D:\photo\store_uiux_polished\v1\backend\node_modules\router\index.js:342:13)
    at D:\photo\store_uiux_polished\v1\backend\node_modules\router\index.js:297:9
    at processParams (D:\photo\store_uiux_polished\v1\backend\node_modules\router\index.js:582:12)
    at next (D:\photo\store_uiux_polished\v1\backend\node_modules\router\index.js:291:5)
    at SendStream.error (D:\photo\store_uiux_polished\v1\backend\node_modules\serve-static\index.js:120:7)
    at SendStream.emit (node:events:509:20)
    at SendStream.error (D:\photo\store_uiux_polished\v1\backend\node_modules\send\index.js:168:17)
    at SendStream.onStatError (D:\photo\store_uiux_polished\v1\backend\node_modules\send\index.js:315:12) 
09-09-2026 11:35:37 | ERROR | Error found | 404 | GET /files/1788542750602_men-category.jpg : Can't find /files/1788542750602_men-category.jpg on this server | user: guest 
Error: Can't find /files/1788542750602_men-category.jpg on this server
    at D:\photo\store_uiux_polished\v1\backend\server.js:110:8
    at Layer.handleRequest (D:\photo\store_uiux_polished\v1\backend\node_modules\router\lib\layer.js:152:17)
    at trimPrefix (D:\photo\store_uiux_polished\v1\backend\node_modules\router\index.js:342:13)
    at D:\photo\store_uiux_polished\v1\backend\node_modules\router\index.js:297:9
    at processParams (D:\photo\store_uiux_polished\v1\backend\node_modules\router\index.js:582:12)
    at next (D:\photo\store_uiux_polished\v1\backend\node_modules\router\index.js:291:5)
    at SendStream.error (D:\photo\store_uiux_polished\v1\backend\node_modules\serve-static\index.js:120:7)
    at SendStream.emit (node:events:509:20)
    at SendStream.error (D:\photo\store_uiux_polished\v1\backend\node_modules\send\index.js:168:17)
    at SendStream.onStatError (D:\photo\store_uiux_polished\v1\backend\node_modules\send\index.js:315:12) 
09-09-2026 11:35:38 | ERROR | Error found | 404 | GET /files/1788430760414_Black_Denim_Jacket.jpg : Can't find /files/1788430760414_Black_Denim_Jacket.jpg on this server | user: guest 
Error: Can't find /files/1788430760414_Black_Denim_Jacket.jpg on this server
    at D:\photo\store_uiux_polished\v1\backend\server.js:110:8
    at Layer.handleRequest (D:\photo\store_uiux_polished\v1\backend\node_modules\router\lib\layer.js:152:17)
    at trimPrefix (D:\photo\store_uiux_polished\v1\backend\node_modules\router\index.js:342:13)
    at D:\photo\store_uiux_polished\v1\backend\node_modules\router\index.js:297:9
    at processParams (D:\photo\store_uiux_polished\v1\backend\node_modules\router\index.js:582:12)
    at next (D:\photo\store_uiux_polished\v1\backend\node_modules\router\index.js:291:5)
    at SendStream.error (D:\photo\store_uiux_polished\v1\backend\node_modules\serve-static\index.js:120:7)
    at SendStream.emit (node:events:509:20)
    at SendStream.error (D:\photo\store_uiux_polished\v1\backend\node_modules\send\index.js:168:17)
    at SendStream.onStatError (D:\photo\store_uiux_polished\v1\backend\node_modules\send\index.js:315:12) 
09-09-2026 11:35:38 | ERROR | Error found | 404 | GET /files/1788430760414_Black_Denim_Jacket.jpg : Can't find /files/1788430760414_Black_Denim_Jacket.jpg on this server | user: guest 
Error: Can't find /files/1788430760414_Black_Denim_Jacket.jpg on this server
    at D:\photo\store_uiux_polished\v1\backend\server.js:110:8
    at Layer.handleRequest (D:\photo\store_uiux_polished\v1\backend\node_modules\router\lib\layer.js:152:17)
    at trimPrefix (D:\photo\store_uiux_polished\v1\backend\node_modules\router\index.js:342:13)
    at D:\photo\store_uiux_polished\v1\backend\node_modules\router\index.js:297:9
    at processParams (D:\photo\store_uiux_polished\v1\backend\node_modules\router\index.js:582:12)
    at next (D:\photo\store_uiux_polished\v1\backend\node_modules\router\index.js:291:5)
    at SendStream.error (D:\photo\store_uiux_polished\v1\backend\node_modules\serve-static\index.js:120:7)
    at SendStream.emit (node:events:509:20)
    at SendStream.error (D:\photo\store_uiux_polished\v1\backend\node_modules\send\index.js:168:17)
    at SendStream.onStatError (D:\photo\store_uiux_polished\v1\backend\node_modules\send\index.js:315:12) 
09-09-2026 11:35:38 | ERROR | Error found | 404 | GET /files/1788542750602_men-category.jpg : Can't find /files/1788542750602_men-category.jpg on this server | user: guest 
Error: Can't find /files/1788542750602_men-category.jpg on this server
    at D:\photo\store_uiux_polished\v1\backend\server.js:110:8
    at Layer.handleRequest (D:\photo\store_uiux_polished\v1\backend\node_modules\router\lib\layer.js:152:17)
    at trimPrefix (D:\photo\store_uiux_polished\v1\backend\node_modules\router\index.js:342:13)
    at D:\photo\store_uiux_polished\v1\backend\node_modules\router\index.js:297:9
    at processParams (D:\photo\store_uiux_polished\v1\backend\node_modules\router\index.js:582:12)
    at next (D:\photo\store_uiux_polished\v1\backend\node_modules\router\index.js:291:5)
    at SendStream.error (D:\photo\store_uiux_polished\v1\backend\node_modules\serve-static\index.js:120:7)
    at SendStream.emit (node:events:509:20)
    at SendStream.error (D:\photo\store_uiux_polished\v1\backend\node_modules\send\index.js:168:17)
    at SendStream.onStatError (D:\photo\store_uiux_polished\v1\backend\node_modules\send\index.js:315:12) 
09-09-2026 11:38:51 | ERROR | Error found | 404 | GET /files/1788430760414_Black_Denim_Jacket.jpg : Can't find /files/1788430760414_Black_Denim_Jacket.jpg on this server | user: guest 
Error: Can't find /files/1788430760414_Black_Denim_Jacket.jpg on this server
    at D:\photo\store_uiux_polished\v1\backend\server.js:110:8
    at Layer.handleRequest (D:\photo\store_uiux_polished\v1\backend\node_modules\router\lib\layer.js:152:17)
    at trimPrefix (D:\photo\store_uiux_polished\v1\backend\node_modules\router\index.js:342:13)
    at D:\photo\store_uiux_polished\v1\backend\node_modules\router\index.js:297:9
    at processParams (D:\photo\store_uiux_polished\v1\backend\node_modules\router\index.js:582:12)
    at next (D:\photo\store_uiux_polished\v1\backend\node_modules\router\index.js:291:5)
    at SendStream.error (D:\photo\store_uiux_polished\v1\backend\node_modules\serve-static\index.js:120:7)
    at SendStream.emit (node:events:509:20)
    at SendStream.error (D:\photo\store_uiux_polished\v1\backend\node_modules\send\index.js:168:17)
    at SendStream.onStatError (D:\photo\store_uiux_polished\v1\backend\node_modules\send\index.js:315:12) 
09-09-2026 11:38:51 | ERROR | Error found | 404 | GET /files/1788542750602_men-category.jpg : Can't find /files/1788542750602_men-category.jpg on this server | user: guest 
Error: Can't find /files/1788542750602_men-category.jpg on this server
    at D:\photo\store_uiux_polished\v1\backend\server.js:110:8
    at Layer.handleRequest (D:\photo\store_uiux_polished\v1\backend\node_modules\router\lib\layer.js:152:17)
    at trimPrefix (D:\photo\store_uiux_polished\v1\backend\node_modules\router\index.js:342:13)
    at D:\photo\store_uiux_polished\v1\backend\node_modules\router\index.js:297:9
    at processParams (D:\photo\store_uiux_polished\v1\backend\node_modules\router\index.js:582:12)
    at next (D:\photo\store_uiux_polished\v1\backend\node_modules\router\index.js:291:5)
    at SendStream.error (D:\photo\store_uiux_polished\v1\backend\node_modules\serve-static\index.js:120:7)
    at SendStream.emit (node:events:509:20)
    at SendStream.error (D:\photo\store_uiux_polished\v1\backend\node_modules\send\index.js:168:17)
    at SendStream.onStatError (D:\photo\store_uiux_polished\v1\backend\node_modules\send\index.js:315:12) 
09-09-2026 11:38:55 | ERROR | Error found | 404 | GET /files/1788430760414_Black_Denim_Jacket.jpg : Can't find /files/1788430760414_Black_Denim_Jacket.jpg on this server | user: guest 
Error: Can't find /files/1788430760414_Black_Denim_Jacket.jpg on this server
    at D:\photo\store_uiux_polished\v1\backend\server.js:110:8
    at Layer.handleRequest (D:\photo\store_uiux_polished\v1\backend\node_modules\router\lib\layer.js:152:17)
    at trimPrefix (D:\photo\store_uiux_polished\v1\backend\node_modules\router\index.js:342:13)
    at D:\photo\store_uiux_polished\v1\backend\node_modules\router\index.js:297:9
    at processParams (D:\photo\store_uiux_polished\v1\backend\node_modules\router\index.js:582:12)
    at next (D:\photo\store_uiux_polished\v1\backend\node_modules\router\index.js:291:5)
    at SendStream.error (D:\photo\store_uiux_polished\v1\backend\node_modules\serve-static\index.js:120:7)
    at SendStream.emit (node:events:509:20)
    at SendStream.error (D:\photo\store_uiux_polished\v1\backend\node_modules\send\index.js:168:17)
    at SendStream.onStatError (D:\photo\store_uiux_polished\v1\backend\node_modules\send\index.js:315:12) 
09-09-2026 11:38:55 | ERROR | Error found | 404 | GET /files/1788542750602_men-category.jpg : Can't find /files/1788542750602_men-category.jpg on this server | user: guest 
Error: Can't find /files/1788542750602_men-category.jpg on this server
    at D:\photo\store_uiux_polished\v1\backend\server.js:110:8
    at Layer.handleRequest (D:\photo\store_uiux_polished\v1\backend\node_modules\router\lib\layer.js:152:17)
    at trimPrefix (D:\photo\store_uiux_polished\v1\backend\node_modules\router\index.js:342:13)
    at D:\photo\store_uiux_polished\v1\backend\node_modules\router\index.js:297:9
    at processParams (D:\photo\store_uiux_polished\v1\backend\node_modules\router\index.js:582:12)
    at next (D:\photo\store_uiux_polished\v1\backend\node_modules\router\index.js:291:5)
    at SendStream.error (D:\photo\store_uiux_polished\v1\backend\node_modules\serve-static\index.js:120:7)
    at SendStream.emit (node:events:509:20)
    at SendStream.error (D:\photo\store_uiux_polished\v1\backend\node_modules\send\index.js:168:17)
    at SendStream.onStatError (D:\photo\store_uiux_polished\v1\backend\node_modules\send\index.js:315:12) 
09-09-2026 11:39:03 | ERROR | Error found | 404 | GET /files/1788430760414_Black_Denim_Jacket.jpg : Can't find /files/1788430760414_Black_Denim_Jacket.jpg on this server | user: guest 
Error: Can't find /files/1788430760414_Black_Denim_Jacket.jpg on this server
    at D:\photo\store_uiux_polished\v1\backend\server.js:110:8
    at Layer.handleRequest (D:\photo\store_uiux_polished\v1\backend\node_modules\router\lib\layer.js:152:17)
    at trimPrefix (D:\photo\store_uiux_polished\v1\backend\node_modules\router\index.js:342:13)
    at D:\photo\store_uiux_polished\v1\backend\node_modules\router\index.js:297:9
    at processParams (D:\photo\store_uiux_polished\v1\backend\node_modules\router\index.js:582:12)
    at next (D:\photo\store_uiux_polished\v1\backend\node_modules\router\index.js:291:5)
    at SendStream.error (D:\photo\store_uiux_polished\v1\backend\node_modules\serve-static\index.js:120:7)
    at SendStream.emit (node:events:509:20)
    at SendStream.error (D:\photo\store_uiux_polished\v1\backend\node_modules\send\index.js:168:17)
    at SendStream.onStatError (D:\photo\store_uiux_polished\v1\backend\node_modules\send\index.js:315:12) 
09-09-2026 11:39:03 | ERROR | Error found | 404 | GET /files/1788542750602_men-category.jpg : Can't find /files/1788542750602_men-category.jpg on this server | user: guest 
Error: Can't find /files/1788542750602_men-category.jpg on this server
    at D:\photo\store_uiux_polished\v1\backend\server.js:110:8
    at Layer.handleRequest (D:\photo\store_uiux_polished\v1\backend\node_modules\router\lib\layer.js:152:17)
    at trimPrefix (D:\photo\store_uiux_polished\v1\backend\node_modules\router\index.js:342:13)
    at D:\photo\store_uiux_polished\v1\backend\node_modules\router\index.js:297:9
    at processParams (D:\photo\store_uiux_polished\v1\backend\node_modules\router\index.js:582:12)
    at next (D:\photo\store_uiux_polished\v1\backend\node_modules\router\index.js:291:5)
    at SendStream.error (D:\photo\store_uiux_polished\v1\backend\node_modules\serve-static\index.js:120:7)
    at SendStream.emit (node:events:509:20)
    at SendStream.error (D:\photo\store_uiux_polished\v1\backend\node_modules\send\index.js:168:17)
    at SendStream.onStatError (D:\photo\store_uiux_polished\v1\backend\node_modules\send\index.js:315:12) 
09-09-2026 11:39:33 | ERROR | Error found | 404 | GET /files/1788430760414_Black_Denim_Jacket.jpg : Can't find /files/1788430760414_Black_Denim_Jacket.jpg on this server | user: guest 
Error: Can't find /files/1788430760414_Black_Denim_Jacket.jpg on this server
    at D:\photo\store_uiux_polished\v1\backend\server.js:110:8
    at Layer.handleRequest (D:\photo\store_uiux_polished\v1\backend\node_modules\router\lib\layer.js:152:17)
    at trimPrefix (D:\photo\store_uiux_polished\v1\backend\node_modules\router\index.js:342:13)
    at D:\photo\store_uiux_polished\v1\backend\node_modules\router\index.js:297:9
    at processParams (D:\photo\store_uiux_polished\v1\backend\node_modules\router\index.js:582:12)
    at next (D:\photo\store_uiux_polished\v1\backend\node_modules\router\index.js:291:5)
    at SendStream.error (D:\photo\store_uiux_polished\v1\backend\node_modules\serve-static\index.js:120:7)
    at SendStream.emit (node:events:509:20)
    at SendStream.error (D:\photo\store_uiux_polished\v1\backend\node_modules\send\index.js:168:17)
    at SendStream.onStatError (D:\photo\store_uiux_polished\v1\backend\node_modules\send\index.js:315:12) 
09-09-2026 11:39:34 | ERROR | Error found | 404 | GET /files/1788430760414_Black_Denim_Jacket.jpg : Can't find /files/1788430760414_Black_Denim_Jacket.jpg on this server | user: guest 
Error: Can't find /files/1788430760414_Black_Denim_Jacket.jpg on this server
    at D:\photo\store_uiux_polished\v1\backend\server.js:110:8
    at Layer.handleRequest (D:\photo\store_uiux_polished\v1\backend\node_modules\router\lib\layer.js:152:17)
    at trimPrefix (D:\photo\store_uiux_polished\v1\backend\node_modules\router\index.js:342:13)
    at D:\photo\store_uiux_polished\v1\backend\node_modules\router\index.js:297:9
    at processParams (D:\photo\store_uiux_polished\v1\backend\node_modules\router\index.js:582:12)
    at next (D:\photo\store_uiux_polished\v1\backend\node_modules\router\index.js:291:5)
    at SendStream.error (D:\photo\store_uiux_polished\v1\backend\node_modules\serve-static\index.js:120:7)
    at SendStream.emit (node:events:509:20)
    at SendStream.error (D:\photo\store_uiux_polished\v1\backend\node_modules\send\index.js:168:17)
    at SendStream.onStatError (D:\photo\store_uiux_polished\v1\backend\node_modules\send\index.js:315:12) 
09-09-2026 11:39:34 | ERROR | Error found | 404 | GET /files/1788542750602_men-category.jpg : Can't find /files/1788542750602_men-category.jpg on this server | user: guest 
Error: Can't find /files/1788542750602_men-category.jpg on this server
    at D:\photo\store_uiux_polished\v1\backend\server.js:110:8
    at Layer.handleRequest (D:\photo\store_uiux_polished\v1\backend\node_modules\router\lib\layer.js:152:17)
    at trimPrefix (D:\photo\store_uiux_polished\v1\backend\node_modules\router\index.js:342:13)
    at D:\photo\store_uiux_polished\v1\backend\node_modules\router\index.js:297:9
    at processParams (D:\photo\store_uiux_polished\v1\backend\node_modules\router\index.js:582:12)
    at next (D:\photo\store_uiux_polished\v1\backend\node_modules\router\index.js:291:5)
    at SendStream.error (D:\photo\store_uiux_polished\v1\backend\node_modules\serve-static\index.js:120:7)
    at SendStream.emit (node:events:509:20)
    at SendStream.error (D:\photo\store_uiux_polished\v1\backend\node_modules\send\index.js:168:17)
    at SendStream.onStatError (D:\photo\store_uiux_polished\v1\backend\node_modules\send\index.js:315:12) 
09-09-2026 11:40:25 | ERROR | Error found | 404 | GET /files/1788430760414_Black_Denim_Jacket.jpg : Can't find /files/1788430760414_Black_Denim_Jacket.jpg on this server | user: guest 
Error: Can't find /files/1788430760414_Black_Denim_Jacket.jpg on this server
    at D:\photo\store_uiux_polished\v1\backend\server.js:110:8
    at Layer.handleRequest (D:\photo\store_uiux_polished\v1\backend\node_modules\router\lib\layer.js:152:17)
    at trimPrefix (D:\photo\store_uiux_polished\v1\backend\node_modules\router\index.js:342:13)
    at D:\photo\store_uiux_polished\v1\backend\node_modules\router\index.js:297:9
    at processParams (D:\photo\store_uiux_polished\v1\backend\node_modules\router\index.js:582:12)
    at next (D:\photo\store_uiux_polished\v1\backend\node_modules\router\index.js:291:5)
    at SendStream.error (D:\photo\store_uiux_polished\v1\backend\node_modules\serve-static\index.js:120:7)
    at SendStream.emit (node:events:509:20)
    at SendStream.error (D:\photo\store_uiux_polished\v1\backend\node_modules\send\index.js:168:17)
    at SendStream.onStatError (D:\photo\store_uiux_polished\v1\backend\node_modules\send\index.js:315:12) 
09-09-2026 11:40:25 | ERROR | Error found | 404 | GET /files/1788542750602_men-category.jpg : Can't find /files/1788542750602_men-category.jpg on this server | user: guest 
Error: Can't find /files/1788542750602_men-category.jpg on this server
    at D:\photo\store_uiux_polished\v1\backend\server.js:110:8
    at Layer.handleRequest (D:\photo\store_uiux_polished\v1\backend\node_modules\router\lib\layer.js:152:17)
    at trimPrefix (D:\photo\store_uiux_polished\v1\backend\node_modules\router\index.js:342:13)
    at D:\photo\store_uiux_polished\v1\backend\node_modules\router\index.js:297:9
    at processParams (D:\photo\store_uiux_polished\v1\backend\node_modules\router\index.js:582:12)
    at next (D:\photo\store_uiux_polished\v1\backend\node_modules\router\index.js:291:5)
    at SendStream.error (D:\photo\store_uiux_polished\v1\backend\node_modules\serve-static\index.js:120:7)
    at SendStream.emit (node:events:509:20)
    at SendStream.error (D:\photo\store_uiux_polished\v1\backend\node_modules\send\index.js:168:17)
    at SendStream.onStatError (D:\photo\store_uiux_polished\v1\backend\node_modules\send\index.js:315:12) 
09-09-2026 11:40:43 | ERROR | Error found | 404 | GET /files/1788430760414_Black_Denim_Jacket.jpg : Can't find /files/1788430760414_Black_Denim_Jacket.jpg on this server | user: guest 
Error: Can't find /files/1788430760414_Black_Denim_Jacket.jpg on this server
    at D:\photo\store_uiux_polished\v1\backend\server.js:110:8
    at Layer.handleRequest (D:\photo\store_uiux_polished\v1\backend\node_modules\router\lib\layer.js:152:17)
    at trimPrefix (D:\photo\store_uiux_polished\v1\backend\node_modules\router\index.js:342:13)
    at D:\photo\store_uiux_polished\v1\backend\node_modules\router\index.js:297:9
    at processParams (D:\photo\store_uiux_polished\v1\backend\node_modules\router\index.js:582:12)
    at next (D:\photo\store_uiux_polished\v1\backend\node_modules\router\index.js:291:5)
    at SendStream.error (D:\photo\store_uiux_polished\v1\backend\node_modules\serve-static\index.js:120:7)
    at SendStream.emit (node:events:509:20)
    at SendStream.error (D:\photo\store_uiux_polished\v1\backend\node_modules\send\index.js:168:17)
    at SendStream.onStatError (D:\photo\store_uiux_polished\v1\backend\node_modules\send\index.js:315:12) 
09-09-2026 11:40:43 | ERROR | Error found | 404 | GET /files/1788542750602_men-category.jpg : Can't find /files/1788542750602_men-category.jpg on this server | user: guest 
Error: Can't find /files/1788542750602_men-category.jpg on this server
    at D:\photo\store_uiux_polished\v1\backend\server.js:110:8
    at Layer.handleRequest (D:\photo\store_uiux_polished\v1\backend\node_modules\router\lib\layer.js:152:17)
    at trimPrefix (D:\photo\store_uiux_polished\v1\backend\node_modules\router\index.js:342:13)
    at D:\photo\store_uiux_polished\v1\backend\node_modules\router\index.js:297:9
    at processParams (D:\photo\store_uiux_polished\v1\backend\node_modules\router\index.js:582:12)
    at next (D:\photo\store_uiux_polished\v1\backend\node_modules\router\index.js:291:5)
    at SendStream.error (D:\photo\store_uiux_polished\v1\backend\node_modules\serve-static\index.js:120:7)
    at SendStream.emit (node:events:509:20)
    at SendStream.error (D:\photo\store_uiux_polished\v1\backend\node_modules\send\index.js:168:17)
    at SendStream.onStatError (D:\photo\store_uiux_polished\v1\backend\node_modules\send\index.js:315:12) 
09-09-2026 11:40:46 | ERROR | Error found | 404 | GET /files/1788430760414_Black_Denim_Jacket.jpg : Can't find /files/1788430760414_Black_Denim_Jacket.jpg on this server | user: guest 
Error: Can't find /files/1788430760414_Black_Denim_Jacket.jpg on this server
    at D:\photo\store_uiux_polished\v1\backend\server.js:110:8
    at Layer.handleRequest (D:\photo\store_uiux_polished\v1\backend\node_modules\router\lib\layer.js:152:17)
    at trimPrefix (D:\photo\store_uiux_polished\v1\backend\node_modules\router\index.js:342:13)
    at D:\photo\store_uiux_polished\v1\backend\node_modules\router\index.js:297:9
    at processParams (D:\photo\store_uiux_polished\v1\backend\node_modules\router\index.js:582:12)
    at next (D:\photo\store_uiux_polished\v1\backend\node_modules\router\index.js:291:5)
    at SendStream.error (D:\photo\store_uiux_polished\v1\backend\node_modules\serve-static\index.js:120:7)
    at SendStream.emit (node:events:509:20)
    at SendStream.error (D:\photo\store_uiux_polished\v1\backend\node_modules\send\index.js:168:17)
    at SendStream.onStatError (D:\photo\store_uiux_polished\v1\backend\node_modules\send\index.js:315:12) 
09-09-2026 11:40:46 | ERROR | Error found | 404 | GET /files/1788542750602_men-category.jpg : Can't find /files/1788542750602_men-category.jpg on this server | user: guest 
Error: Can't find /files/1788542750602_men-category.jpg on this server
    at D:\photo\store_uiux_polished\v1\backend\server.js:110:8
    at Layer.handleRequest (D:\photo\store_uiux_polished\v1\backend\node_modules\router\lib\layer.js:152:17)
    at trimPrefix (D:\photo\store_uiux_polished\v1\backend\node_modules\router\index.js:342:13)
    at D:\photo\store_uiux_polished\v1\backend\node_modules\router\index.js:297:9
    at processParams (D:\photo\store_uiux_polished\v1\backend\node_modules\router\index.js:582:12)
    at next (D:\photo\store_uiux_polished\v1\backend\node_modules\router\index.js:291:5)
    at SendStream.error (D:\photo\store_uiux_polished\v1\backend\node_modules\serve-static\index.js:120:7)
    at SendStream.emit (node:events:509:20)
    at SendStream.error (D:\photo\store_uiux_polished\v1\backend\node_modules\send\index.js:168:17)
    at SendStream.onStatError (D:\photo\store_uiux_polished\v1\backend\node_modules\send\index.js:315:12) 
09-09-2026 11:40:54 | ERROR | Error found | 404 | GET /files/1788430760414_Black_Denim_Jacket.jpg : Can't find /files/1788430760414_Black_Denim_Jacket.jpg on this server | user: guest 
Error: Can't find /files/1788430760414_Black_Denim_Jacket.jpg on this server
    at D:\photo\store_uiux_polished\v1\backend\server.js:110:8
    at Layer.handleRequest (D:\photo\store_uiux_polished\v1\backend\node_modules\router\lib\layer.js:152:17)
    at trimPrefix (D:\photo\store_uiux_polished\v1\backend\node_modules\router\index.js:342:13)
    at D:\photo\store_uiux_polished\v1\backend\node_modules\router\index.js:297:9
    at processParams (D:\photo\store_uiux_polished\v1\backend\node_modules\router\index.js:582:12)
    at next (D:\photo\store_uiux_polished\v1\backend\node_modules\router\index.js:291:5)
    at SendStream.error (D:\photo\store_uiux_polished\v1\backend\node_modules\serve-static\index.js:120:7)
    at SendStream.emit (node:events:509:20)
    at SendStream.error (D:\photo\store_uiux_polished\v1\backend\node_modules\send\index.js:168:17)
    at SendStream.onStatError (D:\photo\store_uiux_polished\v1\backend\node_modules\send\index.js:315:12) 
09-09-2026 11:40:54 | ERROR | Error found | 404 | GET /files/1788542750602_men-category.jpg : Can't find /files/1788542750602_men-category.jpg on this server | user: guest 
Error: Can't find /files/1788542750602_men-category.jpg on this server
    at D:\photo\store_uiux_polished\v1\backend\server.js:110:8
    at Layer.handleRequest (D:\photo\store_uiux_polished\v1\backend\node_modules\router\lib\layer.js:152:17)
    at trimPrefix (D:\photo\store_uiux_polished\v1\backend\node_modules\router\index.js:342:13)
    at D:\photo\store_uiux_polished\v1\backend\node_modules\router\index.js:297:9
    at processParams (D:\photo\store_uiux_polished\v1\backend\node_modules\router\index.js:582:12)
    at next (D:\photo\store_uiux_polished\v1\backend\node_modules\router\index.js:291:5)
    at SendStream.error (D:\photo\store_uiux_polished\v1\backend\node_modules\serve-static\index.js:120:7)
    at SendStream.emit (node:events:509:20)
    at SendStream.error (D:\photo\store_uiux_polished\v1\backend\node_modules\send\index.js:168:17)
    at SendStream.onStatError (D:\photo\store_uiux_polished\v1\backend\node_modules\send\index.js:315:12) 
09-09-2026 11:41:00 | ERROR | Error found | 404 | GET /files/1788430760414_Black_Denim_Jacket.jpg : Can't find /files/1788430760414_Black_Denim_Jacket.jpg on this server | user: guest 
Error: Can't find /files/1788430760414_Black_Denim_Jacket.jpg on this server
    at D:\photo\store_uiux_polished\v1\backend\server.js:110:8
    at Layer.handleRequest (D:\photo\store_uiux_polished\v1\backend\node_modules\router\lib\layer.js:152:17)
    at trimPrefix (D:\photo\store_uiux_polished\v1\backend\node_modules\router\index.js:342:13)
    at D:\photo\store_uiux_polished\v1\backend\node_modules\router\index.js:297:9
    at processParams (D:\photo\store_uiux_polished\v1\backend\node_modules\router\index.js:582:12)
    at next (D:\photo\store_uiux_polished\v1\backend\node_modules\router\index.js:291:5)
    at SendStream.error (D:\photo\store_uiux_polished\v1\backend\node_modules\serve-static\index.js:120:7)
    at SendStream.emit (node:events:509:20)
    at SendStream.error (D:\photo\store_uiux_polished\v1\backend\node_modules\send\index.js:168:17)
    at SendStream.onStatError (D:\photo\store_uiux_polished\v1\backend\node_modules\send\index.js:315:12) 
09-09-2026 11:41:00 | ERROR | Error found | 404 | GET /files/1788542750602_men-category.jpg : Can't find /files/1788542750602_men-category.jpg on this server | user: guest 
Error: Can't find /files/1788542750602_men-category.jpg on this server
    at D:\photo\store_uiux_polished\v1\backend\server.js:110:8
    at Layer.handleRequest (D:\photo\store_uiux_polished\v1\backend\node_modules\router\lib\layer.js:152:17)
    at trimPrefix (D:\photo\store_uiux_polished\v1\backend\node_modules\router\index.js:342:13)
    at D:\photo\store_uiux_polished\v1\backend\node_modules\router\index.js:297:9
    at processParams (D:\photo\store_uiux_polished\v1\backend\node_modules\router\index.js:582:12)
    at next (D:\photo\store_uiux_polished\v1\backend\node_modules\router\index.js:291:5)
    at SendStream.error (D:\photo\store_uiux_polished\v1\backend\node_modules\serve-static\index.js:120:7)
    at SendStream.emit (node:events:509:20)
    at SendStream.error (D:\photo\store_uiux_polished\v1\backend\node_modules\send\index.js:168:17)
    at SendStream.onStatError (D:\photo\store_uiux_polished\v1\backend\node_modules\send\index.js:315:12) 
09-09-2026 11:41:04 | ERROR | Error found | 404 | GET /files/1788430760414_Black_Denim_Jacket.jpg : Can't find /files/1788430760414_Black_Denim_Jacket.jpg on this server | user: guest 
Error: Can't find /files/1788430760414_Black_Denim_Jacket.jpg on this server
    at D:\photo\store_uiux_polished\v1\backend\server.js:110:8
    at Layer.handleRequest (D:\photo\store_uiux_polished\v1\backend\node_modules\router\lib\layer.js:152:17)
    at trimPrefix (D:\photo\store_uiux_polished\v1\backend\node_modules\router\index.js:342:13)
    at D:\photo\store_uiux_polished\v1\backend\node_modules\router\index.js:297:9
    at processParams (D:\photo\store_uiux_polished\v1\backend\node_modules\router\index.js:582:12)
    at next (D:\photo\store_uiux_polished\v1\backend\node_modules\router\index.js:291:5)
    at SendStream.error (D:\photo\store_uiux_polished\v1\backend\node_modules\serve-static\index.js:120:7)
    at SendStream.emit (node:events:509:20)
    at SendStream.error (D:\photo\store_uiux_polished\v1\backend\node_modules\send\index.js:168:17)
    at SendStream.onStatError (D:\photo\store_uiux_polished\v1\backend\node_modules\send\index.js:315:12) 
09-09-2026 11:41:04 | ERROR | Error found | 404 | GET /files/1788542750602_men-category.jpg : Can't find /files/1788542750602_men-category.jpg on this server | user: guest 
Error: Can't find /files/1788542750602_men-category.jpg on this server
    at D:\photo\store_uiux_polished\v1\backend\server.js:110:8
    at Layer.handleRequest (D:\photo\store_uiux_polished\v1\backend\node_modules\router\lib\layer.js:152:17)
    at trimPrefix (D:\photo\store_uiux_polished\v1\backend\node_modules\router\index.js:342:13)
    at D:\photo\store_uiux_polished\v1\backend\node_modules\router\index.js:297:9
    at processParams (D:\photo\store_uiux_polished\v1\backend\node_modules\router\index.js:582:12)
    at next (D:\photo\store_uiux_polished\v1\backend\node_modules\router\index.js:291:5)
    at SendStream.error (D:\photo\store_uiux_polished\v1\backend\node_modules\serve-static\index.js:120:7)
    at SendStream.emit (node:events:509:20)
    at SendStream.error (D:\photo\store_uiux_polished\v1\backend\node_modules\send\index.js:168:17)
    at SendStream.onStatError (D:\photo\store_uiux_polished\v1\backend\node_modules\send\index.js:315:12) 
09-09-2026 11:41:10 | ERROR | Error found | 404 | GET /files/1788430760414_Black_Denim_Jacket.jpg : Can't find /files/1788430760414_Black_Denim_Jacket.jpg on this server | user: guest 
Error: Can't find /files/1788430760414_Black_Denim_Jacket.jpg on this server
    at D:\photo\store_uiux_polished\v1\backend\server.js:110:8
    at Layer.handleRequest (D:\photo\store_uiux_polished\v1\backend\node_modules\router\lib\layer.js:152:17)
    at trimPrefix (D:\photo\store_uiux_polished\v1\backend\node_modules\router\index.js:342:13)
    at D:\photo\store_uiux_polished\v1\backend\node_modules\router\index.js:297:9
    at processParams (D:\photo\store_uiux_polished\v1\backend\node_modules\router\index.js:582:12)
    at next (D:\photo\store_uiux_polished\v1\backend\node_modules\router\index.js:291:5)
    at SendStream.error (D:\photo\store_uiux_polished\v1\backend\node_modules\serve-static\index.js:120:7)
    at SendStream.emit (node:events:509:20)
    at SendStream.error (D:\photo\store_uiux_polished\v1\backend\node_modules\send\index.js:168:17)
    at SendStream.onStatError (D:\photo\store_uiux_polished\v1\backend\node_modules\send\index.js:315:12) 
09-09-2026 11:41:10 | ERROR | Error found | 404 | GET /files/1788542750602_men-category.jpg : Can't find /files/1788542750602_men-category.jpg on this server | user: guest 
Error: Can't find /files/1788542750602_men-category.jpg on this server
    at D:\photo\store_uiux_polished\v1\backend\server.js:110:8
    at Layer.handleRequest (D:\photo\store_uiux_polished\v1\backend\node_modules\router\lib\layer.js:152:17)
    at trimPrefix (D:\photo\store_uiux_polished\v1\backend\node_modules\router\index.js:342:13)
    at D:\photo\store_uiux_polished\v1\backend\node_modules\router\index.js:297:9
    at processParams (D:\photo\store_uiux_polished\v1\backend\node_modules\router\index.js:582:12)
    at next (D:\photo\store_uiux_polished\v1\backend\node_modules\router\index.js:291:5)
    at SendStream.error (D:\photo\store_uiux_polished\v1\backend\node_modules\serve-static\index.js:120:7)
    at SendStream.emit (node:events:509:20)
    at SendStream.error (D:\photo\store_uiux_polished\v1\backend\node_modules\send\index.js:168:17)
    at SendStream.onStatError (D:\photo\store_uiux_polished\v1\backend\node_modules\send\index.js:315:12) 
09-09-2026 11:41:14 | ERROR | Error found | 404 | GET /files/1788430760414_Black_Denim_Jacket.jpg : Can't find /files/1788430760414_Black_Denim_Jacket.jpg on this server | user: guest 
Error: Can't find /files/1788430760414_Black_Denim_Jacket.jpg on this server
    at D:\photo\store_uiux_polished\v1\backend\server.js:110:8
    at Layer.handleRequest (D:\photo\store_uiux_polished\v1\backend\node_modules\router\lib\layer.js:152:17)
    at trimPrefix (D:\photo\store_uiux_polished\v1\backend\node_modules\router\index.js:342:13)
    at D:\photo\store_uiux_polished\v1\backend\node_modules\router\index.js:297:9
    at processParams (D:\photo\store_uiux_polished\v1\backend\node_modules\router\index.js:582:12)
    at next (D:\photo\store_uiux_polished\v1\backend\node_modules\router\index.js:291:5)
    at SendStream.error (D:\photo\store_uiux_polished\v1\backend\node_modules\serve-static\index.js:120:7)
    at SendStream.emit (node:events:509:20)
    at SendStream.error (D:\photo\store_uiux_polished\v1\backend\node_modules\send\index.js:168:17)
    at SendStream.onStatError (D:\photo\store_uiux_polished\v1\backend\node_modules\send\index.js:315:12) 
09-09-2026 11:41:14 | ERROR | Error found | 404 | GET /files/1788542750602_men-category.jpg : Can't find /files/1788542750602_men-category.jpg on this server | user: guest 
Error: Can't find /files/1788542750602_men-category.jpg on this server
    at D:\photo\store_uiux_polished\v1\backend\server.js:110:8
    at Layer.handleRequest (D:\photo\store_uiux_polished\v1\backend\node_modules\router\lib\layer.js:152:17)
    at trimPrefix (D:\photo\store_uiux_polished\v1\backend\node_modules\router\index.js:342:13)
    at D:\photo\store_uiux_polished\v1\backend\node_modules\router\index.js:297:9
    at processParams (D:\photo\store_uiux_polished\v1\backend\node_modules\router\index.js:582:12)
    at next (D:\photo\store_uiux_polished\v1\backend\node_modules\router\index.js:291:5)
    at SendStream.error (D:\photo\store_uiux_polished\v1\backend\node_modules\serve-static\index.js:120:7)
    at SendStream.emit (node:events:509:20)
    at SendStream.error (D:\photo\store_uiux_polished\v1\backend\node_modules\send\index.js:168:17)
    at SendStream.onStatError (D:\photo\store_uiux_polished\v1\backend\node_modules\send\index.js:315:12) 
09-09-2026 11:41:24 | ERROR | Error found | 404 | GET /files/1788430760414_Black_Denim_Jacket.jpg : Can't find /files/1788430760414_Black_Denim_Jacket.jpg on this server | user: guest 
Error: Can't find /files/1788430760414_Black_Denim_Jacket.jpg on this server
    at D:\photo\store_uiux_polished\v1\backend\server.js:110:8
    at Layer.handleRequest (D:\photo\store_uiux_polished\v1\backend\node_modules\router\lib\layer.js:152:17)
    at trimPrefix (D:\photo\store_uiux_polished\v1\backend\node_modules\router\index.js:342:13)
    at D:\photo\store_uiux_polished\v1\backend\node_modules\router\index.js:297:9
    at processParams (D:\photo\store_uiux_polished\v1\backend\node_modules\router\index.js:582:12)
    at next (D:\photo\store_uiux_polished\v1\backend\node_modules\router\index.js:291:5)
    at SendStream.error (D:\photo\store_uiux_polished\v1\backend\node_modules\serve-static\index.js:120:7)
    at SendStream.emit (node:events:509:20)
    at SendStream.error (D:\photo\store_uiux_polished\v1\backend\node_modules\send\index.js:168:17)
    at SendStream.onStatError (D:\photo\store_uiux_polished\v1\backend\node_modules\send\index.js:315:12) 
09-09-2026 11:41:24 | ERROR | Error found | 404 | GET /files/1788542750602_men-category.jpg : Can't find /files/1788542750602_men-category.jpg on this server | user: guest 
Error: Can't find /files/1788542750602_men-category.jpg on this server
    at D:\photo\store_uiux_polished\v1\backend\server.js:110:8
    at Layer.handleRequest (D:\photo\store_uiux_polished\v1\backend\node_modules\router\lib\layer.js:152:17)
    at trimPrefix (D:\photo\store_uiux_polished\v1\backend\node_modules\router\index.js:342:13)
    at D:\photo\store_uiux_polished\v1\backend\node_modules\router\index.js:297:9
    at processParams (D:\photo\store_uiux_polished\v1\backend\node_modules\router\index.js:582:12)
    at next (D:\photo\store_uiux_polished\v1\backend\node_modules\router\index.js:291:5)
    at SendStream.error (D:\photo\store_uiux_polished\v1\backend\node_modules\serve-static\index.js:120:7)
    at SendStream.emit (node:events:509:20)
    at SendStream.error (D:\photo\store_uiux_polished\v1\backend\node_modules\send\index.js:168:17)
    at SendStream.onStatError (D:\photo\store_uiux_polished\v1\backend\node_modules\send\index.js:315:12) 
09-09-2026 12:01:49 | ERROR | Error found | 404 | GET /files/1788430760414_Black_Denim_Jacket.jpg : Can't find /files/1788430760414_Black_Denim_Jacket.jpg on this server | user: guest 
Error: Can't find /files/1788430760414_Black_Denim_Jacket.jpg on this server
    at D:\photo\store_uiux_polished\v1\backend\server.js:110:8
    at Layer.handleRequest (D:\photo\store_uiux_polished\v1\backend\node_modules\router\lib\layer.js:152:17)
    at trimPrefix (D:\photo\store_uiux_polished\v1\backend\node_modules\router\index.js:342:13)
    at D:\photo\store_uiux_polished\v1\backend\node_modules\router\index.js:297:9
    at processParams (D:\photo\store_uiux_polished\v1\backend\node_modules\router\index.js:582:12)
    at next (D:\photo\store_uiux_polished\v1\backend\node_modules\router\index.js:291:5)
    at SendStream.error (D:\photo\store_uiux_polished\v1\backend\node_modules\serve-static\index.js:120:7)
    at SendStream.emit (node:events:509:20)
    at SendStream.error (D:\photo\store_uiux_polished\v1\backend\node_modules\send\index.js:168:17)
    at SendStream.onStatError (D:\photo\store_uiux_polished\v1\backend\node_modules\send\index.js:315:12) 
09-09-2026 12:01:49 | ERROR | Error found | 404 | GET /files/1788542750602_men-category.jpg : Can't find /files/1788542750602_men-category.jpg on this server | user: guest 
Error: Can't find /files/1788542750602_men-category.jpg on this server
    at D:\photo\store_uiux_polished\v1\backend\server.js:110:8
    at Layer.handleRequest (D:\photo\store_uiux_polished\v1\backend\node_modules\router\lib\layer.js:152:17)
    at trimPrefix (D:\photo\store_uiux_polished\v1\backend\node_modules\router\index.js:342:13)
    at D:\photo\store_uiux_polished\v1\backend\node_modules\router\index.js:297:9
    at processParams (D:\photo\store_uiux_polished\v1\backend\node_modules\router\index.js:582:12)
    at next (D:\photo\store_uiux_polished\v1\backend\node_modules\router\index.js:291:5)
    at SendStream.error (D:\photo\store_uiux_polished\v1\backend\node_modules\serve-static\index.js:120:7)
    at SendStream.emit (node:events:509:20)
    at SendStream.error (D:\photo\store_uiux_polished\v1\backend\node_modules\send\index.js:168:17)
    at SendStream.onStatError (D:\photo\store_uiux_polished\v1\backend\node_modules\send\index.js:315:12) 
09-09-2026 12:01:51 | ERROR | Error found | 404 | GET /files/1788430760414_Black_Denim_Jacket.jpg : Can't find /files/1788430760414_Black_Denim_Jacket.jpg on this server | user: guest 
Error: Can't find /files/1788430760414_Black_Denim_Jacket.jpg on this server
    at D:\photo\store_uiux_polished\v1\backend\server.js:110:8
    at Layer.handleRequest (D:\photo\store_uiux_polished\v1\backend\node_modules\router\lib\layer.js:152:17)
    at trimPrefix (D:\photo\store_uiux_polished\v1\backend\node_modules\router\index.js:342:13)
    at D:\photo\store_uiux_polished\v1\backend\node_modules\router\index.js:297:9
    at processParams (D:\photo\store_uiux_polished\v1\backend\node_modules\router\index.js:582:12)
    at next (D:\photo\store_uiux_polished\v1\backend\node_modules\router\index.js:291:5)
    at SendStream.error (D:\photo\store_uiux_polished\v1\backend\node_modules\serve-static\index.js:120:7)
    at SendStream.emit (node:events:509:20)
    at SendStream.error (D:\photo\store_uiux_polished\v1\backend\node_modules\send\index.js:168:17)
    at SendStream.onStatError (D:\photo\store_uiux_polished\v1\backend\node_modules\send\index.js:315:12) 
09-09-2026 12:02:39 | ERROR | Error found | 404 | GET /files/1788430760414_Black_Denim_Jacket.jpg : Can't find /files/1788430760414_Black_Denim_Jacket.jpg on this server | user: guest 
Error: Can't find /files/1788430760414_Black_Denim_Jacket.jpg on this server
    at D:\photo\store_uiux_polished\v1\backend\server.js:110:8
    at Layer.handleRequest (D:\photo\store_uiux_polished\v1\backend\node_modules\router\lib\layer.js:152:17)
    at trimPrefix (D:\photo\store_uiux_polished\v1\backend\node_modules\router\index.js:342:13)
    at D:\photo\store_uiux_polished\v1\backend\node_modules\router\index.js:297:9
    at processParams (D:\photo\store_uiux_polished\v1\backend\node_modules\router\index.js:582:12)
    at next (D:\photo\store_uiux_polished\v1\backend\node_modules\router\index.js:291:5)
    at SendStream.error (D:\photo\store_uiux_polished\v1\backend\node_modules\serve-static\index.js:120:7)
    at SendStream.emit (node:events:509:20)
    at SendStream.error (D:\photo\store_uiux_polished\v1\backend\node_modules\send\index.js:168:17)
    at SendStream.onStatError (D:\photo\store_uiux_polished\v1\backend\node_modules\send\index.js:315:12) 
09-09-2026 12:02:39 | ERROR | Error found | 404 | GET /files/1788542750602_men-category.jpg : Can't find /files/1788542750602_men-category.jpg on this server | user: guest 
Error: Can't find /files/1788542750602_men-category.jpg on this server
    at D:\photo\store_uiux_polished\v1\backend\server.js:110:8
    at Layer.handleRequest (D:\photo\store_uiux_polished\v1\backend\node_modules\router\lib\layer.js:152:17)
    at trimPrefix (D:\photo\store_uiux_polished\v1\backend\node_modules\router\index.js:342:13)
    at D:\photo\store_uiux_polished\v1\backend\node_modules\router\index.js:297:9
    at processParams (D:\photo\store_uiux_polished\v1\backend\node_modules\router\index.js:582:12)
    at next (D:\photo\store_uiux_polished\v1\backend\node_modules\router\index.js:291:5)
    at SendStream.error (D:\photo\store_uiux_polished\v1\backend\node_modules\serve-static\index.js:120:7)
    at SendStream.emit (node:events:509:20)
    at SendStream.error (D:\photo\store_uiux_polished\v1\backend\node_modules\send\index.js:168:17)
    at SendStream.onStatError (D:\photo\store_uiux_polished\v1\backend\node_modules\send\index.js:315:12) 
09-09-2026 12:03:41 | INFO | Product created: شيميز by admin Abdelrhman  
09-09-2026 12:03:41 | ERROR | Error found | 404 | GET /files/1788430760414_Black_Denim_Jacket.jpg : Can't find /files/1788430760414_Black_Denim_Jacket.jpg on this server | user: guest 
Error: Can't find /files/1788430760414_Black_Denim_Jacket.jpg on this server
    at D:\photo\store_uiux_polished\v1\backend\server.js:110:8
    at Layer.handleRequest (D:\photo\store_uiux_polished\v1\backend\node_modules\router\lib\layer.js:152:17)
    at trimPrefix (D:\photo\store_uiux_polished\v1\backend\node_modules\router\index.js:342:13)
    at D:\photo\store_uiux_polished\v1\backend\node_modules\router\index.js:297:9
    at processParams (D:\photo\store_uiux_polished\v1\backend\node_modules\router\index.js:582:12)
    at next (D:\photo\store_uiux_polished\v1\backend\node_modules\router\index.js:291:5)
    at SendStream.error (D:\photo\store_uiux_polished\v1\backend\node_modules\serve-static\index.js:120:7)
    at SendStream.emit (node:events:509:20)
    at SendStream.error (D:\photo\store_uiux_polished\v1\backend\node_modules\send\index.js:168:17)
    at SendStream.onStatError (D:\photo\store_uiux_polished\v1\backend\node_modules\send\index.js:315:12) 
09-09-2026 12:03:41 | ERROR | Error found | 404 | GET /files/1788542750602_men-category.jpg : Can't find /files/1788542750602_men-category.jpg on this server | user: guest 
Error: Can't find /files/1788542750602_men-category.jpg on this server
    at D:\photo\store_uiux_polished\v1\backend\server.js:110:8
    at Layer.handleRequest (D:\photo\store_uiux_polished\v1\backend\node_modules\router\lib\layer.js:152:17)
    at trimPrefix (D:\photo\store_uiux_polished\v1\backend\node_modules\router\index.js:342:13)
    at D:\photo\store_uiux_polished\v1\backend\node_modules\router\index.js:297:9
    at processParams (D:\photo\store_uiux_polished\v1\backend\node_modules\router\index.js:582:12)
    at next (D:\photo\store_uiux_polished\v1\backend\node_modules\router\index.js:291:5)
    at SendStream.error (D:\photo\store_uiux_polished\v1\backend\node_modules\serve-static\index.js:120:7)
    at SendStream.emit (node:events:509:20)
    at SendStream.error (D:\photo\store_uiux_polished\v1\backend\node_modules\send\index.js:168:17)
    at SendStream.onStatError (D:\photo\store_uiux_polished\v1\backend\node_modules\send\index.js:315:12) 
09-09-2026 12:03:47 | ERROR | Error found | 404 | GET /files/1788542750602_men-category.jpg : Can't find /files/1788542750602_men-category.jpg on this server | user: guest 
Error: Can't find /files/1788542750602_men-category.jpg on this server
    at D:\photo\store_uiux_polished\v1\backend\server.js:110:8
    at Layer.handleRequest (D:\photo\store_uiux_polished\v1\backend\node_modules\router\lib\layer.js:152:17)
    at trimPrefix (D:\photo\store_uiux_polished\v1\backend\node_modules\router\index.js:342:13)
    at D:\photo\store_uiux_polished\v1\backend\node_modules\router\index.js:297:9
    at processParams (D:\photo\store_uiux_polished\v1\backend\node_modules\router\index.js:582:12)
    at next (D:\photo\store_uiux_polished\v1\backend\node_modules\router\index.js:291:5)
    at SendStream.error (D:\photo\store_uiux_polished\v1\backend\node_modules\serve-static\index.js:120:7)
    at SendStream.emit (node:events:509:20)
    at SendStream.error (D:\photo\store_uiux_polished\v1\backend\node_modules\send\index.js:168:17)
    at SendStream.onStatError (D:\photo\store_uiux_polished\v1\backend\node_modules\send\index.js:315:12) 
09-09-2026 12:03:47 | ERROR | Error found | 404 | GET /files/1788430760414_Black_Denim_Jacket.jpg : Can't find /files/1788430760414_Black_Denim_Jacket.jpg on this server | user: guest 
Error: Can't find /files/1788430760414_Black_Denim_Jacket.jpg on this server
    at D:\photo\store_uiux_polished\v1\backend\server.js:110:8
    at Layer.handleRequest (D:\photo\store_uiux_polished\v1\backend\node_modules\router\lib\layer.js:152:17)
    at trimPrefix (D:\photo\store_uiux_polished\v1\backend\node_modules\router\index.js:342:13)
    at D:\photo\store_uiux_polished\v1\backend\node_modules\router\index.js:297:9
    at processParams (D:\photo\store_uiux_polished\v1\backend\node_modules\router\index.js:582:12)
    at next (D:\photo\store_uiux_polished\v1\backend\node_modules\router\index.js:291:5)
    at SendStream.error (D:\photo\store_uiux_polished\v1\backend\node_modules\serve-static\index.js:120:7)
    at SendStream.emit (node:events:509:20)
    at SendStream.error (D:\photo\store_uiux_polished\v1\backend\node_modules\send\index.js:168:17)
    at SendStream.onStatError (D:\photo\store_uiux_polished\v1\backend\node_modules\send\index.js:315:12) 
09-09-2026 12:04:24 | ERROR | Error found | 404 | GET /files/1788430760414_Black_Denim_Jacket.jpg : Can't find /files/1788430760414_Black_Denim_Jacket.jpg on this server | user: guest 
Error: Can't find /files/1788430760414_Black_Denim_Jacket.jpg on this server
    at D:\photo\store_uiux_polished\v1\backend\server.js:110:8
    at Layer.handleRequest (D:\photo\store_uiux_polished\v1\backend\node_modules\router\lib\layer.js:152:17)
    at trimPrefix (D:\photo\store_uiux_polished\v1\backend\node_modules\router\index.js:342:13)
    at D:\photo\store_uiux_polished\v1\backend\node_modules\router\index.js:297:9
    at processParams (D:\photo\store_uiux_polished\v1\backend\node_modules\router\index.js:582:12)
    at next (D:\photo\store_uiux_polished\v1\backend\node_modules\router\index.js:291:5)
    at SendStream.error (D:\photo\store_uiux_polished\v1\backend\node_modules\serve-static\index.js:120:7)
    at SendStream.emit (node:events:509:20)
    at SendStream.error (D:\photo\store_uiux_polished\v1\backend\node_modules\send\index.js:168:17)
    at SendStream.onStatError (D:\photo\store_uiux_polished\v1\backend\node_modules\send\index.js:315:12) 
09-09-2026 12:04:24 | ERROR | Error found | 404 | GET /files/1788542750602_men-category.jpg : Can't find /files/1788542750602_men-category.jpg on this server | user: guest 
Error: Can't find /files/1788542750602_men-category.jpg on this server
    at D:\photo\store_uiux_polished\v1\backend\server.js:110:8
    at Layer.handleRequest (D:\photo\store_uiux_polished\v1\backend\node_modules\router\lib\layer.js:152:17)
    at trimPrefix (D:\photo\store_uiux_polished\v1\backend\node_modules\router\index.js:342:13)
    at D:\photo\store_uiux_polished\v1\backend\node_modules\router\index.js:297:9
    at processParams (D:\photo\store_uiux_polished\v1\backend\node_modules\router\index.js:582:12)
    at next (D:\photo\store_uiux_polished\v1\backend\node_modules\router\index.js:291:5)
    at SendStream.error (D:\photo\store_uiux_polished\v1\backend\node_modules\serve-static\index.js:120:7)
    at SendStream.emit (node:events:509:20)
    at SendStream.error (D:\photo\store_uiux_polished\v1\backend\node_modules\send\index.js:168:17)
    at SendStream.onStatError (D:\photo\store_uiux_polished\v1\backend\node_modules\send\index.js:315:12) 
09-09-2026 12:04:24 | ERROR | Error found | 404 | GET /files/1788430760414_Black_Denim_Jacket.jpg : Can't find /files/1788430760414_Black_Denim_Jacket.jpg on this server | user: guest 
Error: Can't find /files/1788430760414_Black_Denim_Jacket.jpg on this server
    at D:\photo\store_uiux_polished\v1\backend\server.js:110:8
    at Layer.handleRequest (D:\photo\store_uiux_polished\v1\backend\node_modules\router\lib\layer.js:152:17)
    at trimPrefix (D:\photo\store_uiux_polished\v1\backend\node_modules\router\index.js:342:13)
    at D:\photo\store_uiux_polished\v1\backend\node_modules\router\index.js:297:9
    at processParams (D:\photo\store_uiux_polished\v1\backend\node_modules\router\index.js:582:12)
    at next (D:\photo\store_uiux_polished\v1\backend\node_modules\router\index.js:291:5)
    at SendStream.error (D:\photo\store_uiux_polished\v1\backend\node_modules\serve-static\index.js:120:7)
    at SendStream.emit (node:events:509:20)
    at SendStream.error (D:\photo\store_uiux_polished\v1\backend\node_modules\send\index.js:168:17)
    at SendStream.onStatError (D:\photo\store_uiux_polished\v1\backend\node_modules\send\index.js:315:12) 
09-09-2026 12:04:25 | ERROR | Error found | 404 | GET /files/1788430760414_Black_Denim_Jacket.jpg : Can't find /files/1788430760414_Black_Denim_Jacket.jpg on this server | user: guest 
Error: Can't find /files/1788430760414_Black_Denim_Jacket.jpg on this server
    at D:\photo\store_uiux_polished\v1\backend\server.js:110:8
    at Layer.handleRequest (D:\photo\store_uiux_polished\v1\backend\node_modules\router\lib\layer.js:152:17)
    at trimPrefix (D:\photo\store_uiux_polished\v1\backend\node_modules\router\index.js:342:13)
    at D:\photo\store_uiux_polished\v1\backend\node_modules\router\index.js:297:9
    at processParams (D:\photo\store_uiux_polished\v1\backend\node_modules\router\index.js:582:12)
    at next (D:\photo\store_uiux_polished\v1\backend\node_modules\router\index.js:291:5)
    at SendStream.error (D:\photo\store_uiux_polished\v1\backend\node_modules\serve-static\index.js:120:7)
    at SendStream.emit (node:events:509:20)
    at SendStream.error (D:\photo\store_uiux_polished\v1\backend\node_modules\send\index.js:168:17)
    at SendStream.onStatError (D:\photo\store_uiux_polished\v1\backend\node_modules\send\index.js:315:12) 
09-09-2026 12:04:25 | ERROR | Error found | 404 | GET /files/1788542750602_men-category.jpg : Can't find /files/1788542750602_men-category.jpg on this server | user: guest 
Error: Can't find /files/1788542750602_men-category.jpg on this server
    at D:\photo\store_uiux_polished\v1\backend\server.js:110:8
    at Layer.handleRequest (D:\photo\store_uiux_polished\v1\backend\node_modules\router\lib\layer.js:152:17)
    at trimPrefix (D:\photo\store_uiux_polished\v1\backend\node_modules\router\index.js:342:13)
    at D:\photo\store_uiux_polished\v1\backend\node_modules\router\index.js:297:9
    at processParams (D:\photo\store_uiux_polished\v1\backend\node_modules\router\index.js:582:12)
    at next (D:\photo\store_uiux_polished\v1\backend\node_modules\router\index.js:291:5)
    at SendStream.error (D:\photo\store_uiux_polished\v1\backend\node_modules\serve-static\index.js:120:7)
    at SendStream.emit (node:events:509:20)
    at SendStream.error (D:\photo\store_uiux_polished\v1\backend\node_modules\send\index.js:168:17)
    at SendStream.onStatError (D:\photo\store_uiux_polished\v1\backend\node_modules\send\index.js:315:12) 
09-09-2026 12:04:39 | INFO | Product updated: شيميز by admin Abdelrhman  
09-09-2026 12:04:40 | INFO | Product updated: شيميز by admin Abdelrhman  
09-09-2026 12:04:41 | INFO | Product updated: شيميز by admin Abdelrhman  
09-09-2026 12:04:42 | INFO | Product updated: abdelrhman essam by admin Abdelrhman  
09-09-2026 12:04:44 | INFO | Product updated: Black Denim Jacket by admin Abdelrhman  
09-09-2026 12:04:48 | ERROR | Error found | 404 | GET /files/1788430760414_Black_Denim_Jacket.jpg : Can't find /files/1788430760414_Black_Denim_Jacket.jpg on this server | user: guest 
Error: Can't find /files/1788430760414_Black_Denim_Jacket.jpg on this server
    at D:\photo\store_uiux_polished\v1\backend\server.js:110:8
    at Layer.handleRequest (D:\photo\store_uiux_polished\v1\backend\node_modules\router\lib\layer.js:152:17)
    at trimPrefix (D:\photo\store_uiux_polished\v1\backend\node_modules\router\index.js:342:13)
    at D:\photo\store_uiux_polished\v1\backend\node_modules\router\index.js:297:9
    at processParams (D:\photo\store_uiux_polished\v1\backend\node_modules\router\index.js:582:12)
    at next (D:\photo\store_uiux_polished\v1\backend\node_modules\router\index.js:291:5)
    at SendStream.error (D:\photo\store_uiux_polished\v1\backend\node_modules\serve-static\index.js:120:7)
    at SendStream.emit (node:events:509:20)
    at SendStream.error (D:\photo\store_uiux_polished\v1\backend\node_modules\send\index.js:168:17)
    at SendStream.onStatError (D:\photo\store_uiux_polished\v1\backend\node_modules\send\index.js:315:12) 
09-09-2026 12:04:48 | ERROR | Error found | 404 | GET /files/1788542750602_men-category.jpg : Can't find /files/1788542750602_men-category.jpg on this server | user: guest 
Error: Can't find /files/1788542750602_men-category.jpg on this server
    at D:\photo\store_uiux_polished\v1\backend\server.js:110:8
    at Layer.handleRequest (D:\photo\store_uiux_polished\v1\backend\node_modules\router\lib\layer.js:152:17)
    at trimPrefix (D:\photo\store_uiux_polished\v1\backend\node_modules\router\index.js:342:13)
    at D:\photo\store_uiux_polished\v1\backend\node_modules\router\index.js:297:9
    at processParams (D:\photo\store_uiux_polished\v1\backend\node_modules\router\index.js:582:12)
    at next (D:\photo\store_uiux_polished\v1\backend\node_modules\router\index.js:291:5)
    at SendStream.error (D:\photo\store_uiux_polished\v1\backend\node_modules\serve-static\index.js:120:7)
    at SendStream.emit (node:events:509:20)
    at SendStream.error (D:\photo\store_uiux_polished\v1\backend\node_modules\send\index.js:168:17)
    at SendStream.onStatError (D:\photo\store_uiux_polished\v1\backend\node_modules\send\index.js:315:12) 
09-09-2026 12:05:02 | INFO | Product updated: Black Denim Jacket by admin Abdelrhman  
09-09-2026 12:05:06 | ERROR | Error found | 404 | GET /files/1788430760414_Black_Denim_Jacket.jpg : Can't find /files/1788430760414_Black_Denim_Jacket.jpg on this server | user: guest 
Error: Can't find /files/1788430760414_Black_Denim_Jacket.jpg on this server
    at D:\photo\store_uiux_polished\v1\backend\server.js:110:8
    at Layer.handleRequest (D:\photo\store_uiux_polished\v1\backend\node_modules\router\lib\layer.js:152:17)
    at trimPrefix (D:\photo\store_uiux_polished\v1\backend\node_modules\router\index.js:342:13)
    at D:\photo\store_uiux_polished\v1\backend\node_modules\router\index.js:297:9
    at processParams (D:\photo\store_uiux_polished\v1\backend\node_modules\router\index.js:582:12)
    at next (D:\photo\store_uiux_polished\v1\backend\node_modules\router\index.js:291:5)
    at SendStream.error (D:\photo\store_uiux_polished\v1\backend\node_modules\serve-static\index.js:120:7)
    at SendStream.emit (node:events:509:20)
    at SendStream.error (D:\photo\store_uiux_polished\v1\backend\node_modules\send\index.js:168:17)
    at SendStream.onStatError (D:\photo\store_uiux_polished\v1\backend\node_modules\send\index.js:315:12) 
09-09-2026 12:05:06 | ERROR | Error found | 404 | GET /files/1788542750602_men-category.jpg : Can't find /files/1788542750602_men-category.jpg on this server | user: guest 
Error: Can't find /files/1788542750602_men-category.jpg on this server
    at D:\photo\store_uiux_polished\v1\backend\server.js:110:8
    at Layer.handleRequest (D:\photo\store_uiux_polished\v1\backend\node_modules\router\lib\layer.js:152:17)
    at trimPrefix (D:\photo\store_uiux_polished\v1\backend\node_modules\router\index.js:342:13)
    at D:\photo\store_uiux_polished\v1\backend\node_modules\router\index.js:297:9
    at processParams (D:\photo\store_uiux_polished\v1\backend\node_modules\router\index.js:582:12)
    at next (D:\photo\store_uiux_polished\v1\backend\node_modules\router\index.js:291:5)
    at SendStream.error (D:\photo\store_uiux_polished\v1\backend\node_modules\serve-static\index.js:120:7)
    at SendStream.emit (node:events:509:20)
    at SendStream.error (D:\photo\store_uiux_polished\v1\backend\node_modules\send\index.js:168:17)
    at SendStream.onStatError (D:\photo\store_uiux_polished\v1\backend\node_modules\send\index.js:315:12) 
09-09-2026 12:05:07 | ERROR | Error found | 404 | GET /files/1788430760414_Black_Denim_Jacket.jpg : Can't find /files/1788430760414_Black_Denim_Jacket.jpg on this server | user: guest 
Error: Can't find /files/1788430760414_Black_Denim_Jacket.jpg on this server
    at D:\photo\store_uiux_polished\v1\backend\server.js:110:8
    at Layer.handleRequest (D:\photo\store_uiux_polished\v1\backend\node_modules\router\lib\layer.js:152:17)
    at trimPrefix (D:\photo\store_uiux_polished\v1\backend\node_modules\router\index.js:342:13)
    at D:\photo\store_uiux_polished\v1\backend\node_modules\router\index.js:297:9
    at processParams (D:\photo\store_uiux_polished\v1\backend\node_modules\router\index.js:582:12)
    at next (D:\photo\store_uiux_polished\v1\backend\node_modules\router\index.js:291:5)
    at SendStream.error (D:\photo\store_uiux_polished\v1\backend\node_modules\serve-static\index.js:120:7)
    at SendStream.emit (node:events:509:20)
    at SendStream.error (D:\photo\store_uiux_polished\v1\backend\node_modules\send\index.js:168:17)
    at SendStream.onStatError (D:\photo\store_uiux_polished\v1\backend\node_modules\send\index.js:315:12) 
09-09-2026 12:05:07 | ERROR | Error found | 404 | GET /files/1788430760414_Black_Denim_Jacket.jpg : Can't find /files/1788430760414_Black_Denim_Jacket.jpg on this server | user: guest 
Error: Can't find /files/1788430760414_Black_Denim_Jacket.jpg on this server
    at D:\photo\store_uiux_polished\v1\backend\server.js:110:8
    at Layer.handleRequest (D:\photo\store_uiux_polished\v1\backend\node_modules\router\lib\layer.js:152:17)
    at trimPrefix (D:\photo\store_uiux_polished\v1\backend\node_modules\router\index.js:342:13)
    at D:\photo\store_uiux_polished\v1\backend\node_modules\router\index.js:297:9
    at processParams (D:\photo\store_uiux_polished\v1\backend\node_modules\router\index.js:582:12)
    at next (D:\photo\store_uiux_polished\v1\backend\node_modules\router\index.js:291:5)
    at SendStream.error (D:\photo\store_uiux_polished\v1\backend\node_modules\serve-static\index.js:120:7)
    at SendStream.emit (node:events:509:20)
    at SendStream.error (D:\photo\store_uiux_polished\v1\backend\node_modules\send\index.js:168:17)
    at SendStream.onStatError (D:\photo\store_uiux_polished\v1\backend\node_modules\send\index.js:315:12) 
09-09-2026 12:05:25 | INFO | Product updated: abdelrhman essam by admin Abdelrhman  
09-09-2026 12:05:27 | INFO | Product updated: Black Denim Jacket by admin Abdelrhman  
09-09-2026 12:05:30 | INFO | Product updated: Black Denim Jacket by admin Abdelrhman  
09-09-2026 12:05:32 | INFO | Product updated: abdelrhman essam by admin Abdelrhman  
09-09-2026 12:05:33 | INFO | Product updated: abdelrhman essam by admin Abdelrhman  
09-09-2026 12:05:34 | INFO | Product updated: abdelrhman essam by admin Abdelrhman  
09-09-2026 12:05:45 | ERROR | Error found | 404 | GET /files/1788542750602_men-category.jpg : Can't find /files/1788542750602_men-category.jpg on this server | user: guest 
Error: Can't find /files/1788542750602_men-category.jpg on this server
    at D:\photo\store_uiux_polished\v1\backend\server.js:110:8
    at Layer.handleRequest (D:\photo\store_uiux_polished\v1\backend\node_modules\router\lib\layer.js:152:17)
    at trimPrefix (D:\photo\store_uiux_polished\v1\backend\node_modules\router\index.js:342:13)
    at D:\photo\store_uiux_polished\v1\backend\node_modules\router\index.js:297:9
    at processParams (D:\photo\store_uiux_polished\v1\backend\node_modules\router\index.js:582:12)
    at next (D:\photo\store_uiux_polished\v1\backend\node_modules\router\index.js:291:5)
    at SendStream.error (D:\photo\store_uiux_polished\v1\backend\node_modules\serve-static\index.js:120:7)
    at SendStream.emit (node:events:509:20)
    at SendStream.error (D:\photo\store_uiux_polished\v1\backend\node_modules\send\index.js:168:17)
    at SendStream.onStatError (D:\photo\store_uiux_polished\v1\backend\node_modules\send\index.js:315:12) 
09-09-2026 12:05:45 | ERROR | Error found | 404 | GET /files/1788542750602_men-category.jpg : Can't find /files/1788542750602_men-category.jpg on this server | user: guest 
Error: Can't find /files/1788542750602_men-category.jpg on this server
    at D:\photo\store_uiux_polished\v1\backend\server.js:110:8
    at Layer.handleRequest (D:\photo\store_uiux_polished\v1\backend\node_modules\router\lib\layer.js:152:17)
    at trimPrefix (D:\photo\store_uiux_polished\v1\backend\node_modules\router\index.js:342:13)
    at D:\photo\store_uiux_polished\v1\backend\node_modules\router\index.js:297:9
    at processParams (D:\photo\store_uiux_polished\v1\backend\node_modules\router\index.js:582:12)
    at next (D:\photo\store_uiux_polished\v1\backend\node_modules\router\index.js:291:5)
    at SendStream.error (D:\photo\store_uiux_polished\v1\backend\node_modules\serve-static\index.js:120:7)
    at SendStream.emit (node:events:509:20)
    at SendStream.error (D:\photo\store_uiux_polished\v1\backend\node_modules\send\index.js:168:17)
    at SendStream.onStatError (D:\photo\store_uiux_polished\v1\backend\node_modules\send\index.js:315:12) 
09-09-2026 12:05:54 | ERROR | Error found | 404 | GET /files/1788430760414_Black_Denim_Jacket.jpg : Can't find /files/1788430760414_Black_Denim_Jacket.jpg on this server | user: guest 
Error: Can't find /files/1788430760414_Black_Denim_Jacket.jpg on this server
    at D:\photo\store_uiux_polished\v1\backend\server.js:110:8
    at Layer.handleRequest (D:\photo\store_uiux_polished\v1\backend\node_modules\router\lib\layer.js:152:17)
    at trimPrefix (D:\photo\store_uiux_polished\v1\backend\node_modules\router\index.js:342:13)
    at D:\photo\store_uiux_polished\v1\backend\node_modules\router\index.js:297:9
    at processParams (D:\photo\store_uiux_polished\v1\backend\node_modules\router\index.js:582:12)
    at next (D:\photo\store_uiux_polished\v1\backend\node_modules\router\index.js:291:5)
    at SendStream.error (D:\photo\store_uiux_polished\v1\backend\node_modules\serve-static\index.js:120:7)
    at SendStream.emit (node:events:509:20)
    at SendStream.error (D:\photo\store_uiux_polished\v1\backend\node_modules\send\index.js:168:17)
    at SendStream.onStatError (D:\photo\store_uiux_polished\v1\backend\node_modules\send\index.js:315:12) 
09-09-2026 12:06:18 | INFO | Product updated: Black Denim Jacket by admin Abdelrhman  
09-09-2026 12:06:18 | ERROR | Error found | 404 | GET /files/1788542750602_men-category.jpg : Can't find /files/1788542750602_men-category.jpg on this server | user: guest 
Error: Can't find /files/1788542750602_men-category.jpg on this server
    at D:\photo\store_uiux_polished\v1\backend\server.js:110:8
    at Layer.handleRequest (D:\photo\store_uiux_polished\v1\backend\node_modules\router\lib\layer.js:152:17)
    at trimPrefix (D:\photo\store_uiux_polished\v1\backend\node_modules\router\index.js:342:13)
    at D:\photo\store_uiux_polished\v1\backend\node_modules\router\index.js:297:9
    at processParams (D:\photo\store_uiux_polished\v1\backend\node_modules\router\index.js:582:12)
    at next (D:\photo\store_uiux_polished\v1\backend\node_modules\router\index.js:291:5)
    at SendStream.error (D:\photo\store_uiux_polished\v1\backend\node_modules\serve-static\index.js:120:7)
    at SendStream.emit (node:events:509:20)
    at SendStream.error (D:\photo\store_uiux_polished\v1\backend\node_modules\send\index.js:168:17)
    at SendStream.onStatError (D:\photo\store_uiux_polished\v1\backend\node_modules\send\index.js:315:12) 
09-09-2026 12:06:24 | ERROR | Error found | 404 | GET /files/1788542750602_men-category.jpg : Can't find /files/1788542750602_men-category.jpg on this server | user: guest 
Error: Can't find /files/1788542750602_men-category.jpg on this server
    at D:\photo\store_uiux_polished\v1\backend\server.js:110:8
    at Layer.handleRequest (D:\photo\store_uiux_polished\v1\backend\node_modules\router\lib\layer.js:152:17)
    at trimPrefix (D:\photo\store_uiux_polished\v1\backend\node_modules\router\index.js:342:13)
    at D:\photo\store_uiux_polished\v1\backend\node_modules\router\index.js:297:9
    at processParams (D:\photo\store_uiux_polished\v1\backend\node_modules\router\index.js:582:12)
    at next (D:\photo\store_uiux_polished\v1\backend\node_modules\router\index.js:291:5)
    at SendStream.error (D:\photo\store_uiux_polished\v1\backend\node_modules\serve-static\index.js:120:7)
    at SendStream.emit (node:events:509:20)
    at SendStream.error (D:\photo\store_uiux_polished\v1\backend\node_modules\send\index.js:168:17)
    at SendStream.onStatError (D:\photo\store_uiux_polished\v1\backend\node_modules\send\index.js:315:12) 
09-09-2026 12:06:24 | ERROR | Error found | 404 | GET /files/1788542750602_men-category.jpg : Can't find /files/1788542750602_men-category.jpg on this server | user: guest 
Error: Can't find /files/1788542750602_men-category.jpg on this server
    at D:\photo\store_uiux_polished\v1\backend\server.js:110:8
    at Layer.handleRequest (D:\photo\store_uiux_polished\v1\backend\node_modules\router\lib\layer.js:152:17)
    at trimPrefix (D:\photo\store_uiux_polished\v1\backend\node_modules\router\index.js:342:13)
    at D:\photo\store_uiux_polished\v1\backend\node_modules\router\index.js:297:9
    at processParams (D:\photo\store_uiux_polished\v1\backend\node_modules\router\index.js:582:12)
    at next (D:\photo\store_uiux_polished\v1\backend\node_modules\router\index.js:291:5)
    at SendStream.error (D:\photo\store_uiux_polished\v1\backend\node_modules\serve-static\index.js:120:7)
    at SendStream.emit (node:events:509:20)
    at SendStream.error (D:\photo\store_uiux_polished\v1\backend\node_modules\send\index.js:168:17)
    at SendStream.onStatError (D:\photo\store_uiux_polished\v1\backend\node_modules\send\index.js:315:12) 
09-09-2026 12:06:33 | INFO | Product updated: Black Denim Jacket by admin Abdelrhman  
09-09-2026 12:06:34 | INFO | Product updated: abdelrhman essam by admin Abdelrhman  
09-09-2026 12:09:13 | INFO | Product updated: Black Denim Jacket by admin Abdelrhman  
09-09-2026 12:09:13 | ERROR | Error found | 404 | GET /files/1788542750602_men-category.jpg : Can't find /files/1788542750602_men-category.jpg on this server | user: guest 
Error: Can't find /files/1788542750602_men-category.jpg on this server
    at D:\photo\store_uiux_polished\v1\backend\server.js:110:8
    at Layer.handleRequest (D:\photo\store_uiux_polished\v1\backend\node_modules\router\lib\layer.js:152:17)
    at trimPrefix (D:\photo\store_uiux_polished\v1\backend\node_modules\router\index.js:342:13)
    at D:\photo\store_uiux_polished\v1\backend\node_modules\router\index.js:297:9
    at processParams (D:\photo\store_uiux_polished\v1\backend\node_modules\router\index.js:582:12)
    at next (D:\photo\store_uiux_polished\v1\backend\node_modules\router\index.js:291:5)
    at SendStream.error (D:\photo\store_uiux_polished\v1\backend\node_modules\serve-static\index.js:120:7)
    at SendStream.emit (node:events:509:20)
    at SendStream.error (D:\photo\store_uiux_polished\v1\backend\node_modules\send\index.js:168:17)
    at SendStream.onStatError (D:\photo\store_uiux_polished\v1\backend\node_modules\send\index.js:315:12) 
09-09-2026 12:20:47 | ERROR | Error found | 404 | GET /files/1788542750602_men-category.jpg : Can't find /files/1788542750602_men-category.jpg on this server | user: guest 
Error: Can't find /files/1788542750602_men-category.jpg on this server
    at D:\photo\store_uiux_polished\v1\backend\server.js:110:8
    at Layer.handleRequest (D:\photo\store_uiux_polished\v1\backend\node_modules\router\lib\layer.js:152:17)
    at trimPrefix (D:\photo\store_uiux_polished\v1\backend\node_modules\router\index.js:342:13)
    at D:\photo\store_uiux_polished\v1\backend\node_modules\router\index.js:297:9
    at processParams (D:\photo\store_uiux_polished\v1\backend\node_modules\router\index.js:582:12)
    at next (D:\photo\store_uiux_polished\v1\backend\node_modules\router\index.js:291:5)
    at SendStream.error (D:\photo\store_uiux_polished\v1\backend\node_modules\serve-static\index.js:120:7)
    at SendStream.emit (node:events:509:20)
    at SendStream.error (D:\photo\store_uiux_polished\v1\backend\node_modules\send\index.js:168:17)
    at SendStream.onStatError (D:\photo\store_uiux_polished\v1\backend\node_modules\send\index.js:315:12) 
09-09-2026 12:33:11 | ERROR | Error found | 404 | GET /files/1788542750602_men-category.jpg : Can't find /files/1788542750602_men-category.jpg on this server | user: guest 
Error: Can't find /files/1788542750602_men-category.jpg on this server
    at D:\photo\store_uiux_polished\v1\backend\server.js:110:8
    at Layer.handleRequest (D:\photo\store_uiux_polished\v1\backend\node_modules\router\lib\layer.js:152:17)
    at trimPrefix (D:\photo\store_uiux_polished\v1\backend\node_modules\router\index.js:342:13)
    at D:\photo\store_uiux_polished\v1\backend\node_modules\router\index.js:297:9
    at processParams (D:\photo\store_uiux_polished\v1\backend\node_modules\router\index.js:582:12)
    at next (D:\photo\store_uiux_polished\v1\backend\node_modules\router\index.js:291:5)
    at SendStream.error (D:\photo\store_uiux_polished\v1\backend\node_modules\serve-static\index.js:120:7)
    at SendStream.emit (node:events:509:20)
    at SendStream.error (D:\photo\store_uiux_polished\v1\backend\node_modules\send\index.js:168:17)
    at SendStream.onStatError (D:\photo\store_uiux_polished\v1\backend\node_modules\send\index.js:315:12) 
09-09-2026 12:33:13 | INFO | Product updated: Black Denim Jacket by admin Abdelrhman  
09-09-2026 12:33:15 | INFO | Product updated: abdelrhman essam by admin Abdelrhman  
09-09-2026 12:35:58 | INFO | Product Black Denim Jacket added to cart by Abdelrhman  
09-09-2026 12:36:05 | INFO | User addresses fetched  
09-09-2026 12:36:22 | INFO | Order created: 6aa128969eeedeedb728b67e by Abdelrhman  
09-09-2026 12:36:40 | ERROR | Error found | 404 | GET /files/1788542750602_men-category.jpg : Can't find /files/1788542750602_men-category.jpg on this server | user: guest 
Error: Can't find /files/1788542750602_men-category.jpg on this server
    at D:\photo\store_uiux_polished\v1\backend\server.js:110:8
    at Layer.handleRequest (D:\photo\store_uiux_polished\v1\backend\node_modules\router\lib\layer.js:152:17)
    at trimPrefix (D:\photo\store_uiux_polished\v1\backend\node_modules\router\index.js:342:13)
    at D:\photo\store_uiux_polished\v1\backend\node_modules\router\index.js:297:9
    at processParams (D:\photo\store_uiux_polished\v1\backend\node_modules\router\index.js:582:12)
    at next (D:\photo\store_uiux_polished\v1\backend\node_modules\router\index.js:291:5)
    at SendStream.error (D:\photo\store_uiux_polished\v1\backend\node_modules\serve-static\index.js:120:7)
    at SendStream.emit (node:events:509:20)
    at SendStream.error (D:\photo\store_uiux_polished\v1\backend\node_modules\send\index.js:168:17)
    at SendStream.onStatError (D:\photo\store_uiux_polished\v1\backend\node_modules\send\index.js:315:12) 
09-09-2026 12:38:07 | INFO | Users directory queried successfully  
09-09-2026 12:38:14 | INFO | Users directory queried successfully  
09-09-2026 12:38:15 | INFO | Users directory queried successfully  
09-09-2026 12:38:17 | INFO | Users directory queried successfully  
09-09-2026 12:38:19 | INFO | Users directory queried successfully  
09-09-2026 12:38:21 | INFO | Users directory queried successfully  
09-09-2026 12:38:22 | INFO | Users directory queried successfully  
09-09-2026 12:38:23 | INFO | Users directory queried successfully  
09-09-2026 12:38:28 | INFO | Users directory queried successfully  
09-09-2026 12:38:43 | ERROR | Error found | 404 | GET /files/1788542750602_men-category.jpg : Can't find /files/1788542750602_men-category.jpg on this server | user: guest 
Error: Can't find /files/1788542750602_men-category.jpg on this server
    at D:\photo\store_uiux_polished\v1\backend\server.js:110:8
    at Layer.handleRequest (D:\photo\store_uiux_polished\v1\backend\node_modules\router\lib\layer.js:152:17)
    at trimPrefix (D:\photo\store_uiux_polished\v1\backend\node_modules\router\index.js:342:13)
    at D:\photo\store_uiux_polished\v1\backend\node_modules\router\index.js:297:9
    at processParams (D:\photo\store_uiux_polished\v1\backend\node_modules\router\index.js:582:12)
    at next (D:\photo\store_uiux_polished\v1\backend\node_modules\router\index.js:291:5)
    at SendStream.error (D:\photo\store_uiux_polished\v1\backend\node_modules\serve-static\index.js:120:7)
    at SendStream.emit (node:events:509:20)
    at SendStream.error (D:\photo\store_uiux_polished\v1\backend\node_modules\send\index.js:168:17)
    at SendStream.onStatError (D:\photo\store_uiux_polished\v1\backend\node_modules\send\index.js:315:12) 
09-09-2026 12:38:49 | INFO | Message 6aa128969eeedeedb728b680 marked as read by Abdelrhman  
09-09-2026 12:40:13 | INFO | Order 6a9e70b648da4bb3f43d58b3 status changed from cancelled to delivered by Abdelrhman  
09-09-2026 12:40:22 | ERROR | Error found | 404 | GET /files/1788542750602_men-category.jpg : Can't find /files/1788542750602_men-category.jpg on this server | user: guest 
Error: Can't find /files/1788542750602_men-category.jpg on this server
    at D:\photo\store_uiux_polished\v1\backend\server.js:110:8
    at Layer.handleRequest (D:\photo\store_uiux_polished\v1\backend\node_modules\router\lib\layer.js:152:17)
    at trimPrefix (D:\photo\store_uiux_polished\v1\backend\node_modules\router\index.js:342:13)
    at D:\photo\store_uiux_polished\v1\backend\node_modules\router\index.js:297:9
    at processParams (D:\photo\store_uiux_polished\v1\backend\node_modules\router\index.js:582:12)
    at next (D:\photo\store_uiux_polished\v1\backend\node_modules\router\index.js:291:5)
    at SendStream.error (D:\photo\store_uiux_polished\v1\backend\node_modules\serve-static\index.js:120:7)
    at SendStream.emit (node:events:509:20)
    at SendStream.error (D:\photo\store_uiux_polished\v1\backend\node_modules\send\index.js:168:17)
    at SendStream.onStatError (D:\photo\store_uiux_polished\v1\backend\node_modules\send\index.js:315:12) 
09-09-2026 12:43:16 | ERROR | Error found | 404 | GET /files/1788542750602_men-category.jpg : Can't find /files/1788542750602_men-category.jpg on this server | user: guest 
Error: Can't find /files/1788542750602_men-category.jpg on this server
    at D:\photo\store_uiux_polished\v1\backend\server.js:110:8
    at Layer.handleRequest (D:\photo\store_uiux_polished\v1\backend\node_modules\router\lib\layer.js:152:17)
    at trimPrefix (D:\photo\store_uiux_polished\v1\backend\node_modules\router\index.js:342:13)
    at D:\photo\store_uiux_polished\v1\backend\node_modules\router\index.js:297:9
    at processParams (D:\photo\store_uiux_polished\v1\backend\node_modules\router\index.js:582:12)
    at next (D:\photo\store_uiux_polished\v1\backend\node_modules\router\index.js:291:5)
    at SendStream.error (D:\photo\store_uiux_polished\v1\backend\node_modules\serve-static\index.js:120:7)
    at SendStream.emit (node:events:509:20)
    at SendStream.error (D:\photo\store_uiux_polished\v1\backend\node_modules\send\index.js:168:17)
    at SendStream.onStatError (D:\photo\store_uiux_polished\v1\backend\node_modules\send\index.js:315:12) 
09-09-2026 13:32:43 | ERROR | Error found | 404 | GET /files/1788542750602_men-category.jpg : Can't find /files/1788542750602_men-category.jpg on this server | user: guest 
Error: Can't find /files/1788542750602_men-category.jpg on this server
    at D:\photo\store_uiux_polished\v1\backend\server.js:110:8
    at Layer.handleRequest (D:\photo\store_uiux_polished\v1\backend\node_modules\router\lib\layer.js:152:17)
    at trimPrefix (D:\photo\store_uiux_polished\v1\backend\node_modules\router\index.js:342:13)
    at D:\photo\store_uiux_polished\v1\backend\node_modules\router\index.js:297:9
    at processParams (D:\photo\store_uiux_polished\v1\backend\node_modules\router\index.js:582:12)
    at next (D:\photo\store_uiux_polished\v1\backend\node_modules\router\index.js:291:5)
    at SendStream.error (D:\photo\store_uiux_polished\v1\backend\node_modules\serve-static\index.js:120:7)
    at SendStream.emit (node:events:509:20)
    at SendStream.error (D:\photo\store_uiux_polished\v1\backend\node_modules\send\index.js:168:17)
    at SendStream.onStatError (D:\photo\store_uiux_polished\v1\backend\node_modules\send\index.js:315:12) 
09-09-2026 13:34:05 | INFO | Message 6aa1297d9eeedeedb728b739 deleted by Abdelrhman  
09-09-2026 13:34:07 | INFO | Message 6aa128969eeedeedb728b680 deleted by Abdelrhman  
09-09-2026 16:39:47 | ERROR | Error found | 403 | POST /api/v1/auth/login : Invalid email or password | user: guest 
Error: Invalid email or password
    at D:\photo\v1.2\v1\backend\controllers\auth.controller.js:104:17 
09-09-2026 16:39:59 | ERROR | Error found | 404 | GET /files/1788542750602_men-category.jpg : Can't find /files/1788542750602_men-category.jpg on this server | user: guest 
Error: Can't find /files/1788542750602_men-category.jpg on this server
    at D:\photo\v1.2\v1\backend\server.js:110:8
    at Layer.handleRequest (D:\photo\v1.2\v1\backend\node_modules\router\lib\layer.js:152:17)
    at trimPrefix (D:\photo\v1.2\v1\backend\node_modules\router\index.js:342:13)
    at D:\photo\v1.2\v1\backend\node_modules\router\index.js:297:9
    at processParams (D:\photo\v1.2\v1\backend\node_modules\router\index.js:582:12)
    at next (D:\photo\v1.2\v1\backend\node_modules\router\index.js:291:5)
    at SendStream.error (D:\photo\v1.2\v1\backend\node_modules\serve-static\index.js:120:7)
    at SendStream.emit (node:events:509:20)
    at SendStream.error (D:\photo\v1.2\v1\backend\node_modules\send\index.js:168:17)
    at SendStream.onStatError (D:\photo\v1.2\v1\backend\node_modules\send\index.js:315:12) 
09-09-2026 16:40:10 | INFO | Product updated: Black Denim Jacket by admin Abdelrhman  
09-09-2026 16:40:10 | ERROR | Error found | 404 | GET /files/1788542750602_men-category.jpg : Can't find /files/1788542750602_men-category.jpg on this server | user: guest 
Error: Can't find /files/1788542750602_men-category.jpg on this server
    at D:\photo\v1.2\v1\backend\server.js:110:8
    at Layer.handleRequest (D:\photo\v1.2\v1\backend\node_modules\router\lib\layer.js:152:17)
    at trimPrefix (D:\photo\v1.2\v1\backend\node_modules\router\index.js:342:13)
    at D:\photo\v1.2\v1\backend\node_modules\router\index.js:297:9
    at processParams (D:\photo\v1.2\v1\backend\node_modules\router\index.js:582:12)
    at next (D:\photo\v1.2\v1\backend\node_modules\router\index.js:291:5)
    at SendStream.error (D:\photo\v1.2\v1\backend\node_modules\serve-static\index.js:120:7)
    at SendStream.emit (node:events:509:20)
    at SendStream.error (D:\photo\v1.2\v1\backend\node_modules\send\index.js:168:17)
    at SendStream.onStatError (D:\photo\v1.2\v1\backend\node_modules\send\index.js:315:12) 
09-09-2026 16:40:56 | INFO | Product updated: Black Denim Jacket by admin Abdelrhman  
09-09-2026 16:40:56 | ERROR | Error found | 404 | GET /files/1788542750602_men-category.jpg : Can't find /files/1788542750602_men-category.jpg on this server | user: guest 
Error: Can't find /files/1788542750602_men-category.jpg on this server
    at D:\photo\v1.2\v1\backend\server.js:110:8
    at Layer.handleRequest (D:\photo\v1.2\v1\backend\node_modules\router\lib\layer.js:152:17)
    at trimPrefix (D:\photo\v1.2\v1\backend\node_modules\router\index.js:342:13)
    at D:\photo\v1.2\v1\backend\node_modules\router\index.js:297:9
    at processParams (D:\photo\v1.2\v1\backend\node_modules\router\index.js:582:12)
    at next (D:\photo\v1.2\v1\backend\node_modules\router\index.js:291:5)
    at SendStream.error (D:\photo\v1.2\v1\backend\node_modules\serve-static\index.js:120:7)
    at SendStream.emit (node:events:509:20)
    at SendStream.error (D:\photo\v1.2\v1\backend\node_modules\send\index.js:168:17)
    at SendStream.onStatError (D:\photo\v1.2\v1\backend\node_modules\send\index.js:315:12) 
09-09-2026 16:41:05 | INFO | Product Black Denim Jacket added to cart by Abdelrhman  
09-09-2026 16:41:06 | INFO | Product Black Denim Jacket added to cart by Abdelrhman  
09-09-2026 16:41:33 | INFO | Product updated: Black Denim Jacket by admin Abdelrhman  
09-09-2026 16:41:33 | ERROR | Error found | 404 | GET /files/1788542750602_men-category.jpg : Can't find /files/1788542750602_men-category.jpg on this server | user: guest 
Error: Can't find /files/1788542750602_men-category.jpg on this server
    at D:\photo\v1.2\v1\backend\server.js:110:8
    at Layer.handleRequest (D:\photo\v1.2\v1\backend\node_modules\router\lib\layer.js:152:17)
    at trimPrefix (D:\photo\v1.2\v1\backend\node_modules\router\index.js:342:13)
    at D:\photo\v1.2\v1\backend\node_modules\router\index.js:297:9
    at processParams (D:\photo\v1.2\v1\backend\node_modules\router\index.js:582:12)
    at next (D:\photo\v1.2\v1\backend\node_modules\router\index.js:291:5)
    at SendStream.error (D:\photo\v1.2\v1\backend\node_modules\serve-static\index.js:120:7)
    at SendStream.emit (node:events:509:20)
    at SendStream.error (D:\photo\v1.2\v1\backend\node_modules\send\index.js:168:17)
    at SendStream.onStatError (D:\photo\v1.2\v1\backend\node_modules\send\index.js:315:12) 
09-09-2026 16:41:48 | INFO | Price changes accepted for cart by Abdelrhman  
09-09-2026 16:41:53 | INFO | Cart cleared by Abdelrhman  
09-09-2026 16:42:13 | INFO | Product updated: abdelrhman essam by admin Abdelrhman  
09-09-2026 16:42:17 | ERROR | Error found | 404 | GET /files/1788542750602_men-category.jpg : Can't find /files/1788542750602_men-category.jpg on this server | user: guest 
Error: Can't find /files/1788542750602_men-category.jpg on this server
    at D:\photo\v1.2\v1\backend\server.js:110:8
    at Layer.handleRequest (D:\photo\v1.2\v1\backend\node_modules\router\lib\layer.js:152:17)
    at trimPrefix (D:\photo\v1.2\v1\backend\node_modules\router\index.js:342:13)
    at D:\photo\v1.2\v1\backend\node_modules\router\index.js:297:9
    at processParams (D:\photo\v1.2\v1\backend\node_modules\router\index.js:582:12)
    at next (D:\photo\v1.2\v1\backend\node_modules\router\index.js:291:5)
    at SendStream.error (D:\photo\v1.2\v1\backend\node_modules\serve-static\index.js:120:7)
    at SendStream.emit (node:events:509:20)
    at SendStream.error (D:\photo\v1.2\v1\backend\node_modules\send\index.js:168:17)
    at SendStream.onStatError (D:\photo\v1.2\v1\backend\node_modules\send\index.js:315:12) 
09-09-2026 16:43:55 | ERROR | Error found | 404 | GET /api/v1/home/categories : No categories found | user: guest 
Error: No categories found
    at D:\photo\v1.2\v1\backend\controllers\category.home.controller.js:17:17
    at process.processTicksAndRejections (node:internal/process/task_queues:104:5) 
09-09-2026 16:43:55 | ERROR | Error found | 404 | GET /api/v1/home/subcategories : No subcategories found | user: guest 
Error: No subcategories found
    at D:\photo\v1.2\v1\backend\controllers\subCategory.home.controller.js:18:17
    at process.processTicksAndRejections (node:internal/process/task_queues:104:5) 
09-09-2026 16:43:55 | ERROR | Error found | 404 | GET /api/v1/home/categories : No categories found | user: guest 
Error: No categories found
    at D:\photo\v1.2\v1\backend\controllers\category.home.controller.js:17:17
    at process.processTicksAndRejections (node:internal/process/task_queues:104:5) 
09-09-2026 16:43:59 | ERROR | Error found | 404 | GET /api/v1/home/categories : No categories found | user: guest 
Error: No categories found
    at D:\photo\v1.2\v1\backend\controllers\category.home.controller.js:17:17
    at process.processTicksAndRejections (node:internal/process/task_queues:104:5) 
09-09-2026 16:43:59 | ERROR | Error found | 404 | GET /api/v1/home/subcategories : No subcategories found | user: guest 
Error: No subcategories found
    at D:\photo\v1.2\v1\backend\controllers\subCategory.home.controller.js:18:17
    at process.processTicksAndRejections (node:internal/process/task_queues:104:5) 
09-09-2026 16:43:59 | ERROR | Error found | 404 | GET /api/v1/home/about : About not found | user: guest 
Error: About not found
    at D:\photo\v1.2\v1\backend\controllers\about.home.controller.js:11:17
    at process.processTicksAndRejections (node:internal/process/task_queues:104:5) 
09-09-2026 16:44:03 | ERROR | Error found | 404 | GET /api/v1/home/categories : No categories found | user: guest 
Error: No categories found
    at D:\photo\v1.2\v1\backend\controllers\category.home.controller.js:17:17
    at process.processTicksAndRejections (node:internal/process/task_queues:104:5) 
09-09-2026 16:44:03 | ERROR | Error found | 404 | GET /api/v1/home/subcategories : No subcategories found | user: guest 
Error: No subcategories found
    at D:\photo\v1.2\v1\backend\controllers\subCategory.home.controller.js:18:17
    at process.processTicksAndRejections (node:internal/process/task_queues:104:5) 
09-09-2026 16:44:03 | ERROR | Error found | 404 | GET /api/v1/home/about : About not found | user: guest 
Error: About not found
    at D:\photo\v1.2\v1\backend\controllers\about.home.controller.js:11:17
    at process.processTicksAndRejections (node:internal/process/task_queues:104:5) 
09-09-2026 16:44:03 | ERROR | Error found | 404 | GET /api/v1/home/categories : No categories found | user: guest 
Error: No categories found
    at D:\photo\v1.2\v1\backend\controllers\category.home.controller.js:17:17
    at process.processTicksAndRejections (node:internal/process/task_queues:104:5) 
09-09-2026 16:44:07 | ERROR | Error found | 404 | GET /api/v1/home/categories : No categories found | user: guest 
Error: No categories found
    at D:\photo\v1.2\v1\backend\controllers\category.home.controller.js:17:17
    at process.processTicksAndRejections (node:internal/process/task_queues:104:5) 
09-09-2026 16:44:18 | ERROR | Error found | 403 | POST /api/v1/auth/login : Invalid email or password | user: guest 
Error: Invalid email or password
    at D:\photo\v1.2\v1\backend\controllers\auth.controller.js:104:17
    at process.processTicksAndRejections (node:internal/process/task_queues:104:5) 
09-09-2026 16:44:29 | ERROR | Error found | 403 | POST /api/v1/auth/login : Invalid email or password | user: guest 
Error: Invalid email or password
    at D:\photo\v1.2\v1\backend\controllers\auth.controller.js:104:17
    at process.processTicksAndRejections (node:internal/process/task_queues:104:5) 
09-09-2026 16:44:30 | ERROR | Error found | 403 | POST /api/v1/auth/login : Invalid email or password | user: guest 
Error: Invalid email or password
    at D:\photo\v1.2\v1\backend\controllers\auth.controller.js:104:17
    at process.processTicksAndRejections (node:internal/process/task_queues:104:5) 
09-09-2026 16:44:42 | ERROR | Error found | 403 | POST /api/v1/auth/login : Invalid email or password | user: guest 
Error: Invalid email or password
    at D:\photo\v1.2\v1\backend\controllers\auth.controller.js:104:17
    at process.processTicksAndRejections (node:internal/process/task_queues:104:5) 
09-09-2026 16:44:44 | ERROR | Error found | 404 | GET /api/v1/home/categories : No categories found | user: guest 
Error: No categories found
    at D:\photo\v1.2\v1\backend\controllers\category.home.controller.js:17:17
    at process.processTicksAndRejections (node:internal/process/task_queues:104:5) 
09-09-2026 16:44:45 | ERROR | Error found | 404 | GET /api/v1/home/categories : No categories found | user: guest 
Error: No categories found
    at D:\photo\v1.2\v1\backend\controllers\category.home.controller.js:17:17
    at process.processTicksAndRejections (node:internal/process/task_queues:104:5) 
09-09-2026 16:44:54 | ERROR | Error found | 403 | POST /api/v1/auth/login : Invalid email or password | user: guest 
Error: Invalid email or password
    at D:\photo\v1.2\v1\backend\controllers\auth.controller.js:104:17
    at process.processTicksAndRejections (node:internal/process/task_queues:104:5) 
09-09-2026 16:44:55 | ERROR | Error found | 403 | POST /api/v1/auth/login : Invalid email or password | user: guest 
Error: Invalid email or password
    at D:\photo\v1.2\v1\backend\controllers\auth.controller.js:104:17
    at process.processTicksAndRejections (node:internal/process/task_queues:104:5) 
09-09-2026 16:44:55 | ERROR | Error found | 403 | POST /api/v1/auth/login : Invalid email or password | user: guest 
Error: Invalid email or password
    at D:\photo\v1.2\v1\backend\controllers\auth.controller.js:104:17
    at process.processTicksAndRejections (node:internal/process/task_queues:104:5) 
09-09-2026 16:44:55 | ERROR | Error found | 403 | POST /api/v1/auth/login : Invalid email or password | user: guest 
Error: Invalid email or password
    at D:\photo\v1.2\v1\backend\controllers\auth.controller.js:104:17
    at process.processTicksAndRejections (node:internal/process/task_queues:104:5) 
09-09-2026 16:44:55 | ERROR | Error found | 403 | POST /api/v1/auth/login : Invalid email or password | user: guest 
Error: Invalid email or password
    at D:\photo\v1.2\v1\backend\controllers\auth.controller.js:104:17
    at process.processTicksAndRejections (node:internal/process/task_queues:104:5) 
09-09-2026 16:44:55 | ERROR | Error found | 403 | POST /api/v1/auth/login : Invalid email or password | user: guest 
Error: Invalid email or password
    at D:\photo\v1.2\v1\backend\controllers\auth.controller.js:104:17
    at process.processTicksAndRejections (node:internal/process/task_queues:104:5) 
09-09-2026 16:44:56 | ERROR | Error found | 403 | POST /api/v1/auth/login : Invalid email or password | user: guest 
Error: Invalid email or password
    at D:\photo\v1.2\v1\backend\controllers\auth.controller.js:104:17
    at process.processTicksAndRejections (node:internal/process/task_queues:104:5) 
09-09-2026 16:44:56 | ERROR | Error found | 403 | POST /api/v1/auth/login : Invalid email or password | user: guest 
Error: Invalid email or password
    at D:\photo\v1.2\v1\backend\controllers\auth.controller.js:104:17
    at process.processTicksAndRejections (node:internal/process/task_queues:104:5) 
09-09-2026 16:44:56 | ERROR | Error found | 403 | POST /api/v1/auth/login : Invalid email or password | user: guest 
Error: Invalid email or password
    at D:\photo\v1.2\v1\backend\controllers\auth.controller.js:104:17
    at process.processTicksAndRejections (node:internal/process/task_queues:104:5) 
09-09-2026 16:44:56 | ERROR | Error found | 403 | POST /api/v1/auth/login : Invalid email or password | user: guest 
Error: Invalid email or password
    at D:\photo\v1.2\v1\backend\controllers\auth.controller.js:104:17
    at process.processTicksAndRejections (node:internal/process/task_queues:104:5) 
09-09-2026 16:44:56 | ERROR | Error found | 403 | POST /api/v1/auth/login : Invalid email or password | user: guest 
Error: Invalid email or password
    at D:\photo\v1.2\v1\backend\controllers\auth.controller.js:104:17
    at process.processTicksAndRejections (node:internal/process/task_queues:104:5) 
09-09-2026 16:44:56 | ERROR | Error found | 403 | POST /api/v1/auth/login : Invalid email or password | user: guest 
Error: Invalid email or password
    at D:\photo\v1.2\v1\backend\controllers\auth.controller.js:104:17
    at process.processTicksAndRejections (node:internal/process/task_queues:104:5) 
09-09-2026 16:44:57 | ERROR | Error found | 403 | POST /api/v1/auth/login : Invalid email or password | user: guest 
Error: Invalid email or password
    at D:\photo\v1.2\v1\backend\controllers\auth.controller.js:104:17
    at process.processTicksAndRejections (node:internal/process/task_queues:104:5) 
09-09-2026 16:44:57 | ERROR | Error found | 403 | POST /api/v1/auth/login : Invalid email or password | user: guest 
Error: Invalid email or password
    at D:\photo\v1.2\v1\backend\controllers\auth.controller.js:104:17
    at process.processTicksAndRejections (node:internal/process/task_queues:104:5) 
09-09-2026 16:44:57 | ERROR | Error found | 403 | POST /api/v1/auth/login : Invalid email or password | user: guest 
Error: Invalid email or password
    at D:\photo\v1.2\v1\backend\controllers\auth.controller.js:104:17
    at process.processTicksAndRejections (node:internal/process/task_queues:104:5) 
09-09-2026 16:44:57 | ERROR | Error found | 403 | POST /api/v1/auth/login : Invalid email or password | user: guest 
Error: Invalid email or password
    at D:\photo\v1.2\v1\backend\controllers\auth.controller.js:104:17
    at process.processTicksAndRejections (node:internal/process/task_queues:104:5) 
09-09-2026 16:44:57 | ERROR | Error found | 403 | POST /api/v1/auth/login : Invalid email or password | user: guest 
Error: Invalid email or password
    at D:\photo\v1.2\v1\backend\controllers\auth.controller.js:104:17
    at process.processTicksAndRejections (node:internal/process/task_queues:104:5) 
09-09-2026 16:44:57 | ERROR | Error found | 403 | POST /api/v1/auth/login : Invalid email or password | user: guest 
Error: Invalid email or password
    at D:\photo\v1.2\v1\backend\controllers\auth.controller.js:104:17
    at process.processTicksAndRejections (node:internal/process/task_queues:104:5) 
09-09-2026 16:45:00 | ERROR | Error found | 404 | GET /api/v1/home/categories : No categories found | user: guest 
Error: No categories found
    at D:\photo\v1.2\v1\backend\controllers\category.home.controller.js:17:17
    at process.processTicksAndRejections (node:internal/process/task_queues:104:5) 
09-09-2026 16:45:00 | ERROR | Error found | 404 | GET /api/v1/home/subcategories : No subcategories found | user: guest 
Error: No subcategories found
    at D:\photo\v1.2\v1\backend\controllers\subCategory.home.controller.js:18:17
    at process.processTicksAndRejections (node:internal/process/task_queues:104:5) 
09-09-2026 16:45:00 | ERROR | Error found | 404 | GET /api/v1/home/about : About not found | user: guest 
Error: About not found
    at D:\photo\v1.2\v1\backend\controllers\about.home.controller.js:11:17
    at process.processTicksAndRejections (node:internal/process/task_queues:104:5) 
09-09-2026 16:45:36 | ERROR | Error found | 404 | GET /api/v1/home/categories : No categories found | user: guest 
Error: No categories found
    at D:\photo\v1.2\v1\backend\controllers\category.home.controller.js:17:17
    at process.processTicksAndRejections (node:internal/process/task_queues:104:5) 
09-09-2026 16:45:36 | ERROR | Error found | 404 | GET /api/v1/home/subcategories : No subcategories found | user: guest 
Error: No subcategories found
    at D:\photo\v1.2\v1\backend\controllers\subCategory.home.controller.js:18:17
    at process.processTicksAndRejections (node:internal/process/task_queues:104:5) 
09-09-2026 16:45:36 | ERROR | Error found | 404 | GET /api/v1/home/about : About not found | user: guest 
Error: About not found
    at D:\photo\v1.2\v1\backend\controllers\about.home.controller.js:11:17
    at process.processTicksAndRejections (node:internal/process/task_queues:104:5) 
09-09-2026 16:45:36 | ERROR | Error found | 404 | GET /api/v1/home/categories : No categories found | user: guest 
Error: No categories found
    at D:\photo\v1.2\v1\backend\controllers\category.home.controller.js:17:17
    at process.processTicksAndRejections (node:internal/process/task_queues:104:5) 
09-09-2026 16:45:39 | ERROR | Error found | 404 | GET /api/v1/home/categories : No categories found | user: guest 
Error: No categories found
    at D:\photo\v1.2\v1\backend\controllers\category.home.controller.js:17:17
    at process.processTicksAndRejections (node:internal/process/task_queues:104:5) 
09-09-2026 16:45:39 | ERROR | Error found | 404 | GET /api/v1/home/subcategories : No subcategories found | user: guest 
Error: No subcategories found
    at D:\photo\v1.2\v1\backend\controllers\subCategory.home.controller.js:18:17
    at process.processTicksAndRejections (node:internal/process/task_queues:104:5) 
09-09-2026 16:45:39 | ERROR | Error found | 404 | GET /api/v1/home/about : About not found | user: guest 
Error: About not found
    at D:\photo\v1.2\v1\backend\controllers\about.home.controller.js:11:17
    at process.processTicksAndRejections (node:internal/process/task_queues:104:5) 
09-09-2026 16:45:39 | ERROR | Error found | 404 | GET /api/v1/home/categories : No categories found | user: guest 
Error: No categories found
    at D:\photo\v1.2\v1\backend\controllers\category.home.controller.js:17:17
    at process.processTicksAndRejections (node:internal/process/task_queues:104:5) 
09-09-2026 16:46:30 | ERROR | Error found | 404 | GET /api/v1/home/about : About not found | user: guest 
Error: About not found
    at D:\photo\v1.2\v1\backend\controllers\about.home.controller.js:11:17
    at process.processTicksAndRejections (node:internal/process/task_queues:104:5) 
09-09-2026 16:46:30 | ERROR | Error found | 404 | GET /files/1788959829781_2322237302693856.jpg : Can't find /files/1788959829781_2322237302693856.jpg on this server | user: guest 
Error: Can't find /files/1788959829781_2322237302693856.jpg on this server
    at D:\photo\v1.2\v1\backend\server.js:110:8
    at Layer.handleRequest (D:\photo\v1.2\v1\backend\node_modules\router\lib\layer.js:152:17)
    at trimPrefix (D:\photo\v1.2\v1\backend\node_modules\router\index.js:342:13)
    at D:\photo\v1.2\v1\backend\node_modules\router\index.js:297:9
    at processParams (D:\photo\v1.2\v1\backend\node_modules\router\index.js:582:12)
    at next (D:\photo\v1.2\v1\backend\node_modules\router\index.js:291:5)
    at SendStream.error (D:\photo\v1.2\v1\backend\node_modules\serve-static\index.js:120:7)
    at SendStream.emit (node:events:509:20)
    at SendStream.error (D:\photo\v1.2\v1\backend\node_modules\send\index.js:168:17)
    at SendStream.onStatError (D:\photo\v1.2\v1\backend\node_modules\send\index.js:315:12) 
09-09-2026 16:46:30 | ERROR | Error found | 404 | GET /files/1788959744875_13721973862114891.jpg : Can't find /files/1788959744875_13721973862114891.jpg on this server | user: guest 
Error: Can't find /files/1788959744875_13721973862114891.jpg on this server
    at D:\photo\v1.2\v1\backend\server.js:110:8
    at Layer.handleRequest (D:\photo\v1.2\v1\backend\node_modules\router\lib\layer.js:152:17)
    at trimPrefix (D:\photo\v1.2\v1\backend\node_modules\router\index.js:342:13)
    at D:\photo\v1.2\v1\backend\node_modules\router\index.js:297:9
    at processParams (D:\photo\v1.2\v1\backend\node_modules\router\index.js:582:12)
    at next (D:\photo\v1.2\v1\backend\node_modules\router\index.js:291:5)
    at SendStream.error (D:\photo\v1.2\v1\backend\node_modules\serve-static\index.js:120:7)
    at SendStream.emit (node:events:509:20)
    at SendStream.error (D:\photo\v1.2\v1\backend\node_modules\send\index.js:168:17)
    at SendStream.onStatError (D:\photo\v1.2\v1\backend\node_modules\send\index.js:315:12) 
09-09-2026 16:46:30 | ERROR | Error found | 404 | GET /files/1788960335966_Sweatshirts___DSQUARED2_.jpg : Can't find /files/1788960335966_Sweatshirts___DSQUARED2_.jpg on this server | user: guest 
Error: Can't find /files/1788960335966_Sweatshirts___DSQUARED2_.jpg on this server
    at D:\photo\v1.2\v1\backend\server.js:110:8
    at Layer.handleRequest (D:\photo\v1.2\v1\backend\node_modules\router\lib\layer.js:152:17)
    at trimPrefix (D:\photo\v1.2\v1\backend\node_modules\router\index.js:342:13)
    at D:\photo\v1.2\v1\backend\node_modules\router\index.js:297:9
    at processParams (D:\photo\v1.2\v1\backend\node_modules\router\index.js:582:12)
    at next (D:\photo\v1.2\v1\backend\node_modules\router\index.js:291:5)
    at SendStream.error (D:\photo\v1.2\v1\backend\node_modules\serve-static\index.js:120:7)
    at SendStream.emit (node:events:509:20)
    at SendStream.error (D:\photo\v1.2\v1\backend\node_modules\send\index.js:168:17)
    at SendStream.onStatError (D:\photo\v1.2\v1\backend\node_modules\send\index.js:315:12) 
09-09-2026 16:46:31 | ERROR | Error found | 404 | GET /files/1788960335966_Sweatshirts___DSQUARED2_.jpg : Can't find /files/1788960335966_Sweatshirts___DSQUARED2_.jpg on this server | user: guest 
Error: Can't find /files/1788960335966_Sweatshirts___DSQUARED2_.jpg on this server
    at D:\photo\v1.2\v1\backend\server.js:110:8
    at Layer.handleRequest (D:\photo\v1.2\v1\backend\node_modules\router\lib\layer.js:152:17)
    at trimPrefix (D:\photo\v1.2\v1\backend\node_modules\router\index.js:342:13)
    at D:\photo\v1.2\v1\backend\node_modules\router\index.js:297:9
    at processParams (D:\photo\v1.2\v1\backend\node_modules\router\index.js:582:12)
    at next (D:\photo\v1.2\v1\backend\node_modules\router\index.js:291:5)
    at SendStream.error (D:\photo\v1.2\v1\backend\node_modules\serve-static\index.js:120:7)
    at SendStream.emit (node:events:509:20)
    at SendStream.error (D:\photo\v1.2\v1\backend\node_modules\send\index.js:168:17)
    at SendStream.onStatError (D:\photo\v1.2\v1\backend\node_modules\send\index.js:315:12) 
09-09-2026 16:46:31 | ERROR | Error found | 404 | GET /files/1788960335966_Sweatshirts___DSQUARED2_.jpg : Can't find /files/1788960335966_Sweatshirts___DSQUARED2_.jpg on this server | user: guest 
Error: Can't find /files/1788960335966_Sweatshirts___DSQUARED2_.jpg on this server
    at D:\photo\v1.2\v1\backend\server.js:110:8
    at Layer.handleRequest (D:\photo\v1.2\v1\backend\node_modules\router\lib\layer.js:152:17)
    at trimPrefix (D:\photo\v1.2\v1\backend\node_modules\router\index.js:342:13)
    at D:\photo\v1.2\v1\backend\node_modules\router\index.js:297:9
    at processParams (D:\photo\v1.2\v1\backend\node_modules\router\index.js:582:12)
    at next (D:\photo\v1.2\v1\backend\node_modules\router\index.js:291:5)
    at SendStream.error (D:\photo\v1.2\v1\backend\node_modules\serve-static\index.js:120:7)
    at SendStream.emit (node:events:509:20)
    at SendStream.error (D:\photo\v1.2\v1\backend\node_modules\send\index.js:168:17)
    at SendStream.onStatError (D:\photo\v1.2\v1\backend\node_modules\send\index.js:315:12) 
09-09-2026 16:46:51 | ERROR | Error found | 404 | GET /files/1788960335966_Sweatshirts___DSQUARED2_.jpg : Can't find /files/1788960335966_Sweatshirts___DSQUARED2_.jpg on this server | user: guest 
Error: Can't find /files/1788960335966_Sweatshirts___DSQUARED2_.jpg on this server
    at D:\photo\v1.2\v1\backend\server.js:110:8
    at Layer.handleRequest (D:\photo\v1.2\v1\backend\node_modules\router\lib\layer.js:152:17)
    at trimPrefix (D:\photo\v1.2\v1\backend\node_modules\router\index.js:342:13)
    at D:\photo\v1.2\v1\backend\node_modules\router\index.js:297:9
    at processParams (D:\photo\v1.2\v1\backend\node_modules\router\index.js:582:12)
    at next (D:\photo\v1.2\v1\backend\node_modules\router\index.js:291:5)
    at SendStream.error (D:\photo\v1.2\v1\backend\node_modules\serve-static\index.js:120:7)
    at SendStream.emit (node:events:509:20)
    at SendStream.error (D:\photo\v1.2\v1\backend\node_modules\send\index.js:168:17)
    at SendStream.onStatError (D:\photo\v1.2\v1\backend\node_modules\send\index.js:315:12) 
09-09-2026 16:47:06 | ERROR | Error found | 404 | GET /files/1788960335966_Sweatshirts___DSQUARED2_.jpg : Can't find /files/1788960335966_Sweatshirts___DSQUARED2_.jpg on this server | user: guest 
Error: Can't find /files/1788960335966_Sweatshirts___DSQUARED2_.jpg on this server
    at D:\photo\v1.2\v1\backend\server.js:110:8
    at Layer.handleRequest (D:\photo\v1.2\v1\backend\node_modules\router\lib\layer.js:152:17)
    at trimPrefix (D:\photo\v1.2\v1\backend\node_modules\router\index.js:342:13)
    at D:\photo\v1.2\v1\backend\node_modules\router\index.js:297:9
    at processParams (D:\photo\v1.2\v1\backend\node_modules\router\index.js:582:12)
    at next (D:\photo\v1.2\v1\backend\node_modules\router\index.js:291:5)
    at SendStream.error (D:\photo\v1.2\v1\backend\node_modules\serve-static\index.js:120:7)
    at SendStream.emit (node:events:509:20)
    at SendStream.error (D:\photo\v1.2\v1\backend\node_modules\send\index.js:168:17)
    at SendStream.onStatError (D:\photo\v1.2\v1\backend\node_modules\send\index.js:315:12) 
09-09-2026 16:47:07 | ERROR | Error found | 404 | GET /files/1788960335966_Sweatshirts___DSQUARED2_.jpg : Can't find /files/1788960335966_Sweatshirts___DSQUARED2_.jpg on this server | user: guest 
Error: Can't find /files/1788960335966_Sweatshirts___DSQUARED2_.jpg on this server
    at D:\photo\v1.2\v1\backend\server.js:110:8
    at Layer.handleRequest (D:\photo\v1.2\v1\backend\node_modules\router\lib\layer.js:152:17)
    at trimPrefix (D:\photo\v1.2\v1\backend\node_modules\router\index.js:342:13)
    at D:\photo\v1.2\v1\backend\node_modules\router\index.js:297:9
    at processParams (D:\photo\v1.2\v1\backend\node_modules\router\index.js:582:12)
    at next (D:\photo\v1.2\v1\backend\node_modules\router\index.js:291:5)
    at SendStream.error (D:\photo\v1.2\v1\backend\node_modules\serve-static\index.js:120:7)
    at SendStream.emit (node:events:509:20)
    at SendStream.error (D:\photo\v1.2\v1\backend\node_modules\send\index.js:168:17)
    at SendStream.onStatError (D:\photo\v1.2\v1\backend\node_modules\send\index.js:315:12) 
09-09-2026 16:47:20 | ERROR | Error found | 404 | GET /files/1788960335966_Sweatshirts___DSQUARED2_.jpg : Can't find /files/1788960335966_Sweatshirts___DSQUARED2_.jpg on this server | user: guest 
Error: Can't find /files/1788960335966_Sweatshirts___DSQUARED2_.jpg on this server
    at D:\photo\v1.2\v1\backend\server.js:110:8
    at Layer.handleRequest (D:\photo\v1.2\v1\backend\node_modules\router\lib\layer.js:152:17)
    at trimPrefix (D:\photo\v1.2\v1\backend\node_modules\router\index.js:342:13)
    at D:\photo\v1.2\v1\backend\node_modules\router\index.js:297:9
    at processParams (D:\photo\v1.2\v1\backend\node_modules\router\index.js:582:12)
    at next (D:\photo\v1.2\v1\backend\node_modules\router\index.js:291:5)
    at SendStream.error (D:\photo\v1.2\v1\backend\node_modules\serve-static\index.js:120:7)
    at SendStream.emit (node:events:509:20)
    at SendStream.error (D:\photo\v1.2\v1\backend\node_modules\send\index.js:168:17)
    at SendStream.onStatError (D:\photo\v1.2\v1\backend\node_modules\send\index.js:315:12) 
09-09-2026 16:47:24 | ERROR | Error found | 404 | GET /files/1788960335966_Sweatshirts___DSQUARED2_.jpg : Can't find /files/1788960335966_Sweatshirts___DSQUARED2_.jpg on this server | user: guest 
Error: Can't find /files/1788960335966_Sweatshirts___DSQUARED2_.jpg on this server
    at D:\photo\v1.2\v1\backend\server.js:110:8
    at Layer.handleRequest (D:\photo\v1.2\v1\backend\node_modules\router\lib\layer.js:152:17)
    at trimPrefix (D:\photo\v1.2\v1\backend\node_modules\router\index.js:342:13)
    at D:\photo\v1.2\v1\backend\node_modules\router\index.js:297:9
    at processParams (D:\photo\v1.2\v1\backend\node_modules\router\index.js:582:12)
    at next (D:\photo\v1.2\v1\backend\node_modules\router\index.js:291:5)
    at SendStream.error (D:\photo\v1.2\v1\backend\node_modules\serve-static\index.js:120:7)
    at SendStream.emit (node:events:509:20)
    at SendStream.error (D:\photo\v1.2\v1\backend\node_modules\send\index.js:168:17)
    at SendStream.onStatError (D:\photo\v1.2\v1\backend\node_modules\send\index.js:315:12) 
09-09-2026 16:47:30 | ERROR | Error found | 404 | GET /files/1788960335966_Sweatshirts___DSQUARED2_.jpg : Can't find /files/1788960335966_Sweatshirts___DSQUARED2_.jpg on this server | user: guest 
Error: Can't find /files/1788960335966_Sweatshirts___DSQUARED2_.jpg on this server
    at D:\photo\v1.2\v1\backend\server.js:110:8
    at Layer.handleRequest (D:\photo\v1.2\v1\backend\node_modules\router\lib\layer.js:152:17)
    at trimPrefix (D:\photo\v1.2\v1\backend\node_modules\router\index.js:342:13)
    at D:\photo\v1.2\v1\backend\node_modules\router\index.js:297:9
    at processParams (D:\photo\v1.2\v1\backend\node_modules\router\index.js:582:12)
    at next (D:\photo\v1.2\v1\backend\node_modules\router\index.js:291:5)
    at SendStream.error (D:\photo\v1.2\v1\backend\node_modules\serve-static\index.js:120:7)
    at SendStream.emit (node:events:509:20)
    at SendStream.error (D:\photo\v1.2\v1\backend\node_modules\send\index.js:168:17)
    at SendStream.onStatError (D:\photo\v1.2\v1\backend\node_modules\send\index.js:315:12) 
09-09-2026 16:47:32 | INFO | Product Hoodie added to cart by Abdelrhman  
09-09-2026 16:47:33 | INFO | Product Hoodie added to cart by Abdelrhman  
09-09-2026 16:47:33 | INFO | Product Hoodie added to cart by Abdelrhman  
09-09-2026 16:47:33 | INFO | Product Hoodie added to cart by Abdelrhman  
09-09-2026 16:47:44 | INFO | Product updated: Hoodie by admin Abdelrhman  
09-09-2026 16:47:44 | ERROR | Error found | 404 | GET /files/1788960335966_Sweatshirts___DSQUARED2_.jpg : Can't find /files/1788960335966_Sweatshirts___DSQUARED2_.jpg on this server | user: guest 
Error: Can't find /files/1788960335966_Sweatshirts___DSQUARED2_.jpg on this server
    at D:\photo\v1.2\v1\backend\server.js:110:8
    at Layer.handleRequest (D:\photo\v1.2\v1\backend\node_modules\router\lib\layer.js:152:17)
    at trimPrefix (D:\photo\v1.2\v1\backend\node_modules\router\index.js:342:13)
    at D:\photo\v1.2\v1\backend\node_modules\router\index.js:297:9
    at processParams (D:\photo\v1.2\v1\backend\node_modules\router\index.js:582:12)
    at next (D:\photo\v1.2\v1\backend\node_modules\router\index.js:291:5)
    at SendStream.error (D:\photo\v1.2\v1\backend\node_modules\serve-static\index.js:120:7)
    at SendStream.emit (node:events:509:20)
    at SendStream.error (D:\photo\v1.2\v1\backend\node_modules\send\index.js:168:17)
    at SendStream.onStatError (D:\photo\v1.2\v1\backend\node_modules\send\index.js:315:12) 
09-09-2026 16:47:48 | ERROR | Error found | 404 | GET /api/v1/home/about : About not found | user: guest 
Error: About not found
    at D:\photo\v1.2\v1\backend\controllers\about.home.controller.js:11:17
    at process.processTicksAndRejections (node:internal/process/task_queues:104:5) 
09-09-2026 16:47:49 | ERROR | Error found | 404 | GET /files/1788959829781_2322237302693856.jpg : Can't find /files/1788959829781_2322237302693856.jpg on this server | user: guest 
Error: Can't find /files/1788959829781_2322237302693856.jpg on this server
    at D:\photo\v1.2\v1\backend\server.js:110:8
    at Layer.handleRequest (D:\photo\v1.2\v1\backend\node_modules\router\lib\layer.js:152:17)
    at trimPrefix (D:\photo\v1.2\v1\backend\node_modules\router\index.js:342:13)
    at D:\photo\v1.2\v1\backend\node_modules\router\index.js:297:9
    at processParams (D:\photo\v1.2\v1\backend\node_modules\router\index.js:582:12)
    at next (D:\photo\v1.2\v1\backend\node_modules\router\index.js:291:5)
    at SendStream.error (D:\photo\v1.2\v1\backend\node_modules\serve-static\index.js:120:7)
    at SendStream.emit (node:events:509:20)
    at SendStream.error (D:\photo\v1.2\v1\backend\node_modules\send\index.js:168:17)
    at SendStream.onStatError (D:\photo\v1.2\v1\backend\node_modules\send\index.js:315:12) 
09-09-2026 16:47:49 | ERROR | Error found | 404 | GET /files/1788959744875_13721973862114891.jpg : Can't find /files/1788959744875_13721973862114891.jpg on this server | user: guest 
Error: Can't find /files/1788959744875_13721973862114891.jpg on this server
    at D:\photo\v1.2\v1\backend\server.js:110:8
    at Layer.handleRequest (D:\photo\v1.2\v1\backend\node_modules\router\lib\layer.js:152:17)
    at trimPrefix (D:\photo\v1.2\v1\backend\node_modules\router\index.js:342:13)
    at D:\photo\v1.2\v1\backend\node_modules\router\index.js:297:9
    at processParams (D:\photo\v1.2\v1\backend\node_modules\router\index.js:582:12)
    at next (D:\photo\v1.2\v1\backend\node_modules\router\index.js:291:5)
    at SendStream.error (D:\photo\v1.2\v1\backend\node_modules\serve-static\index.js:120:7)
    at SendStream.emit (node:events:509:20)
    at SendStream.error (D:\photo\v1.2\v1\backend\node_modules\send\index.js:168:17)
    at SendStream.onStatError (D:\photo\v1.2\v1\backend\node_modules\send\index.js:315:12) 
09-09-2026 16:47:49 | ERROR | Error found | 404 | GET /files/1788960335966_Sweatshirts___DSQUARED2_.jpg : Can't find /files/1788960335966_Sweatshirts___DSQUARED2_.jpg on this server | user: guest 
Error: Can't find /files/1788960335966_Sweatshirts___DSQUARED2_.jpg on this server
    at D:\photo\v1.2\v1\backend\server.js:110:8
    at Layer.handleRequest (D:\photo\v1.2\v1\backend\node_modules\router\lib\layer.js:152:17)
    at trimPrefix (D:\photo\v1.2\v1\backend\node_modules\router\index.js:342:13)
    at D:\photo\v1.2\v1\backend\node_modules\router\index.js:297:9
    at processParams (D:\photo\v1.2\v1\backend\node_modules\router\index.js:582:12)
    at next (D:\photo\v1.2\v1\backend\node_modules\router\index.js:291:5)
    at SendStream.error (D:\photo\v1.2\v1\backend\node_modules\serve-static\index.js:120:7)
    at SendStream.emit (node:events:509:20)
    at SendStream.error (D:\photo\v1.2\v1\backend\node_modules\send\index.js:168:17)
    at SendStream.onStatError (D:\photo\v1.2\v1\backend\node_modules\send\index.js:315:12) 
09-09-2026 16:47:56 | INFO | Price changes accepted for cart by Abdelrhman  
09-09-2026 16:48:05 | ERROR | Error found | 404 | GET /files/1788960335966_Sweatshirts___DSQUARED2_.jpg : Can't find /files/1788960335966_Sweatshirts___DSQUARED2_.jpg on this server | user: guest 
Error: Can't find /files/1788960335966_Sweatshirts___DSQUARED2_.jpg on this server
    at D:\photo\v1.2\v1\backend\server.js:110:8
    at Layer.handleRequest (D:\photo\v1.2\v1\backend\node_modules\router\lib\layer.js:152:17)
    at trimPrefix (D:\photo\v1.2\v1\backend\node_modules\router\index.js:342:13)
    at D:\photo\v1.2\v1\backend\node_modules\router\index.js:297:9
    at processParams (D:\photo\v1.2\v1\backend\node_modules\router\index.js:582:12)
    at next (D:\photo\v1.2\v1\backend\node_modules\router\index.js:291:5)
    at SendStream.error (D:\photo\v1.2\v1\backend\node_modules\serve-static\index.js:120:7)
    at SendStream.emit (node:events:509:20)
    at SendStream.error (D:\photo\v1.2\v1\backend\node_modules\send\index.js:168:17)
    at SendStream.onStatError (D:\photo\v1.2\v1\backend\node_modules\send\index.js:315:12) 
09-09-2026 16:48:15 | INFO | Product updated: Hoodie by admin Abdelrhman  
09-09-2026 16:48:15 | ERROR | Error found | 404 | GET /files/1788960335966_Sweatshirts___DSQUARED2_.jpg : Can't find /files/1788960335966_Sweatshirts___DSQUARED2_.jpg on this server | user: guest 
Error: Can't find /files/1788960335966_Sweatshirts___DSQUARED2_.jpg on this server
    at D:\photo\v1.2\v1\backend\server.js:110:8
    at Layer.handleRequest (D:\photo\v1.2\v1\backend\node_modules\router\lib\layer.js:152:17)
    at trimPrefix (D:\photo\v1.2\v1\backend\node_modules\router\index.js:342:13)
    at D:\photo\v1.2\v1\backend\node_modules\router\index.js:297:9
    at processParams (D:\photo\v1.2\v1\backend\node_modules\router\index.js:582:12)
    at next (D:\photo\v1.2\v1\backend\node_modules\router\index.js:291:5)
    at SendStream.error (D:\photo\v1.2\v1\backend\node_modules\serve-static\index.js:120:7)
    at SendStream.emit (node:events:509:20)
    at SendStream.error (D:\photo\v1.2\v1\backend\node_modules\send\index.js:168:17)
    at SendStream.onStatError (D:\photo\v1.2\v1\backend\node_modules\send\index.js:315:12) 
09-09-2026 16:48:19 | INFO | Cart cleared by Abdelrhman  
09-09-2026 16:49:56 | ERROR | Error found | 404 | GET /files/1788960335966_Sweatshirts___DSQUARED2_.jpg : Can't find /files/1788960335966_Sweatshirts___DSQUARED2_.jpg on this server | user: guest 
Error: Can't find /files/1788960335966_Sweatshirts___DSQUARED2_.jpg on this server
    at D:\photo\v1.2\v1\backend\server.js:110:8
    at Layer.handleRequest (D:\photo\v1.2\v1\backend\node_modules\router\lib\layer.js:152:17)
    at trimPrefix (D:\photo\v1.2\v1\backend\node_modules\router\index.js:342:13)
    at D:\photo\v1.2\v1\backend\node_modules\router\index.js:297:9
    at processParams (D:\photo\v1.2\v1\backend\node_modules\router\index.js:582:12)
    at next (D:\photo\v1.2\v1\backend\node_modules\router\index.js:291:5)
    at SendStream.error (D:\photo\v1.2\v1\backend\node_modules\serve-static\index.js:120:7)
    at SendStream.emit (node:events:509:20)
    at SendStream.error (D:\photo\v1.2\v1\backend\node_modules\send\index.js:168:17)
    at SendStream.onStatError (D:\photo\v1.2\v1\backend\node_modules\send\index.js:315:12) 
09-09-2026 16:49:56 | ERROR | Error found | 404 | GET /files/1788960335966_Sweatshirts___DSQUARED2_.jpg : Can't find /files/1788960335966_Sweatshirts___DSQUARED2_.jpg on this server | user: guest 
Error: Can't find /files/1788960335966_Sweatshirts___DSQUARED2_.jpg on this server
    at D:\photo\v1.2\v1\backend\server.js:110:8
    at Layer.handleRequest (D:\photo\v1.2\v1\backend\node_modules\router\lib\layer.js:152:17)
    at trimPrefix (D:\photo\v1.2\v1\backend\node_modules\router\index.js:342:13)
    at D:\photo\v1.2\v1\backend\node_modules\router\index.js:297:9
    at processParams (D:\photo\v1.2\v1\backend\node_modules\router\index.js:582:12)
    at next (D:\photo\v1.2\v1\backend\node_modules\router\index.js:291:5)
    at SendStream.error (D:\photo\v1.2\v1\backend\node_modules\serve-static\index.js:120:7)
    at SendStream.emit (node:events:509:20)
    at SendStream.error (D:\photo\v1.2\v1\backend\node_modules\send\index.js:168:17)
    at SendStream.onStatError (D:\photo\v1.2\v1\backend\node_modules\send\index.js:315:12) 
09-09-2026 16:50:01 | ERROR | Error found | 404 | GET /api/v1/home/about : About not found | user: guest 
Error: About not found
    at D:\photo\v1.2\v1\backend\controllers\about.home.controller.js:11:17
    at process.processTicksAndRejections (node:internal/process/task_queues:104:5) 
09-09-2026 16:50:01 | ERROR | Error found | 404 | GET /files/1788959829781_2322237302693856.jpg : Can't find /files/1788959829781_2322237302693856.jpg on this server | user: guest 
Error: Can't find /files/1788959829781_2322237302693856.jpg on this server
    at D:\photo\v1.2\v1\backend\server.js:110:8
    at Layer.handleRequest (D:\photo\v1.2\v1\backend\node_modules\router\lib\layer.js:152:17)
    at trimPrefix (D:\photo\v1.2\v1\backend\node_modules\router\index.js:342:13)
    at D:\photo\v1.2\v1\backend\node_modules\router\index.js:297:9
    at processParams (D:\photo\v1.2\v1\backend\node_modules\router\index.js:582:12)
    at next (D:\photo\v1.2\v1\backend\node_modules\router\index.js:291:5)
    at SendStream.error (D:\photo\v1.2\v1\backend\node_modules\serve-static\index.js:120:7)
    at SendStream.emit (node:events:509:20)
    at SendStream.error (D:\photo\v1.2\v1\backend\node_modules\send\index.js:168:17)
    at SendStream.onStatError (D:\photo\v1.2\v1\backend\node_modules\send\index.js:315:12) 
09-09-2026 16:50:01 | ERROR | Error found | 404 | GET /files/1788959744875_13721973862114891.jpg : Can't find /files/1788959744875_13721973862114891.jpg on this server | user: guest 
Error: Can't find /files/1788959744875_13721973862114891.jpg on this server
    at D:\photo\v1.2\v1\backend\server.js:110:8
    at Layer.handleRequest (D:\photo\v1.2\v1\backend\node_modules\router\lib\layer.js:152:17)
    at trimPrefix (D:\photo\v1.2\v1\backend\node_modules\router\index.js:342:13)
    at D:\photo\v1.2\v1\backend\node_modules\router\index.js:297:9
    at processParams (D:\photo\v1.2\v1\backend\node_modules\router\index.js:582:12)
    at next (D:\photo\v1.2\v1\backend\node_modules\router\index.js:291:5)
    at SendStream.error (D:\photo\v1.2\v1\backend\node_modules\serve-static\index.js:120:7)
    at SendStream.emit (node:events:509:20)
    at SendStream.error (D:\photo\v1.2\v1\backend\node_modules\send\index.js:168:17)
    at SendStream.onStatError (D:\photo\v1.2\v1\backend\node_modules\send\index.js:315:12) 
09-09-2026 16:50:01 | ERROR | Error found | 404 | GET /files/1788960335966_Sweatshirts___DSQUARED2_.jpg : Can't find /files/1788960335966_Sweatshirts___DSQUARED2_.jpg on this server | user: guest 
Error: Can't find /files/1788960335966_Sweatshirts___DSQUARED2_.jpg on this server
    at D:\photo\v1.2\v1\backend\server.js:110:8
    at Layer.handleRequest (D:\photo\v1.2\v1\backend\node_modules\router\lib\layer.js:152:17)
    at trimPrefix (D:\photo\v1.2\v1\backend\node_modules\router\index.js:342:13)
    at D:\photo\v1.2\v1\backend\node_modules\router\index.js:297:9
    at processParams (D:\photo\v1.2\v1\backend\node_modules\router\index.js:582:12)
    at next (D:\photo\v1.2\v1\backend\node_modules\router\index.js:291:5)
    at SendStream.error (D:\photo\v1.2\v1\backend\node_modules\serve-static\index.js:120:7)
    at SendStream.emit (node:events:509:20)
    at SendStream.error (D:\photo\v1.2\v1\backend\node_modules\send\index.js:168:17)
    at SendStream.onStatError (D:\photo\v1.2\v1\backend\node_modules\send\index.js:315:12) 
09-09-2026 16:50:02 | ERROR | Error found | 404 | GET /files/1788960335966_Sweatshirts___DSQUARED2_.jpg : Can't find /files/1788960335966_Sweatshirts___DSQUARED2_.jpg on this server | user: guest 
Error: Can't find /files/1788960335966_Sweatshirts___DSQUARED2_.jpg on this server
    at D:\photo\v1.2\v1\backend\server.js:110:8
    at Layer.handleRequest (D:\photo\v1.2\v1\backend\node_modules\router\lib\layer.js:152:17)
    at trimPrefix (D:\photo\v1.2\v1\backend\node_modules\router\index.js:342:13)
    at D:\photo\v1.2\v1\backend\node_modules\router\index.js:297:9
    at processParams (D:\photo\v1.2\v1\backend\node_modules\router\index.js:582:12)
    at next (D:\photo\v1.2\v1\backend\node_modules\router\index.js:291:5)
    at SendStream.error (D:\photo\v1.2\v1\backend\node_modules\serve-static\index.js:120:7)
    at SendStream.emit (node:events:509:20)
    at SendStream.error (D:\photo\v1.2\v1\backend\node_modules\send\index.js:168:17)
    at SendStream.onStatError (D:\photo\v1.2\v1\backend\node_modules\send\index.js:315:12) 
09-09-2026 16:50:10 | ERROR | Error found | 404 | GET /files/1788960335966_Sweatshirts___DSQUARED2_.jpg : Can't find /files/1788960335966_Sweatshirts___DSQUARED2_.jpg on this server | user: guest 
Error: Can't find /files/1788960335966_Sweatshirts___DSQUARED2_.jpg on this server
    at D:\photo\v1.2\v1\backend\server.js:110:8
    at Layer.handleRequest (D:\photo\v1.2\v1\backend\node_modules\router\lib\layer.js:152:17)
    at trimPrefix (D:\photo\v1.2\v1\backend\node_modules\router\index.js:342:13)
    at D:\photo\v1.2\v1\backend\node_modules\router\index.js:297:9
    at processParams (D:\photo\v1.2\v1\backend\node_modules\router\index.js:582:12)
    at next (D:\photo\v1.2\v1\backend\node_modules\router\index.js:291:5)
    at SendStream.error (D:\photo\v1.2\v1\backend\node_modules\serve-static\index.js:120:7)
    at SendStream.emit (node:events:509:20)
    at SendStream.error (D:\photo\v1.2\v1\backend\node_modules\send\index.js:168:17)
    at SendStream.onStatError (D:\photo\v1.2\v1\backend\node_modules\send\index.js:315:12) 
09-09-2026 16:50:25 | INFO | Product updated: Hoodie by admin Abdelrhman  
09-09-2026 16:50:28 | ERROR | Error found | 404 | GET /api/v1/home/about : About not found | user: guest 
Error: About not found
    at D:\photo\v1.2\v1\backend\controllers\about.home.controller.js:11:17
    at process.processTicksAndRejections (node:internal/process/task_queues:104:5) 
09-09-2026 16:50:28 | ERROR | Error found | 404 | GET /files/1788959829781_2322237302693856.jpg : Can't find /files/1788959829781_2322237302693856.jpg on this server | user: guest 
Error: Can't find /files/1788959829781_2322237302693856.jpg on this server
    at D:\photo\v1.2\v1\backend\server.js:110:8
    at Layer.handleRequest (D:\photo\v1.2\v1\backend\node_modules\router\lib\layer.js:152:17)
    at trimPrefix (D:\photo\v1.2\v1\backend\node_modules\router\index.js:342:13)
    at D:\photo\v1.2\v1\backend\node_modules\router\index.js:297:9
    at processParams (D:\photo\v1.2\v1\backend\node_modules\router\index.js:582:12)
    at next (D:\photo\v1.2\v1\backend\node_modules\router\index.js:291:5)
    at SendStream.error (D:\photo\v1.2\v1\backend\node_modules\serve-static\index.js:120:7)
    at SendStream.emit (node:events:509:20)
    at SendStream.error (D:\photo\v1.2\v1\backend\node_modules\send\index.js:168:17)
    at SendStream.onStatError (D:\photo\v1.2\v1\backend\node_modules\send\index.js:315:12) 
09-09-2026 16:50:28 | ERROR | Error found | 404 | GET /files/1788959744875_13721973862114891.jpg : Can't find /files/1788959744875_13721973862114891.jpg on this server | user: guest 
Error: Can't find /files/1788959744875_13721973862114891.jpg on this server
    at D:\photo\v1.2\v1\backend\server.js:110:8
    at Layer.handleRequest (D:\photo\v1.2\v1\backend\node_modules\router\lib\layer.js:152:17)
    at trimPrefix (D:\photo\v1.2\v1\backend\node_modules\router\index.js:342:13)
    at D:\photo\v1.2\v1\backend\node_modules\router\index.js:297:9
    at processParams (D:\photo\v1.2\v1\backend\node_modules\router\index.js:582:12)
    at next (D:\photo\v1.2\v1\backend\node_modules\router\index.js:291:5)
    at SendStream.error (D:\photo\v1.2\v1\backend\node_modules\serve-static\index.js:120:7)
    at SendStream.emit (node:events:509:20)
    at SendStream.error (D:\photo\v1.2\v1\backend\node_modules\send\index.js:168:17)
    at SendStream.onStatError (D:\photo\v1.2\v1\backend\node_modules\send\index.js:315:12) 
09-09-2026 16:50:40 | ERROR | Error found | 404 | GET /api/v1/home/about : About not found | user: guest 
Error: About not found
    at D:\photo\v1.2\v1\backend\controllers\about.home.controller.js:11:17
    at process.processTicksAndRejections (node:internal/process/task_queues:104:5) 
09-09-2026 16:50:40 | ERROR | Error found | 404 | GET /files/1788959829781_2322237302693856.jpg : Can't find /files/1788959829781_2322237302693856.jpg on this server | user: guest 
Error: Can't find /files/1788959829781_2322237302693856.jpg on this server
    at D:\photo\v1.2\v1\backend\server.js:110:8
    at Layer.handleRequest (D:\photo\v1.2\v1\backend\node_modules\router\lib\layer.js:152:17)
    at trimPrefix (D:\photo\v1.2\v1\backend\node_modules\router\index.js:342:13)
    at D:\photo\v1.2\v1\backend\node_modules\router\index.js:297:9
    at processParams (D:\photo\v1.2\v1\backend\node_modules\router\index.js:582:12)
    at next (D:\photo\v1.2\v1\backend\node_modules\router\index.js:291:5)
    at SendStream.error (D:\photo\v1.2\v1\backend\node_modules\serve-static\index.js:120:7)
    at SendStream.emit (node:events:509:20)
    at SendStream.error (D:\photo\v1.2\v1\backend\node_modules\send\index.js:168:17)
    at SendStream.onStatError (D:\photo\v1.2\v1\backend\node_modules\send\index.js:315:12) 
09-09-2026 16:50:40 | ERROR | Error found | 404 | GET /files/1788959744875_13721973862114891.jpg : Can't find /files/1788959744875_13721973862114891.jpg on this server | user: guest 
Error: Can't find /files/1788959744875_13721973862114891.jpg on this server
    at D:\photo\v1.2\v1\backend\server.js:110:8
    at Layer.handleRequest (D:\photo\v1.2\v1\backend\node_modules\router\lib\layer.js:152:17)
    at trimPrefix (D:\photo\v1.2\v1\backend\node_modules\router\index.js:342:13)
    at D:\photo\v1.2\v1\backend\node_modules\router\index.js:297:9
    at processParams (D:\photo\v1.2\v1\backend\node_modules\router\index.js:582:12)
    at next (D:\photo\v1.2\v1\backend\node_modules\router\index.js:291:5)
    at SendStream.error (D:\photo\v1.2\v1\backend\node_modules\serve-static\index.js:120:7)
    at SendStream.emit (node:events:509:20)
    at SendStream.error (D:\photo\v1.2\v1\backend\node_modules\send\index.js:168:17)
    at SendStream.onStatError (D:\photo\v1.2\v1\backend\node_modules\send\index.js:315:12) 
09-09-2026 16:50:51 | ERROR | Error found | 404 | GET /api/v1/home/about : About not found | user: guest 
Error: About not found
    at D:\photo\v1.2\v1\backend\controllers\about.home.controller.js:11:17
    at process.processTicksAndRejections (node:internal/process/task_queues:104:5) 
09-09-2026 16:50:51 | ERROR | Error found | 404 | GET /files/1788959829781_2322237302693856.jpg : Can't find /files/1788959829781_2322237302693856.jpg on this server | user: guest 
Error: Can't find /files/1788959829781_2322237302693856.jpg on this server
    at D:\photo\v1.2\v1\backend\server.js:110:8
    at Layer.handleRequest (D:\photo\v1.2\v1\backend\node_modules\router\lib\layer.js:152:17)
    at trimPrefix (D:\photo\v1.2\v1\backend\node_modules\router\index.js:342:13)
    at D:\photo\v1.2\v1\backend\node_modules\router\index.js:297:9
    at processParams (D:\photo\v1.2\v1\backend\node_modules\router\index.js:582:12)
    at next (D:\photo\v1.2\v1\backend\node_modules\router\index.js:291:5)
    at SendStream.error (D:\photo\v1.2\v1\backend\node_modules\serve-static\index.js:120:7)
    at SendStream.emit (node:events:509:20)
    at SendStream.error (D:\photo\v1.2\v1\backend\node_modules\send\index.js:168:17)
    at SendStream.onStatError (D:\photo\v1.2\v1\backend\node_modules\send\index.js:315:12) 
09-09-2026 16:50:51 | ERROR | Error found | 404 | GET /files/1788959744875_13721973862114891.jpg : Can't find /files/1788959744875_13721973862114891.jpg on this server | user: guest 
Error: Can't find /files/1788959744875_13721973862114891.jpg on this server
    at D:\photo\v1.2\v1\backend\server.js:110:8
    at Layer.handleRequest (D:\photo\v1.2\v1\backend\node_modules\router\lib\layer.js:152:17)
    at trimPrefix (D:\photo\v1.2\v1\backend\node_modules\router\index.js:342:13)
    at D:\photo\v1.2\v1\backend\node_modules\router\index.js:297:9
    at processParams (D:\photo\v1.2\v1\backend\node_modules\router\index.js:582:12)
    at next (D:\photo\v1.2\v1\backend\node_modules\router\index.js:291:5)
    at SendStream.error (D:\photo\v1.2\v1\backend\node_modules\serve-static\index.js:120:7)
    at SendStream.emit (node:events:509:20)
    at SendStream.error (D:\photo\v1.2\v1\backend\node_modules\send\index.js:168:17)
    at SendStream.onStatError (D:\photo\v1.2\v1\backend\node_modules\send\index.js:315:12) 
09-09-2026 16:56:15 | ERROR | Error found | 404 | GET /api/v1/home/about : About not found | user: guest 
Error: About not found
    at D:\photo\v1.2\v1\backend\controllers\about.home.controller.js:11:17
    at process.processTicksAndRejections (node:internal/process/task_queues:104:5) 
09-09-2026 16:58:27 | ERROR | Error found | 404 | GET /api/v1/home/about : About not found | user: guest 
Error: About not found
    at D:\photo\v1.2\v1\backend\controllers\about.home.controller.js:11:17
    at process.processTicksAndRejections (node:internal/process/task_queues:104:5) 
09-09-2026 16:58:58 | ERROR | Error found | 404 | GET /api/v1/home/about : About not found | user: guest 
Error: About not found
    at D:\photo\v1.2\v1\backend\controllers\about.home.controller.js:11:17
    at process.processTicksAndRejections (node:internal/process/task_queues:104:5) 
09-09-2026 16:58:59 | ERROR | Error found | 404 | GET /api/v1/home/about : About not found | user: guest 
Error: About not found
    at D:\photo\v1.2\v1\backend\controllers\about.home.controller.js:11:17
    at process.processTicksAndRejections (node:internal/process/task_queues:104:5) 
09-09-2026 16:59:00 | ERROR | Error found | 404 | GET /api/v1/home/about : About not found | user: guest 
Error: About not found
    at D:\photo\v1.2\v1\backend\controllers\about.home.controller.js:11:17
    at process.processTicksAndRejections (node:internal/process/task_queues:104:5) 
09-09-2026 16:59:00 | ERROR | Error found | 404 | GET /api/v1/home/about : About not found | user: guest 
Error: About not found
    at D:\photo\v1.2\v1\backend\controllers\about.home.controller.js:11:17
    at process.processTicksAndRejections (node:internal/process/task_queues:104:5) 
09-09-2026 16:59:00 | ERROR | Error found | 404 | GET /api/v1/home/about : About not found | user: guest 
Error: About not found
    at D:\photo\v1.2\v1\backend\controllers\about.home.controller.js:11:17
    at process.processTicksAndRejections (node:internal/process/task_queues:104:5) 
09-09-2026 16:59:00 | ERROR | Error found | 404 | GET /api/v1/home/about : About not found | user: guest 
Error: About not found
    at D:\photo\v1.2\v1\backend\controllers\about.home.controller.js:11:17
    at process.processTicksAndRejections (node:internal/process/task_queues:104:5) 
09-09-2026 16:59:00 | ERROR | Error found | 404 | GET /api/v1/home/about : About not found | user: guest 
Error: About not found
    at D:\photo\v1.2\v1\backend\controllers\about.home.controller.js:11:17
    at process.processTicksAndRejections (node:internal/process/task_queues:104:5) 
09-09-2026 16:59:01 | ERROR | Error found | 404 | GET /api/v1/home/about : About not found | user: guest 
Error: About not found
    at D:\photo\v1.2\v1\backend\controllers\about.home.controller.js:11:17
    at process.processTicksAndRejections (node:internal/process/task_queues:104:5) 
09-09-2026 16:59:01 | ERROR | Error found | 404 | GET /api/v1/home/about : About not found | user: guest 
Error: About not found
    at D:\photo\v1.2\v1\backend\controllers\about.home.controller.js:11:17
    at process.processTicksAndRejections (node:internal/process/task_queues:104:5) 
09-09-2026 16:59:34 | ERROR | Error found | 404 | GET /api/v1/home/about : About not found | user: guest 
Error: About not found
    at D:\photo\v1.2\v1\backend\controllers\about.home.controller.js:11:17
    at process.processTicksAndRejections (node:internal/process/task_queues:104:5) 
09-09-2026 17:03:36 | ERROR | Error found | 404 | GET /api/v1/home/about : About not found | user: guest 
Error: About not found
    at D:\photo\v1.2\v1\backend\controllers\about.home.controller.js:11:17
    at process.processTicksAndRejections (node:internal/process/task_queues:104:5) 
09-09-2026 17:03:36 | ERROR | Error found | 404 | GET /files/1788959829781_2322237302693856.jpg : Can't find /files/1788959829781_2322237302693856.jpg on this server | user: guest 
Error: Can't find /files/1788959829781_2322237302693856.jpg on this server
    at D:\photo\v1.2\v1\backend\server.js:110:8
    at Layer.handleRequest (D:\photo\v1.2\v1\backend\node_modules\router\lib\layer.js:152:17)
    at trimPrefix (D:\photo\v1.2\v1\backend\node_modules\router\index.js:342:13)
    at D:\photo\v1.2\v1\backend\node_modules\router\index.js:297:9
    at processParams (D:\photo\v1.2\v1\backend\node_modules\router\index.js:582:12)
    at next (D:\photo\v1.2\v1\backend\node_modules\router\index.js:291:5)
    at SendStream.error (D:\photo\v1.2\v1\backend\node_modules\serve-static\index.js:120:7)
    at SendStream.emit (node:events:509:20)
    at SendStream.error (D:\photo\v1.2\v1\backend\node_modules\send\index.js:168:17)
    at SendStream.onStatError (D:\photo\v1.2\v1\backend\node_modules\send\index.js:315:12) 
09-09-2026 17:03:36 | ERROR | Error found | 404 | GET /files/1788959744875_13721973862114891.jpg : Can't find /files/1788959744875_13721973862114891.jpg on this server | user: guest 
Error: Can't find /files/1788959744875_13721973862114891.jpg on this server
    at D:\photo\v1.2\v1\backend\server.js:110:8
    at Layer.handleRequest (D:\photo\v1.2\v1\backend\node_modules\router\lib\layer.js:152:17)
    at trimPrefix (D:\photo\v1.2\v1\backend\node_modules\router\index.js:342:13)
    at D:\photo\v1.2\v1\backend\node_modules\router\index.js:297:9
    at processParams (D:\photo\v1.2\v1\backend\node_modules\router\index.js:582:12)
    at next (D:\photo\v1.2\v1\backend\node_modules\router\index.js:291:5)
    at SendStream.error (D:\photo\v1.2\v1\backend\node_modules\serve-static\index.js:120:7)
    at SendStream.emit (node:events:509:20)
    at SendStream.error (D:\photo\v1.2\v1\backend\node_modules\send\index.js:168:17)
    at SendStream.onStatError (D:\photo\v1.2\v1\backend\node_modules\send\index.js:315:12) 
09-09-2026 17:03:38 | ERROR | Error found | 404 | GET /api/v1/home/about : About not found | user: guest 
Error: About not found
    at D:\photo\v1.2\v1\backend\controllers\about.home.controller.js:11:17
    at process.processTicksAndRejections (node:internal/process/task_queues:104:5) 
09-09-2026 17:03:57 | ERROR | Error found | 404 | GET /api/v1/home/about : About not found | user: guest 
Error: About not found
    at D:\photo\v1.2\v1\backend\controllers\about.home.controller.js:11:17
    at process.processTicksAndRejections (node:internal/process/task_queues:104:5) 
09-09-2026 17:03:59 | ERROR | Error found | 404 | GET /files/1788959829781_2322237302693856.jpg : Can't find /files/1788959829781_2322237302693856.jpg on this server | user: guest 
Error: Can't find /files/1788959829781_2322237302693856.jpg on this server
    at D:\photo\v1.2\v1\backend\server.js:110:8
    at Layer.handleRequest (D:\photo\v1.2\v1\backend\node_modules\router\lib\layer.js:152:17)
    at trimPrefix (D:\photo\v1.2\v1\backend\node_modules\router\index.js:342:13)
    at D:\photo\v1.2\v1\backend\node_modules\router\index.js:297:9
    at processParams (D:\photo\v1.2\v1\backend\node_modules\router\index.js:582:12)
    at next (D:\photo\v1.2\v1\backend\node_modules\router\index.js:291:5)
    at SendStream.error (D:\photo\v1.2\v1\backend\node_modules\serve-static\index.js:120:7)
    at SendStream.emit (node:events:509:20)
    at SendStream.error (D:\photo\v1.2\v1\backend\node_modules\send\index.js:168:17)
    at SendStream.onStatError (D:\photo\v1.2\v1\backend\node_modules\send\index.js:315:12) 
09-09-2026 17:03:59 | ERROR | Error found | 404 | GET /files/1788959744875_13721973862114891.jpg : Can't find /files/1788959744875_13721973862114891.jpg on this server | user: guest 
Error: Can't find /files/1788959744875_13721973862114891.jpg on this server
    at D:\photo\v1.2\v1\backend\server.js:110:8
    at Layer.handleRequest (D:\photo\v1.2\v1\backend\node_modules\router\lib\layer.js:152:17)
    at trimPrefix (D:\photo\v1.2\v1\backend\node_modules\router\index.js:342:13)
    at D:\photo\v1.2\v1\backend\node_modules\router\index.js:297:9
    at processParams (D:\photo\v1.2\v1\backend\node_modules\router\index.js:582:12)
    at next (D:\photo\v1.2\v1\backend\node_modules\router\index.js:291:5)
    at SendStream.error (D:\photo\v1.2\v1\backend\node_modules\serve-static\index.js:120:7)
    at SendStream.emit (node:events:509:20)
    at SendStream.error (D:\photo\v1.2\v1\backend\node_modules\send\index.js:168:17)
    at SendStream.onStatError (D:\photo\v1.2\v1\backend\node_modules\send\index.js:315:12) 
09-09-2026 17:06:50 | ERROR | Error found | 404 | GET /api/v1/home/about : About not found | user: guest 
Error: About not found
    at D:\photo\v1.2\v1\backend\controllers\about.home.controller.js:11:17
    at process.processTicksAndRejections (node:internal/process/task_queues:104:5) 
09-09-2026 17:06:50 | ERROR | Error found | 404 | GET /files/1788959829781_2322237302693856.jpg : Can't find /files/1788959829781_2322237302693856.jpg on this server | user: guest 
Error: Can't find /files/1788959829781_2322237302693856.jpg on this server
    at D:\photo\v1.2\v1\backend\server.js:110:8
    at Layer.handleRequest (D:\photo\v1.2\v1\backend\node_modules\router\lib\layer.js:152:17)
    at trimPrefix (D:\photo\v1.2\v1\backend\node_modules\router\index.js:342:13)
    at D:\photo\v1.2\v1\backend\node_modules\router\index.js:297:9
    at processParams (D:\photo\v1.2\v1\backend\node_modules\router\index.js:582:12)
    at next (D:\photo\v1.2\v1\backend\node_modules\router\index.js:291:5)
    at SendStream.error (D:\photo\v1.2\v1\backend\node_modules\serve-static\index.js:120:7)
    at SendStream.emit (node:events:509:20)
    at SendStream.error (D:\photo\v1.2\v1\backend\node_modules\send\index.js:168:17)
    at SendStream.onStatError (D:\photo\v1.2\v1\backend\node_modules\send\index.js:315:12) 
09-09-2026 17:06:50 | ERROR | Error found | 404 | GET /files/1788959744875_13721973862114891.jpg : Can't find /files/1788959744875_13721973862114891.jpg on this server | user: guest 
Error: Can't find /files/1788959744875_13721973862114891.jpg on this server
    at D:\photo\v1.2\v1\backend\server.js:110:8
    at Layer.handleRequest (D:\photo\v1.2\v1\backend\node_modules\router\lib\layer.js:152:17)
    at trimPrefix (D:\photo\v1.2\v1\backend\node_modules\router\index.js:342:13)
    at D:\photo\v1.2\v1\backend\node_modules\router\index.js:297:9
    at processParams (D:\photo\v1.2\v1\backend\node_modules\router\index.js:582:12)
    at next (D:\photo\v1.2\v1\backend\node_modules\router\index.js:291:5)
    at SendStream.error (D:\photo\v1.2\v1\backend\node_modules\serve-static\index.js:120:7)
    at SendStream.emit (node:events:509:20)
    at SendStream.error (D:\photo\v1.2\v1\backend\node_modules\send\index.js:168:17)
    at SendStream.onStatError (D:\photo\v1.2\v1\backend\node_modules\send\index.js:315:12) 
09-09-2026 17:08:05 | ERROR | Error found | 404 | GET /api/v1/home/about : About not found | user: guest 
Error: About not found
    at D:\photo\v1.2\v1\backend\controllers\about.home.controller.js:11:17
    at process.processTicksAndRejections (node:internal/process/task_queues:104:5) 
09-09-2026 17:08:08 | ERROR | Error found | 404 | GET /files/1788959829781_2322237302693856.jpg : Can't find /files/1788959829781_2322237302693856.jpg on this server | user: guest 
Error: Can't find /files/1788959829781_2322237302693856.jpg on this server
    at D:\photo\v1.2\v1\backend\server.js:110:8
    at Layer.handleRequest (D:\photo\v1.2\v1\backend\node_modules\router\lib\layer.js:152:17)
    at trimPrefix (D:\photo\v1.2\v1\backend\node_modules\router\index.js:342:13)
    at D:\photo\v1.2\v1\backend\node_modules\router\index.js:297:9
    at processParams (D:\photo\v1.2\v1\backend\node_modules\router\index.js:582:12)
    at next (D:\photo\v1.2\v1\backend\node_modules\router\index.js:291:5)
    at SendStream.error (D:\photo\v1.2\v1\backend\node_modules\serve-static\index.js:120:7)
    at SendStream.emit (node:events:509:20)
    at SendStream.error (D:\photo\v1.2\v1\backend\node_modules\send\index.js:168:17)
    at SendStream.onStatError (D:\photo\v1.2\v1\backend\node_modules\send\index.js:315:12) 
09-09-2026 17:08:08 | ERROR | Error found | 404 | GET /files/1788959744875_13721973862114891.jpg : Can't find /files/1788959744875_13721973862114891.jpg on this server | user: guest 
Error: Can't find /files/1788959744875_13721973862114891.jpg on this server
    at D:\photo\v1.2\v1\backend\server.js:110:8
    at Layer.handleRequest (D:\photo\v1.2\v1\backend\node_modules\router\lib\layer.js:152:17)
    at trimPrefix (D:\photo\v1.2\v1\backend\node_modules\router\index.js:342:13)
    at D:\photo\v1.2\v1\backend\node_modules\router\index.js:297:9
    at processParams (D:\photo\v1.2\v1\backend\node_modules\router\index.js:582:12)
    at next (D:\photo\v1.2\v1\backend\node_modules\router\index.js:291:5)
    at SendStream.error (D:\photo\v1.2\v1\backend\node_modules\serve-static\index.js:120:7)
    at SendStream.emit (node:events:509:20)
    at SendStream.error (D:\photo\v1.2\v1\backend\node_modules\send\index.js:168:17)
    at SendStream.onStatError (D:\photo\v1.2\v1\backend\node_modules\send\index.js:315:12) 
09-09-2026 17:08:21 | ERROR | Error found | 404 | GET /api/v1/home/about : About not found | user: guest 
Error: About not found
    at D:\photo\v1.2\v1\backend\controllers\about.home.controller.js:11:17
    at process.processTicksAndRejections (node:internal/process/task_queues:104:5) 
09-09-2026 17:08:21 | ERROR | Error found | 404 | GET /favicon.ico : Can't find /favicon.ico on this server | user: guest 
Error: Can't find /favicon.ico on this server
    at D:\photo\v1.2\v1\backend\server.js:110:8
    at Layer.handleRequest (D:\photo\v1.2\v1\backend\node_modules\router\lib\layer.js:152:17)
    at trimPrefix (D:\photo\v1.2\v1\backend\node_modules\router\index.js:342:13)
    at D:\photo\v1.2\v1\backend\node_modules\router\index.js:297:9
    at processParams (D:\photo\v1.2\v1\backend\node_modules\router\index.js:582:12)
    at next (D:\photo\v1.2\v1\backend\node_modules\router\index.js:291:5)
    at read (D:\photo\v1.2\v1\backend\node_modules\body-parser\lib\read.js:53:5)
    at jsonParser (D:\photo\v1.2\v1\backend\node_modules\body-parser\lib\types\json.js:60:5)
    at Layer.handleRequest (D:\photo\v1.2\v1\backend\node_modules\router\lib\layer.js:152:17)
    at trimPrefix (D:\photo\v1.2\v1\backend\node_modules\router\index.js:342:13) 
09-09-2026 17:14:33 | ERROR | Error found | 404 | GET /api/v1/home/about : About not found | user: guest 
Error: About not found
    at D:\photo\v1.2\v1\backend\controllers\about.home.controller.js:11:17
    at process.processTicksAndRejections (node:internal/process/task_queues:104:5) 
09-09-2026 17:14:33 | ERROR | Error found | 404 | GET /api/v1/home/about : About not found | user: guest 
Error: About not found
    at D:\photo\v1.2\v1\backend\controllers\about.home.controller.js:11:17
    at process.processTicksAndRejections (node:internal/process/task_queues:104:5) 
09-09-2026 17:15:06 | ERROR | Error found | 404 | GET /v1/home/about : Can't find /v1/home/about on this server | user: guest 
Error: Can't find /v1/home/about on this server
    at D:\photo\v1.2\v1\backend\server.js:110:8
    at Layer.handleRequest (D:\photo\v1.2\v1\backend\node_modules\router\lib\layer.js:152:17)
    at trimPrefix (D:\photo\v1.2\v1\backend\node_modules\router\index.js:342:13)
    at D:\photo\v1.2\v1\backend\node_modules\router\index.js:297:9
    at processParams (D:\photo\v1.2\v1\backend\node_modules\router\index.js:582:12)
    at next (D:\photo\v1.2\v1\backend\node_modules\router\index.js:291:5)
    at read (D:\photo\v1.2\v1\backend\node_modules\body-parser\lib\read.js:53:5)
    at jsonParser (D:\photo\v1.2\v1\backend\node_modules\body-parser\lib\types\json.js:60:5)
    at Layer.handleRequest (D:\photo\v1.2\v1\backend\node_modules\router\lib\layer.js:152:17)
    at trimPrefix (D:\photo\v1.2\v1\backend\node_modules\router\index.js:342:13) 
09-09-2026 17:15:17 | ERROR | Error found | 404 | GET /home/about : Can't find /home/about on this server | user: guest 
Error: Can't find /home/about on this server
    at D:\photo\v1.2\v1\backend\server.js:110:8
    at Layer.handleRequest (D:\photo\v1.2\v1\backend\node_modules\router\lib\layer.js:152:17)
    at trimPrefix (D:\photo\v1.2\v1\backend\node_modules\router\index.js:342:13)
    at D:\photo\v1.2\v1\backend\node_modules\router\index.js:297:9
    at processParams (D:\photo\v1.2\v1\backend\node_modules\router\index.js:582:12)
    at next (D:\photo\v1.2\v1\backend\node_modules\router\index.js:291:5)
    at read (D:\photo\v1.2\v1\backend\node_modules\body-parser\lib\read.js:53:5)
    at jsonParser (D:\photo\v1.2\v1\backend\node_modules\body-parser\lib\types\json.js:60:5)
    at Layer.handleRequest (D:\photo\v1.2\v1\backend\node_modules\router\lib\layer.js:152:17)
    at trimPrefix (D:\photo\v1.2\v1\backend\node_modules\router\index.js:342:13) 
09-09-2026 17:15:30 | ERROR | Error found | 404 | GET /api/v1/home/about : About not found | user: guest 
Error: About not found
    at D:\photo\v1.2\v1\backend\controllers\about.home.controller.js:11:17
    at process.processTicksAndRejections (node:internal/process/task_queues:104:5) 
09-09-2026 17:15:37 | ERROR | Error found | 404 | GET /files/1788959829781_2322237302693856.jpg : Can't find /files/1788959829781_2322237302693856.jpg on this server | user: guest 
Error: Can't find /files/1788959829781_2322237302693856.jpg on this server
    at D:\photo\v1.2\v1\backend\server.js:110:8
    at Layer.handleRequest (D:\photo\v1.2\v1\backend\node_modules\router\lib\layer.js:152:17)
    at trimPrefix (D:\photo\v1.2\v1\backend\node_modules\router\index.js:342:13)
    at D:\photo\v1.2\v1\backend\node_modules\router\index.js:297:9
    at processParams (D:\photo\v1.2\v1\backend\node_modules\router\index.js:582:12)
    at next (D:\photo\v1.2\v1\backend\node_modules\router\index.js:291:5)
    at SendStream.error (D:\photo\v1.2\v1\backend\node_modules\serve-static\index.js:120:7)
    at SendStream.emit (node:events:509:20)
    at SendStream.error (D:\photo\v1.2\v1\backend\node_modules\send\index.js:168:17)
    at SendStream.onStatError (D:\photo\v1.2\v1\backend\node_modules\send\index.js:315:12) 
09-09-2026 17:15:38 | ERROR | Error found | 404 | GET /files/1788959744875_13721973862114891.jpg : Can't find /files/1788959744875_13721973862114891.jpg on this server | user: guest 
Error: Can't find /files/1788959744875_13721973862114891.jpg on this server
    at D:\photo\v1.2\v1\backend\server.js:110:8
    at Layer.handleRequest (D:\photo\v1.2\v1\backend\node_modules\router\lib\layer.js:152:17)
    at trimPrefix (D:\photo\v1.2\v1\backend\node_modules\router\index.js:342:13)
    at D:\photo\v1.2\v1\backend\node_modules\router\index.js:297:9
    at processParams (D:\photo\v1.2\v1\backend\node_modules\router\index.js:582:12)
    at next (D:\photo\v1.2\v1\backend\node_modules\router\index.js:291:5)
    at SendStream.error (D:\photo\v1.2\v1\backend\node_modules\serve-static\index.js:120:7)
    at SendStream.emit (node:events:509:20)
    at SendStream.error (D:\photo\v1.2\v1\backend\node_modules\send\index.js:168:17)
    at SendStream.onStatError (D:\photo\v1.2\v1\backend\node_modules\send\index.js:315:12) 
09-09-2026 17:21:26 | ERROR | Error found | 404 | GET /api/v1/home/about : About not found | user: guest 
Error: About not found
    at D:\photo\v1.2\v1\backend\controllers\about.home.controller.js:11:17
    at process.processTicksAndRejections (node:internal/process/task_queues:104:5) 
09-09-2026 17:21:26 | ERROR | Error found | 404 | GET /files/1788959829781_2322237302693856.jpg : Can't find /files/1788959829781_2322237302693856.jpg on this server | user: guest 
Error: Can't find /files/1788959829781_2322237302693856.jpg on this server
    at D:\photo\v1.2\v1\backend\server.js:110:8
    at Layer.handleRequest (D:\photo\v1.2\v1\backend\node_modules\router\lib\layer.js:152:17)
    at trimPrefix (D:\photo\v1.2\v1\backend\node_modules\router\index.js:342:13)
    at D:\photo\v1.2\v1\backend\node_modules\router\index.js:297:9
    at processParams (D:\photo\v1.2\v1\backend\node_modules\router\index.js:582:12)
    at next (D:\photo\v1.2\v1\backend\node_modules\router\index.js:291:5)
    at SendStream.error (D:\photo\v1.2\v1\backend\node_modules\serve-static\index.js:120:7)
    at SendStream.emit (node:events:509:20)
    at SendStream.error (D:\photo\v1.2\v1\backend\node_modules\send\index.js:168:17)
    at SendStream.onStatError (D:\photo\v1.2\v1\backend\node_modules\send\index.js:315:12) 
09-09-2026 17:21:26 | ERROR | Error found | 404 | GET /files/1788959744875_13721973862114891.jpg : Can't find /files/1788959744875_13721973862114891.jpg on this server | user: guest 
Error: Can't find /files/1788959744875_13721973862114891.jpg on this server
    at D:\photo\v1.2\v1\backend\server.js:110:8
    at Layer.handleRequest (D:\photo\v1.2\v1\backend\node_modules\router\lib\layer.js:152:17)
    at trimPrefix (D:\photo\v1.2\v1\backend\node_modules\router\index.js:342:13)
    at D:\photo\v1.2\v1\backend\node_modules\router\index.js:297:9
    at processParams (D:\photo\v1.2\v1\backend\node_modules\router\index.js:582:12)
    at next (D:\photo\v1.2\v1\backend\node_modules\router\index.js:291:5)
    at SendStream.error (D:\photo\v1.2\v1\backend\node_modules\serve-static\index.js:120:7)
    at SendStream.emit (node:events:509:20)
    at SendStream.error (D:\photo\v1.2\v1\backend\node_modules\send\index.js:168:17)
    at SendStream.onStatError (D:\photo\v1.2\v1\backend\node_modules\send\index.js:315:12) 
09-09-2026 17:21:51 | ERROR | Error found | 404 | GET /api/v1/home/about : About not found | user: guest 
Error: About not found
    at D:\photo\v1.2\v1\backend\controllers\about.home.controller.js:11:17
    at process.processTicksAndRejections (node:internal/process/task_queues:104:5) 
09-09-2026 17:22:23 | ERROR | Error found | 404 | GET /api/v1/home/about : About not found | user: guest 
Error: About not found
    at D:\photo\v1.2\v1\backend\controllers\about.home.controller.js:11:17
    at process.processTicksAndRejections (node:internal/process/task_queues:104:5) 
09-09-2026 17:22:26 | ERROR | Error found | 404 | GET /files/1788959829781_2322237302693856.jpg : Can't find /files/1788959829781_2322237302693856.jpg on this server | user: guest 
Error: Can't find /files/1788959829781_2322237302693856.jpg on this server
    at D:\photo\v1.2\v1\backend\server.js:110:8
    at Layer.handleRequest (D:\photo\v1.2\v1\backend\node_modules\router\lib\layer.js:152:17)
    at trimPrefix (D:\photo\v1.2\v1\backend\node_modules\router\index.js:342:13)
    at D:\photo\v1.2\v1\backend\node_modules\router\index.js:297:9
    at processParams (D:\photo\v1.2\v1\backend\node_modules\router\index.js:582:12)
    at next (D:\photo\v1.2\v1\backend\node_modules\router\index.js:291:5)
    at SendStream.error (D:\photo\v1.2\v1\backend\node_modules\serve-static\index.js:120:7)
    at SendStream.emit (node:events:509:20)
    at SendStream.error (D:\photo\v1.2\v1\backend\node_modules\send\index.js:168:17)
    at SendStream.onStatError (D:\photo\v1.2\v1\backend\node_modules\send\index.js:315:12) 
09-09-2026 17:22:26 | ERROR | Error found | 404 | GET /files/1788959744875_13721973862114891.jpg : Can't find /files/1788959744875_13721973862114891.jpg on this server | user: guest 
Error: Can't find /files/1788959744875_13721973862114891.jpg on this server
    at D:\photo\v1.2\v1\backend\server.js:110:8
    at Layer.handleRequest (D:\photo\v1.2\v1\backend\node_modules\router\lib\layer.js:152:17)
    at trimPrefix (D:\photo\v1.2\v1\backend\node_modules\router\index.js:342:13)
    at D:\photo\v1.2\v1\backend\node_modules\router\index.js:297:9
    at processParams (D:\photo\v1.2\v1\backend\node_modules\router\index.js:582:12)
    at next (D:\photo\v1.2\v1\backend\node_modules\router\index.js:291:5)
    at SendStream.error (D:\photo\v1.2\v1\backend\node_modules\serve-static\index.js:120:7)
    at SendStream.emit (node:events:509:20)
    at SendStream.error (D:\photo\v1.2\v1\backend\node_modules\send\index.js:168:17)
    at SendStream.onStatError (D:\photo\v1.2\v1\backend\node_modules\send\index.js:315:12) 
09-09-2026 17:22:51 | ERROR | Error found | 404 | GET /files/1788959829781_2322237302693856.jpg : Can't find /files/1788959829781_2322237302693856.jpg on this server | user: guest 
Error: Can't find /files/1788959829781_2322237302693856.jpg on this server
    at D:\photo\v1.2\v1\backend\server.js:110:8
    at Layer.handleRequest (D:\photo\v1.2\v1\backend\node_modules\router\lib\layer.js:152:17)
    at trimPrefix (D:\photo\v1.2\v1\backend\node_modules\router\index.js:342:13)
    at D:\photo\v1.2\v1\backend\node_modules\router\index.js:297:9
    at processParams (D:\photo\v1.2\v1\backend\node_modules\router\index.js:582:12)
    at next (D:\photo\v1.2\v1\backend\node_modules\router\index.js:291:5)
    at SendStream.error (D:\photo\v1.2\v1\backend\node_modules\serve-static\index.js:120:7)
    at SendStream.emit (node:events:509:20)
    at SendStream.error (D:\photo\v1.2\v1\backend\node_modules\send\index.js:168:17)
    at SendStream.onStatError (D:\photo\v1.2\v1\backend\node_modules\send\index.js:315:12) 
09-09-2026 17:22:51 | ERROR | Error found | 404 | GET /files/1788959744875_13721973862114891.jpg : Can't find /files/1788959744875_13721973862114891.jpg on this server | user: guest 
Error: Can't find /files/1788959744875_13721973862114891.jpg on this server
    at D:\photo\v1.2\v1\backend\server.js:110:8
    at Layer.handleRequest (D:\photo\v1.2\v1\backend\node_modules\router\lib\layer.js:152:17)
    at trimPrefix (D:\photo\v1.2\v1\backend\node_modules\router\index.js:342:13)
    at D:\photo\v1.2\v1\backend\node_modules\router\index.js:297:9
    at processParams (D:\photo\v1.2\v1\backend\node_modules\router\index.js:582:12)
    at next (D:\photo\v1.2\v1\backend\node_modules\router\index.js:291:5)
    at SendStream.error (D:\photo\v1.2\v1\backend\node_modules\serve-static\index.js:120:7)
    at SendStream.emit (node:events:509:20)
    at SendStream.error (D:\photo\v1.2\v1\backend\node_modules\send\index.js:168:17)
    at SendStream.onStatError (D:\photo\v1.2\v1\backend\node_modules\send\index.js:315:12) 
09-09-2026 17:27:19 | ERROR | Error found | 404 | GET /files/1788959829781_2322237302693856.jpg : Can't find /files/1788959829781_2322237302693856.jpg on this server | user: guest 
Error: Can't find /files/1788959829781_2322237302693856.jpg on this server
    at D:\photo\v1.2\v1\backend\server.js:110:8
    at Layer.handleRequest (D:\photo\v1.2\v1\backend\node_modules\router\lib\layer.js:152:17)
    at trimPrefix (D:\photo\v1.2\v1\backend\node_modules\router\index.js:342:13)
    at D:\photo\v1.2\v1\backend\node_modules\router\index.js:297:9
    at processParams (D:\photo\v1.2\v1\backend\node_modules\router\index.js:582:12)
    at next (D:\photo\v1.2\v1\backend\node_modules\router\index.js:291:5)
    at SendStream.error (D:\photo\v1.2\v1\backend\node_modules\serve-static\index.js:120:7)
    at SendStream.emit (node:events:509:20)
    at SendStream.error (D:\photo\v1.2\v1\backend\node_modules\send\index.js:168:17)
    at SendStream.onStatError (D:\photo\v1.2\v1\backend\node_modules\send\index.js:315:12) 
09-09-2026 17:27:19 | ERROR | Error found | 404 | GET /files/1788959744875_13721973862114891.jpg : Can't find /files/1788959744875_13721973862114891.jpg on this server | user: guest 
Error: Can't find /files/1788959744875_13721973862114891.jpg on this server
    at D:\photo\v1.2\v1\backend\server.js:110:8
    at Layer.handleRequest (D:\photo\v1.2\v1\backend\node_modules\router\lib\layer.js:152:17)
    at trimPrefix (D:\photo\v1.2\v1\backend\node_modules\router\index.js:342:13)
    at D:\photo\v1.2\v1\backend\node_modules\router\index.js:297:9
    at processParams (D:\photo\v1.2\v1\backend\node_modules\router\index.js:582:12)
    at next (D:\photo\v1.2\v1\backend\node_modules\router\index.js:291:5)
    at SendStream.error (D:\photo\v1.2\v1\backend\node_modules\serve-static\index.js:120:7)
    at SendStream.emit (node:events:509:20)
    at SendStream.error (D:\photo\v1.2\v1\backend\node_modules\send\index.js:168:17)
    at SendStream.onStatError (D:\photo\v1.2\v1\backend\node_modules\send\index.js:315:12) 
09-09-2026 17:27:25 | ERROR | Error found | 404 | GET /files/1788959744875_13721973862114891.jpg : Can't find /files/1788959744875_13721973862114891.jpg on this server | user: guest 
Error: Can't find /files/1788959744875_13721973862114891.jpg on this server
    at D:\photo\v1.2\v1\backend\server.js:110:8
    at Layer.handleRequest (D:\photo\v1.2\v1\backend\node_modules\router\lib\layer.js:152:17)
    at trimPrefix (D:\photo\v1.2\v1\backend\node_modules\router\index.js:342:13)
    at D:\photo\v1.2\v1\backend\node_modules\router\index.js:297:9
    at processParams (D:\photo\v1.2\v1\backend\node_modules\router\index.js:582:12)
    at next (D:\photo\v1.2\v1\backend\node_modules\router\index.js:291:5)
    at SendStream.error (D:\photo\v1.2\v1\backend\node_modules\serve-static\index.js:120:7)
    at SendStream.emit (node:events:509:20)
    at SendStream.error (D:\photo\v1.2\v1\backend\node_modules\send\index.js:168:17)
    at SendStream.onStatError (D:\photo\v1.2\v1\backend\node_modules\send\index.js:315:12) 
09-09-2026 17:27:25 | ERROR | Error found | 404 | GET /files/1788959829781_2322237302693856.jpg : Can't find /files/1788959829781_2322237302693856.jpg on this server | user: guest 
Error: Can't find /files/1788959829781_2322237302693856.jpg on this server
    at D:\photo\v1.2\v1\backend\server.js:110:8
    at Layer.handleRequest (D:\photo\v1.2\v1\backend\node_modules\router\lib\layer.js:152:17)
    at trimPrefix (D:\photo\v1.2\v1\backend\node_modules\router\index.js:342:13)
    at D:\photo\v1.2\v1\backend\node_modules\router\index.js:297:9
    at processParams (D:\photo\v1.2\v1\backend\node_modules\router\index.js:582:12)
    at next (D:\photo\v1.2\v1\backend\node_modules\router\index.js:291:5)
    at SendStream.error (D:\photo\v1.2\v1\backend\node_modules\serve-static\index.js:120:7)
    at SendStream.emit (node:events:509:20)
    at SendStream.error (D:\photo\v1.2\v1\backend\node_modules\send\index.js:168:17)
    at SendStream.onStatError (D:\photo\v1.2\v1\backend\node_modules\send\index.js:315:12) 
09-09-2026 17:27:27 | ERROR | Error found | 404 | GET /files/1788959829781_2322237302693856.jpg : Can't find /files/1788959829781_2322237302693856.jpg on this server | user: guest 
Error: Can't find /files/1788959829781_2322237302693856.jpg on this server
    at D:\photo\v1.2\v1\backend\server.js:110:8
    at Layer.handleRequest (D:\photo\v1.2\v1\backend\node_modules\router\lib\layer.js:152:17)
    at trimPrefix (D:\photo\v1.2\v1\backend\node_modules\router\index.js:342:13)
    at D:\photo\v1.2\v1\backend\node_modules\router\index.js:297:9
    at processParams (D:\photo\v1.2\v1\backend\node_modules\router\index.js:582:12)
    at next (D:\photo\v1.2\v1\backend\node_modules\router\index.js:291:5)
    at SendStream.error (D:\photo\v1.2\v1\backend\node_modules\serve-static\index.js:120:7)
    at SendStream.emit (node:events:509:20)
    at SendStream.error (D:\photo\v1.2\v1\backend\node_modules\send\index.js:168:17)
    at SendStream.onStatError (D:\photo\v1.2\v1\backend\node_modules\send\index.js:315:12) 
09-09-2026 17:27:44 | INFO | Category updated: Women by admin Abdelrhman  
09-09-2026 17:27:44 | ERROR | Error found | 404 | GET /files/1788959744875_13721973862114891.jpg : Can't find /files/1788959744875_13721973862114891.jpg on this server | user: guest 
Error: Can't find /files/1788959744875_13721973862114891.jpg on this server
    at D:\photo\v1.2\v1\backend\server.js:110:8
    at Layer.handleRequest (D:\photo\v1.2\v1\backend\node_modules\router\lib\layer.js:152:17)
    at trimPrefix (D:\photo\v1.2\v1\backend\node_modules\router\index.js:342:13)
    at D:\photo\v1.2\v1\backend\node_modules\router\index.js:297:9
    at processParams (D:\photo\v1.2\v1\backend\node_modules\router\index.js:582:12)
    at next (D:\photo\v1.2\v1\backend\node_modules\router\index.js:291:5)
    at SendStream.error (D:\photo\v1.2\v1\backend\node_modules\serve-static\index.js:120:7)
    at SendStream.emit (node:events:509:20)
    at SendStream.error (D:\photo\v1.2\v1\backend\node_modules\send\index.js:168:17)
    at SendStream.onStatError (D:\photo\v1.2\v1\backend\node_modules\send\index.js:315:12) 
09-09-2026 17:27:46 | ERROR | Error found | 404 | GET /files/1788959744875_13721973862114891.jpg : Can't find /files/1788959744875_13721973862114891.jpg on this server | user: guest 
Error: Can't find /files/1788959744875_13721973862114891.jpg on this server
    at D:\photo\v1.2\v1\backend\server.js:110:8
    at Layer.handleRequest (D:\photo\v1.2\v1\backend\node_modules\router\lib\layer.js:152:17)
    at trimPrefix (D:\photo\v1.2\v1\backend\node_modules\router\index.js:342:13)
    at D:\photo\v1.2\v1\backend\node_modules\router\index.js:297:9
    at processParams (D:\photo\v1.2\v1\backend\node_modules\router\index.js:582:12)
    at next (D:\photo\v1.2\v1\backend\node_modules\router\index.js:291:5)
    at SendStream.error (D:\photo\v1.2\v1\backend\node_modules\serve-static\index.js:120:7)
    at SendStream.emit (node:events:509:20)
    at SendStream.error (D:\photo\v1.2\v1\backend\node_modules\send\index.js:168:17)
    at SendStream.onStatError (D:\photo\v1.2\v1\backend\node_modules\send\index.js:315:12) 
09-09-2026 17:27:58 | INFO | Category updated: MEN by admin Abdelrhman  
09-09-2026 17:30:44 | ERROR | Error found | 500 | PUT /api/v1/categories/6aa15c55f145304b3365d354 : File too large | user: Abdelrhman - 6aa143473ad43a3136b2fd27 
MulterError: File too large
    at abortWithCode (D:\photo\v1.2\v1\backend\node_modules\multer\lib\make-middleware.js:107:22)
    at FileStream.<anonymous> (D:\photo\v1.2\v1\backend\node_modules\multer\lib\make-middleware.js:221:11)
    at FileStream.emit (node:events:509:20)
    at SBMH.ssCb [as _cb] (D:\photo\v1.2\v1\backend\node_modules\busboy\lib\types\multipart.js:479:32)
    at feed (D:\photo\v1.2\v1\backend\node_modules\streamsearch\lib\sbmh.js:248:10)
    at SBMH.push (D:\photo\v1.2\v1\backend\node_modules\streamsearch\lib\sbmh.js:104:16)
    at Multipart._write (D:\photo\v1.2\v1\backend\node_modules\busboy\lib\types\multipart.js:567:19)
    at writeOrBuffer (node:internal/streams/writable:570:12)
    at _write (node:internal/streams/writable:499:10)
    at Writable.write (node:internal/streams/writable:508:10) 
09-09-2026 17:30:48 | ERROR | Error found | 500 | PUT /api/v1/categories/6aa15c55f145304b3365d354 : File too large | user: Abdelrhman - 6aa143473ad43a3136b2fd27 
MulterError: File too large
    at abortWithCode (D:\photo\v1.2\v1\backend\node_modules\multer\lib\make-middleware.js:107:22)
    at FileStream.<anonymous> (D:\photo\v1.2\v1\backend\node_modules\multer\lib\make-middleware.js:221:11)
    at FileStream.emit (node:events:509:20)
    at SBMH.ssCb [as _cb] (D:\photo\v1.2\v1\backend\node_modules\busboy\lib\types\multipart.js:479:32)
    at feed (D:\photo\v1.2\v1\backend\node_modules\streamsearch\lib\sbmh.js:248:10)
    at SBMH.push (D:\photo\v1.2\v1\backend\node_modules\streamsearch\lib\sbmh.js:104:16)
    at Multipart._write (D:\photo\v1.2\v1\backend\node_modules\busboy\lib\types\multipart.js:567:19)
    at writeOrBuffer (node:internal/streams/writable:570:12)
    at _write (node:internal/streams/writable:499:10)
    at Writable.write (node:internal/streams/writable:508:10) 
09-09-2026 17:31:02 | ERROR | Error found | 500 | PUT /api/v1/categories/6aa15c55f145304b3365d354 : File too large | user: Abdelrhman - 6aa143473ad43a3136b2fd27 
MulterError: File too large
    at abortWithCode (D:\photo\v1.2\v1\backend\node_modules\multer\lib\make-middleware.js:107:22)
    at FileStream.<anonymous> (D:\photo\v1.2\v1\backend\node_modules\multer\lib\make-middleware.js:221:11)
    at FileStream.emit (node:events:509:20)
    at SBMH.ssCb [as _cb] (D:\photo\v1.2\v1\backend\node_modules\busboy\lib\types\multipart.js:479:32)
    at feed (D:\photo\v1.2\v1\backend\node_modules\streamsearch\lib\sbmh.js:248:10)
    at SBMH.push (D:\photo\v1.2\v1\backend\node_modules\streamsearch\lib\sbmh.js:104:16)
    at Multipart._write (D:\photo\v1.2\v1\backend\node_modules\busboy\lib\types\multipart.js:567:19)
    at writeOrBuffer (node:internal/streams/writable:570:12)
    at _write (node:internal/streams/writable:499:10)
    at Writable.write (node:internal/streams/writable:508:10) 
09-09-2026 17:31:08 | ERROR | Error found | 500 | PUT /api/v1/categories/6aa15c55f145304b3365d354 : File too large | user: Abdelrhman - 6aa143473ad43a3136b2fd27 
MulterError: File too large
    at abortWithCode (D:\photo\v1.2\v1\backend\node_modules\multer\lib\make-middleware.js:107:22)
    at FileStream.<anonymous> (D:\photo\v1.2\v1\backend\node_modules\multer\lib\make-middleware.js:221:11)
    at FileStream.emit (node:events:509:20)
    at SBMH.ssCb [as _cb] (D:\photo\v1.2\v1\backend\node_modules\busboy\lib\types\multipart.js:479:32)
    at feed (D:\photo\v1.2\v1\backend\node_modules\streamsearch\lib\sbmh.js:248:10)
    at SBMH.push (D:\photo\v1.2\v1\backend\node_modules\streamsearch\lib\sbmh.js:104:16)
    at Multipart._write (D:\photo\v1.2\v1\backend\node_modules\busboy\lib\types\multipart.js:567:19)
    at writeOrBuffer (node:internal/streams/writable:570:12)
    at _write (node:internal/streams/writable:499:10)
    at Writable.write (node:internal/streams/writable:508:10) 
09-09-2026 17:31:50 | ERROR | Error found | 500 | PUT /api/v1/categories/6aa15c55f145304b3365d354 : File too large | user: Abdelrhman - 6aa143473ad43a3136b2fd27 
MulterError: File too large
    at abortWithCode (D:\photo\v1.2\v1\backend\node_modules\multer\lib\make-middleware.js:107:22)
    at FileStream.<anonymous> (D:\photo\v1.2\v1\backend\node_modules\multer\lib\make-middleware.js:221:11)
    at FileStream.emit (node:events:509:20)
    at SBMH.ssCb [as _cb] (D:\photo\v1.2\v1\backend\node_modules\busboy\lib\types\multipart.js:479:32)
    at feed (D:\photo\v1.2\v1\backend\node_modules\streamsearch\lib\sbmh.js:248:10)
    at SBMH.push (D:\photo\v1.2\v1\backend\node_modules\streamsearch\lib\sbmh.js:104:16)
    at Multipart._write (D:\photo\v1.2\v1\backend\node_modules\busboy\lib\types\multipart.js:567:19)
    at writeOrBuffer (node:internal/streams/writable:570:12)
    at _write (node:internal/streams/writable:499:10)
    at Writable.write (node:internal/streams/writable:508:10) 
09-09-2026 17:31:56 | INFO | Category updated: Women by admin Abdelrhman  
09-09-2026 17:32:08 | ERROR | Error found | 500 | PUT /api/v1/categories/6aa15c55f145304b3365d354 : File too large | user: Abdelrhman - 6aa143473ad43a3136b2fd27 
MulterError: File too large
    at abortWithCode (D:\photo\v1.2\v1\backend\node_modules\multer\lib\make-middleware.js:107:22)
    at FileStream.<anonymous> (D:\photo\v1.2\v1\backend\node_modules\multer\lib\make-middleware.js:221:11)
    at FileStream.emit (node:events:509:20)
    at SBMH.ssCb [as _cb] (D:\photo\v1.2\v1\backend\node_modules\busboy\lib\types\multipart.js:479:32)
    at feed (D:\photo\v1.2\v1\backend\node_modules\streamsearch\lib\sbmh.js:248:10)
    at SBMH.push (D:\photo\v1.2\v1\backend\node_modules\streamsearch\lib\sbmh.js:104:16)
    at Multipart._write (D:\photo\v1.2\v1\backend\node_modules\busboy\lib\types\multipart.js:567:19)
    at writeOrBuffer (node:internal/streams/writable:570:12)
    at _write (node:internal/streams/writable:499:10)
    at Writable.write (node:internal/streams/writable:508:10) 
09-09-2026 17:32:58 | ERROR | Error found | 500 | PUT /api/v1/categories/6aa15c55f145304b3365d354 : File too large | user: Abdelrhman - 6aa143473ad43a3136b2fd27 
MulterError: File too large
    at abortWithCode (D:\photo\v1.2\v1\backend\node_modules\multer\lib\make-middleware.js:107:22)
    at FileStream.<anonymous> (D:\photo\v1.2\v1\backend\node_modules\multer\lib\make-middleware.js:221:11)
    at FileStream.emit (node:events:509:20)
    at SBMH.ssCb [as _cb] (D:\photo\v1.2\v1\backend\node_modules\busboy\lib\types\multipart.js:479:32)
    at feed (D:\photo\v1.2\v1\backend\node_modules\streamsearch\lib\sbmh.js:248:10)
    at SBMH.push (D:\photo\v1.2\v1\backend\node_modules\streamsearch\lib\sbmh.js:104:16)
    at Multipart._write (D:\photo\v1.2\v1\backend\node_modules\busboy\lib\types\multipart.js:567:19)
    at writeOrBuffer (node:internal/streams/writable:570:12)
    at _write (node:internal/streams/writable:499:10)
    at Writable.write (node:internal/streams/writable:508:10) 
09-09-2026 17:33:13 | INFO | Category updated: MEN by admin Abdelrhman  
09-09-2026 17:33:42 | INFO | Category updated: MEN by admin Abdelrhman  
09-09-2026 17:33:53 | INFO | Category updated: Women by admin Abdelrhman  
09-09-2026 18:44:11 | INFO | Product updated: Hoodie by admin Abdelrhman  
09-09-2026 19:01:58 | ERROR | Error found | 404 | GET /files/test-product.jpg : Can't find /files/test-product.jpg on this server | user: guest 
Error: Can't find /files/test-product.jpg on this server
    at D:\finalProject\v1.2\backend\server.js:110:8
    at Layer.handleRequest (D:\finalProject\v1.2\backend\node_modules\router\lib\layer.js:152:17)
    at trimPrefix (D:\finalProject\v1.2\backend\node_modules\router\index.js:342:13)
    at D:\finalProject\v1.2\backend\node_modules\router\index.js:297:9
    at processParams (D:\finalProject\v1.2\backend\node_modules\router\index.js:582:12)
    at next (D:\finalProject\v1.2\backend\node_modules\router\index.js:291:5)
    at SendStream.error (D:\finalProject\v1.2\backend\node_modules\serve-static\index.js:120:7)
    at SendStream.emit (node:events:509:20)
    at SendStream.error (D:\finalProject\v1.2\backend\node_modules\send\index.js:168:17)
    at SendStream.onStatError (D:\finalProject\v1.2\backend\node_modules\send\index.js:315:12) 
09-09-2026 19:02:01 | ERROR | Error found | 404 | GET /files/test-product.jpg : Can't find /files/test-product.jpg on this server | user: guest 
Error: Can't find /files/test-product.jpg on this server
    at D:\finalProject\v1.2\backend\server.js:110:8
    at Layer.handleRequest (D:\finalProject\v1.2\backend\node_modules\router\lib\layer.js:152:17)
    at trimPrefix (D:\finalProject\v1.2\backend\node_modules\router\index.js:342:13)
    at D:\finalProject\v1.2\backend\node_modules\router\index.js:297:9
    at processParams (D:\finalProject\v1.2\backend\node_modules\router\index.js:582:12)
    at next (D:\finalProject\v1.2\backend\node_modules\router\index.js:291:5)
    at SendStream.error (D:\finalProject\v1.2\backend\node_modules\serve-static\index.js:120:7)
    at SendStream.emit (node:events:509:20)
    at SendStream.error (D:\finalProject\v1.2\backend\node_modules\send\index.js:168:17)
    at SendStream.onStatError (D:\finalProject\v1.2\backend\node_modules\send\index.js:315:12) 
09-09-2026 19:02:03 | ERROR | Error found | 404 | GET /files/test-product.jpg : Can't find /files/test-product.jpg on this server | user: guest 
Error: Can't find /files/test-product.jpg on this server
    at D:\finalProject\v1.2\backend\server.js:110:8
    at Layer.handleRequest (D:\finalProject\v1.2\backend\node_modules\router\lib\layer.js:152:17)
    at trimPrefix (D:\finalProject\v1.2\backend\node_modules\router\index.js:342:13)
    at D:\finalProject\v1.2\backend\node_modules\router\index.js:297:9
    at processParams (D:\finalProject\v1.2\backend\node_modules\router\index.js:582:12)
    at next (D:\finalProject\v1.2\backend\node_modules\router\index.js:291:5)
    at SendStream.error (D:\finalProject\v1.2\backend\node_modules\serve-static\index.js:120:7)
    at SendStream.emit (node:events:509:20)
    at SendStream.error (D:\finalProject\v1.2\backend\node_modules\send\index.js:168:17)
    at SendStream.onStatError (D:\finalProject\v1.2\backend\node_modules\send\index.js:315:12) 
09-09-2026 19:02:03 | ERROR | Error found | 404 | GET /files/test-product.jpg : Can't find /files/test-product.jpg on this server | user: guest 
Error: Can't find /files/test-product.jpg on this server
    at D:\finalProject\v1.2\backend\server.js:110:8
    at Layer.handleRequest (D:\finalProject\v1.2\backend\node_modules\router\lib\layer.js:152:17)
    at trimPrefix (D:\finalProject\v1.2\backend\node_modules\router\index.js:342:13)
    at D:\finalProject\v1.2\backend\node_modules\router\index.js:297:9
    at processParams (D:\finalProject\v1.2\backend\node_modules\router\index.js:582:12)
    at next (D:\finalProject\v1.2\backend\node_modules\router\index.js:291:5)
    at SendStream.error (D:\finalProject\v1.2\backend\node_modules\serve-static\index.js:120:7)
    at SendStream.emit (node:events:509:20)
    at SendStream.error (D:\finalProject\v1.2\backend\node_modules\send\index.js:168:17)
    at SendStream.onStatError (D:\finalProject\v1.2\backend\node_modules\send\index.js:315:12) 
09-09-2026 19:02:03 | ERROR | Error found | 404 | GET /files/test-product.jpg : Can't find /files/test-product.jpg on this server | user: guest 
Error: Can't find /files/test-product.jpg on this server
    at D:\finalProject\v1.2\backend\server.js:110:8
    at Layer.handleRequest (D:\finalProject\v1.2\backend\node_modules\router\lib\layer.js:152:17)
    at trimPrefix (D:\finalProject\v1.2\backend\node_modules\router\index.js:342:13)
    at D:\finalProject\v1.2\backend\node_modules\router\index.js:297:9
    at processParams (D:\finalProject\v1.2\backend\node_modules\router\index.js:582:12)
    at next (D:\finalProject\v1.2\backend\node_modules\router\index.js:291:5)
    at SendStream.error (D:\finalProject\v1.2\backend\node_modules\serve-static\index.js:120:7)
    at SendStream.emit (node:events:509:20)
    at SendStream.error (D:\finalProject\v1.2\backend\node_modules\send\index.js:168:17)
    at SendStream.onStatError (D:\finalProject\v1.2\backend\node_modules\send\index.js:315:12) 
09-09-2026 19:02:34 | ERROR | Error found | 404 | GET /files/test-product.jpg : Can't find /files/test-product.jpg on this server | user: guest 
Error: Can't find /files/test-product.jpg on this server
    at D:\finalProject\v1.2\backend\server.js:110:8
    at Layer.handleRequest (D:\finalProject\v1.2\backend\node_modules\router\lib\layer.js:152:17)
    at trimPrefix (D:\finalProject\v1.2\backend\node_modules\router\index.js:342:13)
    at D:\finalProject\v1.2\backend\node_modules\router\index.js:297:9
    at processParams (D:\finalProject\v1.2\backend\node_modules\router\index.js:582:12)
    at next (D:\finalProject\v1.2\backend\node_modules\router\index.js:291:5)
    at SendStream.error (D:\finalProject\v1.2\backend\node_modules\serve-static\index.js:120:7)
    at SendStream.emit (node:events:509:20)
    at SendStream.error (D:\finalProject\v1.2\backend\node_modules\send\index.js:168:17)
    at SendStream.onStatError (D:\finalProject\v1.2\backend\node_modules\send\index.js:315:12) 
09-09-2026 19:02:40 | ERROR | Error found | 404 | GET /files/test-product.jpg : Can't find /files/test-product.jpg on this server | user: guest 
Error: Can't find /files/test-product.jpg on this server
    at D:\finalProject\v1.2\backend\server.js:110:8
    at Layer.handleRequest (D:\finalProject\v1.2\backend\node_modules\router\lib\layer.js:152:17)
    at trimPrefix (D:\finalProject\v1.2\backend\node_modules\router\index.js:342:13)
    at D:\finalProject\v1.2\backend\node_modules\router\index.js:297:9
    at processParams (D:\finalProject\v1.2\backend\node_modules\router\index.js:582:12)
    at next (D:\finalProject\v1.2\backend\node_modules\router\index.js:291:5)
    at SendStream.error (D:\finalProject\v1.2\backend\node_modules\serve-static\index.js:120:7)
    at SendStream.emit (node:events:509:20)
    at SendStream.error (D:\finalProject\v1.2\backend\node_modules\send\index.js:168:17)
    at SendStream.onStatError (D:\finalProject\v1.2\backend\node_modules\send\index.js:315:12) 
09-09-2026 19:02:40 | ERROR | Error found | 404 | GET /files/test-product.jpg : Can't find /files/test-product.jpg on this server | user: guest 
Error: Can't find /files/test-product.jpg on this server
    at D:\finalProject\v1.2\backend\server.js:110:8
    at Layer.handleRequest (D:\finalProject\v1.2\backend\node_modules\router\lib\layer.js:152:17)
    at trimPrefix (D:\finalProject\v1.2\backend\node_modules\router\index.js:342:13)
    at D:\finalProject\v1.2\backend\node_modules\router\index.js:297:9
    at processParams (D:\finalProject\v1.2\backend\node_modules\router\index.js:582:12)
    at next (D:\finalProject\v1.2\backend\node_modules\router\index.js:291:5)
    at SendStream.error (D:\finalProject\v1.2\backend\node_modules\serve-static\index.js:120:7)
    at SendStream.emit (node:events:509:20)
    at SendStream.error (D:\finalProject\v1.2\backend\node_modules\send\index.js:168:17)
    at SendStream.onStatError (D:\finalProject\v1.2\backend\node_modules\send\index.js:315:12) 
09-09-2026 19:04:07 | ERROR | Error found | 404 | GET /files/test-product.jpg : Can't find /files/test-product.jpg on this server | user: guest 
Error: Can't find /files/test-product.jpg on this server
    at D:\finalProject\v1.2\backend\server.js:110:8
    at Layer.handleRequest (D:\finalProject\v1.2\backend\node_modules\router\lib\layer.js:152:17)
    at trimPrefix (D:\finalProject\v1.2\backend\node_modules\router\index.js:342:13)
    at D:\finalProject\v1.2\backend\node_modules\router\index.js:297:9
    at processParams (D:\finalProject\v1.2\backend\node_modules\router\index.js:582:12)
    at next (D:\finalProject\v1.2\backend\node_modules\router\index.js:291:5)
    at SendStream.error (D:\finalProject\v1.2\backend\node_modules\serve-static\index.js:120:7)
    at SendStream.emit (node:events:509:20)
    at SendStream.error (D:\finalProject\v1.2\backend\node_modules\send\index.js:168:17)
    at SendStream.onStatError (D:\finalProject\v1.2\backend\node_modules\send\index.js:315:12) 
09-09-2026 19:04:08 | ERROR | Error found | 404 | GET /files/test-product.jpg : Can't find /files/test-product.jpg on this server | user: guest 
Error: Can't find /files/test-product.jpg on this server
    at D:\finalProject\v1.2\backend\server.js:110:8
    at Layer.handleRequest (D:\finalProject\v1.2\backend\node_modules\router\lib\layer.js:152:17)
    at trimPrefix (D:\finalProject\v1.2\backend\node_modules\router\index.js:342:13)
    at D:\finalProject\v1.2\backend\node_modules\router\index.js:297:9
    at processParams (D:\finalProject\v1.2\backend\node_modules\router\index.js:582:12)
    at next (D:\finalProject\v1.2\backend\node_modules\router\index.js:291:5)
    at SendStream.error (D:\finalProject\v1.2\backend\node_modules\serve-static\index.js:120:7)
    at SendStream.emit (node:events:509:20)
    at SendStream.error (D:\finalProject\v1.2\backend\node_modules\send\index.js:168:17)
    at SendStream.onStatError (D:\finalProject\v1.2\backend\node_modules\send\index.js:315:12) 
09-09-2026 19:04:17 | ERROR | Error found | 404 | GET /files/test-product.jpg : Can't find /files/test-product.jpg on this server | user: guest 
Error: Can't find /files/test-product.jpg on this server
    at D:\finalProject\v1.2\backend\server.js:110:8
    at Layer.handleRequest (D:\finalProject\v1.2\backend\node_modules\router\lib\layer.js:152:17)
    at trimPrefix (D:\finalProject\v1.2\backend\node_modules\router\index.js:342:13)
    at D:\finalProject\v1.2\backend\node_modules\router\index.js:297:9
    at processParams (D:\finalProject\v1.2\backend\node_modules\router\index.js:582:12)
    at next (D:\finalProject\v1.2\backend\node_modules\router\index.js:291:5)
    at SendStream.error (D:\finalProject\v1.2\backend\node_modules\serve-static\index.js:120:7)
    at SendStream.emit (node:events:509:20)
    at SendStream.error (D:\finalProject\v1.2\backend\node_modules\send\index.js:168:17)
    at SendStream.onStatError (D:\finalProject\v1.2\backend\node_modules\send\index.js:315:12) 
09-09-2026 19:04:22 | ERROR | Error found | 404 | GET /files/test-product.jpg : Can't find /files/test-product.jpg on this server | user: guest 
Error: Can't find /files/test-product.jpg on this server
    at D:\finalProject\v1.2\backend\server.js:110:8
    at Layer.handleRequest (D:\finalProject\v1.2\backend\node_modules\router\lib\layer.js:152:17)
    at trimPrefix (D:\finalProject\v1.2\backend\node_modules\router\index.js:342:13)
    at D:\finalProject\v1.2\backend\node_modules\router\index.js:297:9
    at processParams (D:\finalProject\v1.2\backend\node_modules\router\index.js:582:12)
    at next (D:\finalProject\v1.2\backend\node_modules\router\index.js:291:5)
    at SendStream.error (D:\finalProject\v1.2\backend\node_modules\serve-static\index.js:120:7)
    at SendStream.emit (node:events:509:20)
    at SendStream.error (D:\finalProject\v1.2\backend\node_modules\send\index.js:168:17)
    at SendStream.onStatError (D:\finalProject\v1.2\backend\node_modules\send\index.js:315:12) 
09-09-2026 19:04:25 | ERROR | Error found | 404 | GET /files/test-product.jpg : Can't find /files/test-product.jpg on this server | user: guest 
Error: Can't find /files/test-product.jpg on this server
    at D:\finalProject\v1.2\backend\server.js:110:8
    at Layer.handleRequest (D:\finalProject\v1.2\backend\node_modules\router\lib\layer.js:152:17)
    at trimPrefix (D:\finalProject\v1.2\backend\node_modules\router\index.js:342:13)
    at D:\finalProject\v1.2\backend\node_modules\router\index.js:297:9
    at processParams (D:\finalProject\v1.2\backend\node_modules\router\index.js:582:12)
    at next (D:\finalProject\v1.2\backend\node_modules\router\index.js:291:5)
    at SendStream.error (D:\finalProject\v1.2\backend\node_modules\serve-static\index.js:120:7)
    at SendStream.emit (node:events:509:20)
    at SendStream.error (D:\finalProject\v1.2\backend\node_modules\send\index.js:168:17)
    at SendStream.onStatError (D:\finalProject\v1.2\backend\node_modules\send\index.js:315:12) 
09-09-2026 19:04:26 | ERROR | Error found | 404 | GET /files/test-product.jpg : Can't find /files/test-product.jpg on this server | user: guest 
Error: Can't find /files/test-product.jpg on this server
    at D:\finalProject\v1.2\backend\server.js:110:8
    at Layer.handleRequest (D:\finalProject\v1.2\backend\node_modules\router\lib\layer.js:152:17)
    at trimPrefix (D:\finalProject\v1.2\backend\node_modules\router\index.js:342:13)
    at D:\finalProject\v1.2\backend\node_modules\router\index.js:297:9
    at processParams (D:\finalProject\v1.2\backend\node_modules\router\index.js:582:12)
    at next (D:\finalProject\v1.2\backend\node_modules\router\index.js:291:5)
    at SendStream.error (D:\finalProject\v1.2\backend\node_modules\serve-static\index.js:120:7)
    at SendStream.emit (node:events:509:20)
    at SendStream.error (D:\finalProject\v1.2\backend\node_modules\send\index.js:168:17)
    at SendStream.onStatError (D:\finalProject\v1.2\backend\node_modules\send\index.js:315:12) 
09-09-2026 19:12:09 | ERROR | Error found | 404 | GET /files/test-product.jpg : Can't find /files/test-product.jpg on this server | user: guest 
Error: Can't find /files/test-product.jpg on this server
    at D:\finalProject\v1.2\backend\server.js:110:8
    at Layer.handleRequest (D:\finalProject\v1.2\backend\node_modules\router\lib\layer.js:152:17)
    at trimPrefix (D:\finalProject\v1.2\backend\node_modules\router\index.js:342:13)
    at D:\finalProject\v1.2\backend\node_modules\router\index.js:297:9
    at processParams (D:\finalProject\v1.2\backend\node_modules\router\index.js:582:12)
    at next (D:\finalProject\v1.2\backend\node_modules\router\index.js:291:5)
    at SendStream.error (D:\finalProject\v1.2\backend\node_modules\serve-static\index.js:120:7)
    at SendStream.emit (node:events:509:20)
    at SendStream.error (D:\finalProject\v1.2\backend\node_modules\send\index.js:168:17)
    at SendStream.onStatError (D:\finalProject\v1.2\backend\node_modules\send\index.js:315:12) 
09-09-2026 19:12:48 | ERROR | Error found | 404 | GET /files/test-product.jpg : Can't find /files/test-product.jpg on this server | user: guest 
Error: Can't find /files/test-product.jpg on this server
    at D:\finalProject\v1.2\backend\server.js:110:8
    at Layer.handleRequest (D:\finalProject\v1.2\backend\node_modules\router\lib\layer.js:152:17)
    at trimPrefix (D:\finalProject\v1.2\backend\node_modules\router\index.js:342:13)
    at D:\finalProject\v1.2\backend\node_modules\router\index.js:297:9
    at processParams (D:\finalProject\v1.2\backend\node_modules\router\index.js:582:12)
    at next (D:\finalProject\v1.2\backend\node_modules\router\index.js:291:5)
    at SendStream.error (D:\finalProject\v1.2\backend\node_modules\serve-static\index.js:120:7)
    at SendStream.emit (node:events:509:20)
    at SendStream.error (D:\finalProject\v1.2\backend\node_modules\send\index.js:168:17)
    at SendStream.onStatError (D:\finalProject\v1.2\backend\node_modules\send\index.js:315:12) 
09-09-2026 19:12:49 | ERROR | Error found | 404 | GET /files/test-product.jpg : Can't find /files/test-product.jpg on this server | user: guest 
Error: Can't find /files/test-product.jpg on this server
    at D:\finalProject\v1.2\backend\server.js:110:8
    at Layer.handleRequest (D:\finalProject\v1.2\backend\node_modules\router\lib\layer.js:152:17)
    at trimPrefix (D:\finalProject\v1.2\backend\node_modules\router\index.js:342:13)
    at D:\finalProject\v1.2\backend\node_modules\router\index.js:297:9
    at processParams (D:\finalProject\v1.2\backend\node_modules\router\index.js:582:12)
    at next (D:\finalProject\v1.2\backend\node_modules\router\index.js:291:5)
    at SendStream.error (D:\finalProject\v1.2\backend\node_modules\serve-static\index.js:120:7)
    at SendStream.emit (node:events:509:20)
    at SendStream.error (D:\finalProject\v1.2\backend\node_modules\send\index.js:168:17)
    at SendStream.onStatError (D:\finalProject\v1.2\backend\node_modules\send\index.js:315:12) 
09-09-2026 19:12:52 | ERROR | Error found | 404 | GET /files/test-product.jpg : Can't find /files/test-product.jpg on this server | user: guest 
Error: Can't find /files/test-product.jpg on this server
    at D:\finalProject\v1.2\backend\server.js:110:8
    at Layer.handleRequest (D:\finalProject\v1.2\backend\node_modules\router\lib\layer.js:152:17)
    at trimPrefix (D:\finalProject\v1.2\backend\node_modules\router\index.js:342:13)
    at D:\finalProject\v1.2\backend\node_modules\router\index.js:297:9
    at processParams (D:\finalProject\v1.2\backend\node_modules\router\index.js:582:12)
    at next (D:\finalProject\v1.2\backend\node_modules\router\index.js:291:5)
    at SendStream.error (D:\finalProject\v1.2\backend\node_modules\serve-static\index.js:120:7)
    at SendStream.emit (node:events:509:20)
    at SendStream.error (D:\finalProject\v1.2\backend\node_modules\send\index.js:168:17)
    at SendStream.onStatError (D:\finalProject\v1.2\backend\node_modules\send\index.js:315:12) 
09-09-2026 19:12:52 | ERROR | Error found | 404 | GET /files/test-product.jpg : Can't find /files/test-product.jpg on this server | user: guest 
Error: Can't find /files/test-product.jpg on this server
    at D:\finalProject\v1.2\backend\server.js:110:8
    at Layer.handleRequest (D:\finalProject\v1.2\backend\node_modules\router\lib\layer.js:152:17)
    at trimPrefix (D:\finalProject\v1.2\backend\node_modules\router\index.js:342:13)
    at D:\finalProject\v1.2\backend\node_modules\router\index.js:297:9
    at processParams (D:\finalProject\v1.2\backend\node_modules\router\index.js:582:12)
    at next (D:\finalProject\v1.2\backend\node_modules\router\index.js:291:5)
    at SendStream.error (D:\finalProject\v1.2\backend\node_modules\serve-static\index.js:120:7)
    at SendStream.emit (node:events:509:20)
    at SendStream.error (D:\finalProject\v1.2\backend\node_modules\send\index.js:168:17)
    at SendStream.onStatError (D:\finalProject\v1.2\backend\node_modules\send\index.js:315:12) 
09-09-2026 19:12:52 | ERROR | Error found | 404 | GET /files/test-product.jpg : Can't find /files/test-product.jpg on this server | user: guest 
Error: Can't find /files/test-product.jpg on this server
    at D:\finalProject\v1.2\backend\server.js:110:8
    at Layer.handleRequest (D:\finalProject\v1.2\backend\node_modules\router\lib\layer.js:152:17)
    at trimPrefix (D:\finalProject\v1.2\backend\node_modules\router\index.js:342:13)
    at D:\finalProject\v1.2\backend\node_modules\router\index.js:297:9
    at processParams (D:\finalProject\v1.2\backend\node_modules\router\index.js:582:12)
    at next (D:\finalProject\v1.2\backend\node_modules\router\index.js:291:5)
    at SendStream.error (D:\finalProject\v1.2\backend\node_modules\serve-static\index.js:120:7)
    at SendStream.emit (node:events:509:20)
    at SendStream.error (D:\finalProject\v1.2\backend\node_modules\send\index.js:168:17)
    at SendStream.onStatError (D:\finalProject\v1.2\backend\node_modules\send\index.js:315:12) 
09-09-2026 19:13:13 | ERROR | Error found | 404 | GET /files/test-product.jpg : Can't find /files/test-product.jpg on this server | user: guest 
Error: Can't find /files/test-product.jpg on this server
    at D:\finalProject\v1.2\backend\server.js:110:8
    at Layer.handleRequest (D:\finalProject\v1.2\backend\node_modules\router\lib\layer.js:152:17)
    at trimPrefix (D:\finalProject\v1.2\backend\node_modules\router\index.js:342:13)
    at D:\finalProject\v1.2\backend\node_modules\router\index.js:297:9
    at processParams (D:\finalProject\v1.2\backend\node_modules\router\index.js:582:12)
    at next (D:\finalProject\v1.2\backend\node_modules\router\index.js:291:5)
    at SendStream.error (D:\finalProject\v1.2\backend\node_modules\serve-static\index.js:120:7)
    at SendStream.emit (node:events:509:20)
    at SendStream.error (D:\finalProject\v1.2\backend\node_modules\send\index.js:168:17)
    at SendStream.onStatError (D:\finalProject\v1.2\backend\node_modules\send\index.js:315:12) 
09-09-2026 19:13:16 | ERROR | Error found | 404 | GET /files/test-product.jpg : Can't find /files/test-product.jpg on this server | user: guest 
Error: Can't find /files/test-product.jpg on this server
    at D:\finalProject\v1.2\backend\server.js:110:8
    at Layer.handleRequest (D:\finalProject\v1.2\backend\node_modules\router\lib\layer.js:152:17)
    at trimPrefix (D:\finalProject\v1.2\backend\node_modules\router\index.js:342:13)
    at D:\finalProject\v1.2\backend\node_modules\router\index.js:297:9
    at processParams (D:\finalProject\v1.2\backend\node_modules\router\index.js:582:12)
    at next (D:\finalProject\v1.2\backend\node_modules\router\index.js:291:5)
    at SendStream.error (D:\finalProject\v1.2\backend\node_modules\serve-static\index.js:120:7)
    at SendStream.emit (node:events:509:20)
    at SendStream.error (D:\finalProject\v1.2\backend\node_modules\send\index.js:168:17)
    at SendStream.onStatError (D:\finalProject\v1.2\backend\node_modules\send\index.js:315:12) 
09-09-2026 19:13:27 | INFO | Product updated: T-Shirt Product 2 by admin Abdelrhman  
09-09-2026 19:13:27 | ERROR | Error found | 404 | GET /files/test-product.jpg : Can't find /files/test-product.jpg on this server | user: guest 
Error: Can't find /files/test-product.jpg on this server
    at D:\finalProject\v1.2\backend\server.js:110:8
    at Layer.handleRequest (D:\finalProject\v1.2\backend\node_modules\router\lib\layer.js:152:17)
    at trimPrefix (D:\finalProject\v1.2\backend\node_modules\router\index.js:342:13)
    at D:\finalProject\v1.2\backend\node_modules\router\index.js:297:9
    at processParams (D:\finalProject\v1.2\backend\node_modules\router\index.js:582:12)
    at next (D:\finalProject\v1.2\backend\node_modules\router\index.js:291:5)
    at SendStream.error (D:\finalProject\v1.2\backend\node_modules\serve-static\index.js:120:7)
    at SendStream.emit (node:events:509:20)
    at SendStream.error (D:\finalProject\v1.2\backend\node_modules\send\index.js:168:17)
    at SendStream.onStatError (D:\finalProject\v1.2\backend\node_modules\send\index.js:315:12) 
09-09-2026 19:13:29 | ERROR | Error found | 404 | GET /files/test-product.jpg : Can't find /files/test-product.jpg on this server | user: guest 
Error: Can't find /files/test-product.jpg on this server
    at D:\finalProject\v1.2\backend\server.js:110:8
    at Layer.handleRequest (D:\finalProject\v1.2\backend\node_modules\router\lib\layer.js:152:17)
    at trimPrefix (D:\finalProject\v1.2\backend\node_modules\router\index.js:342:13)
    at D:\finalProject\v1.2\backend\node_modules\router\index.js:297:9
    at processParams (D:\finalProject\v1.2\backend\node_modules\router\index.js:582:12)
    at next (D:\finalProject\v1.2\backend\node_modules\router\index.js:291:5)
    at SendStream.error (D:\finalProject\v1.2\backend\node_modules\serve-static\index.js:120:7)
    at SendStream.emit (node:events:509:20)
    at SendStream.error (D:\finalProject\v1.2\backend\node_modules\send\index.js:168:17)
    at SendStream.onStatError (D:\finalProject\v1.2\backend\node_modules\send\index.js:315:12) 
09-09-2026 19:13:37 | INFO | Product updated: T-Shirt Product 1 by admin Abdelrhman  
09-09-2026 19:13:38 | ERROR | Error found | 404 | GET /files/test-product.jpg : Can't find /files/test-product.jpg on this server | user: guest 
Error: Can't find /files/test-product.jpg on this server
    at D:\finalProject\v1.2\backend\server.js:110:8
    at Layer.handleRequest (D:\finalProject\v1.2\backend\node_modules\router\lib\layer.js:152:17)
    at trimPrefix (D:\finalProject\v1.2\backend\node_modules\router\index.js:342:13)
    at D:\finalProject\v1.2\backend\node_modules\router\index.js:297:9
    at processParams (D:\finalProject\v1.2\backend\node_modules\router\index.js:582:12)
    at next (D:\finalProject\v1.2\backend\node_modules\router\index.js:291:5)
    at SendStream.error (D:\finalProject\v1.2\backend\node_modules\serve-static\index.js:120:7)
    at SendStream.emit (node:events:509:20)
    at SendStream.error (D:\finalProject\v1.2\backend\node_modules\send\index.js:168:17)
    at SendStream.onStatError (D:\finalProject\v1.2\backend\node_modules\send\index.js:315:12) 
09-09-2026 19:13:40 | ERROR | Error found | 404 | GET /files/test-product.jpg : Can't find /files/test-product.jpg on this server | user: guest 
Error: Can't find /files/test-product.jpg on this server
    at D:\finalProject\v1.2\backend\server.js:110:8
    at Layer.handleRequest (D:\finalProject\v1.2\backend\node_modules\router\lib\layer.js:152:17)
    at trimPrefix (D:\finalProject\v1.2\backend\node_modules\router\index.js:342:13)
    at D:\finalProject\v1.2\backend\node_modules\router\index.js:297:9
    at processParams (D:\finalProject\v1.2\backend\node_modules\router\index.js:582:12)
    at next (D:\finalProject\v1.2\backend\node_modules\router\index.js:291:5)
    at SendStream.error (D:\finalProject\v1.2\backend\node_modules\serve-static\index.js:120:7)
    at SendStream.emit (node:events:509:20)
    at SendStream.error (D:\finalProject\v1.2\backend\node_modules\send\index.js:168:17)
    at SendStream.onStatError (D:\finalProject\v1.2\backend\node_modules\send\index.js:315:12) 
09-09-2026 19:13:49 | INFO | Product updated: T-Shirt Product 3 by admin Abdelrhman  
09-09-2026 19:13:49 | ERROR | Error found | 404 | GET /files/test-product.jpg : Can't find /files/test-product.jpg on this server | user: guest 
Error: Can't find /files/test-product.jpg on this server
    at D:\finalProject\v1.2\backend\server.js:110:8
    at Layer.handleRequest (D:\finalProject\v1.2\backend\node_modules\router\lib\layer.js:152:17)
    at trimPrefix (D:\finalProject\v1.2\backend\node_modules\router\index.js:342:13)
    at D:\finalProject\v1.2\backend\node_modules\router\index.js:297:9
    at processParams (D:\finalProject\v1.2\backend\node_modules\router\index.js:582:12)
    at next (D:\finalProject\v1.2\backend\node_modules\router\index.js:291:5)
    at SendStream.error (D:\finalProject\v1.2\backend\node_modules\serve-static\index.js:120:7)
    at SendStream.emit (node:events:509:20)
    at SendStream.error (D:\finalProject\v1.2\backend\node_modules\send\index.js:168:17)
    at SendStream.onStatError (D:\finalProject\v1.2\backend\node_modules\send\index.js:315:12) 
09-09-2026 19:13:52 | ERROR | Error found | 404 | GET /files/test-product.jpg : Can't find /files/test-product.jpg on this server | user: guest 
Error: Can't find /files/test-product.jpg on this server
    at D:\finalProject\v1.2\backend\server.js:110:8
    at Layer.handleRequest (D:\finalProject\v1.2\backend\node_modules\router\lib\layer.js:152:17)
    at trimPrefix (D:\finalProject\v1.2\backend\node_modules\router\index.js:342:13)
    at D:\finalProject\v1.2\backend\node_modules\router\index.js:297:9
    at processParams (D:\finalProject\v1.2\backend\node_modules\router\index.js:582:12)
    at next (D:\finalProject\v1.2\backend\node_modules\router\index.js:291:5)
    at SendStream.error (D:\finalProject\v1.2\backend\node_modules\serve-static\index.js:120:7)
    at SendStream.emit (node:events:509:20)
    at SendStream.error (D:\finalProject\v1.2\backend\node_modules\send\index.js:168:17)
    at SendStream.onStatError (D:\finalProject\v1.2\backend\node_modules\send\index.js:315:12) 
09-09-2026 19:14:07 | INFO | Product updated: Jackets Product 1 by admin Abdelrhman  
09-09-2026 19:14:07 | ERROR | Error found | 404 | GET /files/test-product.jpg : Can't find /files/test-product.jpg on this server | user: guest 
Error: Can't find /files/test-product.jpg on this server
    at D:\finalProject\v1.2\backend\server.js:110:8
    at Layer.handleRequest (D:\finalProject\v1.2\backend\node_modules\router\lib\layer.js:152:17)
    at trimPrefix (D:\finalProject\v1.2\backend\node_modules\router\index.js:342:13)
    at D:\finalProject\v1.2\backend\node_modules\router\index.js:297:9
    at processParams (D:\finalProject\v1.2\backend\node_modules\router\index.js:582:12)
    at next (D:\finalProject\v1.2\backend\node_modules\router\index.js:291:5)
    at SendStream.error (D:\finalProject\v1.2\backend\node_modules\serve-static\index.js:120:7)
    at SendStream.emit (node:events:509:20)
    at SendStream.error (D:\finalProject\v1.2\backend\node_modules\send\index.js:168:17)
    at SendStream.onStatError (D:\finalProject\v1.2\backend\node_modules\send\index.js:315:12) 
09-09-2026 19:14:38 | INFO | Product updated: T-Shirt Product 1 by admin Abdelrhman  
09-09-2026 19:14:38 | ERROR | Error found | 404 | GET /files/test-product.jpg : Can't find /files/test-product.jpg on this server | user: guest 
Error: Can't find /files/test-product.jpg on this server
    at D:\finalProject\v1.2\backend\server.js:110:8
    at Layer.handleRequest (D:\finalProject\v1.2\backend\node_modules\router\lib\layer.js:152:17)
    at trimPrefix (D:\finalProject\v1.2\backend\node_modules\router\index.js:342:13)
    at D:\finalProject\v1.2\backend\node_modules\router\index.js:297:9
    at processParams (D:\finalProject\v1.2\backend\node_modules\router\index.js:582:12)
    at next (D:\finalProject\v1.2\backend\node_modules\router\index.js:291:5)
    at SendStream.error (D:\finalProject\v1.2\backend\node_modules\serve-static\index.js:120:7)
    at SendStream.emit (node:events:509:20)
    at SendStream.error (D:\finalProject\v1.2\backend\node_modules\send\index.js:168:17)
    at SendStream.onStatError (D:\finalProject\v1.2\backend\node_modules\send\index.js:315:12) 
09-09-2026 19:14:52 | INFO | Product updated: T-Shirt Product 2 by admin Abdelrhman  
09-09-2026 19:14:52 | ERROR | Error found | 404 | GET /files/test-product.jpg : Can't find /files/test-product.jpg on this server | user: guest 
Error: Can't find /files/test-product.jpg on this server
    at D:\finalProject\v1.2\backend\server.js:110:8
    at Layer.handleRequest (D:\finalProject\v1.2\backend\node_modules\router\lib\layer.js:152:17)
    at trimPrefix (D:\finalProject\v1.2\backend\node_modules\router\index.js:342:13)
    at D:\finalProject\v1.2\backend\node_modules\router\index.js:297:9
    at processParams (D:\finalProject\v1.2\backend\node_modules\router\index.js:582:12)
    at next (D:\finalProject\v1.2\backend\node_modules\router\index.js:291:5)
    at SendStream.error (D:\finalProject\v1.2\backend\node_modules\serve-static\index.js:120:7)
    at SendStream.emit (node:events:509:20)
    at SendStream.error (D:\finalProject\v1.2\backend\node_modules\send\index.js:168:17)
    at SendStream.onStatError (D:\finalProject\v1.2\backend\node_modules\send\index.js:315:12) 
09-09-2026 19:14:58 | ERROR | Error found | 404 | GET /files/test-product.jpg : Can't find /files/test-product.jpg on this server | user: guest 
Error: Can't find /files/test-product.jpg on this server
    at D:\finalProject\v1.2\backend\server.js:110:8
    at Layer.handleRequest (D:\finalProject\v1.2\backend\node_modules\router\lib\layer.js:152:17)
    at trimPrefix (D:\finalProject\v1.2\backend\node_modules\router\index.js:342:13)
    at D:\finalProject\v1.2\backend\node_modules\router\index.js:297:9
    at processParams (D:\finalProject\v1.2\backend\node_modules\router\index.js:582:12)
    at next (D:\finalProject\v1.2\backend\node_modules\router\index.js:291:5)
    at SendStream.error (D:\finalProject\v1.2\backend\node_modules\serve-static\index.js:120:7)
    at SendStream.emit (node:events:509:20)
    at SendStream.error (D:\finalProject\v1.2\backend\node_modules\send\index.js:168:17)
    at SendStream.onStatError (D:\finalProject\v1.2\backend\node_modules\send\index.js:315:12) 
09-09-2026 19:15:10 | INFO | Product updated: Jackets Product 2 by admin Abdelrhman  
09-09-2026 19:15:10 | ERROR | Error found | 404 | GET /files/test-product.jpg : Can't find /files/test-product.jpg on this server | user: guest 
Error: Can't find /files/test-product.jpg on this server
    at D:\finalProject\v1.2\backend\server.js:110:8
    at Layer.handleRequest (D:\finalProject\v1.2\backend\node_modules\router\lib\layer.js:152:17)
    at trimPrefix (D:\finalProject\v1.2\backend\node_modules\router\index.js:342:13)
    at D:\finalProject\v1.2\backend\node_modules\router\index.js:297:9
    at processParams (D:\finalProject\v1.2\backend\node_modules\router\index.js:582:12)
    at next (D:\finalProject\v1.2\backend\node_modules\router\index.js:291:5)
    at SendStream.error (D:\finalProject\v1.2\backend\node_modules\serve-static\index.js:120:7)
    at SendStream.emit (node:events:509:20)
    at SendStream.error (D:\finalProject\v1.2\backend\node_modules\send\index.js:168:17)
    at SendStream.onStatError (D:\finalProject\v1.2\backend\node_modules\send\index.js:315:12) 
09-09-2026 19:15:15 | ERROR | Error found | 404 | GET /files/test-product.jpg : Can't find /files/test-product.jpg on this server | user: guest 
Error: Can't find /files/test-product.jpg on this server
    at D:\finalProject\v1.2\backend\server.js:110:8
    at Layer.handleRequest (D:\finalProject\v1.2\backend\node_modules\router\lib\layer.js:152:17)
    at trimPrefix (D:\finalProject\v1.2\backend\node_modules\router\index.js:342:13)
    at D:\finalProject\v1.2\backend\node_modules\router\index.js:297:9
    at processParams (D:\finalProject\v1.2\backend\node_modules\router\index.js:582:12)
    at next (D:\finalProject\v1.2\backend\node_modules\router\index.js:291:5)
    at SendStream.error (D:\finalProject\v1.2\backend\node_modules\serve-static\index.js:120:7)
    at SendStream.emit (node:events:509:20)
    at SendStream.error (D:\finalProject\v1.2\backend\node_modules\send\index.js:168:17)
    at SendStream.onStatError (D:\finalProject\v1.2\backend\node_modules\send\index.js:315:12) 
09-09-2026 19:15:25 | ERROR | Error found | 404 | GET /files/test-product.jpg : Can't find /files/test-product.jpg on this server | user: guest 
Error: Can't find /files/test-product.jpg on this server
    at D:\finalProject\v1.2\backend\server.js:110:8
    at Layer.handleRequest (D:\finalProject\v1.2\backend\node_modules\router\lib\layer.js:152:17)
    at trimPrefix (D:\finalProject\v1.2\backend\node_modules\router\index.js:342:13)
    at D:\finalProject\v1.2\backend\node_modules\router\index.js:297:9
    at processParams (D:\finalProject\v1.2\backend\node_modules\router\index.js:582:12)
    at next (D:\finalProject\v1.2\backend\node_modules\router\index.js:291:5)
    at SendStream.error (D:\finalProject\v1.2\backend\node_modules\serve-static\index.js:120:7)
    at SendStream.emit (node:events:509:20)
    at SendStream.error (D:\finalProject\v1.2\backend\node_modules\send\index.js:168:17)
    at SendStream.onStatError (D:\finalProject\v1.2\backend\node_modules\send\index.js:315:12) 
09-09-2026 19:15:48 | ERROR | Error found | 404 | GET /files/test-product.jpg : Can't find /files/test-product.jpg on this server | user: guest 
Error: Can't find /files/test-product.jpg on this server
    at D:\finalProject\v1.2\backend\server.js:110:8
    at Layer.handleRequest (D:\finalProject\v1.2\backend\node_modules\router\lib\layer.js:152:17)
    at trimPrefix (D:\finalProject\v1.2\backend\node_modules\router\index.js:342:13)
    at D:\finalProject\v1.2\backend\node_modules\router\index.js:297:9
    at processParams (D:\finalProject\v1.2\backend\node_modules\router\index.js:582:12)
    at next (D:\finalProject\v1.2\backend\node_modules\router\index.js:291:5)
    at SendStream.error (D:\finalProject\v1.2\backend\node_modules\serve-static\index.js:120:7)
    at SendStream.emit (node:events:509:20)
    at SendStream.error (D:\finalProject\v1.2\backend\node_modules\send\index.js:168:17)
    at SendStream.onStatError (D:\finalProject\v1.2\backend\node_modules\send\index.js:315:12) 
09-09-2026 19:15:57 | INFO | Product updated: Jackets Product 3 by admin Abdelrhman  
09-09-2026 19:15:57 | ERROR | Error found | 404 | GET /files/test-product.jpg : Can't find /files/test-product.jpg on this server | user: guest 
Error: Can't find /files/test-product.jpg on this server
    at D:\finalProject\v1.2\backend\server.js:110:8
    at Layer.handleRequest (D:\finalProject\v1.2\backend\node_modules\router\lib\layer.js:152:17)
    at trimPrefix (D:\finalProject\v1.2\backend\node_modules\router\index.js:342:13)
    at D:\finalProject\v1.2\backend\node_modules\router\index.js:297:9
    at processParams (D:\finalProject\v1.2\backend\node_modules\router\index.js:582:12)
    at next (D:\finalProject\v1.2\backend\node_modules\router\index.js:291:5)
    at SendStream.error (D:\finalProject\v1.2\backend\node_modules\serve-static\index.js:120:7)
    at SendStream.emit (node:events:509:20)
    at SendStream.error (D:\finalProject\v1.2\backend\node_modules\send\index.js:168:17)
    at SendStream.onStatError (D:\finalProject\v1.2\backend\node_modules\send\index.js:315:12) 
09-09-2026 19:16:00 | ERROR | Error found | 404 | GET /files/test-product.jpg : Can't find /files/test-product.jpg on this server | user: guest 
Error: Can't find /files/test-product.jpg on this server
    at D:\finalProject\v1.2\backend\server.js:110:8
    at Layer.handleRequest (D:\finalProject\v1.2\backend\node_modules\router\lib\layer.js:152:17)
    at trimPrefix (D:\finalProject\v1.2\backend\node_modules\router\index.js:342:13)
    at D:\finalProject\v1.2\backend\node_modules\router\index.js:297:9
    at processParams (D:\finalProject\v1.2\backend\node_modules\router\index.js:582:12)
    at next (D:\finalProject\v1.2\backend\node_modules\router\index.js:291:5)
    at SendStream.error (D:\finalProject\v1.2\backend\node_modules\serve-static\index.js:120:7)
    at SendStream.emit (node:events:509:20)
    at SendStream.error (D:\finalProject\v1.2\backend\node_modules\send\index.js:168:17)
    at SendStream.onStatError (D:\finalProject\v1.2\backend\node_modules\send\index.js:315:12) 
09-09-2026 19:16:36 | INFO | Product updated: Jeans Product 1 by admin Abdelrhman  
09-09-2026 19:16:36 | ERROR | Error found | 404 | GET /files/test-product.jpg : Can't find /files/test-product.jpg on this server | user: guest 
Error: Can't find /files/test-product.jpg on this server
    at D:\finalProject\v1.2\backend\server.js:110:8
    at Layer.handleRequest (D:\finalProject\v1.2\backend\node_modules\router\lib\layer.js:152:17)
    at trimPrefix (D:\finalProject\v1.2\backend\node_modules\router\index.js:342:13)
    at D:\finalProject\v1.2\backend\node_modules\router\index.js:297:9
    at processParams (D:\finalProject\v1.2\backend\node_modules\router\index.js:582:12)
    at next (D:\finalProject\v1.2\backend\node_modules\router\index.js:291:5)
    at SendStream.error (D:\finalProject\v1.2\backend\node_modules\serve-static\index.js:120:7)
    at SendStream.emit (node:events:509:20)
    at SendStream.error (D:\finalProject\v1.2\backend\node_modules\send\index.js:168:17)
    at SendStream.onStatError (D:\finalProject\v1.2\backend\node_modules\send\index.js:315:12) 
09-09-2026 19:16:38 | ERROR | Error found | 404 | GET /files/test-product.jpg : Can't find /files/test-product.jpg on this server | user: guest 
Error: Can't find /files/test-product.jpg on this server
    at D:\finalProject\v1.2\backend\server.js:110:8
    at Layer.handleRequest (D:\finalProject\v1.2\backend\node_modules\router\lib\layer.js:152:17)
    at trimPrefix (D:\finalProject\v1.2\backend\node_modules\router\index.js:342:13)
    at D:\finalProject\v1.2\backend\node_modules\router\index.js:297:9
    at processParams (D:\finalProject\v1.2\backend\node_modules\router\index.js:582:12)
    at next (D:\finalProject\v1.2\backend\node_modules\router\index.js:291:5)
    at SendStream.error (D:\finalProject\v1.2\backend\node_modules\serve-static\index.js:120:7)
    at SendStream.emit (node:events:509:20)
    at SendStream.error (D:\finalProject\v1.2\backend\node_modules\send\index.js:168:17)
    at SendStream.onStatError (D:\finalProject\v1.2\backend\node_modules\send\index.js:315:12) 
09-09-2026 19:16:45 | INFO | Product updated: Jeans Product 2 by admin Abdelrhman  
09-09-2026 19:16:45 | ERROR | Error found | 404 | GET /files/test-product.jpg : Can't find /files/test-product.jpg on this server | user: guest 
Error: Can't find /files/test-product.jpg on this server
    at D:\finalProject\v1.2\backend\server.js:110:8
    at Layer.handleRequest (D:\finalProject\v1.2\backend\node_modules\router\lib\layer.js:152:17)
    at trimPrefix (D:\finalProject\v1.2\backend\node_modules\router\index.js:342:13)
    at D:\finalProject\v1.2\backend\node_modules\router\index.js:297:9
    at processParams (D:\finalProject\v1.2\backend\node_modules\router\index.js:582:12)
    at next (D:\finalProject\v1.2\backend\node_modules\router\index.js:291:5)
    at SendStream.error (D:\finalProject\v1.2\backend\node_modules\serve-static\index.js:120:7)
    at SendStream.emit (node:events:509:20)
    at SendStream.error (D:\finalProject\v1.2\backend\node_modules\send\index.js:168:17)
    at SendStream.onStatError (D:\finalProject\v1.2\backend\node_modules\send\index.js:315:12) 
09-09-2026 19:16:48 | ERROR | Error found | 404 | GET /files/test-product.jpg : Can't find /files/test-product.jpg on this server | user: guest 
Error: Can't find /files/test-product.jpg on this server
    at D:\finalProject\v1.2\backend\server.js:110:8
    at Layer.handleRequest (D:\finalProject\v1.2\backend\node_modules\router\lib\layer.js:152:17)
    at trimPrefix (D:\finalProject\v1.2\backend\node_modules\router\index.js:342:13)
    at D:\finalProject\v1.2\backend\node_modules\router\index.js:297:9
    at processParams (D:\finalProject\v1.2\backend\node_modules\router\index.js:582:12)
    at next (D:\finalProject\v1.2\backend\node_modules\router\index.js:291:5)
    at SendStream.error (D:\finalProject\v1.2\backend\node_modules\serve-static\index.js:120:7)
    at SendStream.emit (node:events:509:20)
    at SendStream.error (D:\finalProject\v1.2\backend\node_modules\send\index.js:168:17)
    at SendStream.onStatError (D:\finalProject\v1.2\backend\node_modules\send\index.js:315:12) 
09-09-2026 19:16:57 | INFO | Product updated: Jeans Product 3 by admin Abdelrhman  
09-09-2026 19:16:57 | ERROR | Error found | 404 | GET /files/test-product.jpg : Can't find /files/test-product.jpg on this server | user: guest 
Error: Can't find /files/test-product.jpg on this server
    at D:\finalProject\v1.2\backend\server.js:110:8
    at Layer.handleRequest (D:\finalProject\v1.2\backend\node_modules\router\lib\layer.js:152:17)
    at trimPrefix (D:\finalProject\v1.2\backend\node_modules\router\index.js:342:13)
    at D:\finalProject\v1.2\backend\node_modules\router\index.js:297:9
    at processParams (D:\finalProject\v1.2\backend\node_modules\router\index.js:582:12)
    at next (D:\finalProject\v1.2\backend\node_modules\router\index.js:291:5)
    at SendStream.error (D:\finalProject\v1.2\backend\node_modules\serve-static\index.js:120:7)
    at SendStream.emit (node:events:509:20)
    at SendStream.error (D:\finalProject\v1.2\backend\node_modules\send\index.js:168:17)
    at SendStream.onStatError (D:\finalProject\v1.2\backend\node_modules\send\index.js:315:12) 
09-09-2026 19:17:24 | INFO | Product updated: T-Shirt Product 1 by admin Abdelrhman  
09-09-2026 19:17:24 | ERROR | Error found | 404 | GET /files/test-product.jpg : Can't find /files/test-product.jpg on this server | user: guest 
Error: Can't find /files/test-product.jpg on this server
    at D:\finalProject\v1.2\backend\server.js:110:8
    at Layer.handleRequest (D:\finalProject\v1.2\backend\node_modules\router\lib\layer.js:152:17)
    at trimPrefix (D:\finalProject\v1.2\backend\node_modules\router\index.js:342:13)
    at D:\finalProject\v1.2\backend\node_modules\router\index.js:297:9
    at processParams (D:\finalProject\v1.2\backend\node_modules\router\index.js:582:12)
    at next (D:\finalProject\v1.2\backend\node_modules\router\index.js:291:5)
    at SendStream.error (D:\finalProject\v1.2\backend\node_modules\serve-static\index.js:120:7)
    at SendStream.emit (node:events:509:20)
    at SendStream.error (D:\finalProject\v1.2\backend\node_modules\send\index.js:168:17)
    at SendStream.onStatError (D:\finalProject\v1.2\backend\node_modules\send\index.js:315:12) 
09-09-2026 19:17:30 | ERROR | Error found | 404 | GET /files/test-product.jpg : Can't find /files/test-product.jpg on this server | user: guest 
Error: Can't find /files/test-product.jpg on this server
    at D:\finalProject\v1.2\backend\server.js:110:8
    at Layer.handleRequest (D:\finalProject\v1.2\backend\node_modules\router\lib\layer.js:152:17)
    at trimPrefix (D:\finalProject\v1.2\backend\node_modules\router\index.js:342:13)
    at D:\finalProject\v1.2\backend\node_modules\router\index.js:297:9
    at processParams (D:\finalProject\v1.2\backend\node_modules\router\index.js:582:12)
    at next (D:\finalProject\v1.2\backend\node_modules\router\index.js:291:5)
    at SendStream.error (D:\finalProject\v1.2\backend\node_modules\serve-static\index.js:120:7)
    at SendStream.emit (node:events:509:20)
    at SendStream.error (D:\finalProject\v1.2\backend\node_modules\send\index.js:168:17)
    at SendStream.onStatError (D:\finalProject\v1.2\backend\node_modules\send\index.js:315:12) 
09-09-2026 19:17:35 | INFO | Product updated: Hoodie Product 1 by admin Abdelrhman  
09-09-2026 19:17:35 | ERROR | Error found | 404 | GET /files/test-product.jpg : Can't find /files/test-product.jpg on this server | user: guest 
Error: Can't find /files/test-product.jpg on this server
    at D:\finalProject\v1.2\backend\server.js:110:8
    at Layer.handleRequest (D:\finalProject\v1.2\backend\node_modules\router\lib\layer.js:152:17)
    at trimPrefix (D:\finalProject\v1.2\backend\node_modules\router\index.js:342:13)
    at D:\finalProject\v1.2\backend\node_modules\router\index.js:297:9
    at processParams (D:\finalProject\v1.2\backend\node_modules\router\index.js:582:12)
    at next (D:\finalProject\v1.2\backend\node_modules\router\index.js:291:5)
    at SendStream.error (D:\finalProject\v1.2\backend\node_modules\serve-static\index.js:120:7)
    at SendStream.emit (node:events:509:20)
    at SendStream.error (D:\finalProject\v1.2\backend\node_modules\send\index.js:168:17)
    at SendStream.onStatError (D:\finalProject\v1.2\backend\node_modules\send\index.js:315:12) 
09-09-2026 19:17:37 | ERROR | Error found | 404 | GET /files/test-product.jpg : Can't find /files/test-product.jpg on this server | user: guest 
Error: Can't find /files/test-product.jpg on this server
    at D:\finalProject\v1.2\backend\server.js:110:8
    at Layer.handleRequest (D:\finalProject\v1.2\backend\node_modules\router\lib\layer.js:152:17)
    at trimPrefix (D:\finalProject\v1.2\backend\node_modules\router\index.js:342:13)
    at D:\finalProject\v1.2\backend\node_modules\router\index.js:297:9
    at processParams (D:\finalProject\v1.2\backend\node_modules\router\index.js:582:12)
    at next (D:\finalProject\v1.2\backend\node_modules\router\index.js:291:5)
    at SendStream.error (D:\finalProject\v1.2\backend\node_modules\serve-static\index.js:120:7)
    at SendStream.emit (node:events:509:20)
    at SendStream.error (D:\finalProject\v1.2\backend\node_modules\send\index.js:168:17)
    at SendStream.onStatError (D:\finalProject\v1.2\backend\node_modules\send\index.js:315:12) 
09-09-2026 19:18:03 | INFO | Product updated: Hoodie Product 1 by admin Abdelrhman  
09-09-2026 19:18:03 | ERROR | Error found | 404 | GET /files/test-product.jpg : Can't find /files/test-product.jpg on this server | user: guest 
Error: Can't find /files/test-product.jpg on this server
    at D:\finalProject\v1.2\backend\server.js:110:8
    at Layer.handleRequest (D:\finalProject\v1.2\backend\node_modules\router\lib\layer.js:152:17)
    at trimPrefix (D:\finalProject\v1.2\backend\node_modules\router\index.js:342:13)
    at D:\finalProject\v1.2\backend\node_modules\router\index.js:297:9
    at processParams (D:\finalProject\v1.2\backend\node_modules\router\index.js:582:12)
    at next (D:\finalProject\v1.2\backend\node_modules\router\index.js:291:5)
    at SendStream.error (D:\finalProject\v1.2\backend\node_modules\serve-static\index.js:120:7)
    at SendStream.emit (node:events:509:20)
    at SendStream.error (D:\finalProject\v1.2\backend\node_modules\send\index.js:168:17)
    at SendStream.onStatError (D:\finalProject\v1.2\backend\node_modules\send\index.js:315:12) 
09-09-2026 19:18:17 | INFO | Product updated: Hoodie Product 1 by admin Abdelrhman  
09-09-2026 19:18:17 | ERROR | Error found | 404 | GET /files/test-product.jpg : Can't find /files/test-product.jpg on this server | user: guest 
Error: Can't find /files/test-product.jpg on this server
    at D:\finalProject\v1.2\backend\server.js:110:8
    at Layer.handleRequest (D:\finalProject\v1.2\backend\node_modules\router\lib\layer.js:152:17)
    at trimPrefix (D:\finalProject\v1.2\backend\node_modules\router\index.js:342:13)
    at D:\finalProject\v1.2\backend\node_modules\router\index.js:297:9
    at processParams (D:\finalProject\v1.2\backend\node_modules\router\index.js:582:12)
    at next (D:\finalProject\v1.2\backend\node_modules\router\index.js:291:5)
    at SendStream.error (D:\finalProject\v1.2\backend\node_modules\serve-static\index.js:120:7)
    at SendStream.emit (node:events:509:20)
    at SendStream.error (D:\finalProject\v1.2\backend\node_modules\send\index.js:168:17)
    at SendStream.onStatError (D:\finalProject\v1.2\backend\node_modules\send\index.js:315:12) 
09-09-2026 19:18:20 | ERROR | Error found | 404 | GET /files/test-product.jpg : Can't find /files/test-product.jpg on this server | user: guest 
Error: Can't find /files/test-product.jpg on this server
    at D:\finalProject\v1.2\backend\server.js:110:8
    at Layer.handleRequest (D:\finalProject\v1.2\backend\node_modules\router\lib\layer.js:152:17)
    at trimPrefix (D:\finalProject\v1.2\backend\node_modules\router\index.js:342:13)
    at D:\finalProject\v1.2\backend\node_modules\router\index.js:297:9
    at processParams (D:\finalProject\v1.2\backend\node_modules\router\index.js:582:12)
    at next (D:\finalProject\v1.2\backend\node_modules\router\index.js:291:5)
    at SendStream.error (D:\finalProject\v1.2\backend\node_modules\serve-static\index.js:120:7)
    at SendStream.emit (node:events:509:20)
    at SendStream.error (D:\finalProject\v1.2\backend\node_modules\send\index.js:168:17)
    at SendStream.onStatError (D:\finalProject\v1.2\backend\node_modules\send\index.js:315:12) 
09-09-2026 19:18:25 | ERROR | Error found | 404 | GET /files/test-product.jpg : Can't find /files/test-product.jpg on this server | user: guest 
Error: Can't find /files/test-product.jpg on this server
    at D:\finalProject\v1.2\backend\server.js:110:8
    at Layer.handleRequest (D:\finalProject\v1.2\backend\node_modules\router\lib\layer.js:152:17)
    at trimPrefix (D:\finalProject\v1.2\backend\node_modules\router\index.js:342:13)
    at D:\finalProject\v1.2\backend\node_modules\router\index.js:297:9
    at processParams (D:\finalProject\v1.2\backend\node_modules\router\index.js:582:12)
    at next (D:\finalProject\v1.2\backend\node_modules\router\index.js:291:5)
    at SendStream.error (D:\finalProject\v1.2\backend\node_modules\serve-static\index.js:120:7)
    at SendStream.emit (node:events:509:20)
    at SendStream.error (D:\finalProject\v1.2\backend\node_modules\send\index.js:168:17)
    at SendStream.onStatError (D:\finalProject\v1.2\backend\node_modules\send\index.js:315:12) 
09-09-2026 19:18:28 | ERROR | Error found | 404 | GET /files/test-product.jpg : Can't find /files/test-product.jpg on this server | user: guest 
Error: Can't find /files/test-product.jpg on this server
    at D:\finalProject\v1.2\backend\server.js:110:8
    at Layer.handleRequest (D:\finalProject\v1.2\backend\node_modules\router\lib\layer.js:152:17)
    at trimPrefix (D:\finalProject\v1.2\backend\node_modules\router\index.js:342:13)
    at D:\finalProject\v1.2\backend\node_modules\router\index.js:297:9
    at processParams (D:\finalProject\v1.2\backend\node_modules\router\index.js:582:12)
    at next (D:\finalProject\v1.2\backend\node_modules\router\index.js:291:5)
    at SendStream.error (D:\finalProject\v1.2\backend\node_modules\serve-static\index.js:120:7)
    at SendStream.emit (node:events:509:20)
    at SendStream.error (D:\finalProject\v1.2\backend\node_modules\send\index.js:168:17)
    at SendStream.onStatError (D:\finalProject\v1.2\backend\node_modules\send\index.js:315:12) 
09-09-2026 19:18:33 | INFO | Product updated: Hoodie Product 2 by admin Abdelrhman  
09-09-2026 19:18:33 | ERROR | Error found | 404 | GET /files/test-product.jpg : Can't find /files/test-product.jpg on this server | user: guest 
Error: Can't find /files/test-product.jpg on this server
    at D:\finalProject\v1.2\backend\server.js:110:8
    at Layer.handleRequest (D:\finalProject\v1.2\backend\node_modules\router\lib\layer.js:152:17)
    at trimPrefix (D:\finalProject\v1.2\backend\node_modules\router\index.js:342:13)
    at D:\finalProject\v1.2\backend\node_modules\router\index.js:297:9
    at processParams (D:\finalProject\v1.2\backend\node_modules\router\index.js:582:12)
    at next (D:\finalProject\v1.2\backend\node_modules\router\index.js:291:5)
    at SendStream.error (D:\finalProject\v1.2\backend\node_modules\serve-static\index.js:120:7)
    at SendStream.emit (node:events:509:20)
    at SendStream.error (D:\finalProject\v1.2\backend\node_modules\send\index.js:168:17)
    at SendStream.onStatError (D:\finalProject\v1.2\backend\node_modules\send\index.js:315:12) 
09-09-2026 19:18:38 | ERROR | Error found | 404 | GET /files/test-product.jpg : Can't find /files/test-product.jpg on this server | user: guest 
Error: Can't find /files/test-product.jpg on this server
    at D:\finalProject\v1.2\backend\server.js:110:8
    at Layer.handleRequest (D:\finalProject\v1.2\backend\node_modules\router\lib\layer.js:152:17)
    at trimPrefix (D:\finalProject\v1.2\backend\node_modules\router\index.js:342:13)
    at D:\finalProject\v1.2\backend\node_modules\router\index.js:297:9
    at processParams (D:\finalProject\v1.2\backend\node_modules\router\index.js:582:12)
    at next (D:\finalProject\v1.2\backend\node_modules\router\index.js:291:5)
    at SendStream.error (D:\finalProject\v1.2\backend\node_modules\serve-static\index.js:120:7)
    at SendStream.emit (node:events:509:20)
    at SendStream.error (D:\finalProject\v1.2\backend\node_modules\send\index.js:168:17)
    at SendStream.onStatError (D:\finalProject\v1.2\backend\node_modules\send\index.js:315:12) 
09-09-2026 19:18:45 | INFO | Product updated: Hoodie Product 3 by admin Abdelrhman  
09-09-2026 19:18:45 | ERROR | Error found | 404 | GET /files/test-product.jpg : Can't find /files/test-product.jpg on this server | user: guest 
Error: Can't find /files/test-product.jpg on this server
    at D:\finalProject\v1.2\backend\server.js:110:8
    at Layer.handleRequest (D:\finalProject\v1.2\backend\node_modules\router\lib\layer.js:152:17)
    at trimPrefix (D:\finalProject\v1.2\backend\node_modules\router\index.js:342:13)
    at D:\finalProject\v1.2\backend\node_modules\router\index.js:297:9
    at processParams (D:\finalProject\v1.2\backend\node_modules\router\index.js:582:12)
    at next (D:\finalProject\v1.2\backend\node_modules\router\index.js:291:5)
    at SendStream.error (D:\finalProject\v1.2\backend\node_modules\serve-static\index.js:120:7)
    at SendStream.emit (node:events:509:20)
    at SendStream.error (D:\finalProject\v1.2\backend\node_modules\send\index.js:168:17)
    at SendStream.onStatError (D:\finalProject\v1.2\backend\node_modules\send\index.js:315:12) 
09-09-2026 19:18:56 | ERROR | Error found | 404 | GET /files/test-product.jpg : Can't find /files/test-product.jpg on this server | user: guest 
Error: Can't find /files/test-product.jpg on this server
    at D:\finalProject\v1.2\backend\server.js:110:8
    at Layer.handleRequest (D:\finalProject\v1.2\backend\node_modules\router\lib\layer.js:152:17)
    at trimPrefix (D:\finalProject\v1.2\backend\node_modules\router\index.js:342:13)
    at D:\finalProject\v1.2\backend\node_modules\router\index.js:297:9
    at processParams (D:\finalProject\v1.2\backend\node_modules\router\index.js:582:12)
    at next (D:\finalProject\v1.2\backend\node_modules\router\index.js:291:5)
    at SendStream.error (D:\finalProject\v1.2\backend\node_modules\serve-static\index.js:120:7)
    at SendStream.emit (node:events:509:20)
    at SendStream.error (D:\finalProject\v1.2\backend\node_modules\send\index.js:168:17)
    at SendStream.onStatError (D:\finalProject\v1.2\backend\node_modules\send\index.js:315:12) 
09-09-2026 19:19:21 | INFO | Product updated: Hoodie Product 1 by admin Abdelrhman  
09-09-2026 19:19:21 | ERROR | Error found | 404 | GET /files/test-product.jpg : Can't find /files/test-product.jpg on this server | user: guest 
Error: Can't find /files/test-product.jpg on this server
    at D:\finalProject\v1.2\backend\server.js:110:8
    at Layer.handleRequest (D:\finalProject\v1.2\backend\node_modules\router\lib\layer.js:152:17)
    at trimPrefix (D:\finalProject\v1.2\backend\node_modules\router\index.js:342:13)
    at D:\finalProject\v1.2\backend\node_modules\router\index.js:297:9
    at processParams (D:\finalProject\v1.2\backend\node_modules\router\index.js:582:12)
    at next (D:\finalProject\v1.2\backend\node_modules\router\index.js:291:5)
    at SendStream.error (D:\finalProject\v1.2\backend\node_modules\serve-static\index.js:120:7)
    at SendStream.emit (node:events:509:20)
    at SendStream.error (D:\finalProject\v1.2\backend\node_modules\send\index.js:168:17)
    at SendStream.onStatError (D:\finalProject\v1.2\backend\node_modules\send\index.js:315:12) 
09-09-2026 19:19:24 | ERROR | Error found | 404 | GET /files/test-product.jpg : Can't find /files/test-product.jpg on this server | user: guest 
Error: Can't find /files/test-product.jpg on this server
    at D:\finalProject\v1.2\backend\server.js:110:8
    at Layer.handleRequest (D:\finalProject\v1.2\backend\node_modules\router\lib\layer.js:152:17)
    at trimPrefix (D:\finalProject\v1.2\backend\node_modules\router\index.js:342:13)
    at D:\finalProject\v1.2\backend\node_modules\router\index.js:297:9
    at processParams (D:\finalProject\v1.2\backend\node_modules\router\index.js:582:12)
    at next (D:\finalProject\v1.2\backend\node_modules\router\index.js:291:5)
    at SendStream.error (D:\finalProject\v1.2\backend\node_modules\serve-static\index.js:120:7)
    at SendStream.emit (node:events:509:20)
    at SendStream.error (D:\finalProject\v1.2\backend\node_modules\send\index.js:168:17)
    at SendStream.onStatError (D:\finalProject\v1.2\backend\node_modules\send\index.js:315:12) 
09-09-2026 19:19:31 | INFO | Product updated: Hoodie Product 2 by admin Abdelrhman  
09-09-2026 19:19:31 | ERROR | Error found | 404 | GET /files/test-product.jpg : Can't find /files/test-product.jpg on this server | user: guest 
Error: Can't find /files/test-product.jpg on this server
    at D:\finalProject\v1.2\backend\server.js:110:8
    at Layer.handleRequest (D:\finalProject\v1.2\backend\node_modules\router\lib\layer.js:152:17)
    at trimPrefix (D:\finalProject\v1.2\backend\node_modules\router\index.js:342:13)
    at D:\finalProject\v1.2\backend\node_modules\router\index.js:297:9
    at processParams (D:\finalProject\v1.2\backend\node_modules\router\index.js:582:12)
    at next (D:\finalProject\v1.2\backend\node_modules\router\index.js:291:5)
    at SendStream.error (D:\finalProject\v1.2\backend\node_modules\serve-static\index.js:120:7)
    at SendStream.emit (node:events:509:20)
    at SendStream.error (D:\finalProject\v1.2\backend\node_modules\send\index.js:168:17)
    at SendStream.onStatError (D:\finalProject\v1.2\backend\node_modules\send\index.js:315:12) 
09-09-2026 19:19:34 | ERROR | Error found | 404 | GET /files/test-product.jpg : Can't find /files/test-product.jpg on this server | user: guest 
Error: Can't find /files/test-product.jpg on this server
    at D:\finalProject\v1.2\backend\server.js:110:8
    at Layer.handleRequest (D:\finalProject\v1.2\backend\node_modules\router\lib\layer.js:152:17)
    at trimPrefix (D:\finalProject\v1.2\backend\node_modules\router\index.js:342:13)
    at D:\finalProject\v1.2\backend\node_modules\router\index.js:297:9
    at processParams (D:\finalProject\v1.2\backend\node_modules\router\index.js:582:12)
    at next (D:\finalProject\v1.2\backend\node_modules\router\index.js:291:5)
    at SendStream.error (D:\finalProject\v1.2\backend\node_modules\serve-static\index.js:120:7)
    at SendStream.emit (node:events:509:20)
    at SendStream.error (D:\finalProject\v1.2\backend\node_modules\send\index.js:168:17)
    at SendStream.onStatError (D:\finalProject\v1.2\backend\node_modules\send\index.js:315:12) 
09-09-2026 19:19:41 | INFO | Product updated: Hoodie Product 3 by admin Abdelrhman  
09-09-2026 19:19:41 | ERROR | Error found | 404 | GET /files/test-product.jpg : Can't find /files/test-product.jpg on this server | user: guest 
Error: Can't find /files/test-product.jpg on this server
    at D:\finalProject\v1.2\backend\server.js:110:8
    at Layer.handleRequest (D:\finalProject\v1.2\backend\node_modules\router\lib\layer.js:152:17)
    at trimPrefix (D:\finalProject\v1.2\backend\node_modules\router\index.js:342:13)
    at D:\finalProject\v1.2\backend\node_modules\router\index.js:297:9
    at processParams (D:\finalProject\v1.2\backend\node_modules\router\index.js:582:12)
    at next (D:\finalProject\v1.2\backend\node_modules\router\index.js:291:5)
    at SendStream.error (D:\finalProject\v1.2\backend\node_modules\serve-static\index.js:120:7)
    at SendStream.emit (node:events:509:20)
    at SendStream.error (D:\finalProject\v1.2\backend\node_modules\send\index.js:168:17)
    at SendStream.onStatError (D:\finalProject\v1.2\backend\node_modules\send\index.js:315:12) 
09-09-2026 19:19:43 | ERROR | Error found | 404 | GET /files/test-product.jpg : Can't find /files/test-product.jpg on this server | user: guest 
Error: Can't find /files/test-product.jpg on this server
    at D:\finalProject\v1.2\backend\server.js:110:8
    at Layer.handleRequest (D:\finalProject\v1.2\backend\node_modules\router\lib\layer.js:152:17)
    at trimPrefix (D:\finalProject\v1.2\backend\node_modules\router\index.js:342:13)
    at D:\finalProject\v1.2\backend\node_modules\router\index.js:297:9
    at processParams (D:\finalProject\v1.2\backend\node_modules\router\index.js:582:12)
    at next (D:\finalProject\v1.2\backend\node_modules\router\index.js:291:5)
    at SendStream.error (D:\finalProject\v1.2\backend\node_modules\serve-static\index.js:120:7)
    at SendStream.emit (node:events:509:20)
    at SendStream.error (D:\finalProject\v1.2\backend\node_modules\send\index.js:168:17)
    at SendStream.onStatError (D:\finalProject\v1.2\backend\node_modules\send\index.js:315:12) 
09-09-2026 19:20:03 | INFO | Product updated: Jackets Product 1 by admin Abdelrhman  
09-09-2026 19:20:03 | ERROR | Error found | 404 | GET /files/test-product.jpg : Can't find /files/test-product.jpg on this server | user: guest 
Error: Can't find /files/test-product.jpg on this server
    at D:\finalProject\v1.2\backend\server.js:110:8
    at Layer.handleRequest (D:\finalProject\v1.2\backend\node_modules\router\lib\layer.js:152:17)
    at trimPrefix (D:\finalProject\v1.2\backend\node_modules\router\index.js:342:13)
    at D:\finalProject\v1.2\backend\node_modules\router\index.js:297:9
    at processParams (D:\finalProject\v1.2\backend\node_modules\router\index.js:582:12)
    at next (D:\finalProject\v1.2\backend\node_modules\router\index.js:291:5)
    at SendStream.error (D:\finalProject\v1.2\backend\node_modules\serve-static\index.js:120:7)
    at SendStream.emit (node:events:509:20)
    at SendStream.error (D:\finalProject\v1.2\backend\node_modules\send\index.js:168:17)
    at SendStream.onStatError (D:\finalProject\v1.2\backend\node_modules\send\index.js:315:12) 
09-09-2026 19:20:09 | ERROR | Error found | 404 | GET /files/test-product.jpg : Can't find /files/test-product.jpg on this server | user: guest 
Error: Can't find /files/test-product.jpg on this server
    at D:\finalProject\v1.2\backend\server.js:110:8
    at Layer.handleRequest (D:\finalProject\v1.2\backend\node_modules\router\lib\layer.js:152:17)
    at trimPrefix (D:\finalProject\v1.2\backend\node_modules\router\index.js:342:13)
    at D:\finalProject\v1.2\backend\node_modules\router\index.js:297:9
    at processParams (D:\finalProject\v1.2\backend\node_modules\router\index.js:582:12)
    at next (D:\finalProject\v1.2\backend\node_modules\router\index.js:291:5)
    at SendStream.error (D:\finalProject\v1.2\backend\node_modules\serve-static\index.js:120:7)
    at SendStream.emit (node:events:509:20)
    at SendStream.error (D:\finalProject\v1.2\backend\node_modules\send\index.js:168:17)
    at SendStream.onStatError (D:\finalProject\v1.2\backend\node_modules\send\index.js:315:12) 
09-09-2026 19:20:16 | INFO | Product updated: Jackets Product 2 by admin Abdelrhman  
09-09-2026 19:20:16 | ERROR | Error found | 404 | GET /files/test-product.jpg : Can't find /files/test-product.jpg on this server | user: guest 
Error: Can't find /files/test-product.jpg on this server
    at D:\finalProject\v1.2\backend\server.js:110:8
    at Layer.handleRequest (D:\finalProject\v1.2\backend\node_modules\router\lib\layer.js:152:17)
    at trimPrefix (D:\finalProject\v1.2\backend\node_modules\router\index.js:342:13)
    at D:\finalProject\v1.2\backend\node_modules\router\index.js:297:9
    at processParams (D:\finalProject\v1.2\backend\node_modules\router\index.js:582:12)
    at next (D:\finalProject\v1.2\backend\node_modules\router\index.js:291:5)
    at SendStream.error (D:\finalProject\v1.2\backend\node_modules\serve-static\index.js:120:7)
    at SendStream.emit (node:events:509:20)
    at SendStream.error (D:\finalProject\v1.2\backend\node_modules\send\index.js:168:17)
    at SendStream.onStatError (D:\finalProject\v1.2\backend\node_modules\send\index.js:315:12) 
09-09-2026 19:20:24 | INFO | Product updated: Jackets Product 1 by admin Abdelrhman  
09-09-2026 19:20:24 | ERROR | Error found | 404 | GET /files/test-product.jpg : Can't find /files/test-product.jpg on this server | user: guest 
Error: Can't find /files/test-product.jpg on this server
    at D:\finalProject\v1.2\backend\server.js:110:8
    at Layer.handleRequest (D:\finalProject\v1.2\backend\node_modules\router\lib\layer.js:152:17)
    at trimPrefix (D:\finalProject\v1.2\backend\node_modules\router\index.js:342:13)
    at D:\finalProject\v1.2\backend\node_modules\router\index.js:297:9
    at processParams (D:\finalProject\v1.2\backend\node_modules\router\index.js:582:12)
    at next (D:\finalProject\v1.2\backend\node_modules\router\index.js:291:5)
    at SendStream.error (D:\finalProject\v1.2\backend\node_modules\serve-static\index.js:120:7)
    at SendStream.emit (node:events:509:20)
    at SendStream.error (D:\finalProject\v1.2\backend\node_modules\send\index.js:168:17)
    at SendStream.onStatError (D:\finalProject\v1.2\backend\node_modules\send\index.js:315:12) 
09-09-2026 19:20:27 | ERROR | Error found | 404 | GET /files/test-product.jpg : Can't find /files/test-product.jpg on this server | user: guest 
Error: Can't find /files/test-product.jpg on this server
    at D:\finalProject\v1.2\backend\server.js:110:8
    at Layer.handleRequest (D:\finalProject\v1.2\backend\node_modules\router\lib\layer.js:152:17)
    at trimPrefix (D:\finalProject\v1.2\backend\node_modules\router\index.js:342:13)
    at D:\finalProject\v1.2\backend\node_modules\router\index.js:297:9
    at processParams (D:\finalProject\v1.2\backend\node_modules\router\index.js:582:12)
    at next (D:\finalProject\v1.2\backend\node_modules\router\index.js:291:5)
    at SendStream.error (D:\finalProject\v1.2\backend\node_modules\serve-static\index.js:120:7)
    at SendStream.emit (node:events:509:20)
    at SendStream.error (D:\finalProject\v1.2\backend\node_modules\send\index.js:168:17)
    at SendStream.onStatError (D:\finalProject\v1.2\backend\node_modules\send\index.js:315:12) 
09-09-2026 19:20:39 | INFO | Product updated: Jackets Product 3 by admin Abdelrhman  
09-09-2026 19:20:39 | ERROR | Error found | 404 | GET /files/test-product.jpg : Can't find /files/test-product.jpg on this server | user: guest 
Error: Can't find /files/test-product.jpg on this server
    at D:\finalProject\v1.2\backend\server.js:110:8
    at Layer.handleRequest (D:\finalProject\v1.2\backend\node_modules\router\lib\layer.js:152:17)
    at trimPrefix (D:\finalProject\v1.2\backend\node_modules\router\index.js:342:13)
    at D:\finalProject\v1.2\backend\node_modules\router\index.js:297:9
    at processParams (D:\finalProject\v1.2\backend\node_modules\router\index.js:582:12)
    at next (D:\finalProject\v1.2\backend\node_modules\router\index.js:291:5)
    at SendStream.error (D:\finalProject\v1.2\backend\node_modules\serve-static\index.js:120:7)
    at SendStream.emit (node:events:509:20)
    at SendStream.error (D:\finalProject\v1.2\backend\node_modules\send\index.js:168:17)
    at SendStream.onStatError (D:\finalProject\v1.2\backend\node_modules\send\index.js:315:12) 
09-09-2026 19:20:42 | ERROR | Error found | 404 | GET /files/test-product.jpg : Can't find /files/test-product.jpg on this server | user: guest 
Error: Can't find /files/test-product.jpg on this server
    at D:\finalProject\v1.2\backend\server.js:110:8
    at Layer.handleRequest (D:\finalProject\v1.2\backend\node_modules\router\lib\layer.js:152:17)
    at trimPrefix (D:\finalProject\v1.2\backend\node_modules\router\index.js:342:13)
    at D:\finalProject\v1.2\backend\node_modules\router\index.js:297:9
    at processParams (D:\finalProject\v1.2\backend\node_modules\router\index.js:582:12)
    at next (D:\finalProject\v1.2\backend\node_modules\router\index.js:291:5)
    at SendStream.error (D:\finalProject\v1.2\backend\node_modules\serve-static\index.js:120:7)
    at SendStream.emit (node:events:509:20)
    at SendStream.error (D:\finalProject\v1.2\backend\node_modules\send\index.js:168:17)
    at SendStream.onStatError (D:\finalProject\v1.2\backend\node_modules\send\index.js:315:12) 
09-09-2026 19:21:01 | INFO | Product updated: Dress Product 1 by admin Abdelrhman  
09-09-2026 19:21:12 | INFO | Product updated: Dress Product 1 by admin Abdelrhman  
09-09-2026 19:21:21 | INFO | Users directory queried successfully  
09-09-2026 19:21:50 | ERROR | Error found | 404 | GET /api/v1/home/footer : Footer not found | user: guest 
Error: Footer not found
    at D:\finalProject\v1.2\backend\controllers\footer.home.controller.js:43:17
    at process.processTicksAndRejections (node:internal/process/task_queues:104:5) 
09-09-2026 19:21:50 | ERROR | Error found | 404 | GET /api/v1/home/promo-banner : Promo banner not found | user: guest 
Error: Promo banner not found
    at D:\finalProject\v1.2\backend\controllers\promo-banner.home.controller.js:12:17
    at process.processTicksAndRejections (node:internal/process/task_queues:104:5) 
09-09-2026 19:25:19 | INFO | Hero created: OWN THE STREET by admin Abdelrhman  
09-09-2026 19:27:02 | INFO | Hero created: FORM FOLLOWS YOU by admin Abdelrhman  
09-09-2026 19:28:16 | INFO | Hero created: SOFT. BOLD. YOU by admin Abdelrhman  
09-09-2026 19:29:27 | INFO | Hero created: MAKE AN ENTRANCE by admin Abdelrhman  
09-09-2026 19:30:25 | INFO | Shipping fee updated to 100 by admin Abdelrhman  
09-09-2026 19:30:28 | ERROR | Error found | 404 | GET /api/v1/home/promo-banner : Promo banner not found | user: guest 
Error: Promo banner not found
    at D:\finalProject\v1.2\backend\controllers\promo-banner.home.controller.js:12:17
    at process.processTicksAndRejections (node:internal/process/task_queues:104:5) 
09-09-2026 19:30:28 | ERROR | Error found | 404 | GET /api/v1/home/footer : Footer not found | user: guest 
Error: Footer not found
    at D:\finalProject\v1.2\backend\controllers\footer.home.controller.js:43:17
    at process.processTicksAndRejections (node:internal/process/task_queues:104:5) 
09-09-2026 19:30:34 | ERROR | Error found | 404 | GET /api/v1/home/promo-banner : Promo banner not found | user: guest 
Error: Promo banner not found
    at D:\finalProject\v1.2\backend\controllers\promo-banner.home.controller.js:12:17
    at process.processTicksAndRejections (node:internal/process/task_queues:104:5) 
09-09-2026 19:31:23 | INFO | Promo banner created by admin Abdelrhman  
09-09-2026 19:31:44 | ERROR | Error found | 404 | GET /api/v1/home/footer : Footer not found | user: guest 
Error: Footer not found
    at D:\finalProject\v1.2\backend\controllers\footer.home.controller.js:43:17
    at process.processTicksAndRejections (node:internal/process/task_queues:104:5) 
09-09-2026 19:32:01 | ERROR | Error found | 404 | GET /api/v1/home/footer : Footer not found | user: guest 
Error: Footer not found
    at D:\finalProject\v1.2\backend\controllers\footer.home.controller.js:43:17
    at process.processTicksAndRejections (node:internal/process/task_queues:104:5) 
09-09-2026 19:39:47 | INFO | Footer created by admin Abdelrhman  
09-09-2026 19:39:50 | INFO | Footer updated by admin Abdelrhman  
09-09-2026 19:46:10 | INFO | About created by admin Abdelrhman  
09-09-2026 19:50:54 | ERROR | Error found | 404 | GET /files/test-product.jpg : Can't find /files/test-product.jpg on this server | user: guest 
Error: Can't find /files/test-product.jpg on this server
    at D:\finalProject\v1.2\backend\server.js:110:8
    at Layer.handleRequest (D:\finalProject\v1.2\backend\node_modules\router\lib\layer.js:152:17)
    at trimPrefix (D:\finalProject\v1.2\backend\node_modules\router\index.js:342:13)
    at D:\finalProject\v1.2\backend\node_modules\router\index.js:297:9
    at processParams (D:\finalProject\v1.2\backend\node_modules\router\index.js:582:12)
    at next (D:\finalProject\v1.2\backend\node_modules\router\index.js:291:5)
    at SendStream.error (D:\finalProject\v1.2\backend\node_modules\serve-static\index.js:120:7)
    at SendStream.emit (node:events:509:20)
    at SendStream.error (D:\finalProject\v1.2\backend\node_modules\send\index.js:168:17)
    at SendStream.onStatError (D:\finalProject\v1.2\backend\node_modules\send\index.js:315:12) 
09-09-2026 19:55:39 | ERROR | Error found | 404 | GET /api/v1/products/slug/seed-t-shirt-6 : Product not found | user: guest 
Error: Product not found
    at D:\finalProject\v1.2\backend\controllers\product.controller.js:232:17
    at process.processTicksAndRejections (node:internal/process/task_queues:104:5) 
09-09-2026 19:55:41 | ERROR | Error found | 404 | GET /api/v1/products/slug/seed-t-shirt-6 : Product not found | user: guest 
Error: Product not found
    at D:\finalProject\v1.2\backend\controllers\product.controller.js:232:17
    at process.processTicksAndRejections (node:internal/process/task_queues:104:5) 
09-09-2026 19:55:51 | ERROR | Error found | 404 | GET /files/test-product.jpg : Can't find /files/test-product.jpg on this server | user: guest 
Error: Can't find /files/test-product.jpg on this server
    at D:\finalProject\v1.2\backend\server.js:110:8
    at Layer.handleRequest (D:\finalProject\v1.2\backend\node_modules\router\lib\layer.js:152:17)
    at trimPrefix (D:\finalProject\v1.2\backend\node_modules\router\index.js:342:13)
    at D:\finalProject\v1.2\backend\node_modules\router\index.js:297:9
    at processParams (D:\finalProject\v1.2\backend\node_modules\router\index.js:582:12)
    at next (D:\finalProject\v1.2\backend\node_modules\router\index.js:291:5)
    at SendStream.error (D:\finalProject\v1.2\backend\node_modules\serve-static\index.js:120:7)
    at SendStream.emit (node:events:509:20)
    at SendStream.error (D:\finalProject\v1.2\backend\node_modules\send\index.js:168:17)
    at SendStream.onStatError (D:\finalProject\v1.2\backend\node_modules\send\index.js:315:12) 
09-09-2026 19:55:57 | ERROR | Error found | 404 | GET /files/test-product.jpg : Can't find /files/test-product.jpg on this server | user: guest 
Error: Can't find /files/test-product.jpg on this server
    at D:\finalProject\v1.2\backend\server.js:110:8
    at Layer.handleRequest (D:\finalProject\v1.2\backend\node_modules\router\lib\layer.js:152:17)
    at trimPrefix (D:\finalProject\v1.2\backend\node_modules\router\index.js:342:13)
    at D:\finalProject\v1.2\backend\node_modules\router\index.js:297:9
    at processParams (D:\finalProject\v1.2\backend\node_modules\router\index.js:582:12)
    at next (D:\finalProject\v1.2\backend\node_modules\router\index.js:291:5)
    at SendStream.error (D:\finalProject\v1.2\backend\node_modules\serve-static\index.js:120:7)
    at SendStream.emit (node:events:509:20)
    at SendStream.error (D:\finalProject\v1.2\backend\node_modules\send\index.js:168:17)
    at SendStream.onStatError (D:\finalProject\v1.2\backend\node_modules\send\index.js:315:12) 
09-09-2026 19:57:38 | ERROR | Error found | 404 | GET /files/test-product.jpg : Can't find /files/test-product.jpg on this server | user: guest 
Error: Can't find /files/test-product.jpg on this server
    at D:\finalProject\v1.2\backend\server.js:110:8
    at Layer.handleRequest (D:\finalProject\v1.2\backend\node_modules\router\lib\layer.js:152:17)
    at trimPrefix (D:\finalProject\v1.2\backend\node_modules\router\index.js:342:13)
    at D:\finalProject\v1.2\backend\node_modules\router\index.js:297:9
    at processParams (D:\finalProject\v1.2\backend\node_modules\router\index.js:582:12)
    at next (D:\finalProject\v1.2\backend\node_modules\router\index.js:291:5)
    at SendStream.error (D:\finalProject\v1.2\backend\node_modules\serve-static\index.js:120:7)
    at SendStream.emit (node:events:509:20)
    at SendStream.error (D:\finalProject\v1.2\backend\node_modules\send\index.js:168:17)
    at SendStream.onStatError (D:\finalProject\v1.2\backend\node_modules\send\index.js:315:12) 
09-09-2026 19:57:42 | ERROR | Error found | 404 | GET /files/test-product.jpg : Can't find /files/test-product.jpg on this server | user: guest 
Error: Can't find /files/test-product.jpg on this server
    at D:\finalProject\v1.2\backend\server.js:110:8
    at Layer.handleRequest (D:\finalProject\v1.2\backend\node_modules\router\lib\layer.js:152:17)
    at trimPrefix (D:\finalProject\v1.2\backend\node_modules\router\index.js:342:13)
    at D:\finalProject\v1.2\backend\node_modules\router\index.js:297:9
    at processParams (D:\finalProject\v1.2\backend\node_modules\router\index.js:582:12)
    at next (D:\finalProject\v1.2\backend\node_modules\router\index.js:291:5)
    at SendStream.error (D:\finalProject\v1.2\backend\node_modules\serve-static\index.js:120:7)
    at SendStream.emit (node:events:509:20)
    at SendStream.error (D:\finalProject\v1.2\backend\node_modules\send\index.js:168:17)
    at SendStream.onStatError (D:\finalProject\v1.2\backend\node_modules\send\index.js:315:12) 
09-09-2026 19:59:11 | ERROR | Error found | 404 | GET /files/test-product.jpg : Can't find /files/test-product.jpg on this server | user: guest 
Error: Can't find /files/test-product.jpg on this server
    at D:\finalProject\v1.2\backend\server.js:110:8
    at Layer.handleRequest (D:\finalProject\v1.2\backend\node_modules\router\lib\layer.js:152:17)
    at trimPrefix (D:\finalProject\v1.2\backend\node_modules\router\index.js:342:13)
    at D:\finalProject\v1.2\backend\node_modules\router\index.js:297:9
    at processParams (D:\finalProject\v1.2\backend\node_modules\router\index.js:582:12)
    at next (D:\finalProject\v1.2\backend\node_modules\router\index.js:291:5)
    at SendStream.error (D:\finalProject\v1.2\backend\node_modules\serve-static\index.js:120:7)
    at SendStream.emit (node:events:509:20)
    at SendStream.error (D:\finalProject\v1.2\backend\node_modules\send\index.js:168:17)
    at SendStream.onStatError (D:\finalProject\v1.2\backend\node_modules\send\index.js:315:12) 
09-09-2026 20:01:38 | INFO | Product created: Dress Product 2 by admin Abdelrhman  
09-09-2026 20:02:53 | INFO | Users directory queried successfully  
09-09-2026 20:31:36 | ERROR | Error found | 403 | POST /api/v1/auth/login : Invalid email or password | user: guest 
Error: Invalid email or password
    at D:\finalProject\v1.2\backend\controllers\auth.controller.js:104:17
    at process.processTicksAndRejections (node:internal/process/task_queues:104:5) 
09-09-2026 20:31:42 | ERROR | Error found | 403 | POST /api/v1/auth/login : Invalid email or password | user: guest 
Error: Invalid email or password
    at D:\finalProject\v1.2\backend\controllers\auth.controller.js:104:17 
09-09-2026 20:34:17 | INFO | Guest cart merged into user ali  
09-09-2026 20:34:17 | INFO | User addresses fetched  
09-09-2026 20:34:44 | INFO | Address added successfully  
09-09-2026 20:34:44 | INFO | User addresses fetched  
09-09-2026 20:34:50 | INFO | User addresses fetched  
09-09-2026 20:34:55 | INFO | Order created: 6aa198bf35e767771ed747d4 by ali  
09-09-2026 20:35:31 | INFO | Category updated: Women by admin Abdelrhman  
09-09-2026 20:37:37 | INFO | Category updated: Women by admin Abdelrhman  
09-09-2026 20:39:11 | INFO | Guest cart merged into user ali  
09-09-2026 20:39:11 | INFO | User addresses fetched  
09-09-2026 20:39:17 | INFO | User addresses fetched  
09-09-2026 20:39:28 | INFO | User addresses fetched  
09-09-2026 20:39:30 | INFO | Order created: 6aa199d235e767771ed74807 by ali  
09-09-2026 20:39:51 | INFO | User addresses fetched  
09-09-2026 20:41:07 | INFO | Testimonial 6aa182d8a7a42fbbd83c3c2b accepted by Abdelrhman  
09-09-2026 20:41:11 | INFO | Message 6aa199d235e767771ed74809 marked as read by Abdelrhman  
09-09-2026 20:41:12 | INFO | Message 6aa198bf35e767771ed747d6 marked as read by Abdelrhman  
09-09-2026 20:41:16 | INFO | Users directory queried successfully  
09-09-2026 20:41:18 | INFO | Users directory queried successfully  
09-09-2026 20:41:26 | INFO | Order 6aa199d235e767771ed74807 status changed from pending to processing by Abdelrhman  
09-09-2026 20:42:10 | INFO | Category updated: Women by admin Abdelrhman  
09-09-2026 20:42:18 | INFO | Category updated: Women by admin Abdelrhman  
09-09-2026 20:42:22 | INFO | Product updated: T-Shirt Product 1 by admin Abdelrhman  
09-09-2026 20:42:23 | INFO | Product updated: T-Shirt Product 1 by admin Abdelrhman  
09-09-2026 20:42:24 | INFO | Product updated: T-Shirt Product 1 by admin Abdelrhman  
09-09-2026 20:42:25 | INFO | Product updated: T-Shirt Product 1 by admin Abdelrhman  
09-09-2026 20:42:26 | INFO | Product updated: T-Shirt Product 1 by admin Abdelrhman  
09-09-2026 20:42:27 | INFO | Product updated: T-Shirt Product 1 by admin Abdelrhman  
09-09-2026 20:42:33 | INFO | Product updated: T-Shirt Product 1 by admin Abdelrhman  
09-09-2026 20:56:19 | INFO | Testimonial created: 6aa19dc335e767771ed748b0 by ali  
09-09-2026 21:17:39 | INFO | Testimonial created: 6aa1a2c3ab98ba851a113271 by ali  
09-09-2026 21:18:39 | INFO | Message 6aa1a2c3ab98ba851a113272 deleted by Abdelrhman  
09-09-2026 21:18:40 | INFO | Message 6aa19dc335e767771ed748b1 deleted by Abdelrhman  
09-09-2026 21:19:05 | INFO | Users directory queried successfully  
09-09-2026 21:19:56 | INFO | Users directory queried successfully  
09-09-2026 21:23:38 | INFO | Product T-Shirt Product 1 added to cart by Abdelrhman  
09-09-2026 21:24:14 | INFO | Product updated: T-Shirt Product 1 by admin Abdelrhman  
09-09-2026 21:29:18 | INFO | Users directory queried successfully  
09-09-2026 21:29:20 | INFO | User fetched successfully  
09-09-2026 21:29:43 | INFO | Product T-Shirt Product 1 added to cart by Abdelrhman  
09-09-2026 21:29:47 | INFO | Price changes accepted for cart by Abdelrhman  
09-09-2026 21:29:48 | INFO | User addresses fetched  
09-09-2026 21:30:04 | INFO | Address added successfully  
09-09-2026 21:30:04 | INFO | User addresses fetched  
09-09-2026 21:30:13 | INFO | User addresses fetched  
09-09-2026 21:30:16 | INFO | Order created: 6aa1a5b8ab98ba851a11337d by Abdelrhman  
