08-09-2026 20:12:45 | ERROR | Error found | 404 | GET /files/1788430760414_Black_Denim_Jacket.jpg : Can't find /files/1788430760414_Black_Denim_Jacket.jpg on this server | user: guest 
Error: Can't find /files/1788430760414_Black_Denim_Jacket.jpg on this server
    at D:\photo\store_uiux_polished\v1\backend\server.js:110:8
    at Layer.handleRequest (D:\photo\store_uiux_polished\v1\backend\node_modules\router\lib\layer.js:152:17)
    at trimPrefix (D:\photo\store_uiux_polished\v1\backend\node_modules\router\index.js:342:13)
    at D:\photo\store_uiux_polished\v1\backend\node_modules\router\index.js:297:9
    at processParams (D:\photo\store_uiux_polished\v1\backend\node_modules\router\index.js:582:12)
    at next (D:\photo\store_uiux_polished\v1\backend\node_modules\router\index.js:291:5)
    at SendStream.error (D:\photo\store_uiux_polished\v1\backend\node_modules\serve-static\index.js:120:7)
    at SendStream.emit (node:events:509:20)
    at SendStream.error (D:\photo\store_uiux_polished\v1\backend\node_modules\send\index.js:168:17)
    at SendStream.onStatError (D:\photo\store_uiux_polished\v1\backend\node_modules\send\index.js:315:12) 
08-09-2026 20:12:52 | ERROR | Error found | 404 | GET /files/1788542750602_men-category.jpg : Can't find /files/1788542750602_men-category.jpg on this server | user: guest 
Error: Can't find /files/1788542750602_men-category.jpg on this server
    at D:\photo\store_uiux_polished\v1\backend\server.js:110:8
    at Layer.handleRequest (D:\photo\store_uiux_polished\v1\backend\node_modules\router\lib\layer.js:152:17)
    at trimPrefix (D:\photo\store_uiux_polished\v1\backend\node_modules\router\index.js:342:13)
    at D:\photo\store_uiux_polished\v1\backend\node_modules\router\index.js:297:9
    at processParams (D:\photo\store_uiux_polished\v1\backend\node_modules\router\index.js:582:12)
    at next (D:\photo\store_uiux_polished\v1\backend\node_modules\router\index.js:291:5)
    at SendStream.error (D:\photo\store_uiux_polished\v1\backend\node_modules\serve-static\index.js:120:7)
    at SendStream.emit (node:events:509:20)
    at SendStream.error (D:\photo\store_uiux_polished\v1\backend\node_modules\send\index.js:168:17)
    at SendStream.onStatError (D:\photo\store_uiux_polished\v1\backend\node_modules\send\index.js:315:12) 
08-09-2026 20:12:52 | ERROR | Error found | 404 | GET /files/1788430760414_Black_Denim_Jacket.jpg : Can't find /files/1788430760414_Black_Denim_Jacket.jpg on this server | user: guest 
Error: Can't find /files/1788430760414_Black_Denim_Jacket.jpg on this server
    at D:\photo\store_uiux_polished\v1\backend\server.js:110:8
    at Layer.handleRequest (D:\photo\store_uiux_polished\v1\backend\node_modules\router\lib\layer.js:152:17)
    at trimPrefix (D:\photo\store_uiux_polished\v1\backend\node_modules\router\index.js:342:13)
    at D:\photo\store_uiux_polished\v1\backend\node_modules\router\index.js:297:9
    at processParams (D:\photo\store_uiux_polished\v1\backend\node_modules\router\index.js:582:12)
    at next (D:\photo\store_uiux_polished\v1\backend\node_modules\router\index.js:291:5)
    at SendStream.error (D:\photo\store_uiux_polished\v1\backend\node_modules\serve-static\index.js:120:7)
    at SendStream.emit (node:events:509:20)
    at SendStream.error (D:\photo\store_uiux_polished\v1\backend\node_modules\send\index.js:168:17)
    at SendStream.onStatError (D:\photo\store_uiux_polished\v1\backend\node_modules\send\index.js:315:12) 
08-09-2026 20:12:57 | ERROR | Error found | 404 | GET /files/1788430760414_Black_Denim_Jacket.jpg : Can't find /files/1788430760414_Black_Denim_Jacket.jpg on this server | user: guest 
Error: Can't find /files/1788430760414_Black_Denim_Jacket.jpg on this server
    at D:\photo\store_uiux_polished\v1\backend\server.js:110:8
    at Layer.handleRequest (D:\photo\store_uiux_polished\v1\backend\node_modules\router\lib\layer.js:152:17)
    at trimPrefix (D:\photo\store_uiux_polished\v1\backend\node_modules\router\index.js:342:13)
    at D:\photo\store_uiux_polished\v1\backend\node_modules\router\index.js:297:9
    at processParams (D:\photo\store_uiux_polished\v1\backend\node_modules\router\index.js:582:12)
    at next (D:\photo\store_uiux_polished\v1\backend\node_modules\router\index.js:291:5)
    at SendStream.error (D:\photo\store_uiux_polished\v1\backend\node_modules\serve-static\index.js:120:7)
    at SendStream.emit (node:events:509:20)
    at SendStream.error (D:\photo\store_uiux_polished\v1\backend\node_modules\send\index.js:168:17)
    at SendStream.onStatError (D:\photo\store_uiux_polished\v1\backend\node_modules\send\index.js:315:12) 
08-09-2026 20:12:57 | ERROR | Error found | 404 | GET /files/1788542750602_men-category.jpg : Can't find /files/1788542750602_men-category.jpg on this server | user: guest 
Error: Can't find /files/1788542750602_men-category.jpg on this server
    at D:\photo\store_uiux_polished\v1\backend\server.js:110:8
    at Layer.handleRequest (D:\photo\store_uiux_polished\v1\backend\node_modules\router\lib\layer.js:152:17)
    at trimPrefix (D:\photo\store_uiux_polished\v1\backend\node_modules\router\index.js:342:13)
    at D:\photo\store_uiux_polished\v1\backend\node_modules\router\index.js:297:9
    at processParams (D:\photo\store_uiux_polished\v1\backend\node_modules\router\index.js:582:12)
    at next (D:\photo\store_uiux_polished\v1\backend\node_modules\router\index.js:291:5)
    at SendStream.error (D:\photo\store_uiux_polished\v1\backend\node_modules\serve-static\index.js:120:7)
    at SendStream.emit (node:events:509:20)
    at SendStream.error (D:\photo\store_uiux_polished\v1\backend\node_modules\send\index.js:168:17)
    at SendStream.onStatError (D:\photo\store_uiux_polished\v1\backend\node_modules\send\index.js:315:12) 
08-09-2026 20:13:02 | ERROR | Error found | 404 | GET /files/1788542750602_men-category.jpg : Can't find /files/1788542750602_men-category.jpg on this server | user: guest 
Error: Can't find /files/1788542750602_men-category.jpg on this server
    at D:\photo\store_uiux_polished\v1\backend\server.js:110:8
    at Layer.handleRequest (D:\photo\store_uiux_polished\v1\backend\node_modules\router\lib\layer.js:152:17)
    at trimPrefix (D:\photo\store_uiux_polished\v1\backend\node_modules\router\index.js:342:13)
    at D:\photo\store_uiux_polished\v1\backend\node_modules\router\index.js:297:9
    at processParams (D:\photo\store_uiux_polished\v1\backend\node_modules\router\index.js:582:12)
    at next (D:\photo\store_uiux_polished\v1\backend\node_modules\router\index.js:291:5)
    at SendStream.error (D:\photo\store_uiux_polished\v1\backend\node_modules\serve-static\index.js:120:7)
    at SendStream.emit (node:events:509:20)
    at SendStream.error (D:\photo\store_uiux_polished\v1\backend\node_modules\send\index.js:168:17)
    at SendStream.onStatError (D:\photo\store_uiux_polished\v1\backend\node_modules\send\index.js:315:12) 
08-09-2026 20:13:02 | ERROR | Error found | 404 | GET /files/1788430760414_Black_Denim_Jacket.jpg : Can't find /files/1788430760414_Black_Denim_Jacket.jpg on this server | user: guest 
Error: Can't find /files/1788430760414_Black_Denim_Jacket.jpg on this server
    at D:\photo\store_uiux_polished\v1\backend\server.js:110:8
    at Layer.handleRequest (D:\photo\store_uiux_polished\v1\backend\node_modules\router\lib\layer.js:152:17)
    at trimPrefix (D:\photo\store_uiux_polished\v1\backend\node_modules\router\index.js:342:13)
    at D:\photo\store_uiux_polished\v1\backend\node_modules\router\index.js:297:9
    at processParams (D:\photo\store_uiux_polished\v1\backend\node_modules\router\index.js:582:12)
    at next (D:\photo\store_uiux_polished\v1\backend\node_modules\router\index.js:291:5)
    at SendStream.error (D:\photo\store_uiux_polished\v1\backend\node_modules\serve-static\index.js:120:7)
    at SendStream.emit (node:events:509:20)
    at SendStream.error (D:\photo\store_uiux_polished\v1\backend\node_modules\send\index.js:168:17)
    at SendStream.onStatError (D:\photo\store_uiux_polished\v1\backend\node_modules\send\index.js:315:12) 
08-09-2026 20:13:10 | ERROR | Error found | 404 | GET /files/1788430760414_Black_Denim_Jacket.jpg : Can't find /files/1788430760414_Black_Denim_Jacket.jpg on this server | user: guest 
Error: Can't find /files/1788430760414_Black_Denim_Jacket.jpg on this server
    at D:\photo\store_uiux_polished\v1\backend\server.js:110:8
    at Layer.handleRequest (D:\photo\store_uiux_polished\v1\backend\node_modules\router\lib\layer.js:152:17)
    at trimPrefix (D:\photo\store_uiux_polished\v1\backend\node_modules\router\index.js:342:13)
    at D:\photo\store_uiux_polished\v1\backend\node_modules\router\index.js:297:9
    at processParams (D:\photo\store_uiux_polished\v1\backend\node_modules\router\index.js:582:12)
    at next (D:\photo\store_uiux_polished\v1\backend\node_modules\router\index.js:291:5)
    at SendStream.error (D:\photo\store_uiux_polished\v1\backend\node_modules\serve-static\index.js:120:7)
    at SendStream.emit (node:events:509:20)
    at SendStream.error (D:\photo\store_uiux_polished\v1\backend\node_modules\send\index.js:168:17)
    at SendStream.onStatError (D:\photo\store_uiux_polished\v1\backend\node_modules\send\index.js:315:12) 
08-09-2026 20:13:11 | ERROR | Error found | 404 | GET /files/1788430760414_Black_Denim_Jacket.jpg : Can't find /files/1788430760414_Black_Denim_Jacket.jpg on this server | user: guest 
Error: Can't find /files/1788430760414_Black_Denim_Jacket.jpg on this server
    at D:\photo\store_uiux_polished\v1\backend\server.js:110:8
    at Layer.handleRequest (D:\photo\store_uiux_polished\v1\backend\node_modules\router\lib\layer.js:152:17)
    at trimPrefix (D:\photo\store_uiux_polished\v1\backend\node_modules\router\index.js:342:13)
    at D:\photo\store_uiux_polished\v1\backend\node_modules\router\index.js:297:9
    at processParams (D:\photo\store_uiux_polished\v1\backend\node_modules\router\index.js:582:12)
    at next (D:\photo\store_uiux_polished\v1\backend\node_modules\router\index.js:291:5)
    at SendStream.error (D:\photo\store_uiux_polished\v1\backend\node_modules\serve-static\index.js:120:7)
    at SendStream.emit (node:events:509:20)
    at SendStream.error (D:\photo\store_uiux_polished\v1\backend\node_modules\send\index.js:168:17)
    at SendStream.onStatError (D:\photo\store_uiux_polished\v1\backend\node_modules\send\index.js:315:12) 
08-09-2026 20:13:11 | ERROR | Error found | 404 | GET /files/1788430760414_Black_Denim_Jacket.jpg : Can't find /files/1788430760414_Black_Denim_Jacket.jpg on this server | user: guest 
Error: Can't find /files/1788430760414_Black_Denim_Jacket.jpg on this server
    at D:\photo\store_uiux_polished\v1\backend\server.js:110:8
    at Layer.handleRequest (D:\photo\store_uiux_polished\v1\backend\node_modules\router\lib\layer.js:152:17)
    at trimPrefix (D:\photo\store_uiux_polished\v1\backend\node_modules\router\index.js:342:13)
    at D:\photo\store_uiux_polished\v1\backend\node_modules\router\index.js:297:9
    at processParams (D:\photo\store_uiux_polished\v1\backend\node_modules\router\index.js:582:12)
    at next (D:\photo\store_uiux_polished\v1\backend\node_modules\router\index.js:291:5)
    at SendStream.error (D:\photo\store_uiux_polished\v1\backend\node_modules\serve-static\index.js:120:7)
    at SendStream.emit (node:events:509:20)
    at SendStream.error (D:\photo\store_uiux_polished\v1\backend\node_modules\send\index.js:168:17)
    at SendStream.onStatError (D:\photo\store_uiux_polished\v1\backend\node_modules\send\index.js:315:12) 
08-09-2026 20:13:24 | ERROR | Error found | 404 | GET /files/1788430760414_Black_Denim_Jacket.jpg : Can't find /files/1788430760414_Black_Denim_Jacket.jpg on this server | user: guest 
Error: Can't find /files/1788430760414_Black_Denim_Jacket.jpg on this server
    at D:\photo\store_uiux_polished\v1\backend\server.js:110:8
    at Layer.handleRequest (D:\photo\store_uiux_polished\v1\backend\node_modules\router\lib\layer.js:152:17)
    at trimPrefix (D:\photo\store_uiux_polished\v1\backend\node_modules\router\index.js:342:13)
    at D:\photo\store_uiux_polished\v1\backend\node_modules\router\index.js:297:9
    at processParams (D:\photo\store_uiux_polished\v1\backend\node_modules\router\index.js:582:12)
    at next (D:\photo\store_uiux_polished\v1\backend\node_modules\router\index.js:291:5)
    at SendStream.error (D:\photo\store_uiux_polished\v1\backend\node_modules\serve-static\index.js:120:7)
    at SendStream.emit (node:events:509:20)
    at SendStream.error (D:\photo\store_uiux_polished\v1\backend\node_modules\send\index.js:168:17)
    at SendStream.onStatError (D:\photo\store_uiux_polished\v1\backend\node_modules\send\index.js:315:12) 
08-09-2026 20:13:24 | ERROR | Error found | 404 | GET /files/1788542750602_men-category.jpg : Can't find /files/1788542750602_men-category.jpg on this server | user: guest 
Error: Can't find /files/1788542750602_men-category.jpg on this server
    at D:\photo\store_uiux_polished\v1\backend\server.js:110:8
    at Layer.handleRequest (D:\photo\store_uiux_polished\v1\backend\node_modules\router\lib\layer.js:152:17)
    at trimPrefix (D:\photo\store_uiux_polished\v1\backend\node_modules\router\index.js:342:13)
    at D:\photo\store_uiux_polished\v1\backend\node_modules\router\index.js:297:9
    at processParams (D:\photo\store_uiux_polished\v1\backend\node_modules\router\index.js:582:12)
    at next (D:\photo\store_uiux_polished\v1\backend\node_modules\router\index.js:291:5)
    at SendStream.error (D:\photo\store_uiux_polished\v1\backend\node_modules\serve-static\index.js:120:7)
    at SendStream.emit (node:events:509:20)
    at SendStream.error (D:\photo\store_uiux_polished\v1\backend\node_modules\send\index.js:168:17)
    at SendStream.onStatError (D:\photo\store_uiux_polished\v1\backend\node_modules\send\index.js:315:12) 
08-09-2026 20:13:45 | ERROR | Error found | 404 | GET /files/1788430760414_Black_Denim_Jacket.jpg : Can't find /files/1788430760414_Black_Denim_Jacket.jpg on this server | user: guest 
Error: Can't find /files/1788430760414_Black_Denim_Jacket.jpg on this server
    at D:\photo\store_uiux_polished\v1\backend\server.js:110:8
    at Layer.handleRequest (D:\photo\store_uiux_polished\v1\backend\node_modules\router\lib\layer.js:152:17)
    at trimPrefix (D:\photo\store_uiux_polished\v1\backend\node_modules\router\index.js:342:13)
    at D:\photo\store_uiux_polished\v1\backend\node_modules\router\index.js:297:9
    at processParams (D:\photo\store_uiux_polished\v1\backend\node_modules\router\index.js:582:12)
    at next (D:\photo\store_uiux_polished\v1\backend\node_modules\router\index.js:291:5)
    at SendStream.error (D:\photo\store_uiux_polished\v1\backend\node_modules\serve-static\index.js:120:7)
    at SendStream.emit (node:events:509:20)
    at SendStream.error (D:\photo\store_uiux_polished\v1\backend\node_modules\send\index.js:168:17)
    at SendStream.onStatError (D:\photo\store_uiux_polished\v1\backend\node_modules\send\index.js:315:12) 
08-09-2026 20:13:45 | ERROR | Error found | 404 | GET /files/1788542750602_men-category.jpg : Can't find /files/1788542750602_men-category.jpg on this server | user: guest 
Error: Can't find /files/1788542750602_men-category.jpg on this server
    at D:\photo\store_uiux_polished\v1\backend\server.js:110:8
    at Layer.handleRequest (D:\photo\store_uiux_polished\v1\backend\node_modules\router\lib\layer.js:152:17)
    at trimPrefix (D:\photo\store_uiux_polished\v1\backend\node_modules\router\index.js:342:13)
    at D:\photo\store_uiux_polished\v1\backend\node_modules\router\index.js:297:9
    at processParams (D:\photo\store_uiux_polished\v1\backend\node_modules\router\index.js:582:12)
    at next (D:\photo\store_uiux_polished\v1\backend\node_modules\router\index.js:291:5)
    at SendStream.error (D:\photo\store_uiux_polished\v1\backend\node_modules\serve-static\index.js:120:7)
    at SendStream.emit (node:events:509:20)
    at SendStream.error (D:\photo\store_uiux_polished\v1\backend\node_modules\send\index.js:168:17)
    at SendStream.onStatError (D:\photo\store_uiux_polished\v1\backend\node_modules\send\index.js:315:12) 
08-09-2026 20:23:39 | ERROR | Error found | 404 | GET /files/1788430760414_Black_Denim_Jacket.jpg : Can't find /files/1788430760414_Black_Denim_Jacket.jpg on this server | user: guest 
Error: Can't find /files/1788430760414_Black_Denim_Jacket.jpg on this server
    at D:\photo\store_uiux_polished\v1\backend\server.js:110:8
    at Layer.handleRequest (D:\photo\store_uiux_polished\v1\backend\node_modules\router\lib\layer.js:152:17)
    at trimPrefix (D:\photo\store_uiux_polished\v1\backend\node_modules\router\index.js:342:13)
    at D:\photo\store_uiux_polished\v1\backend\node_modules\router\index.js:297:9
    at processParams (D:\photo\store_uiux_polished\v1\backend\node_modules\router\index.js:582:12)
    at next (D:\photo\store_uiux_polished\v1\backend\node_modules\router\index.js:291:5)
    at SendStream.error (D:\photo\store_uiux_polished\v1\backend\node_modules\serve-static\index.js:120:7)
    at SendStream.emit (node:events:509:20)
    at SendStream.error (D:\photo\store_uiux_polished\v1\backend\node_modules\send\index.js:168:17)
    at SendStream.onStatError (D:\photo\store_uiux_polished\v1\backend\node_modules\send\index.js:315:12) 
08-09-2026 20:23:39 | ERROR | Error found | 404 | GET /files/1788542750602_men-category.jpg : Can't find /files/1788542750602_men-category.jpg on this server | user: guest 
Error: Can't find /files/1788542750602_men-category.jpg on this server
    at D:\photo\store_uiux_polished\v1\backend\server.js:110:8
    at Layer.handleRequest (D:\photo\store_uiux_polished\v1\backend\node_modules\router\lib\layer.js:152:17)
    at trimPrefix (D:\photo\store_uiux_polished\v1\backend\node_modules\router\index.js:342:13)
    at D:\photo\store_uiux_polished\v1\backend\node_modules\router\index.js:297:9
    at processParams (D:\photo\store_uiux_polished\v1\backend\node_modules\router\index.js:582:12)
    at next (D:\photo\store_uiux_polished\v1\backend\node_modules\router\index.js:291:5)
    at SendStream.error (D:\photo\store_uiux_polished\v1\backend\node_modules\serve-static\index.js:120:7)
    at SendStream.emit (node:events:509:20)
    at SendStream.error (D:\photo\store_uiux_polished\v1\backend\node_modules\send\index.js:168:17)
    at SendStream.onStatError (D:\photo\store_uiux_polished\v1\backend\node_modules\send\index.js:315:12) 
08-09-2026 20:23:50 | ERROR | Error found | 404 | GET /files/1788430760414_Black_Denim_Jacket.jpg : Can't find /files/1788430760414_Black_Denim_Jacket.jpg on this server | user: guest 
Error: Can't find /files/1788430760414_Black_Denim_Jacket.jpg on this server
    at D:\photo\store_uiux_polished\v1\backend\server.js:110:8
    at Layer.handleRequest (D:\photo\store_uiux_polished\v1\backend\node_modules\router\lib\layer.js:152:17)
    at trimPrefix (D:\photo\store_uiux_polished\v1\backend\node_modules\router\index.js:342:13)
    at D:\photo\store_uiux_polished\v1\backend\node_modules\router\index.js:297:9
    at processParams (D:\photo\store_uiux_polished\v1\backend\node_modules\router\index.js:582:12)
    at next (D:\photo\store_uiux_polished\v1\backend\node_modules\router\index.js:291:5)
    at SendStream.error (D:\photo\store_uiux_polished\v1\backend\node_modules\serve-static\index.js:120:7)
    at SendStream.emit (node:events:509:20)
    at SendStream.error (D:\photo\store_uiux_polished\v1\backend\node_modules\send\index.js:168:17)
    at SendStream.onStatError (D:\photo\store_uiux_polished\v1\backend\node_modules\send\index.js:315:12) 
08-09-2026 20:23:50 | ERROR | Error found | 404 | GET /files/1788542750602_men-category.jpg : Can't find /files/1788542750602_men-category.jpg on this server | user: guest 
Error: Can't find /files/1788542750602_men-category.jpg on this server
    at D:\photo\store_uiux_polished\v1\backend\server.js:110:8
    at Layer.handleRequest (D:\photo\store_uiux_polished\v1\backend\node_modules\router\lib\layer.js:152:17)
    at trimPrefix (D:\photo\store_uiux_polished\v1\backend\node_modules\router\index.js:342:13)
    at D:\photo\store_uiux_polished\v1\backend\node_modules\router\index.js:297:9
    at processParams (D:\photo\store_uiux_polished\v1\backend\node_modules\router\index.js:582:12)
    at next (D:\photo\store_uiux_polished\v1\backend\node_modules\router\index.js:291:5)
    at SendStream.error (D:\photo\store_uiux_polished\v1\backend\node_modules\serve-static\index.js:120:7)
    at SendStream.emit (node:events:509:20)
    at SendStream.error (D:\photo\store_uiux_polished\v1\backend\node_modules\send\index.js:168:17)
    at SendStream.onStatError (D:\photo\store_uiux_polished\v1\backend\node_modules\send\index.js:315:12) 
08-09-2026 20:24:18 | ERROR | Error found | 404 | GET /files/1788430760414_Black_Denim_Jacket.jpg : Can't find /files/1788430760414_Black_Denim_Jacket.jpg on this server | user: guest 
Error: Can't find /files/1788430760414_Black_Denim_Jacket.jpg on this server
    at D:\photo\store_uiux_polished\v1\backend\server.js:110:8
    at Layer.handleRequest (D:\photo\store_uiux_polished\v1\backend\node_modules\router\lib\layer.js:152:17)
    at trimPrefix (D:\photo\store_uiux_polished\v1\backend\node_modules\router\index.js:342:13)
    at D:\photo\store_uiux_polished\v1\backend\node_modules\router\index.js:297:9
    at processParams (D:\photo\store_uiux_polished\v1\backend\node_modules\router\index.js:582:12)
    at next (D:\photo\store_uiux_polished\v1\backend\node_modules\router\index.js:291:5)
    at SendStream.error (D:\photo\store_uiux_polished\v1\backend\node_modules\serve-static\index.js:120:7)
    at SendStream.emit (node:events:509:20)
    at SendStream.error (D:\photo\store_uiux_polished\v1\backend\node_modules\send\index.js:168:17)
    at SendStream.onStatError (D:\photo\store_uiux_polished\v1\backend\node_modules\send\index.js:315:12) 
08-09-2026 20:24:18 | ERROR | Error found | 404 | GET /files/1788542750602_men-category.jpg : Can't find /files/1788542750602_men-category.jpg on this server | user: guest 
Error: Can't find /files/1788542750602_men-category.jpg on this server
    at D:\photo\store_uiux_polished\v1\backend\server.js:110:8
    at Layer.handleRequest (D:\photo\store_uiux_polished\v1\backend\node_modules\router\lib\layer.js:152:17)
    at trimPrefix (D:\photo\store_uiux_polished\v1\backend\node_modules\router\index.js:342:13)
    at D:\photo\store_uiux_polished\v1\backend\node_modules\router\index.js:297:9
    at processParams (D:\photo\store_uiux_polished\v1\backend\node_modules\router\index.js:582:12)
    at next (D:\photo\store_uiux_polished\v1\backend\node_modules\router\index.js:291:5)
    at SendStream.error (D:\photo\store_uiux_polished\v1\backend\node_modules\serve-static\index.js:120:7)
    at SendStream.emit (node:events:509:20)
    at SendStream.error (D:\photo\store_uiux_polished\v1\backend\node_modules\send\index.js:168:17)
    at SendStream.onStatError (D:\photo\store_uiux_polished\v1\backend\node_modules\send\index.js:315:12) 
08-09-2026 20:24:27 | ERROR | Error found | 404 | GET /files/1788430760414_Black_Denim_Jacket.jpg : Can't find /files/1788430760414_Black_Denim_Jacket.jpg on this server | user: guest 
Error: Can't find /files/1788430760414_Black_Denim_Jacket.jpg on this server
    at D:\photo\store_uiux_polished\v1\backend\server.js:110:8
    at Layer.handleRequest (D:\photo\store_uiux_polished\v1\backend\node_modules\router\lib\layer.js:152:17)
    at trimPrefix (D:\photo\store_uiux_polished\v1\backend\node_modules\router\index.js:342:13)
    at D:\photo\store_uiux_polished\v1\backend\node_modules\router\index.js:297:9
    at processParams (D:\photo\store_uiux_polished\v1\backend\node_modules\router\index.js:582:12)
    at next (D:\photo\store_uiux_polished\v1\backend\node_modules\router\index.js:291:5)
    at SendStream.error (D:\photo\store_uiux_polished\v1\backend\node_modules\serve-static\index.js:120:7)
    at SendStream.emit (node:events:509:20)
    at SendStream.error (D:\photo\store_uiux_polished\v1\backend\node_modules\send\index.js:168:17)
    at SendStream.onStatError (D:\photo\store_uiux_polished\v1\backend\node_modules\send\index.js:315:12) 
08-09-2026 20:24:27 | ERROR | Error found | 404 | GET /files/1788542750602_men-category.jpg : Can't find /files/1788542750602_men-category.jpg on this server | user: guest 
Error: Can't find /files/1788542750602_men-category.jpg on this server
    at D:\photo\store_uiux_polished\v1\backend\server.js:110:8
    at Layer.handleRequest (D:\photo\store_uiux_polished\v1\backend\node_modules\router\lib\layer.js:152:17)
    at trimPrefix (D:\photo\store_uiux_polished\v1\backend\node_modules\router\index.js:342:13)
    at D:\photo\store_uiux_polished\v1\backend\node_modules\router\index.js:297:9
    at processParams (D:\photo\store_uiux_polished\v1\backend\node_modules\router\index.js:582:12)
    at next (D:\photo\store_uiux_polished\v1\backend\node_modules\router\index.js:291:5)
    at SendStream.error (D:\photo\store_uiux_polished\v1\backend\node_modules\serve-static\index.js:120:7)
    at SendStream.emit (node:events:509:20)
    at SendStream.error (D:\photo\store_uiux_polished\v1\backend\node_modules\send\index.js:168:17)
    at SendStream.onStatError (D:\photo\store_uiux_polished\v1\backend\node_modules\send\index.js:315:12) 
08-09-2026 20:26:20 | ERROR | Error found | 404 | GET /files/1788430760414_Black_Denim_Jacket.jpg : Can't find /files/1788430760414_Black_Denim_Jacket.jpg on this server | user: guest 
Error: Can't find /files/1788430760414_Black_Denim_Jacket.jpg on this server
    at D:\photo\store_uiux_polished\v1\backend\server.js:110:8
    at Layer.handleRequest (D:\photo\store_uiux_polished\v1\backend\node_modules\router\lib\layer.js:152:17)
    at trimPrefix (D:\photo\store_uiux_polished\v1\backend\node_modules\router\index.js:342:13)
    at D:\photo\store_uiux_polished\v1\backend\node_modules\router\index.js:297:9
    at processParams (D:\photo\store_uiux_polished\v1\backend\node_modules\router\index.js:582:12)
    at next (D:\photo\store_uiux_polished\v1\backend\node_modules\router\index.js:291:5)
    at SendStream.error (D:\photo\store_uiux_polished\v1\backend\node_modules\serve-static\index.js:120:7)
    at SendStream.emit (node:events:509:20)
    at SendStream.error (D:\photo\store_uiux_polished\v1\backend\node_modules\send\index.js:168:17)
    at SendStream.onStatError (D:\photo\store_uiux_polished\v1\backend\node_modules\send\index.js:315:12) 
08-09-2026 20:26:20 | ERROR | Error found | 404 | GET /files/1788542750602_men-category.jpg : Can't find /files/1788542750602_men-category.jpg on this server | user: guest 
Error: Can't find /files/1788542750602_men-category.jpg on this server
    at D:\photo\store_uiux_polished\v1\backend\server.js:110:8
    at Layer.handleRequest (D:\photo\store_uiux_polished\v1\backend\node_modules\router\lib\layer.js:152:17)
    at trimPrefix (D:\photo\store_uiux_polished\v1\backend\node_modules\router\index.js:342:13)
    at D:\photo\store_uiux_polished\v1\backend\node_modules\router\index.js:297:9
    at processParams (D:\photo\store_uiux_polished\v1\backend\node_modules\router\index.js:582:12)
    at next (D:\photo\store_uiux_polished\v1\backend\node_modules\router\index.js:291:5)
    at SendStream.error (D:\photo\store_uiux_polished\v1\backend\node_modules\serve-static\index.js:120:7)
    at SendStream.emit (node:events:509:20)
    at SendStream.error (D:\photo\store_uiux_polished\v1\backend\node_modules\send\index.js:168:17)
    at SendStream.onStatError (D:\photo\store_uiux_polished\v1\backend\node_modules\send\index.js:315:12) 
08-09-2026 20:28:28 | ERROR | Error found | 404 | GET /files/1788430760414_Black_Denim_Jacket.jpg : Can't find /files/1788430760414_Black_Denim_Jacket.jpg on this server | user: guest 
Error: Can't find /files/1788430760414_Black_Denim_Jacket.jpg on this server
    at D:\photo\store_uiux_polished\v1\backend\server.js:110:8
    at Layer.handleRequest (D:\photo\store_uiux_polished\v1\backend\node_modules\router\lib\layer.js:152:17)
    at trimPrefix (D:\photo\store_uiux_polished\v1\backend\node_modules\router\index.js:342:13)
    at D:\photo\store_uiux_polished\v1\backend\node_modules\router\index.js:297:9
    at processParams (D:\photo\store_uiux_polished\v1\backend\node_modules\router\index.js:582:12)
    at next (D:\photo\store_uiux_polished\v1\backend\node_modules\router\index.js:291:5)
    at SendStream.error (D:\photo\store_uiux_polished\v1\backend\node_modules\serve-static\index.js:120:7)
    at SendStream.emit (node:events:509:20)
    at SendStream.error (D:\photo\store_uiux_polished\v1\backend\node_modules\send\index.js:168:17)
    at SendStream.onStatError (D:\photo\store_uiux_polished\v1\backend\node_modules\send\index.js:315:12) 
08-09-2026 20:28:28 | ERROR | Error found | 404 | GET /files/1788542750602_men-category.jpg : Can't find /files/1788542750602_men-category.jpg on this server | user: guest 
Error: Can't find /files/1788542750602_men-category.jpg on this server
    at D:\photo\store_uiux_polished\v1\backend\server.js:110:8
    at Layer.handleRequest (D:\photo\store_uiux_polished\v1\backend\node_modules\router\lib\layer.js:152:17)
    at trimPrefix (D:\photo\store_uiux_polished\v1\backend\node_modules\router\index.js:342:13)
    at D:\photo\store_uiux_polished\v1\backend\node_modules\router\index.js:297:9
    at processParams (D:\photo\store_uiux_polished\v1\backend\node_modules\router\index.js:582:12)
    at next (D:\photo\store_uiux_polished\v1\backend\node_modules\router\index.js:291:5)
    at SendStream.error (D:\photo\store_uiux_polished\v1\backend\node_modules\serve-static\index.js:120:7)
    at SendStream.emit (node:events:509:20)
    at SendStream.error (D:\photo\store_uiux_polished\v1\backend\node_modules\send\index.js:168:17)
    at SendStream.onStatError (D:\photo\store_uiux_polished\v1\backend\node_modules\send\index.js:315:12) 
08-09-2026 20:34:50 | ERROR | Error found | 403 | POST /api/v1/auth/login : Invalid email or password | user: guest 
Error: Invalid email or password
    at D:\photo\store_uiux_polished\v1\backend\controllers\auth.controller.js:104:17
    at process.processTicksAndRejections (node:internal/process/task_queues:104:5) 
08-09-2026 20:35:18 | ERROR | Error found | 403 | POST /api/v1/auth/login : Invalid email or password | user: guest 
Error: Invalid email or password
    at D:\photo\store_uiux_polished\v1\backend\controllers\auth.controller.js:104:17
    at process.processTicksAndRejections (node:internal/process/task_queues:104:5) 
08-09-2026 20:35:35 | ERROR | Error found | 404 | GET /files/1788430760414_Black_Denim_Jacket.jpg : Can't find /files/1788430760414_Black_Denim_Jacket.jpg on this server | user: guest 
Error: Can't find /files/1788430760414_Black_Denim_Jacket.jpg on this server
    at D:\photo\store_uiux_polished\v1\backend\server.js:110:8
    at Layer.handleRequest (D:\photo\store_uiux_polished\v1\backend\node_modules\router\lib\layer.js:152:17)
    at trimPrefix (D:\photo\store_uiux_polished\v1\backend\node_modules\router\index.js:342:13)
    at D:\photo\store_uiux_polished\v1\backend\node_modules\router\index.js:297:9
    at processParams (D:\photo\store_uiux_polished\v1\backend\node_modules\router\index.js:582:12)
    at next (D:\photo\store_uiux_polished\v1\backend\node_modules\router\index.js:291:5)
    at SendStream.error (D:\photo\store_uiux_polished\v1\backend\node_modules\serve-static\index.js:120:7)
    at SendStream.emit (node:events:509:20)
    at SendStream.error (D:\photo\store_uiux_polished\v1\backend\node_modules\send\index.js:168:17)
    at SendStream.onStatError (D:\photo\store_uiux_polished\v1\backend\node_modules\send\index.js:315:12) 
08-09-2026 20:35:35 | ERROR | Error found | 404 | GET /files/1788542750602_men-category.jpg : Can't find /files/1788542750602_men-category.jpg on this server | user: guest 
Error: Can't find /files/1788542750602_men-category.jpg on this server
    at D:\photo\store_uiux_polished\v1\backend\server.js:110:8
    at Layer.handleRequest (D:\photo\store_uiux_polished\v1\backend\node_modules\router\lib\layer.js:152:17)
    at trimPrefix (D:\photo\store_uiux_polished\v1\backend\node_modules\router\index.js:342:13)
    at D:\photo\store_uiux_polished\v1\backend\node_modules\router\index.js:297:9
    at processParams (D:\photo\store_uiux_polished\v1\backend\node_modules\router\index.js:582:12)
    at next (D:\photo\store_uiux_polished\v1\backend\node_modules\router\index.js:291:5)
    at SendStream.error (D:\photo\store_uiux_polished\v1\backend\node_modules\serve-static\index.js:120:7)
    at SendStream.emit (node:events:509:20)
    at SendStream.error (D:\photo\store_uiux_polished\v1\backend\node_modules\send\index.js:168:17)
    at SendStream.onStatError (D:\photo\store_uiux_polished\v1\backend\node_modules\send\index.js:315:12) 
08-09-2026 20:37:54 | ERROR | Error found | 404 | GET /files/1788430760414_Black_Denim_Jacket.jpg : Can't find /files/1788430760414_Black_Denim_Jacket.jpg on this server | user: guest 
Error: Can't find /files/1788430760414_Black_Denim_Jacket.jpg on this server
    at D:\photo\store_uiux_polished\v1\backend\server.js:110:8
    at Layer.handleRequest (D:\photo\store_uiux_polished\v1\backend\node_modules\router\lib\layer.js:152:17)
    at trimPrefix (D:\photo\store_uiux_polished\v1\backend\node_modules\router\index.js:342:13)
    at D:\photo\store_uiux_polished\v1\backend\node_modules\router\index.js:297:9
    at processParams (D:\photo\store_uiux_polished\v1\backend\node_modules\router\index.js:582:12)
    at next (D:\photo\store_uiux_polished\v1\backend\node_modules\router\index.js:291:5)
    at SendStream.error (D:\photo\store_uiux_polished\v1\backend\node_modules\serve-static\index.js:120:7)
    at SendStream.emit (node:events:509:20)
    at SendStream.error (D:\photo\store_uiux_polished\v1\backend\node_modules\send\index.js:168:17)
    at SendStream.onStatError (D:\photo\store_uiux_polished\v1\backend\node_modules\send\index.js:315:12) 
08-09-2026 20:37:56 | ERROR | Error found | 404 | GET /files/1788430760414_Black_Denim_Jacket.jpg : Can't find /files/1788430760414_Black_Denim_Jacket.jpg on this server | user: guest 
Error: Can't find /files/1788430760414_Black_Denim_Jacket.jpg on this server
    at D:\photo\store_uiux_polished\v1\backend\server.js:110:8
    at Layer.handleRequest (D:\photo\store_uiux_polished\v1\backend\node_modules\router\lib\layer.js:152:17)
    at trimPrefix (D:\photo\store_uiux_polished\v1\backend\node_modules\router\index.js:342:13)
    at D:\photo\store_uiux_polished\v1\backend\node_modules\router\index.js:297:9
    at processParams (D:\photo\store_uiux_polished\v1\backend\node_modules\router\index.js:582:12)
    at next (D:\photo\store_uiux_polished\v1\backend\node_modules\router\index.js:291:5)
    at SendStream.error (D:\photo\store_uiux_polished\v1\backend\node_modules\serve-static\index.js:120:7)
    at SendStream.emit (node:events:509:20)
    at SendStream.error (D:\photo\store_uiux_polished\v1\backend\node_modules\send\index.js:168:17)
    at SendStream.onStatError (D:\photo\store_uiux_polished\v1\backend\node_modules\send\index.js:315:12) 
08-09-2026 20:37:56 | ERROR | Error found | 404 | GET /files/1788542750602_men-category.jpg : Can't find /files/1788542750602_men-category.jpg on this server | user: guest 
Error: Can't find /files/1788542750602_men-category.jpg on this server
    at D:\photo\store_uiux_polished\v1\backend\server.js:110:8
    at Layer.handleRequest (D:\photo\store_uiux_polished\v1\backend\node_modules\router\lib\layer.js:152:17)
    at trimPrefix (D:\photo\store_uiux_polished\v1\backend\node_modules\router\index.js:342:13)
    at D:\photo\store_uiux_polished\v1\backend\node_modules\router\index.js:297:9
    at processParams (D:\photo\store_uiux_polished\v1\backend\node_modules\router\index.js:582:12)
    at next (D:\photo\store_uiux_polished\v1\backend\node_modules\router\index.js:291:5)
    at SendStream.error (D:\photo\store_uiux_polished\v1\backend\node_modules\serve-static\index.js:120:7)
    at SendStream.emit (node:events:509:20)
    at SendStream.error (D:\photo\store_uiux_polished\v1\backend\node_modules\send\index.js:168:17)
    at SendStream.onStatError (D:\photo\store_uiux_polished\v1\backend\node_modules\send\index.js:315:12) 
08-09-2026 20:42:58 | ERROR | Error found | 404 | GET /files/1788542750602_men-category.jpg : Can't find /files/1788542750602_men-category.jpg on this server | user: guest 
Error: Can't find /files/1788542750602_men-category.jpg on this server
    at D:\photo\store_uiux_polished\v1\backend\server.js:110:8
    at Layer.handleRequest (D:\photo\store_uiux_polished\v1\backend\node_modules\router\lib\layer.js:152:17)
    at trimPrefix (D:\photo\store_uiux_polished\v1\backend\node_modules\router\index.js:342:13)
    at D:\photo\store_uiux_polished\v1\backend\node_modules\router\index.js:297:9
    at processParams (D:\photo\store_uiux_polished\v1\backend\node_modules\router\index.js:582:12)
    at next (D:\photo\store_uiux_polished\v1\backend\node_modules\router\index.js:291:5)
    at SendStream.error (D:\photo\store_uiux_polished\v1\backend\node_modules\serve-static\index.js:120:7)
    at SendStream.emit (node:events:509:20)
    at SendStream.error (D:\photo\store_uiux_polished\v1\backend\node_modules\send\index.js:168:17)
    at SendStream.onStatError (D:\photo\store_uiux_polished\v1\backend\node_modules\send\index.js:315:12) 
08-09-2026 20:42:58 | ERROR | Error found | 404 | GET /files/1788430760414_Black_Denim_Jacket.jpg : Can't find /files/1788430760414_Black_Denim_Jacket.jpg on this server | user: guest 
Error: Can't find /files/1788430760414_Black_Denim_Jacket.jpg on this server
    at D:\photo\store_uiux_polished\v1\backend\server.js:110:8
    at Layer.handleRequest (D:\photo\store_uiux_polished\v1\backend\node_modules\router\lib\layer.js:152:17)
    at trimPrefix (D:\photo\store_uiux_polished\v1\backend\node_modules\router\index.js:342:13)
    at D:\photo\store_uiux_polished\v1\backend\node_modules\router\index.js:297:9
    at processParams (D:\photo\store_uiux_polished\v1\backend\node_modules\router\index.js:582:12)
    at next (D:\photo\store_uiux_polished\v1\backend\node_modules\router\index.js:291:5)
    at SendStream.error (D:\photo\store_uiux_polished\v1\backend\node_modules\serve-static\index.js:120:7)
    at SendStream.emit (node:events:509:20)
    at SendStream.error (D:\photo\store_uiux_polished\v1\backend\node_modules\send\index.js:168:17)
    at SendStream.onStatError (D:\photo\store_uiux_polished\v1\backend\node_modules\send\index.js:315:12) 
08-09-2026 20:43:04 | ERROR | Error found | 404 | GET /files/1788430760414_Black_Denim_Jacket.jpg : Can't find /files/1788430760414_Black_Denim_Jacket.jpg on this server | user: guest 
Error: Can't find /files/1788430760414_Black_Denim_Jacket.jpg on this server
    at D:\photo\store_uiux_polished\v1\backend\server.js:110:8
    at Layer.handleRequest (D:\photo\store_uiux_polished\v1\backend\node_modules\router\lib\layer.js:152:17)
    at trimPrefix (D:\photo\store_uiux_polished\v1\backend\node_modules\router\index.js:342:13)
    at D:\photo\store_uiux_polished\v1\backend\node_modules\router\index.js:297:9
    at processParams (D:\photo\store_uiux_polished\v1\backend\node_modules\router\index.js:582:12)
    at next (D:\photo\store_uiux_polished\v1\backend\node_modules\router\index.js:291:5)
    at SendStream.error (D:\photo\store_uiux_polished\v1\backend\node_modules\serve-static\index.js:120:7)
    at SendStream.emit (node:events:509:20)
    at SendStream.error (D:\photo\store_uiux_polished\v1\backend\node_modules\send\index.js:168:17)
    at SendStream.onStatError (D:\photo\store_uiux_polished\v1\backend\node_modules\send\index.js:315:12) 
08-09-2026 20:43:04 | ERROR | Error found | 404 | GET /files/1788430760414_Black_Denim_Jacket.jpg : Can't find /files/1788430760414_Black_Denim_Jacket.jpg on this server | user: guest 
Error: Can't find /files/1788430760414_Black_Denim_Jacket.jpg on this server
    at D:\photo\store_uiux_polished\v1\backend\server.js:110:8
    at Layer.handleRequest (D:\photo\store_uiux_polished\v1\backend\node_modules\router\lib\layer.js:152:17)
    at trimPrefix (D:\photo\store_uiux_polished\v1\backend\node_modules\router\index.js:342:13)
    at D:\photo\store_uiux_polished\v1\backend\node_modules\router\index.js:297:9
    at processParams (D:\photo\store_uiux_polished\v1\backend\node_modules\router\index.js:582:12)
    at next (D:\photo\store_uiux_polished\v1\backend\node_modules\router\index.js:291:5)
    at SendStream.error (D:\photo\store_uiux_polished\v1\backend\node_modules\serve-static\index.js:120:7)
    at SendStream.emit (node:events:509:20)
    at SendStream.error (D:\photo\store_uiux_polished\v1\backend\node_modules\send\index.js:168:17)
    at SendStream.onStatError (D:\photo\store_uiux_polished\v1\backend\node_modules\send\index.js:315:12) 
08-09-2026 20:43:04 | ERROR | Error found | 404 | GET /files/1788542750602_men-category.jpg : Can't find /files/1788542750602_men-category.jpg on this server | user: guest 
Error: Can't find /files/1788542750602_men-category.jpg on this server
    at D:\photo\store_uiux_polished\v1\backend\server.js:110:8
    at Layer.handleRequest (D:\photo\store_uiux_polished\v1\backend\node_modules\router\lib\layer.js:152:17)
    at trimPrefix (D:\photo\store_uiux_polished\v1\backend\node_modules\router\index.js:342:13)
    at D:\photo\store_uiux_polished\v1\backend\node_modules\router\index.js:297:9
    at processParams (D:\photo\store_uiux_polished\v1\backend\node_modules\router\index.js:582:12)
    at next (D:\photo\store_uiux_polished\v1\backend\node_modules\router\index.js:291:5)
    at SendStream.error (D:\photo\store_uiux_polished\v1\backend\node_modules\serve-static\index.js:120:7)
    at SendStream.emit (node:events:509:20)
    at SendStream.error (D:\photo\store_uiux_polished\v1\backend\node_modules\send\index.js:168:17)
    at SendStream.onStatError (D:\photo\store_uiux_polished\v1\backend\node_modules\send\index.js:315:12) 
08-09-2026 20:43:41 | ERROR | Error found | 404 | GET /files/1788430760414_Black_Denim_Jacket.jpg : Can't find /files/1788430760414_Black_Denim_Jacket.jpg on this server | user: guest 
Error: Can't find /files/1788430760414_Black_Denim_Jacket.jpg on this server
    at D:\photo\store_uiux_polished\v1\backend\server.js:110:8
    at Layer.handleRequest (D:\photo\store_uiux_polished\v1\backend\node_modules\router\lib\layer.js:152:17)
    at trimPrefix (D:\photo\store_uiux_polished\v1\backend\node_modules\router\index.js:342:13)
    at D:\photo\store_uiux_polished\v1\backend\node_modules\router\index.js:297:9
    at processParams (D:\photo\store_uiux_polished\v1\backend\node_modules\router\index.js:582:12)
    at next (D:\photo\store_uiux_polished\v1\backend\node_modules\router\index.js:291:5)
    at SendStream.error (D:\photo\store_uiux_polished\v1\backend\node_modules\serve-static\index.js:120:7)
    at SendStream.emit (node:events:509:20)
    at SendStream.error (D:\photo\store_uiux_polished\v1\backend\node_modules\send\index.js:168:17)
    at SendStream.onStatError (D:\photo\store_uiux_polished\v1\backend\node_modules\send\index.js:315:12) 
08-09-2026 20:43:41 | ERROR | Error found | 404 | GET /files/1788542750602_men-category.jpg : Can't find /files/1788542750602_men-category.jpg on this server | user: guest 
Error: Can't find /files/1788542750602_men-category.jpg on this server
    at D:\photo\store_uiux_polished\v1\backend\server.js:110:8
    at Layer.handleRequest (D:\photo\store_uiux_polished\v1\backend\node_modules\router\lib\layer.js:152:17)
    at trimPrefix (D:\photo\store_uiux_polished\v1\backend\node_modules\router\index.js:342:13)
    at D:\photo\store_uiux_polished\v1\backend\node_modules\router\index.js:297:9
    at processParams (D:\photo\store_uiux_polished\v1\backend\node_modules\router\index.js:582:12)
    at next (D:\photo\store_uiux_polished\v1\backend\node_modules\router\index.js:291:5)
    at SendStream.error (D:\photo\store_uiux_polished\v1\backend\node_modules\serve-static\index.js:120:7)
    at SendStream.emit (node:events:509:20)
    at SendStream.error (D:\photo\store_uiux_polished\v1\backend\node_modules\send\index.js:168:17)
    at SendStream.onStatError (D:\photo\store_uiux_polished\v1\backend\node_modules\send\index.js:315:12) 
08-09-2026 20:44:03 | ERROR | Error found | 404 | GET /files/1788430760414_Black_Denim_Jacket.jpg : Can't find /files/1788430760414_Black_Denim_Jacket.jpg on this server | user: guest 
Error: Can't find /files/1788430760414_Black_Denim_Jacket.jpg on this server
    at D:\photo\store_uiux_polished\v1\backend\server.js:110:8
    at Layer.handleRequest (D:\photo\store_uiux_polished\v1\backend\node_modules\router\lib\layer.js:152:17)
    at trimPrefix (D:\photo\store_uiux_polished\v1\backend\node_modules\router\index.js:342:13)
    at D:\photo\store_uiux_polished\v1\backend\node_modules\router\index.js:297:9
    at processParams (D:\photo\store_uiux_polished\v1\backend\node_modules\router\index.js:582:12)
    at next (D:\photo\store_uiux_polished\v1\backend\node_modules\router\index.js:291:5)
    at SendStream.error (D:\photo\store_uiux_polished\v1\backend\node_modules\serve-static\index.js:120:7)
    at SendStream.emit (node:events:509:20)
    at SendStream.error (D:\photo\store_uiux_polished\v1\backend\node_modules\send\index.js:168:17)
    at SendStream.onStatError (D:\photo\store_uiux_polished\v1\backend\node_modules\send\index.js:315:12) 
08-09-2026 20:44:37 | ERROR | Error found | 404 | GET /files/1788430760414_Black_Denim_Jacket.jpg : Can't find /files/1788430760414_Black_Denim_Jacket.jpg on this server | user: guest 
Error: Can't find /files/1788430760414_Black_Denim_Jacket.jpg on this server
    at D:\photo\store_uiux_polished\v1\backend\server.js:110:8
    at Layer.handleRequest (D:\photo\store_uiux_polished\v1\backend\node_modules\router\lib\layer.js:152:17)
    at trimPrefix (D:\photo\store_uiux_polished\v1\backend\node_modules\router\index.js:342:13)
    at D:\photo\store_uiux_polished\v1\backend\node_modules\router\index.js:297:9
    at processParams (D:\photo\store_uiux_polished\v1\backend\node_modules\router\index.js:582:12)
    at next (D:\photo\store_uiux_polished\v1\backend\node_modules\router\index.js:291:5)
    at SendStream.error (D:\photo\store_uiux_polished\v1\backend\node_modules\serve-static\index.js:120:7)
    at SendStream.emit (node:events:509:20)
    at SendStream.error (D:\photo\store_uiux_polished\v1\backend\node_modules\send\index.js:168:17)
    at SendStream.onStatError (D:\photo\store_uiux_polished\v1\backend\node_modules\send\index.js:315:12) 
08-09-2026 20:44:38 | ERROR | Error found | 404 | GET /files/1788430760414_Black_Denim_Jacket.jpg : Can't find /files/1788430760414_Black_Denim_Jacket.jpg on this server | user: guest 
Error: Can't find /files/1788430760414_Black_Denim_Jacket.jpg on this server
    at D:\photo\store_uiux_polished\v1\backend\server.js:110:8
    at Layer.handleRequest (D:\photo\store_uiux_polished\v1\backend\node_modules\router\lib\layer.js:152:17)
    at trimPrefix (D:\photo\store_uiux_polished\v1\backend\node_modules\router\index.js:342:13)
    at D:\photo\store_uiux_polished\v1\backend\node_modules\router\index.js:297:9
    at processParams (D:\photo\store_uiux_polished\v1\backend\node_modules\router\index.js:582:12)
    at next (D:\photo\store_uiux_polished\v1\backend\node_modules\router\index.js:291:5)
    at SendStream.error (D:\photo\store_uiux_polished\v1\backend\node_modules\serve-static\index.js:120:7)
    at SendStream.emit (node:events:509:20)
    at SendStream.error (D:\photo\store_uiux_polished\v1\backend\node_modules\send\index.js:168:17)
    at SendStream.onStatError (D:\photo\store_uiux_polished\v1\backend\node_modules\send\index.js:315:12) 
08-09-2026 20:44:52 | ERROR | Error found | 404 | GET /files/1788430760414_Black_Denim_Jacket.jpg : Can't find /files/1788430760414_Black_Denim_Jacket.jpg on this server | user: guest 
Error: Can't find /files/1788430760414_Black_Denim_Jacket.jpg on this server
    at D:\photo\store_uiux_polished\v1\backend\server.js:110:8
    at Layer.handleRequest (D:\photo\store_uiux_polished\v1\backend\node_modules\router\lib\layer.js:152:17)
    at trimPrefix (D:\photo\store_uiux_polished\v1\backend\node_modules\router\index.js:342:13)
    at D:\photo\store_uiux_polished\v1\backend\node_modules\router\index.js:297:9
    at processParams (D:\photo\store_uiux_polished\v1\backend\node_modules\router\index.js:582:12)
    at next (D:\photo\store_uiux_polished\v1\backend\node_modules\router\index.js:291:5)
    at SendStream.error (D:\photo\store_uiux_polished\v1\backend\node_modules\serve-static\index.js:120:7)
    at SendStream.emit (node:events:509:20)
    at SendStream.error (D:\photo\store_uiux_polished\v1\backend\node_modules\send\index.js:168:17)
    at SendStream.onStatError (D:\photo\store_uiux_polished\v1\backend\node_modules\send\index.js:315:12) 
08-09-2026 20:44:53 | ERROR | Error found | 404 | GET /files/1788430760414_Black_Denim_Jacket.jpg : Can't find /files/1788430760414_Black_Denim_Jacket.jpg on this server | user: guest 
Error: Can't find /files/1788430760414_Black_Denim_Jacket.jpg on this server
    at D:\photo\store_uiux_polished\v1\backend\server.js:110:8
    at Layer.handleRequest (D:\photo\store_uiux_polished\v1\backend\node_modules\router\lib\layer.js:152:17)
    at trimPrefix (D:\photo\store_uiux_polished\v1\backend\node_modules\router\index.js:342:13)
    at D:\photo\store_uiux_polished\v1\backend\node_modules\router\index.js:297:9
    at processParams (D:\photo\store_uiux_polished\v1\backend\node_modules\router\index.js:582:12)
    at next (D:\photo\store_uiux_polished\v1\backend\node_modules\router\index.js:291:5)
    at SendStream.error (D:\photo\store_uiux_polished\v1\backend\node_modules\serve-static\index.js:120:7)
    at SendStream.emit (node:events:509:20)
    at SendStream.error (D:\photo\store_uiux_polished\v1\backend\node_modules\send\index.js:168:17)
    at SendStream.onStatError (D:\photo\store_uiux_polished\v1\backend\node_modules\send\index.js:315:12) 
08-09-2026 20:45:04 | ERROR | Error found | 404 | GET /files/1788430760414_Black_Denim_Jacket.jpg : Can't find /files/1788430760414_Black_Denim_Jacket.jpg on this server | user: guest 
Error: Can't find /files/1788430760414_Black_Denim_Jacket.jpg on this server
    at D:\photo\store_uiux_polished\v1\backend\server.js:110:8
    at Layer.handleRequest (D:\photo\store_uiux_polished\v1\backend\node_modules\router\lib\layer.js:152:17)
    at trimPrefix (D:\photo\store_uiux_polished\v1\backend\node_modules\router\index.js:342:13)
    at D:\photo\store_uiux_polished\v1\backend\node_modules\router\index.js:297:9
    at processParams (D:\photo\store_uiux_polished\v1\backend\node_modules\router\index.js:582:12)
    at next (D:\photo\store_uiux_polished\v1\backend\node_modules\router\index.js:291:5)
    at SendStream.error (D:\photo\store_uiux_polished\v1\backend\node_modules\serve-static\index.js:120:7)
    at SendStream.emit (node:events:509:20)
    at SendStream.error (D:\photo\store_uiux_polished\v1\backend\node_modules\send\index.js:168:17)
    at SendStream.onStatError (D:\photo\store_uiux_polished\v1\backend\node_modules\send\index.js:315:12) 
08-09-2026 20:45:10 | ERROR | Error found | 404 | GET /files/1788430760414_Black_Denim_Jacket.jpg : Can't find /files/1788430760414_Black_Denim_Jacket.jpg on this server | user: guest 
Error: Can't find /files/1788430760414_Black_Denim_Jacket.jpg on this server
    at D:\photo\store_uiux_polished\v1\backend\server.js:110:8
    at Layer.handleRequest (D:\photo\store_uiux_polished\v1\backend\node_modules\router\lib\layer.js:152:17)
    at trimPrefix (D:\photo\store_uiux_polished\v1\backend\node_modules\router\index.js:342:13)
    at D:\photo\store_uiux_polished\v1\backend\node_modules\router\index.js:297:9
    at processParams (D:\photo\store_uiux_polished\v1\backend\node_modules\router\index.js:582:12)
    at next (D:\photo\store_uiux_polished\v1\backend\node_modules\router\index.js:291:5)
    at SendStream.error (D:\photo\store_uiux_polished\v1\backend\node_modules\serve-static\index.js:120:7)
    at SendStream.emit (node:events:509:20)
    at SendStream.error (D:\photo\store_uiux_polished\v1\backend\node_modules\send\index.js:168:17)
    at SendStream.onStatError (D:\photo\store_uiux_polished\v1\backend\node_modules\send\index.js:315:12) 
08-09-2026 20:45:25 | ERROR | Error found | 404 | GET /files/1788430760414_Black_Denim_Jacket.jpg : Can't find /files/1788430760414_Black_Denim_Jacket.jpg on this server | user: guest 
Error: Can't find /files/1788430760414_Black_Denim_Jacket.jpg on this server
    at D:\photo\store_uiux_polished\v1\backend\server.js:110:8
    at Layer.handleRequest (D:\photo\store_uiux_polished\v1\backend\node_modules\router\lib\layer.js:152:17)
    at trimPrefix (D:\photo\store_uiux_polished\v1\backend\node_modules\router\index.js:342:13)
    at D:\photo\store_uiux_polished\v1\backend\node_modules\router\index.js:297:9
    at processParams (D:\photo\store_uiux_polished\v1\backend\node_modules\router\index.js:582:12)
    at next (D:\photo\store_uiux_polished\v1\backend\node_modules\router\index.js:291:5)
    at SendStream.error (D:\photo\store_uiux_polished\v1\backend\node_modules\serve-static\index.js:120:7)
    at SendStream.emit (node:events:509:20)
    at SendStream.error (D:\photo\store_uiux_polished\v1\backend\node_modules\send\index.js:168:17)
    at SendStream.onStatError (D:\photo\store_uiux_polished\v1\backend\node_modules\send\index.js:315:12) 
08-09-2026 20:45:38 | ERROR | Error found | 404 | GET /files/1788430760414_Black_Denim_Jacket.jpg : Can't find /files/1788430760414_Black_Denim_Jacket.jpg on this server | user: guest 
Error: Can't find /files/1788430760414_Black_Denim_Jacket.jpg on this server
    at D:\photo\store_uiux_polished\v1\backend\server.js:110:8
    at Layer.handleRequest (D:\photo\store_uiux_polished\v1\backend\node_modules\router\lib\layer.js:152:17)
    at trimPrefix (D:\photo\store_uiux_polished\v1\backend\node_modules\router\index.js:342:13)
    at D:\photo\store_uiux_polished\v1\backend\node_modules\router\index.js:297:9
    at processParams (D:\photo\store_uiux_polished\v1\backend\node_modules\router\index.js:582:12)
    at next (D:\photo\store_uiux_polished\v1\backend\node_modules\router\index.js:291:5)
    at SendStream.error (D:\photo\store_uiux_polished\v1\backend\node_modules\serve-static\index.js:120:7)
    at SendStream.emit (node:events:509:20)
    at SendStream.error (D:\photo\store_uiux_polished\v1\backend\node_modules\send\index.js:168:17)
    at SendStream.onStatError (D:\photo\store_uiux_polished\v1\backend\node_modules\send\index.js:315:12) 
08-09-2026 20:46:25 | ERROR | Error found | 404 | GET /files/1788430760414_Black_Denim_Jacket.jpg : Can't find /files/1788430760414_Black_Denim_Jacket.jpg on this server | user: guest 
Error: Can't find /files/1788430760414_Black_Denim_Jacket.jpg on this server
    at D:\photo\store_uiux_polished\v1\backend\server.js:110:8
    at Layer.handleRequest (D:\photo\store_uiux_polished\v1\backend\node_modules\router\lib\layer.js:152:17)
    at trimPrefix (D:\photo\store_uiux_polished\v1\backend\node_modules\router\index.js:342:13)
    at D:\photo\store_uiux_polished\v1\backend\node_modules\router\index.js:297:9
    at processParams (D:\photo\store_uiux_polished\v1\backend\node_modules\router\index.js:582:12)
    at next (D:\photo\store_uiux_polished\v1\backend\node_modules\router\index.js:291:5)
    at SendStream.error (D:\photo\store_uiux_polished\v1\backend\node_modules\serve-static\index.js:120:7)
    at SendStream.emit (node:events:509:20)
    at SendStream.error (D:\photo\store_uiux_polished\v1\backend\node_modules\send\index.js:168:17)
    at SendStream.onStatError (D:\photo\store_uiux_polished\v1\backend\node_modules\send\index.js:315:12) 
08-09-2026 20:47:38 | ERROR | Error found | 404 | GET /files/1788430760414_Black_Denim_Jacket.jpg : Can't find /files/1788430760414_Black_Denim_Jacket.jpg on this server | user: guest 
Error: Can't find /files/1788430760414_Black_Denim_Jacket.jpg on this server
    at D:\photo\store_uiux_polished\v1\backend\server.js:110:8
    at Layer.handleRequest (D:\photo\store_uiux_polished\v1\backend\node_modules\router\lib\layer.js:152:17)
    at trimPrefix (D:\photo\store_uiux_polished\v1\backend\node_modules\router\index.js:342:13)
    at D:\photo\store_uiux_polished\v1\backend\node_modules\router\index.js:297:9
    at processParams (D:\photo\store_uiux_polished\v1\backend\node_modules\router\index.js:582:12)
    at next (D:\photo\store_uiux_polished\v1\backend\node_modules\router\index.js:291:5)
    at SendStream.error (D:\photo\store_uiux_polished\v1\backend\node_modules\serve-static\index.js:120:7)
    at SendStream.emit (node:events:509:20)
    at SendStream.error (D:\photo\store_uiux_polished\v1\backend\node_modules\send\index.js:168:17)
    at SendStream.onStatError (D:\photo\store_uiux_polished\v1\backend\node_modules\send\index.js:315:12) 
08-09-2026 20:50:11 | ERROR | Error found | 404 | GET /files/1788430760414_Black_Denim_Jacket.jpg : Can't find /files/1788430760414_Black_Denim_Jacket.jpg on this server | user: guest 
Error: Can't find /files/1788430760414_Black_Denim_Jacket.jpg on this server
    at D:\photo\store_uiux_polished\v1\backend\server.js:110:8
    at Layer.handleRequest (D:\photo\store_uiux_polished\v1\backend\node_modules\router\lib\layer.js:152:17)
    at trimPrefix (D:\photo\store_uiux_polished\v1\backend\node_modules\router\index.js:342:13)
    at D:\photo\store_uiux_polished\v1\backend\node_modules\router\index.js:297:9
    at processParams (D:\photo\store_uiux_polished\v1\backend\node_modules\router\index.js:582:12)
    at next (D:\photo\store_uiux_polished\v1\backend\node_modules\router\index.js:291:5)
    at SendStream.error (D:\photo\store_uiux_polished\v1\backend\node_modules\serve-static\index.js:120:7)
    at SendStream.emit (node:events:509:20)
    at SendStream.error (D:\photo\store_uiux_polished\v1\backend\node_modules\send\index.js:168:17)
    at SendStream.onStatError (D:\photo\store_uiux_polished\v1\backend\node_modules\send\index.js:315:12) 
08-09-2026 20:50:59 | ERROR | Error found | 404 | GET /files/1788430760414_Black_Denim_Jacket.jpg : Can't find /files/1788430760414_Black_Denim_Jacket.jpg on this server | user: guest 
Error: Can't find /files/1788430760414_Black_Denim_Jacket.jpg on this server
    at D:\photo\store_uiux_polished\v1\backend\server.js:110:8
    at Layer.handleRequest (D:\photo\store_uiux_polished\v1\backend\node_modules\router\lib\layer.js:152:17)
    at trimPrefix (D:\photo\store_uiux_polished\v1\backend\node_modules\router\index.js:342:13)
    at D:\photo\store_uiux_polished\v1\backend\node_modules\router\index.js:297:9
    at processParams (D:\photo\store_uiux_polished\v1\backend\node_modules\router\index.js:582:12)
    at next (D:\photo\store_uiux_polished\v1\backend\node_modules\router\index.js:291:5)
    at SendStream.error (D:\photo\store_uiux_polished\v1\backend\node_modules\serve-static\index.js:120:7)
    at SendStream.emit (node:events:509:20)
    at SendStream.error (D:\photo\store_uiux_polished\v1\backend\node_modules\send\index.js:168:17)
    at SendStream.onStatError (D:\photo\store_uiux_polished\v1\backend\node_modules\send\index.js:315:12) 
08-09-2026 20:52:34 | ERROR | Error found | 404 | GET /files/1788430760414_Black_Denim_Jacket.jpg : Can't find /files/1788430760414_Black_Denim_Jacket.jpg on this server | user: guest 
Error: Can't find /files/1788430760414_Black_Denim_Jacket.jpg on this server
    at D:\photo\store_uiux_polished\v1\backend\server.js:110:8
    at Layer.handleRequest (D:\photo\store_uiux_polished\v1\backend\node_modules\router\lib\layer.js:152:17)
    at trimPrefix (D:\photo\store_uiux_polished\v1\backend\node_modules\router\index.js:342:13)
    at D:\photo\store_uiux_polished\v1\backend\node_modules\router\index.js:297:9
    at processParams (D:\photo\store_uiux_polished\v1\backend\node_modules\router\index.js:582:12)
    at next (D:\photo\store_uiux_polished\v1\backend\node_modules\router\index.js:291:5)
    at SendStream.error (D:\photo\store_uiux_polished\v1\backend\node_modules\serve-static\index.js:120:7)
    at SendStream.emit (node:events:509:20)
    at SendStream.error (D:\photo\store_uiux_polished\v1\backend\node_modules\send\index.js:168:17)
    at SendStream.onStatError (D:\photo\store_uiux_polished\v1\backend\node_modules\send\index.js:315:12) 
08-09-2026 20:58:19 | ERROR | Error found | 404 | GET /files/1788430760414_Black_Denim_Jacket.jpg : Can't find /files/1788430760414_Black_Denim_Jacket.jpg on this server | user: guest 
Error: Can't find /files/1788430760414_Black_Denim_Jacket.jpg on this server
    at D:\photo\store_uiux_polished\v1\backend\server.js:110:8
    at Layer.handleRequest (D:\photo\store_uiux_polished\v1\backend\node_modules\router\lib\layer.js:152:17)
    at trimPrefix (D:\photo\store_uiux_polished\v1\backend\node_modules\router\index.js:342:13)
    at D:\photo\store_uiux_polished\v1\backend\node_modules\router\index.js:297:9
    at processParams (D:\photo\store_uiux_polished\v1\backend\node_modules\router\index.js:582:12)
    at next (D:\photo\store_uiux_polished\v1\backend\node_modules\router\index.js:291:5)
    at SendStream.error (D:\photo\store_uiux_polished\v1\backend\node_modules\serve-static\index.js:120:7)
    at SendStream.emit (node:events:509:20)
    at SendStream.error (D:\photo\store_uiux_polished\v1\backend\node_modules\send\index.js:168:17)
    at SendStream.onStatError (D:\photo\store_uiux_polished\v1\backend\node_modules\send\index.js:315:12) 
08-09-2026 20:58:19 | ERROR | Error found | 404 | GET /files/1788542750602_men-category.jpg : Can't find /files/1788542750602_men-category.jpg on this server | user: guest 
Error: Can't find /files/1788542750602_men-category.jpg on this server
    at D:\photo\store_uiux_polished\v1\backend\server.js:110:8
    at Layer.handleRequest (D:\photo\store_uiux_polished\v1\backend\node_modules\router\lib\layer.js:152:17)
    at trimPrefix (D:\photo\store_uiux_polished\v1\backend\node_modules\router\index.js:342:13)
    at D:\photo\store_uiux_polished\v1\backend\node_modules\router\index.js:297:9
    at processParams (D:\photo\store_uiux_polished\v1\backend\node_modules\router\index.js:582:12)
    at next (D:\photo\store_uiux_polished\v1\backend\node_modules\router\index.js:291:5)
    at SendStream.error (D:\photo\store_uiux_polished\v1\backend\node_modules\serve-static\index.js:120:7)
    at SendStream.emit (node:events:509:20)
    at SendStream.error (D:\photo\store_uiux_polished\v1\backend\node_modules\send\index.js:168:17)
    at SendStream.onStatError (D:\photo\store_uiux_polished\v1\backend\node_modules\send\index.js:315:12) 
08-09-2026 20:59:15 | ERROR | Error found | 404 | GET /files/1788430760414_Black_Denim_Jacket.jpg : Can't find /files/1788430760414_Black_Denim_Jacket.jpg on this server | user: guest 
Error: Can't find /files/1788430760414_Black_Denim_Jacket.jpg on this server
    at D:\photo\store_uiux_polished\v1\backend\server.js:110:8
    at Layer.handleRequest (D:\photo\store_uiux_polished\v1\backend\node_modules\router\lib\layer.js:152:17)
    at trimPrefix (D:\photo\store_uiux_polished\v1\backend\node_modules\router\index.js:342:13)
    at D:\photo\store_uiux_polished\v1\backend\node_modules\router\index.js:297:9
    at processParams (D:\photo\store_uiux_polished\v1\backend\node_modules\router\index.js:582:12)
    at next (D:\photo\store_uiux_polished\v1\backend\node_modules\router\index.js:291:5)
    at SendStream.error (D:\photo\store_uiux_polished\v1\backend\node_modules\serve-static\index.js:120:7)
    at SendStream.emit (node:events:509:20)
    at SendStream.error (D:\photo\store_uiux_polished\v1\backend\node_modules\send\index.js:168:17)
    at SendStream.onStatError (D:\photo\store_uiux_polished\v1\backend\node_modules\send\index.js:315:12) 
08-09-2026 20:59:15 | ERROR | Error found | 404 | GET /files/1788542750602_men-category.jpg : Can't find /files/1788542750602_men-category.jpg on this server | user: guest 
Error: Can't find /files/1788542750602_men-category.jpg on this server
    at D:\photo\store_uiux_polished\v1\backend\server.js:110:8
    at Layer.handleRequest (D:\photo\store_uiux_polished\v1\backend\node_modules\router\lib\layer.js:152:17)
    at trimPrefix (D:\photo\store_uiux_polished\v1\backend\node_modules\router\index.js:342:13)
    at D:\photo\store_uiux_polished\v1\backend\node_modules\router\index.js:297:9
    at processParams (D:\photo\store_uiux_polished\v1\backend\node_modules\router\index.js:582:12)
    at next (D:\photo\store_uiux_polished\v1\backend\node_modules\router\index.js:291:5)
    at SendStream.error (D:\photo\store_uiux_polished\v1\backend\node_modules\serve-static\index.js:120:7)
    at SendStream.emit (node:events:509:20)
    at SendStream.error (D:\photo\store_uiux_polished\v1\backend\node_modules\send\index.js:168:17)
    at SendStream.onStatError (D:\photo\store_uiux_polished\v1\backend\node_modules\send\index.js:315:12) 
08-09-2026 21:00:56 | ERROR | Error found | 404 | GET /files/1788430760414_Black_Denim_Jacket.jpg : Can't find /files/1788430760414_Black_Denim_Jacket.jpg on this server | user: guest 
Error: Can't find /files/1788430760414_Black_Denim_Jacket.jpg on this server
    at D:\photo\store_uiux_polished\v1\backend\server.js:110:8
    at Layer.handleRequest (D:\photo\store_uiux_polished\v1\backend\node_modules\router\lib\layer.js:152:17)
    at trimPrefix (D:\photo\store_uiux_polished\v1\backend\node_modules\router\index.js:342:13)
    at D:\photo\store_uiux_polished\v1\backend\node_modules\router\index.js:297:9
    at processParams (D:\photo\store_uiux_polished\v1\backend\node_modules\router\index.js:582:12)
    at next (D:\photo\store_uiux_polished\v1\backend\node_modules\router\index.js:291:5)
    at SendStream.error (D:\photo\store_uiux_polished\v1\backend\node_modules\serve-static\index.js:120:7)
    at SendStream.emit (node:events:509:20)
    at SendStream.error (D:\photo\store_uiux_polished\v1\backend\node_modules\send\index.js:168:17)
    at SendStream.onStatError (D:\photo\store_uiux_polished\v1\backend\node_modules\send\index.js:315:12) 
08-09-2026 21:00:57 | ERROR | Error found | 404 | GET /files/1788430760414_Black_Denim_Jacket.jpg : Can't find /files/1788430760414_Black_Denim_Jacket.jpg on this server | user: guest 
Error: Can't find /files/1788430760414_Black_Denim_Jacket.jpg on this server
    at D:\photo\store_uiux_polished\v1\backend\server.js:110:8
    at Layer.handleRequest (D:\photo\store_uiux_polished\v1\backend\node_modules\router\lib\layer.js:152:17)
    at trimPrefix (D:\photo\store_uiux_polished\v1\backend\node_modules\router\index.js:342:13)
    at D:\photo\store_uiux_polished\v1\backend\node_modules\router\index.js:297:9
    at processParams (D:\photo\store_uiux_polished\v1\backend\node_modules\router\index.js:582:12)
    at next (D:\photo\store_uiux_polished\v1\backend\node_modules\router\index.js:291:5)
    at SendStream.error (D:\photo\store_uiux_polished\v1\backend\node_modules\serve-static\index.js:120:7)
    at SendStream.emit (node:events:509:20)
    at SendStream.error (D:\photo\store_uiux_polished\v1\backend\node_modules\send\index.js:168:17)
    at SendStream.onStatError (D:\photo\store_uiux_polished\v1\backend\node_modules\send\index.js:315:12) 
08-09-2026 21:00:57 | ERROR | Error found | 404 | GET /files/1788542750602_men-category.jpg : Can't find /files/1788542750602_men-category.jpg on this server | user: guest 
Error: Can't find /files/1788542750602_men-category.jpg on this server
    at D:\photo\store_uiux_polished\v1\backend\server.js:110:8
    at Layer.handleRequest (D:\photo\store_uiux_polished\v1\backend\node_modules\router\lib\layer.js:152:17)
    at trimPrefix (D:\photo\store_uiux_polished\v1\backend\node_modules\router\index.js:342:13)
    at D:\photo\store_uiux_polished\v1\backend\node_modules\router\index.js:297:9
    at processParams (D:\photo\store_uiux_polished\v1\backend\node_modules\router\index.js:582:12)
    at next (D:\photo\store_uiux_polished\v1\backend\node_modules\router\index.js:291:5)
    at SendStream.error (D:\photo\store_uiux_polished\v1\backend\node_modules\serve-static\index.js:120:7)
    at SendStream.emit (node:events:509:20)
    at SendStream.error (D:\photo\store_uiux_polished\v1\backend\node_modules\send\index.js:168:17)
    at SendStream.onStatError (D:\photo\store_uiux_polished\v1\backend\node_modules\send\index.js:315:12) 
08-09-2026 21:05:07 | ERROR | Error found | 404 | GET /files/1788430760414_Black_Denim_Jacket.jpg : Can't find /files/1788430760414_Black_Denim_Jacket.jpg on this server | user: guest 
Error: Can't find /files/1788430760414_Black_Denim_Jacket.jpg on this server
    at D:\photo\store_uiux_polished\v1\backend\server.js:110:8
    at Layer.handleRequest (D:\photo\store_uiux_polished\v1\backend\node_modules\router\lib\layer.js:152:17)
    at trimPrefix (D:\photo\store_uiux_polished\v1\backend\node_modules\router\index.js:342:13)
    at D:\photo\store_uiux_polished\v1\backend\node_modules\router\index.js:297:9
    at processParams (D:\photo\store_uiux_polished\v1\backend\node_modules\router\index.js:582:12)
    at next (D:\photo\store_uiux_polished\v1\backend\node_modules\router\index.js:291:5)
    at SendStream.error (D:\photo\store_uiux_polished\v1\backend\node_modules\serve-static\index.js:120:7)
    at SendStream.emit (node:events:509:20)
    at SendStream.error (D:\photo\store_uiux_polished\v1\backend\node_modules\send\index.js:168:17)
    at SendStream.onStatError (D:\photo\store_uiux_polished\v1\backend\node_modules\send\index.js:315:12) 
08-09-2026 21:05:07 | ERROR | Error found | 404 | GET /files/1788542750602_men-category.jpg : Can't find /files/1788542750602_men-category.jpg on this server | user: guest 
Error: Can't find /files/1788542750602_men-category.jpg on this server
    at D:\photo\store_uiux_polished\v1\backend\server.js:110:8
    at Layer.handleRequest (D:\photo\store_uiux_polished\v1\backend\node_modules\router\lib\layer.js:152:17)
    at trimPrefix (D:\photo\store_uiux_polished\v1\backend\node_modules\router\index.js:342:13)
    at D:\photo\store_uiux_polished\v1\backend\node_modules\router\index.js:297:9
    at processParams (D:\photo\store_uiux_polished\v1\backend\node_modules\router\index.js:582:12)
    at next (D:\photo\store_uiux_polished\v1\backend\node_modules\router\index.js:291:5)
    at SendStream.error (D:\photo\store_uiux_polished\v1\backend\node_modules\serve-static\index.js:120:7)
    at SendStream.emit (node:events:509:20)
    at SendStream.error (D:\photo\store_uiux_polished\v1\backend\node_modules\send\index.js:168:17)
    at SendStream.onStatError (D:\photo\store_uiux_polished\v1\backend\node_modules\send\index.js:315:12) 
08-09-2026 21:05:50 | ERROR | Error found | 404 | GET /files/1788430760414_Black_Denim_Jacket.jpg : Can't find /files/1788430760414_Black_Denim_Jacket.jpg on this server | user: guest 
Error: Can't find /files/1788430760414_Black_Denim_Jacket.jpg on this server
    at D:\photo\store_uiux_polished\v1\backend\server.js:110:8
    at Layer.handleRequest (D:\photo\store_uiux_polished\v1\backend\node_modules\router\lib\layer.js:152:17)
    at trimPrefix (D:\photo\store_uiux_polished\v1\backend\node_modules\router\index.js:342:13)
    at D:\photo\store_uiux_polished\v1\backend\node_modules\router\index.js:297:9
    at processParams (D:\photo\store_uiux_polished\v1\backend\node_modules\router\index.js:582:12)
    at next (D:\photo\store_uiux_polished\v1\backend\node_modules\router\index.js:291:5)
    at SendStream.error (D:\photo\store_uiux_polished\v1\backend\node_modules\serve-static\index.js:120:7)
    at SendStream.emit (node:events:509:20)
    at SendStream.error (D:\photo\store_uiux_polished\v1\backend\node_modules\send\index.js:168:17)
    at SendStream.onStatError (D:\photo\store_uiux_polished\v1\backend\node_modules\send\index.js:315:12) 
08-09-2026 21:05:50 | ERROR | Error found | 404 | GET /files/1788542750602_men-category.jpg : Can't find /files/1788542750602_men-category.jpg on this server | user: guest 
Error: Can't find /files/1788542750602_men-category.jpg on this server
    at D:\photo\store_uiux_polished\v1\backend\server.js:110:8
    at Layer.handleRequest (D:\photo\store_uiux_polished\v1\backend\node_modules\router\lib\layer.js:152:17)
    at trimPrefix (D:\photo\store_uiux_polished\v1\backend\node_modules\router\index.js:342:13)
    at D:\photo\store_uiux_polished\v1\backend\node_modules\router\index.js:297:9
    at processParams (D:\photo\store_uiux_polished\v1\backend\node_modules\router\index.js:582:12)
    at next (D:\photo\store_uiux_polished\v1\backend\node_modules\router\index.js:291:5)
    at SendStream.error (D:\photo\store_uiux_polished\v1\backend\node_modules\serve-static\index.js:120:7)
    at SendStream.emit (node:events:509:20)
    at SendStream.error (D:\photo\store_uiux_polished\v1\backend\node_modules\send\index.js:168:17)
    at SendStream.onStatError (D:\photo\store_uiux_polished\v1\backend\node_modules\send\index.js:315:12) 
08-09-2026 21:22:03 | ERROR | Error found | 404 | GET /files/1788430760414_Black_Denim_Jacket.jpg : Can't find /files/1788430760414_Black_Denim_Jacket.jpg on this server | user: guest 
Error: Can't find /files/1788430760414_Black_Denim_Jacket.jpg on this server
    at D:\photo\store_uiux_polished\v1\backend\server.js:110:8
    at Layer.handleRequest (D:\photo\store_uiux_polished\v1\backend\node_modules\router\lib\layer.js:152:17)
    at trimPrefix (D:\photo\store_uiux_polished\v1\backend\node_modules\router\index.js:342:13)
    at D:\photo\store_uiux_polished\v1\backend\node_modules\router\index.js:297:9
    at processParams (D:\photo\store_uiux_polished\v1\backend\node_modules\router\index.js:582:12)
    at next (D:\photo\store_uiux_polished\v1\backend\node_modules\router\index.js:291:5)
    at SendStream.error (D:\photo\store_uiux_polished\v1\backend\node_modules\serve-static\index.js:120:7)
    at SendStream.emit (node:events:509:20)
    at SendStream.error (D:\photo\store_uiux_polished\v1\backend\node_modules\send\index.js:168:17)
    at SendStream.onStatError (D:\photo\store_uiux_polished\v1\backend\node_modules\send\index.js:315:12) 
08-09-2026 21:23:18 | ERROR | Error found | 404 | GET /files/1788430760414_Black_Denim_Jacket.jpg : Can't find /files/1788430760414_Black_Denim_Jacket.jpg on this server | user: guest 
Error: Can't find /files/1788430760414_Black_Denim_Jacket.jpg on this server
    at D:\photo\store_uiux_polished\v1\backend\server.js:110:8
    at Layer.handleRequest (D:\photo\store_uiux_polished\v1\backend\node_modules\router\lib\layer.js:152:17)
    at trimPrefix (D:\photo\store_uiux_polished\v1\backend\node_modules\router\index.js:342:13)
    at D:\photo\store_uiux_polished\v1\backend\node_modules\router\index.js:297:9
    at processParams (D:\photo\store_uiux_polished\v1\backend\node_modules\router\index.js:582:12)
    at next (D:\photo\store_uiux_polished\v1\backend\node_modules\router\index.js:291:5)
    at SendStream.error (D:\photo\store_uiux_polished\v1\backend\node_modules\serve-static\index.js:120:7)
    at SendStream.emit (node:events:509:20)
    at SendStream.error (D:\photo\store_uiux_polished\v1\backend\node_modules\send\index.js:168:17)
    at SendStream.onStatError (D:\photo\store_uiux_polished\v1\backend\node_modules\send\index.js:315:12) 
08-09-2026 21:23:35 | ERROR | Error found | 404 | GET /files/1788542750602_men-category.jpg : Can't find /files/1788542750602_men-category.jpg on this server | user: guest 
Error: Can't find /files/1788542750602_men-category.jpg on this server
    at D:\photo\store_uiux_polished\v1\backend\server.js:110:8
    at Layer.handleRequest (D:\photo\store_uiux_polished\v1\backend\node_modules\router\lib\layer.js:152:17)
    at trimPrefix (D:\photo\store_uiux_polished\v1\backend\node_modules\router\index.js:342:13)
    at D:\photo\store_uiux_polished\v1\backend\node_modules\router\index.js:297:9
    at processParams (D:\photo\store_uiux_polished\v1\backend\node_modules\router\index.js:582:12)
    at next (D:\photo\store_uiux_polished\v1\backend\node_modules\router\index.js:291:5)
    at SendStream.error (D:\photo\store_uiux_polished\v1\backend\node_modules\serve-static\index.js:120:7)
    at SendStream.emit (node:events:509:20)
    at SendStream.error (D:\photo\store_uiux_polished\v1\backend\node_modules\send\index.js:168:17)
    at SendStream.onStatError (D:\photo\store_uiux_polished\v1\backend\node_modules\send\index.js:315:12) 
08-09-2026 21:23:35 | ERROR | Error found | 404 | GET /files/1788430760414_Black_Denim_Jacket.jpg : Can't find /files/1788430760414_Black_Denim_Jacket.jpg on this server | user: guest 
Error: Can't find /files/1788430760414_Black_Denim_Jacket.jpg on this server
    at D:\photo\store_uiux_polished\v1\backend\server.js:110:8
    at Layer.handleRequest (D:\photo\store_uiux_polished\v1\backend\node_modules\router\lib\layer.js:152:17)
    at trimPrefix (D:\photo\store_uiux_polished\v1\backend\node_modules\router\index.js:342:13)
    at D:\photo\store_uiux_polished\v1\backend\node_modules\router\index.js:297:9
    at processParams (D:\photo\store_uiux_polished\v1\backend\node_modules\router\index.js:582:12)
    at next (D:\photo\store_uiux_polished\v1\backend\node_modules\router\index.js:291:5)
    at SendStream.error (D:\photo\store_uiux_polished\v1\backend\node_modules\serve-static\index.js:120:7)
    at SendStream.emit (node:events:509:20)
    at SendStream.error (D:\photo\store_uiux_polished\v1\backend\node_modules\send\index.js:168:17)
    at SendStream.onStatError (D:\photo\store_uiux_polished\v1\backend\node_modules\send\index.js:315:12) 
08-09-2026 21:23:40 | ERROR | Error found | 404 | GET /files/1788542750602_men-category.jpg : Can't find /files/1788542750602_men-category.jpg on this server | user: guest 
Error: Can't find /files/1788542750602_men-category.jpg on this server
    at D:\photo\store_uiux_polished\v1\backend\server.js:110:8
    at Layer.handleRequest (D:\photo\store_uiux_polished\v1\backend\node_modules\router\lib\layer.js:152:17)
    at trimPrefix (D:\photo\store_uiux_polished\v1\backend\node_modules\router\index.js:342:13)
    at D:\photo\store_uiux_polished\v1\backend\node_modules\router\index.js:297:9
    at processParams (D:\photo\store_uiux_polished\v1\backend\node_modules\router\index.js:582:12)
    at next (D:\photo\store_uiux_polished\v1\backend\node_modules\router\index.js:291:5)
    at SendStream.error (D:\photo\store_uiux_polished\v1\backend\node_modules\serve-static\index.js:120:7)
    at SendStream.emit (node:events:509:20)
    at SendStream.error (D:\photo\store_uiux_polished\v1\backend\node_modules\send\index.js:168:17)
    at SendStream.onStatError (D:\photo\store_uiux_polished\v1\backend\node_modules\send\index.js:315:12) 
08-09-2026 21:23:40 | ERROR | Error found | 404 | GET /files/1788430760414_Black_Denim_Jacket.jpg : Can't find /files/1788430760414_Black_Denim_Jacket.jpg on this server | user: guest 
Error: Can't find /files/1788430760414_Black_Denim_Jacket.jpg on this server
    at D:\photo\store_uiux_polished\v1\backend\server.js:110:8
    at Layer.handleRequest (D:\photo\store_uiux_polished\v1\backend\node_modules\router\lib\layer.js:152:17)
    at trimPrefix (D:\photo\store_uiux_polished\v1\backend\node_modules\router\index.js:342:13)
    at D:\photo\store_uiux_polished\v1\backend\node_modules\router\index.js:297:9
    at processParams (D:\photo\store_uiux_polished\v1\backend\node_modules\router\index.js:582:12)
    at next (D:\photo\store_uiux_polished\v1\backend\node_modules\router\index.js:291:5)
    at SendStream.error (D:\photo\store_uiux_polished\v1\backend\node_modules\serve-static\index.js:120:7)
    at SendStream.emit (node:events:509:20)
    at SendStream.error (D:\photo\store_uiux_polished\v1\backend\node_modules\send\index.js:168:17)
    at SendStream.onStatError (D:\photo\store_uiux_polished\v1\backend\node_modules\send\index.js:315:12) 
08-09-2026 21:26:44 | ERROR | Error found | 404 | GET /files/1788542750602_men-category.jpg : Can't find /files/1788542750602_men-category.jpg on this server | user: guest 
Error: Can't find /files/1788542750602_men-category.jpg on this server
    at D:\photo\store_uiux_polished\v1\backend\server.js:110:8
    at Layer.handleRequest (D:\photo\store_uiux_polished\v1\backend\node_modules\router\lib\layer.js:152:17)
    at trimPrefix (D:\photo\store_uiux_polished\v1\backend\node_modules\router\index.js:342:13)
    at D:\photo\store_uiux_polished\v1\backend\node_modules\router\index.js:297:9
    at processParams (D:\photo\store_uiux_polished\v1\backend\node_modules\router\index.js:582:12)
    at next (D:\photo\store_uiux_polished\v1\backend\node_modules\router\index.js:291:5)
    at SendStream.error (D:\photo\store_uiux_polished\v1\backend\node_modules\serve-static\index.js:120:7)
    at SendStream.emit (node:events:509:20)
    at SendStream.error (D:\photo\store_uiux_polished\v1\backend\node_modules\send\index.js:168:17)
    at SendStream.onStatError (D:\photo\store_uiux_polished\v1\backend\node_modules\send\index.js:315:12) 
08-09-2026 21:26:44 | ERROR | Error found | 404 | GET /files/1788430760414_Black_Denim_Jacket.jpg : Can't find /files/1788430760414_Black_Denim_Jacket.jpg on this server | user: guest 
Error: Can't find /files/1788430760414_Black_Denim_Jacket.jpg on this server
    at D:\photo\store_uiux_polished\v1\backend\server.js:110:8
    at Layer.handleRequest (D:\photo\store_uiux_polished\v1\backend\node_modules\router\lib\layer.js:152:17)
    at trimPrefix (D:\photo\store_uiux_polished\v1\backend\node_modules\router\index.js:342:13)
    at D:\photo\store_uiux_polished\v1\backend\node_modules\router\index.js:297:9
    at processParams (D:\photo\store_uiux_polished\v1\backend\node_modules\router\index.js:582:12)
    at next (D:\photo\store_uiux_polished\v1\backend\node_modules\router\index.js:291:5)
    at SendStream.error (D:\photo\store_uiux_polished\v1\backend\node_modules\serve-static\index.js:120:7)
    at SendStream.emit (node:events:509:20)
    at SendStream.error (D:\photo\store_uiux_polished\v1\backend\node_modules\send\index.js:168:17)
    at SendStream.onStatError (D:\photo\store_uiux_polished\v1\backend\node_modules\send\index.js:315:12) 
08-09-2026 21:26:51 | ERROR | Error found | 404 | GET /files/1788542750602_men-category.jpg : Can't find /files/1788542750602_men-category.jpg on this server | user: guest 
Error: Can't find /files/1788542750602_men-category.jpg on this server
    at D:\photo\store_uiux_polished\v1\backend\server.js:110:8
    at Layer.handleRequest (D:\photo\store_uiux_polished\v1\backend\node_modules\router\lib\layer.js:152:17)
    at trimPrefix (D:\photo\store_uiux_polished\v1\backend\node_modules\router\index.js:342:13)
    at D:\photo\store_uiux_polished\v1\backend\node_modules\router\index.js:297:9
    at processParams (D:\photo\store_uiux_polished\v1\backend\node_modules\router\index.js:582:12)
    at next (D:\photo\store_uiux_polished\v1\backend\node_modules\router\index.js:291:5)
    at SendStream.error (D:\photo\store_uiux_polished\v1\backend\node_modules\serve-static\index.js:120:7)
    at SendStream.emit (node:events:509:20)
    at SendStream.error (D:\photo\store_uiux_polished\v1\backend\node_modules\send\index.js:168:17)
    at SendStream.onStatError (D:\photo\store_uiux_polished\v1\backend\node_modules\send\index.js:315:12) 
08-09-2026 21:26:51 | ERROR | Error found | 404 | GET /files/1788430760414_Black_Denim_Jacket.jpg : Can't find /files/1788430760414_Black_Denim_Jacket.jpg on this server | user: guest 
Error: Can't find /files/1788430760414_Black_Denim_Jacket.jpg on this server
    at D:\photo\store_uiux_polished\v1\backend\server.js:110:8
    at Layer.handleRequest (D:\photo\store_uiux_polished\v1\backend\node_modules\router\lib\layer.js:152:17)
    at trimPrefix (D:\photo\store_uiux_polished\v1\backend\node_modules\router\index.js:342:13)
    at D:\photo\store_uiux_polished\v1\backend\node_modules\router\index.js:297:9
    at processParams (D:\photo\store_uiux_polished\v1\backend\node_modules\router\index.js:582:12)
    at next (D:\photo\store_uiux_polished\v1\backend\node_modules\router\index.js:291:5)
    at SendStream.error (D:\photo\store_uiux_polished\v1\backend\node_modules\serve-static\index.js:120:7)
    at SendStream.emit (node:events:509:20)
    at SendStream.error (D:\photo\store_uiux_polished\v1\backend\node_modules\send\index.js:168:17)
    at SendStream.onStatError (D:\photo\store_uiux_polished\v1\backend\node_modules\send\index.js:315:12) 
08-09-2026 21:30:59 | ERROR | Error found | 404 | GET /files/1788542750602_men-category.jpg : Can't find /files/1788542750602_men-category.jpg on this server | user: guest 
Error: Can't find /files/1788542750602_men-category.jpg on this server
    at D:\photo\store_uiux_polished\v1\backend\server.js:110:8
    at Layer.handleRequest (D:\photo\store_uiux_polished\v1\backend\node_modules\router\lib\layer.js:152:17)
    at trimPrefix (D:\photo\store_uiux_polished\v1\backend\node_modules\router\index.js:342:13)
    at D:\photo\store_uiux_polished\v1\backend\node_modules\router\index.js:297:9
    at processParams (D:\photo\store_uiux_polished\v1\backend\node_modules\router\index.js:582:12)
    at next (D:\photo\store_uiux_polished\v1\backend\node_modules\router\index.js:291:5)
    at SendStream.error (D:\photo\store_uiux_polished\v1\backend\node_modules\serve-static\index.js:120:7)
    at SendStream.emit (node:events:509:20)
    at SendStream.error (D:\photo\store_uiux_polished\v1\backend\node_modules\send\index.js:168:17)
    at SendStream.onStatError (D:\photo\store_uiux_polished\v1\backend\node_modules\send\index.js:315:12) 
08-09-2026 21:30:59 | ERROR | Error found | 404 | GET /files/1788430760414_Black_Denim_Jacket.jpg : Can't find /files/1788430760414_Black_Denim_Jacket.jpg on this server | user: guest 
Error: Can't find /files/1788430760414_Black_Denim_Jacket.jpg on this server
    at D:\photo\store_uiux_polished\v1\backend\server.js:110:8
    at Layer.handleRequest (D:\photo\store_uiux_polished\v1\backend\node_modules\router\lib\layer.js:152:17)
    at trimPrefix (D:\photo\store_uiux_polished\v1\backend\node_modules\router\index.js:342:13)
    at D:\photo\store_uiux_polished\v1\backend\node_modules\router\index.js:297:9
    at processParams (D:\photo\store_uiux_polished\v1\backend\node_modules\router\index.js:582:12)
    at next (D:\photo\store_uiux_polished\v1\backend\node_modules\router\index.js:291:5)
    at SendStream.error (D:\photo\store_uiux_polished\v1\backend\node_modules\serve-static\index.js:120:7)
    at SendStream.emit (node:events:509:20)
    at SendStream.error (D:\photo\store_uiux_polished\v1\backend\node_modules\send\index.js:168:17)
    at SendStream.onStatError (D:\photo\store_uiux_polished\v1\backend\node_modules\send\index.js:315:12) 
08-09-2026 21:32:16 | ERROR | Error found | 404 | GET /files/1788542750602_men-category.jpg : Can't find /files/1788542750602_men-category.jpg on this server | user: guest 
Error: Can't find /files/1788542750602_men-category.jpg on this server
    at D:\photo\store_uiux_polished\v1\backend\server.js:110:8
    at Layer.handleRequest (D:\photo\store_uiux_polished\v1\backend\node_modules\router\lib\layer.js:152:17)
    at trimPrefix (D:\photo\store_uiux_polished\v1\backend\node_modules\router\index.js:342:13)
    at D:\photo\store_uiux_polished\v1\backend\node_modules\router\index.js:297:9
    at processParams (D:\photo\store_uiux_polished\v1\backend\node_modules\router\index.js:582:12)
    at next (D:\photo\store_uiux_polished\v1\backend\node_modules\router\index.js:291:5)
    at SendStream.error (D:\photo\store_uiux_polished\v1\backend\node_modules\serve-static\index.js:120:7)
    at SendStream.emit (node:events:509:20)
    at SendStream.error (D:\photo\store_uiux_polished\v1\backend\node_modules\send\index.js:168:17)
    at SendStream.onStatError (D:\photo\store_uiux_polished\v1\backend\node_modules\send\index.js:315:12) 
08-09-2026 21:32:16 | ERROR | Error found | 404 | GET /files/1788430760414_Black_Denim_Jacket.jpg : Can't find /files/1788430760414_Black_Denim_Jacket.jpg on this server | user: guest 
Error: Can't find /files/1788430760414_Black_Denim_Jacket.jpg on this server
    at D:\photo\store_uiux_polished\v1\backend\server.js:110:8
    at Layer.handleRequest (D:\photo\store_uiux_polished\v1\backend\node_modules\router\lib\layer.js:152:17)
    at trimPrefix (D:\photo\store_uiux_polished\v1\backend\node_modules\router\index.js:342:13)
    at D:\photo\store_uiux_polished\v1\backend\node_modules\router\index.js:297:9
    at processParams (D:\photo\store_uiux_polished\v1\backend\node_modules\router\index.js:582:12)
    at next (D:\photo\store_uiux_polished\v1\backend\node_modules\router\index.js:291:5)
    at SendStream.error (D:\photo\store_uiux_polished\v1\backend\node_modules\serve-static\index.js:120:7)
    at SendStream.emit (node:events:509:20)
    at SendStream.error (D:\photo\store_uiux_polished\v1\backend\node_modules\send\index.js:168:17)
    at SendStream.onStatError (D:\photo\store_uiux_polished\v1\backend\node_modules\send\index.js:315:12) 
08-09-2026 21:32:22 | ERROR | Error found | 404 | GET /files/1788542750602_men-category.jpg : Can't find /files/1788542750602_men-category.jpg on this server | user: guest 
Error: Can't find /files/1788542750602_men-category.jpg on this server
    at D:\photo\store_uiux_polished\v1\backend\server.js:110:8
    at Layer.handleRequest (D:\photo\store_uiux_polished\v1\backend\node_modules\router\lib\layer.js:152:17)
    at trimPrefix (D:\photo\store_uiux_polished\v1\backend\node_modules\router\index.js:342:13)
    at D:\photo\store_uiux_polished\v1\backend\node_modules\router\index.js:297:9
    at processParams (D:\photo\store_uiux_polished\v1\backend\node_modules\router\index.js:582:12)
    at next (D:\photo\store_uiux_polished\v1\backend\node_modules\router\index.js:291:5)
    at SendStream.error (D:\photo\store_uiux_polished\v1\backend\node_modules\serve-static\index.js:120:7)
    at SendStream.emit (node:events:509:20)
    at SendStream.error (D:\photo\store_uiux_polished\v1\backend\node_modules\send\index.js:168:17)
    at SendStream.onStatError (D:\photo\store_uiux_polished\v1\backend\node_modules\send\index.js:315:12) 
08-09-2026 21:32:22 | ERROR | Error found | 404 | GET /files/1788430760414_Black_Denim_Jacket.jpg : Can't find /files/1788430760414_Black_Denim_Jacket.jpg on this server | user: guest 
Error: Can't find /files/1788430760414_Black_Denim_Jacket.jpg on this server
    at D:\photo\store_uiux_polished\v1\backend\server.js:110:8
    at Layer.handleRequest (D:\photo\store_uiux_polished\v1\backend\node_modules\router\lib\layer.js:152:17)
    at trimPrefix (D:\photo\store_uiux_polished\v1\backend\node_modules\router\index.js:342:13)
    at D:\photo\store_uiux_polished\v1\backend\node_modules\router\index.js:297:9
    at processParams (D:\photo\store_uiux_polished\v1\backend\node_modules\router\index.js:582:12)
    at next (D:\photo\store_uiux_polished\v1\backend\node_modules\router\index.js:291:5)
    at SendStream.error (D:\photo\store_uiux_polished\v1\backend\node_modules\serve-static\index.js:120:7)
    at SendStream.emit (node:events:509:20)
    at SendStream.error (D:\photo\store_uiux_polished\v1\backend\node_modules\send\index.js:168:17)
    at SendStream.onStatError (D:\photo\store_uiux_polished\v1\backend\node_modules\send\index.js:315:12) 
08-09-2026 21:32:31 | ERROR | Error found | 404 | GET /files/1788542750602_men-category.jpg : Can't find /files/1788542750602_men-category.jpg on this server | user: guest 
Error: Can't find /files/1788542750602_men-category.jpg on this server
    at D:\photo\store_uiux_polished\v1\backend\server.js:110:8
    at Layer.handleRequest (D:\photo\store_uiux_polished\v1\backend\node_modules\router\lib\layer.js:152:17)
    at trimPrefix (D:\photo\store_uiux_polished\v1\backend\node_modules\router\index.js:342:13)
    at D:\photo\store_uiux_polished\v1\backend\node_modules\router\index.js:297:9
    at processParams (D:\photo\store_uiux_polished\v1\backend\node_modules\router\index.js:582:12)
    at next (D:\photo\store_uiux_polished\v1\backend\node_modules\router\index.js:291:5)
    at SendStream.error (D:\photo\store_uiux_polished\v1\backend\node_modules\serve-static\index.js:120:7)
    at SendStream.emit (node:events:509:20)
    at SendStream.error (D:\photo\store_uiux_polished\v1\backend\node_modules\send\index.js:168:17)
    at SendStream.onStatError (D:\photo\store_uiux_polished\v1\backend\node_modules\send\index.js:315:12) 
08-09-2026 21:32:31 | ERROR | Error found | 404 | GET /files/1788430760414_Black_Denim_Jacket.jpg : Can't find /files/1788430760414_Black_Denim_Jacket.jpg on this server | user: guest 
Error: Can't find /files/1788430760414_Black_Denim_Jacket.jpg on this server
    at D:\photo\store_uiux_polished\v1\backend\server.js:110:8
    at Layer.handleRequest (D:\photo\store_uiux_polished\v1\backend\node_modules\router\lib\layer.js:152:17)
    at trimPrefix (D:\photo\store_uiux_polished\v1\backend\node_modules\router\index.js:342:13)
    at D:\photo\store_uiux_polished\v1\backend\node_modules\router\index.js:297:9
    at processParams (D:\photo\store_uiux_polished\v1\backend\node_modules\router\index.js:582:12)
    at next (D:\photo\store_uiux_polished\v1\backend\node_modules\router\index.js:291:5)
    at SendStream.error (D:\photo\store_uiux_polished\v1\backend\node_modules\serve-static\index.js:120:7)
    at SendStream.emit (node:events:509:20)
    at SendStream.error (D:\photo\store_uiux_polished\v1\backend\node_modules\send\index.js:168:17)
    at SendStream.onStatError (D:\photo\store_uiux_polished\v1\backend\node_modules\send\index.js:315:12) 
08-09-2026 21:32:32 | ERROR | Error found | 404 | GET /files/1788542750602_men-category.jpg : Can't find /files/1788542750602_men-category.jpg on this server | user: guest 
Error: Can't find /files/1788542750602_men-category.jpg on this server
    at D:\photo\store_uiux_polished\v1\backend\server.js:110:8
    at Layer.handleRequest (D:\photo\store_uiux_polished\v1\backend\node_modules\router\lib\layer.js:152:17)
    at trimPrefix (D:\photo\store_uiux_polished\v1\backend\node_modules\router\index.js:342:13)
    at D:\photo\store_uiux_polished\v1\backend\node_modules\router\index.js:297:9
    at processParams (D:\photo\store_uiux_polished\v1\backend\node_modules\router\index.js:582:12)
    at next (D:\photo\store_uiux_polished\v1\backend\node_modules\router\index.js:291:5)
    at SendStream.error (D:\photo\store_uiux_polished\v1\backend\node_modules\serve-static\index.js:120:7)
    at SendStream.emit (node:events:509:20)
    at SendStream.error (D:\photo\store_uiux_polished\v1\backend\node_modules\send\index.js:168:17)
    at SendStream.onStatError (D:\photo\store_uiux_polished\v1\backend\node_modules\send\index.js:315:12) 
08-09-2026 21:32:32 | ERROR | Error found | 404 | GET /files/1788430760414_Black_Denim_Jacket.jpg : Can't find /files/1788430760414_Black_Denim_Jacket.jpg on this server | user: guest 
Error: Can't find /files/1788430760414_Black_Denim_Jacket.jpg on this server
    at D:\photo\store_uiux_polished\v1\backend\server.js:110:8
    at Layer.handleRequest (D:\photo\store_uiux_polished\v1\backend\node_modules\router\lib\layer.js:152:17)
    at trimPrefix (D:\photo\store_uiux_polished\v1\backend\node_modules\router\index.js:342:13)
    at D:\photo\store_uiux_polished\v1\backend\node_modules\router\index.js:297:9
    at processParams (D:\photo\store_uiux_polished\v1\backend\node_modules\router\index.js:582:12)
    at next (D:\photo\store_uiux_polished\v1\backend\node_modules\router\index.js:291:5)
    at SendStream.error (D:\photo\store_uiux_polished\v1\backend\node_modules\serve-static\index.js:120:7)
    at SendStream.emit (node:events:509:20)
    at SendStream.error (D:\photo\store_uiux_polished\v1\backend\node_modules\send\index.js:168:17)
    at SendStream.onStatError (D:\photo\store_uiux_polished\v1\backend\node_modules\send\index.js:315:12) 
08-09-2026 21:32:56 | ERROR | Error found | 404 | GET /files/1788542750602_men-category.jpg : Can't find /files/1788542750602_men-category.jpg on this server | user: guest 
Error: Can't find /files/1788542750602_men-category.jpg on this server
    at D:\photo\store_uiux_polished\v1\backend\server.js:110:8
    at Layer.handleRequest (D:\photo\store_uiux_polished\v1\backend\node_modules\router\lib\layer.js:152:17)
    at trimPrefix (D:\photo\store_uiux_polished\v1\backend\node_modules\router\index.js:342:13)
    at D:\photo\store_uiux_polished\v1\backend\node_modules\router\index.js:297:9
    at processParams (D:\photo\store_uiux_polished\v1\backend\node_modules\router\index.js:582:12)
    at next (D:\photo\store_uiux_polished\v1\backend\node_modules\router\index.js:291:5)
    at SendStream.error (D:\photo\store_uiux_polished\v1\backend\node_modules\serve-static\index.js:120:7)
    at SendStream.emit (node:events:509:20)
    at SendStream.error (D:\photo\store_uiux_polished\v1\backend\node_modules\send\index.js:168:17)
    at SendStream.onStatError (D:\photo\store_uiux_polished\v1\backend\node_modules\send\index.js:315:12) 
08-09-2026 21:32:56 | ERROR | Error found | 404 | GET /files/1788430760414_Black_Denim_Jacket.jpg : Can't find /files/1788430760414_Black_Denim_Jacket.jpg on this server | user: guest 
Error: Can't find /files/1788430760414_Black_Denim_Jacket.jpg on this server
    at D:\photo\store_uiux_polished\v1\backend\server.js:110:8
    at Layer.handleRequest (D:\photo\store_uiux_polished\v1\backend\node_modules\router\lib\layer.js:152:17)
    at trimPrefix (D:\photo\store_uiux_polished\v1\backend\node_modules\router\index.js:342:13)
    at D:\photo\store_uiux_polished\v1\backend\node_modules\router\index.js:297:9
    at processParams (D:\photo\store_uiux_polished\v1\backend\node_modules\router\index.js:582:12)
    at next (D:\photo\store_uiux_polished\v1\backend\node_modules\router\index.js:291:5)
    at SendStream.error (D:\photo\store_uiux_polished\v1\backend\node_modules\serve-static\index.js:120:7)
    at SendStream.emit (node:events:509:20)
    at SendStream.error (D:\photo\store_uiux_polished\v1\backend\node_modules\send\index.js:168:17)
    at SendStream.onStatError (D:\photo\store_uiux_polished\v1\backend\node_modules\send\index.js:315:12) 
08-09-2026 21:32:57 | ERROR | Error found | 404 | GET /files/1788542750602_men-category.jpg : Can't find /files/1788542750602_men-category.jpg on this server | user: guest 
Error: Can't find /files/1788542750602_men-category.jpg on this server
    at D:\photo\store_uiux_polished\v1\backend\server.js:110:8
    at Layer.handleRequest (D:\photo\store_uiux_polished\v1\backend\node_modules\router\lib\layer.js:152:17)
    at trimPrefix (D:\photo\store_uiux_polished\v1\backend\node_modules\router\index.js:342:13)
    at D:\photo\store_uiux_polished\v1\backend\node_modules\router\index.js:297:9
    at processParams (D:\photo\store_uiux_polished\v1\backend\node_modules\router\index.js:582:12)
    at next (D:\photo\store_uiux_polished\v1\backend\node_modules\router\index.js:291:5)
    at SendStream.error (D:\photo\store_uiux_polished\v1\backend\node_modules\serve-static\index.js:120:7)
    at SendStream.emit (node:events:509:20)
    at SendStream.error (D:\photo\store_uiux_polished\v1\backend\node_modules\send\index.js:168:17)
    at SendStream.onStatError (D:\photo\store_uiux_polished\v1\backend\node_modules\send\index.js:315:12) 
08-09-2026 21:32:57 | ERROR | Error found | 404 | GET /files/1788430760414_Black_Denim_Jacket.jpg : Can't find /files/1788430760414_Black_Denim_Jacket.jpg on this server | user: guest 
Error: Can't find /files/1788430760414_Black_Denim_Jacket.jpg on this server
    at D:\photo\store_uiux_polished\v1\backend\server.js:110:8
    at Layer.handleRequest (D:\photo\store_uiux_polished\v1\backend\node_modules\router\lib\layer.js:152:17)
    at trimPrefix (D:\photo\store_uiux_polished\v1\backend\node_modules\router\index.js:342:13)
    at D:\photo\store_uiux_polished\v1\backend\node_modules\router\index.js:297:9
    at processParams (D:\photo\store_uiux_polished\v1\backend\node_modules\router\index.js:582:12)
    at next (D:\photo\store_uiux_polished\v1\backend\node_modules\router\index.js:291:5)
    at SendStream.error (D:\photo\store_uiux_polished\v1\backend\node_modules\serve-static\index.js:120:7)
    at SendStream.emit (node:events:509:20)
    at SendStream.error (D:\photo\store_uiux_polished\v1\backend\node_modules\send\index.js:168:17)
    at SendStream.onStatError (D:\photo\store_uiux_polished\v1\backend\node_modules\send\index.js:315:12) 
08-09-2026 21:33:07 | ERROR | Error found | 404 | GET /files/1788542750602_men-category.jpg : Can't find /files/1788542750602_men-category.jpg on this server | user: guest 
Error: Can't find /files/1788542750602_men-category.jpg on this server
    at D:\photo\store_uiux_polished\v1\backend\server.js:110:8
    at Layer.handleRequest (D:\photo\store_uiux_polished\v1\backend\node_modules\router\lib\layer.js:152:17)
    at trimPrefix (D:\photo\store_uiux_polished\v1\backend\node_modules\router\index.js:342:13)
    at D:\photo\store_uiux_polished\v1\backend\node_modules\router\index.js:297:9
    at processParams (D:\photo\store_uiux_polished\v1\backend\node_modules\router\index.js:582:12)
    at next (D:\photo\store_uiux_polished\v1\backend\node_modules\router\index.js:291:5)
    at SendStream.error (D:\photo\store_uiux_polished\v1\backend\node_modules\serve-static\index.js:120:7)
    at SendStream.emit (node:events:509:20)
    at SendStream.error (D:\photo\store_uiux_polished\v1\backend\node_modules\send\index.js:168:17)
    at SendStream.onStatError (D:\photo\store_uiux_polished\v1\backend\node_modules\send\index.js:315:12) 
08-09-2026 21:33:07 | ERROR | Error found | 404 | GET /files/1788430760414_Black_Denim_Jacket.jpg : Can't find /files/1788430760414_Black_Denim_Jacket.jpg on this server | user: guest 
Error: Can't find /files/1788430760414_Black_Denim_Jacket.jpg on this server
    at D:\photo\store_uiux_polished\v1\backend\server.js:110:8
    at Layer.handleRequest (D:\photo\store_uiux_polished\v1\backend\node_modules\router\lib\layer.js:152:17)
    at trimPrefix (D:\photo\store_uiux_polished\v1\backend\node_modules\router\index.js:342:13)
    at D:\photo\store_uiux_polished\v1\backend\node_modules\router\index.js:297:9
    at processParams (D:\photo\store_uiux_polished\v1\backend\node_modules\router\index.js:582:12)
    at next (D:\photo\store_uiux_polished\v1\backend\node_modules\router\index.js:291:5)
    at SendStream.error (D:\photo\store_uiux_polished\v1\backend\node_modules\serve-static\index.js:120:7)
    at SendStream.emit (node:events:509:20)
    at SendStream.error (D:\photo\store_uiux_polished\v1\backend\node_modules\send\index.js:168:17)
    at SendStream.onStatError (D:\photo\store_uiux_polished\v1\backend\node_modules\send\index.js:315:12) 
08-09-2026 21:33:08 | ERROR | Error found | 404 | GET /files/1788542750602_men-category.jpg : Can't find /files/1788542750602_men-category.jpg on this server | user: guest 
Error: Can't find /files/1788542750602_men-category.jpg on this server
    at D:\photo\store_uiux_polished\v1\backend\server.js:110:8
    at Layer.handleRequest (D:\photo\store_uiux_polished\v1\backend\node_modules\router\lib\layer.js:152:17)
    at trimPrefix (D:\photo\store_uiux_polished\v1\backend\node_modules\router\index.js:342:13)
    at D:\photo\store_uiux_polished\v1\backend\node_modules\router\index.js:297:9
    at processParams (D:\photo\store_uiux_polished\v1\backend\node_modules\router\index.js:582:12)
    at next (D:\photo\store_uiux_polished\v1\backend\node_modules\router\index.js:291:5)
    at SendStream.error (D:\photo\store_uiux_polished\v1\backend\node_modules\serve-static\index.js:120:7)
    at SendStream.emit (node:events:509:20)
    at SendStream.error (D:\photo\store_uiux_polished\v1\backend\node_modules\send\index.js:168:17)
    at SendStream.onStatError (D:\photo\store_uiux_polished\v1\backend\node_modules\send\index.js:315:12) 
08-09-2026 21:33:08 | ERROR | Error found | 404 | GET /files/1788430760414_Black_Denim_Jacket.jpg : Can't find /files/1788430760414_Black_Denim_Jacket.jpg on this server | user: guest 
Error: Can't find /files/1788430760414_Black_Denim_Jacket.jpg on this server
    at D:\photo\store_uiux_polished\v1\backend\server.js:110:8
    at Layer.handleRequest (D:\photo\store_uiux_polished\v1\backend\node_modules\router\lib\layer.js:152:17)
    at trimPrefix (D:\photo\store_uiux_polished\v1\backend\node_modules\router\index.js:342:13)
    at D:\photo\store_uiux_polished\v1\backend\node_modules\router\index.js:297:9
    at processParams (D:\photo\store_uiux_polished\v1\backend\node_modules\router\index.js:582:12)
    at next (D:\photo\store_uiux_polished\v1\backend\node_modules\router\index.js:291:5)
    at SendStream.error (D:\photo\store_uiux_polished\v1\backend\node_modules\serve-static\index.js:120:7)
    at SendStream.emit (node:events:509:20)
    at SendStream.error (D:\photo\store_uiux_polished\v1\backend\node_modules\send\index.js:168:17)
    at SendStream.onStatError (D:\photo\store_uiux_polished\v1\backend\node_modules\send\index.js:315:12) 
08-09-2026 21:33:11 | ERROR | Error found | 404 | GET /files/1788542750602_men-category.jpg : Can't find /files/1788542750602_men-category.jpg on this server | user: guest 
Error: Can't find /files/1788542750602_men-category.jpg on this server
    at D:\photo\store_uiux_polished\v1\backend\server.js:110:8
    at Layer.handleRequest (D:\photo\store_uiux_polished\v1\backend\node_modules\router\lib\layer.js:152:17)
    at trimPrefix (D:\photo\store_uiux_polished\v1\backend\node_modules\router\index.js:342:13)
    at D:\photo\store_uiux_polished\v1\backend\node_modules\router\index.js:297:9
    at processParams (D:\photo\store_uiux_polished\v1\backend\node_modules\router\index.js:582:12)
    at next (D:\photo\store_uiux_polished\v1\backend\node_modules\router\index.js:291:5)
    at SendStream.error (D:\photo\store_uiux_polished\v1\backend\node_modules\serve-static\index.js:120:7)
    at SendStream.emit (node:events:509:20)
    at SendStream.error (D:\photo\store_uiux_polished\v1\backend\node_modules\send\index.js:168:17)
    at SendStream.onStatError (D:\photo\store_uiux_polished\v1\backend\node_modules\send\index.js:315:12) 
08-09-2026 21:33:11 | ERROR | Error found | 404 | GET /files/1788430760414_Black_Denim_Jacket.jpg : Can't find /files/1788430760414_Black_Denim_Jacket.jpg on this server | user: guest 
Error: Can't find /files/1788430760414_Black_Denim_Jacket.jpg on this server
    at D:\photo\store_uiux_polished\v1\backend\server.js:110:8
    at Layer.handleRequest (D:\photo\store_uiux_polished\v1\backend\node_modules\router\lib\layer.js:152:17)
    at trimPrefix (D:\photo\store_uiux_polished\v1\backend\node_modules\router\index.js:342:13)
    at D:\photo\store_uiux_polished\v1\backend\node_modules\router\index.js:297:9
    at processParams (D:\photo\store_uiux_polished\v1\backend\node_modules\router\index.js:582:12)
    at next (D:\photo\store_uiux_polished\v1\backend\node_modules\router\index.js:291:5)
    at SendStream.error (D:\photo\store_uiux_polished\v1\backend\node_modules\serve-static\index.js:120:7)
    at SendStream.emit (node:events:509:20)
    at SendStream.error (D:\photo\store_uiux_polished\v1\backend\node_modules\send\index.js:168:17)
    at SendStream.onStatError (D:\photo\store_uiux_polished\v1\backend\node_modules\send\index.js:315:12) 
08-09-2026 21:33:20 | ERROR | Error found | 404 | GET /files/1788542750602_men-category.jpg : Can't find /files/1788542750602_men-category.jpg on this server | user: guest 
Error: Can't find /files/1788542750602_men-category.jpg on this server
    at D:\photo\store_uiux_polished\v1\backend\server.js:110:8
    at Layer.handleRequest (D:\photo\store_uiux_polished\v1\backend\node_modules\router\lib\layer.js:152:17)
    at trimPrefix (D:\photo\store_uiux_polished\v1\backend\node_modules\router\index.js:342:13)
    at D:\photo\store_uiux_polished\v1\backend\node_modules\router\index.js:297:9
    at processParams (D:\photo\store_uiux_polished\v1\backend\node_modules\router\index.js:582:12)
    at next (D:\photo\store_uiux_polished\v1\backend\node_modules\router\index.js:291:5)
    at SendStream.error (D:\photo\store_uiux_polished\v1\backend\node_modules\serve-static\index.js:120:7)
    at SendStream.emit (node:events:509:20)
    at SendStream.error (D:\photo\store_uiux_polished\v1\backend\node_modules\send\index.js:168:17)
    at SendStream.onStatError (D:\photo\store_uiux_polished\v1\backend\node_modules\send\index.js:315:12) 
08-09-2026 21:33:20 | ERROR | Error found | 404 | GET /files/1788430760414_Black_Denim_Jacket.jpg : Can't find /files/1788430760414_Black_Denim_Jacket.jpg on this server | user: guest 
Error: Can't find /files/1788430760414_Black_Denim_Jacket.jpg on this server
    at D:\photo\store_uiux_polished\v1\backend\server.js:110:8
    at Layer.handleRequest (D:\photo\store_uiux_polished\v1\backend\node_modules\router\lib\layer.js:152:17)
    at trimPrefix (D:\photo\store_uiux_polished\v1\backend\node_modules\router\index.js:342:13)
    at D:\photo\store_uiux_polished\v1\backend\node_modules\router\index.js:297:9
    at processParams (D:\photo\store_uiux_polished\v1\backend\node_modules\router\index.js:582:12)
    at next (D:\photo\store_uiux_polished\v1\backend\node_modules\router\index.js:291:5)
    at SendStream.error (D:\photo\store_uiux_polished\v1\backend\node_modules\serve-static\index.js:120:7)
    at SendStream.emit (node:events:509:20)
    at SendStream.error (D:\photo\store_uiux_polished\v1\backend\node_modules\send\index.js:168:17)
    at SendStream.onStatError (D:\photo\store_uiux_polished\v1\backend\node_modules\send\index.js:315:12) 
08-09-2026 21:33:26 | ERROR | Error found | 404 | GET /files/1788542750602_men-category.jpg : Can't find /files/1788542750602_men-category.jpg on this server | user: guest 
Error: Can't find /files/1788542750602_men-category.jpg on this server
    at D:\photo\store_uiux_polished\v1\backend\server.js:110:8
    at Layer.handleRequest (D:\photo\store_uiux_polished\v1\backend\node_modules\router\lib\layer.js:152:17)
    at trimPrefix (D:\photo\store_uiux_polished\v1\backend\node_modules\router\index.js:342:13)
    at D:\photo\store_uiux_polished\v1\backend\node_modules\router\index.js:297:9
    at processParams (D:\photo\store_uiux_polished\v1\backend\node_modules\router\index.js:582:12)
    at next (D:\photo\store_uiux_polished\v1\backend\node_modules\router\index.js:291:5)
    at SendStream.error (D:\photo\store_uiux_polished\v1\backend\node_modules\serve-static\index.js:120:7)
    at SendStream.emit (node:events:509:20)
    at SendStream.error (D:\photo\store_uiux_polished\v1\backend\node_modules\send\index.js:168:17)
    at SendStream.onStatError (D:\photo\store_uiux_polished\v1\backend\node_modules\send\index.js:315:12) 
08-09-2026 21:33:26 | ERROR | Error found | 404 | GET /files/1788430760414_Black_Denim_Jacket.jpg : Can't find /files/1788430760414_Black_Denim_Jacket.jpg on this server | user: guest 
Error: Can't find /files/1788430760414_Black_Denim_Jacket.jpg on this server
    at D:\photo\store_uiux_polished\v1\backend\server.js:110:8
    at Layer.handleRequest (D:\photo\store_uiux_polished\v1\backend\node_modules\router\lib\layer.js:152:17)
    at trimPrefix (D:\photo\store_uiux_polished\v1\backend\node_modules\router\index.js:342:13)
    at D:\photo\store_uiux_polished\v1\backend\node_modules\router\index.js:297:9
    at processParams (D:\photo\store_uiux_polished\v1\backend\node_modules\router\index.js:582:12)
    at next (D:\photo\store_uiux_polished\v1\backend\node_modules\router\index.js:291:5)
    at SendStream.error (D:\photo\store_uiux_polished\v1\backend\node_modules\serve-static\index.js:120:7)
    at SendStream.emit (node:events:509:20)
    at SendStream.error (D:\photo\store_uiux_polished\v1\backend\node_modules\send\index.js:168:17)
    at SendStream.onStatError (D:\photo\store_uiux_polished\v1\backend\node_modules\send\index.js:315:12) 
08-09-2026 21:33:41 | ERROR | Error found | 404 | GET /files/1788542750602_men-category.jpg : Can't find /files/1788542750602_men-category.jpg on this server | user: guest 
Error: Can't find /files/1788542750602_men-category.jpg on this server
    at D:\photo\store_uiux_polished\v1\backend\server.js:110:8
    at Layer.handleRequest (D:\photo\store_uiux_polished\v1\backend\node_modules\router\lib\layer.js:152:17)
    at trimPrefix (D:\photo\store_uiux_polished\v1\backend\node_modules\router\index.js:342:13)
    at D:\photo\store_uiux_polished\v1\backend\node_modules\router\index.js:297:9
    at processParams (D:\photo\store_uiux_polished\v1\backend\node_modules\router\index.js:582:12)
    at next (D:\photo\store_uiux_polished\v1\backend\node_modules\router\index.js:291:5)
    at SendStream.error (D:\photo\store_uiux_polished\v1\backend\node_modules\serve-static\index.js:120:7)
    at SendStream.emit (node:events:509:20)
    at SendStream.error (D:\photo\store_uiux_polished\v1\backend\node_modules\send\index.js:168:17)
    at SendStream.onStatError (D:\photo\store_uiux_polished\v1\backend\node_modules\send\index.js:315:12) 
08-09-2026 21:33:41 | ERROR | Error found | 404 | GET /files/1788430760414_Black_Denim_Jacket.jpg : Can't find /files/1788430760414_Black_Denim_Jacket.jpg on this server | user: guest 
Error: Can't find /files/1788430760414_Black_Denim_Jacket.jpg on this server
    at D:\photo\store_uiux_polished\v1\backend\server.js:110:8
    at Layer.handleRequest (D:\photo\store_uiux_polished\v1\backend\node_modules\router\lib\layer.js:152:17)
    at trimPrefix (D:\photo\store_uiux_polished\v1\backend\node_modules\router\index.js:342:13)
    at D:\photo\store_uiux_polished\v1\backend\node_modules\router\index.js:297:9
    at processParams (D:\photo\store_uiux_polished\v1\backend\node_modules\router\index.js:582:12)
    at next (D:\photo\store_uiux_polished\v1\backend\node_modules\router\index.js:291:5)
    at SendStream.error (D:\photo\store_uiux_polished\v1\backend\node_modules\serve-static\index.js:120:7)
    at SendStream.emit (node:events:509:20)
    at SendStream.error (D:\photo\store_uiux_polished\v1\backend\node_modules\send\index.js:168:17)
    at SendStream.onStatError (D:\photo\store_uiux_polished\v1\backend\node_modules\send\index.js:315:12) 
08-09-2026 21:33:42 | ERROR | Error found | 404 | GET /files/1788542750602_men-category.jpg : Can't find /files/1788542750602_men-category.jpg on this server | user: guest 
Error: Can't find /files/1788542750602_men-category.jpg on this server
    at D:\photo\store_uiux_polished\v1\backend\server.js:110:8
    at Layer.handleRequest (D:\photo\store_uiux_polished\v1\backend\node_modules\router\lib\layer.js:152:17)
    at trimPrefix (D:\photo\store_uiux_polished\v1\backend\node_modules\router\index.js:342:13)
    at D:\photo\store_uiux_polished\v1\backend\node_modules\router\index.js:297:9
    at processParams (D:\photo\store_uiux_polished\v1\backend\node_modules\router\index.js:582:12)
    at next (D:\photo\store_uiux_polished\v1\backend\node_modules\router\index.js:291:5)
    at SendStream.error (D:\photo\store_uiux_polished\v1\backend\node_modules\serve-static\index.js:120:7)
    at SendStream.emit (node:events:509:20)
    at SendStream.error (D:\photo\store_uiux_polished\v1\backend\node_modules\send\index.js:168:17)
    at SendStream.onStatError (D:\photo\store_uiux_polished\v1\backend\node_modules\send\index.js:315:12) 
08-09-2026 21:33:42 | ERROR | Error found | 404 | GET /files/1788430760414_Black_Denim_Jacket.jpg : Can't find /files/1788430760414_Black_Denim_Jacket.jpg on this server | user: guest 
Error: Can't find /files/1788430760414_Black_Denim_Jacket.jpg on this server
    at D:\photo\store_uiux_polished\v1\backend\server.js:110:8
    at Layer.handleRequest (D:\photo\store_uiux_polished\v1\backend\node_modules\router\lib\layer.js:152:17)
    at trimPrefix (D:\photo\store_uiux_polished\v1\backend\node_modules\router\index.js:342:13)
    at D:\photo\store_uiux_polished\v1\backend\node_modules\router\index.js:297:9
    at processParams (D:\photo\store_uiux_polished\v1\backend\node_modules\router\index.js:582:12)
    at next (D:\photo\store_uiux_polished\v1\backend\node_modules\router\index.js:291:5)
    at SendStream.error (D:\photo\store_uiux_polished\v1\backend\node_modules\serve-static\index.js:120:7)
    at SendStream.emit (node:events:509:20)
    at SendStream.error (D:\photo\store_uiux_polished\v1\backend\node_modules\send\index.js:168:17)
    at SendStream.onStatError (D:\photo\store_uiux_polished\v1\backend\node_modules\send\index.js:315:12) 
08-09-2026 21:33:51 | ERROR | Error found | 404 | GET /files/1788542750602_men-category.jpg : Can't find /files/1788542750602_men-category.jpg on this server | user: guest 
Error: Can't find /files/1788542750602_men-category.jpg on this server
    at D:\photo\store_uiux_polished\v1\backend\server.js:110:8
    at Layer.handleRequest (D:\photo\store_uiux_polished\v1\backend\node_modules\router\lib\layer.js:152:17)
    at trimPrefix (D:\photo\store_uiux_polished\v1\backend\node_modules\router\index.js:342:13)
    at D:\photo\store_uiux_polished\v1\backend\node_modules\router\index.js:297:9
    at processParams (D:\photo\store_uiux_polished\v1\backend\node_modules\router\index.js:582:12)
    at next (D:\photo\store_uiux_polished\v1\backend\node_modules\router\index.js:291:5)
    at SendStream.error (D:\photo\store_uiux_polished\v1\backend\node_modules\serve-static\index.js:120:7)
    at SendStream.emit (node:events:509:20)
    at SendStream.error (D:\photo\store_uiux_polished\v1\backend\node_modules\send\index.js:168:17)
    at SendStream.onStatError (D:\photo\store_uiux_polished\v1\backend\node_modules\send\index.js:315:12) 
08-09-2026 21:33:51 | ERROR | Error found | 404 | GET /files/1788430760414_Black_Denim_Jacket.jpg : Can't find /files/1788430760414_Black_Denim_Jacket.jpg on this server | user: guest 
Error: Can't find /files/1788430760414_Black_Denim_Jacket.jpg on this server
    at D:\photo\store_uiux_polished\v1\backend\server.js:110:8
    at Layer.handleRequest (D:\photo\store_uiux_polished\v1\backend\node_modules\router\lib\layer.js:152:17)
    at trimPrefix (D:\photo\store_uiux_polished\v1\backend\node_modules\router\index.js:342:13)
    at D:\photo\store_uiux_polished\v1\backend\node_modules\router\index.js:297:9
    at processParams (D:\photo\store_uiux_polished\v1\backend\node_modules\router\index.js:582:12)
    at next (D:\photo\store_uiux_polished\v1\backend\node_modules\router\index.js:291:5)
    at SendStream.error (D:\photo\store_uiux_polished\v1\backend\node_modules\serve-static\index.js:120:7)
    at SendStream.emit (node:events:509:20)
    at SendStream.error (D:\photo\store_uiux_polished\v1\backend\node_modules\send\index.js:168:17)
    at SendStream.onStatError (D:\photo\store_uiux_polished\v1\backend\node_modules\send\index.js:315:12) 
08-09-2026 21:33:51 | ERROR | Error found | 404 | GET /files/1788542750602_men-category.jpg : Can't find /files/1788542750602_men-category.jpg on this server | user: guest 
Error: Can't find /files/1788542750602_men-category.jpg on this server
    at D:\photo\store_uiux_polished\v1\backend\server.js:110:8
    at Layer.handleRequest (D:\photo\store_uiux_polished\v1\backend\node_modules\router\lib\layer.js:152:17)
    at trimPrefix (D:\photo\store_uiux_polished\v1\backend\node_modules\router\index.js:342:13)
    at D:\photo\store_uiux_polished\v1\backend\node_modules\router\index.js:297:9
    at processParams (D:\photo\store_uiux_polished\v1\backend\node_modules\router\index.js:582:12)
    at next (D:\photo\store_uiux_polished\v1\backend\node_modules\router\index.js:291:5)
    at SendStream.error (D:\photo\store_uiux_polished\v1\backend\node_modules\serve-static\index.js:120:7)
    at SendStream.emit (node:events:509:20)
    at SendStream.error (D:\photo\store_uiux_polished\v1\backend\node_modules\send\index.js:168:17)
    at SendStream.onStatError (D:\photo\store_uiux_polished\v1\backend\node_modules\send\index.js:315:12) 
08-09-2026 21:33:51 | ERROR | Error found | 404 | GET /files/1788430760414_Black_Denim_Jacket.jpg : Can't find /files/1788430760414_Black_Denim_Jacket.jpg on this server | user: guest 
Error: Can't find /files/1788430760414_Black_Denim_Jacket.jpg on this server
    at D:\photo\store_uiux_polished\v1\backend\server.js:110:8
    at Layer.handleRequest (D:\photo\store_uiux_polished\v1\backend\node_modules\router\lib\layer.js:152:17)
    at trimPrefix (D:\photo\store_uiux_polished\v1\backend\node_modules\router\index.js:342:13)
    at D:\photo\store_uiux_polished\v1\backend\node_modules\router\index.js:297:9
    at processParams (D:\photo\store_uiux_polished\v1\backend\node_modules\router\index.js:582:12)
    at next (D:\photo\store_uiux_polished\v1\backend\node_modules\router\index.js:291:5)
    at SendStream.error (D:\photo\store_uiux_polished\v1\backend\node_modules\serve-static\index.js:120:7)
    at SendStream.emit (node:events:509:20)
    at SendStream.error (D:\photo\store_uiux_polished\v1\backend\node_modules\send\index.js:168:17)
    at SendStream.onStatError (D:\photo\store_uiux_polished\v1\backend\node_modules\send\index.js:315:12) 
08-09-2026 21:34:05 | ERROR | Error found | 404 | GET /files/1788542750602_men-category.jpg : Can't find /files/1788542750602_men-category.jpg on this server | user: guest 
Error: Can't find /files/1788542750602_men-category.jpg on this server
    at D:\photo\store_uiux_polished\v1\backend\server.js:110:8
    at Layer.handleRequest (D:\photo\store_uiux_polished\v1\backend\node_modules\router\lib\layer.js:152:17)
    at trimPrefix (D:\photo\store_uiux_polished\v1\backend\node_modules\router\index.js:342:13)
    at D:\photo\store_uiux_polished\v1\backend\node_modules\router\index.js:297:9
    at processParams (D:\photo\store_uiux_polished\v1\backend\node_modules\router\index.js:582:12)
    at next (D:\photo\store_uiux_polished\v1\backend\node_modules\router\index.js:291:5)
    at SendStream.error (D:\photo\store_uiux_polished\v1\backend\node_modules\serve-static\index.js:120:7)
    at SendStream.emit (node:events:509:20)
    at SendStream.error (D:\photo\store_uiux_polished\v1\backend\node_modules\send\index.js:168:17)
    at SendStream.onStatError (D:\photo\store_uiux_polished\v1\backend\node_modules\send\index.js:315:12) 
08-09-2026 21:34:05 | ERROR | Error found | 404 | GET /files/1788430760414_Black_Denim_Jacket.jpg : Can't find /files/1788430760414_Black_Denim_Jacket.jpg on this server | user: guest 
Error: Can't find /files/1788430760414_Black_Denim_Jacket.jpg on this server
    at D:\photo\store_uiux_polished\v1\backend\server.js:110:8
    at Layer.handleRequest (D:\photo\store_uiux_polished\v1\backend\node_modules\router\lib\layer.js:152:17)
    at trimPrefix (D:\photo\store_uiux_polished\v1\backend\node_modules\router\index.js:342:13)
    at D:\photo\store_uiux_polished\v1\backend\node_modules\router\index.js:297:9
    at processParams (D:\photo\store_uiux_polished\v1\backend\node_modules\router\index.js:582:12)
    at next (D:\photo\store_uiux_polished\v1\backend\node_modules\router\index.js:291:5)
    at SendStream.error (D:\photo\store_uiux_polished\v1\backend\node_modules\serve-static\index.js:120:7)
    at SendStream.emit (node:events:509:20)
    at SendStream.error (D:\photo\store_uiux_polished\v1\backend\node_modules\send\index.js:168:17)
    at SendStream.onStatError (D:\photo\store_uiux_polished\v1\backend\node_modules\send\index.js:315:12) 
08-09-2026 21:34:11 | ERROR | Error found | 404 | GET /files/1788542750602_men-category.jpg : Can't find /files/1788542750602_men-category.jpg on this server | user: guest 
Error: Can't find /files/1788542750602_men-category.jpg on this server
    at D:\photo\store_uiux_polished\v1\backend\server.js:110:8
    at Layer.handleRequest (D:\photo\store_uiux_polished\v1\backend\node_modules\router\lib\layer.js:152:17)
    at trimPrefix (D:\photo\store_uiux_polished\v1\backend\node_modules\router\index.js:342:13)
    at D:\photo\store_uiux_polished\v1\backend\node_modules\router\index.js:297:9
    at processParams (D:\photo\store_uiux_polished\v1\backend\node_modules\router\index.js:582:12)
    at next (D:\photo\store_uiux_polished\v1\backend\node_modules\router\index.js:291:5)
    at SendStream.error (D:\photo\store_uiux_polished\v1\backend\node_modules\serve-static\index.js:120:7)
    at SendStream.emit (node:events:509:20)
    at SendStream.error (D:\photo\store_uiux_polished\v1\backend\node_modules\send\index.js:168:17)
    at SendStream.onStatError (D:\photo\store_uiux_polished\v1\backend\node_modules\send\index.js:315:12) 
08-09-2026 21:34:11 | ERROR | Error found | 404 | GET /files/1788430760414_Black_Denim_Jacket.jpg : Can't find /files/1788430760414_Black_Denim_Jacket.jpg on this server | user: guest 
Error: Can't find /files/1788430760414_Black_Denim_Jacket.jpg on this server
    at D:\photo\store_uiux_polished\v1\backend\server.js:110:8
    at Layer.handleRequest (D:\photo\store_uiux_polished\v1\backend\node_modules\router\lib\layer.js:152:17)
    at trimPrefix (D:\photo\store_uiux_polished\v1\backend\node_modules\router\index.js:342:13)
    at D:\photo\store_uiux_polished\v1\backend\node_modules\router\index.js:297:9
    at processParams (D:\photo\store_uiux_polished\v1\backend\node_modules\router\index.js:582:12)
    at next (D:\photo\store_uiux_polished\v1\backend\node_modules\router\index.js:291:5)
    at SendStream.error (D:\photo\store_uiux_polished\v1\backend\node_modules\serve-static\index.js:120:7)
    at SendStream.emit (node:events:509:20)
    at SendStream.error (D:\photo\store_uiux_polished\v1\backend\node_modules\send\index.js:168:17)
    at SendStream.onStatError (D:\photo\store_uiux_polished\v1\backend\node_modules\send\index.js:315:12) 
08-09-2026 21:34:12 | ERROR | Error found | 404 | GET /files/1788542750602_men-category.jpg : Can't find /files/1788542750602_men-category.jpg on this server | user: guest 
Error: Can't find /files/1788542750602_men-category.jpg on this server
    at D:\photo\store_uiux_polished\v1\backend\server.js:110:8
    at Layer.handleRequest (D:\photo\store_uiux_polished\v1\backend\node_modules\router\lib\layer.js:152:17)
    at trimPrefix (D:\photo\store_uiux_polished\v1\backend\node_modules\router\index.js:342:13)
    at D:\photo\store_uiux_polished\v1\backend\node_modules\router\index.js:297:9
    at processParams (D:\photo\store_uiux_polished\v1\backend\node_modules\router\index.js:582:12)
    at next (D:\photo\store_uiux_polished\v1\backend\node_modules\router\index.js:291:5)
    at SendStream.error (D:\photo\store_uiux_polished\v1\backend\node_modules\serve-static\index.js:120:7)
    at SendStream.emit (node:events:509:20)
    at SendStream.error (D:\photo\store_uiux_polished\v1\backend\node_modules\send\index.js:168:17)
    at SendStream.onStatError (D:\photo\store_uiux_polished\v1\backend\node_modules\send\index.js:315:12) 
08-09-2026 21:34:12 | ERROR | Error found | 404 | GET /files/1788430760414_Black_Denim_Jacket.jpg : Can't find /files/1788430760414_Black_Denim_Jacket.jpg on this server | user: guest 
Error: Can't find /files/1788430760414_Black_Denim_Jacket.jpg on this server
    at D:\photo\store_uiux_polished\v1\backend\server.js:110:8
    at Layer.handleRequest (D:\photo\store_uiux_polished\v1\backend\node_modules\router\lib\layer.js:152:17)
    at trimPrefix (D:\photo\store_uiux_polished\v1\backend\node_modules\router\index.js:342:13)
    at D:\photo\store_uiux_polished\v1\backend\node_modules\router\index.js:297:9
    at processParams (D:\photo\store_uiux_polished\v1\backend\node_modules\router\index.js:582:12)
    at next (D:\photo\store_uiux_polished\v1\backend\node_modules\router\index.js:291:5)
    at SendStream.error (D:\photo\store_uiux_polished\v1\backend\node_modules\serve-static\index.js:120:7)
    at SendStream.emit (node:events:509:20)
    at SendStream.error (D:\photo\store_uiux_polished\v1\backend\node_modules\send\index.js:168:17)
    at SendStream.onStatError (D:\photo\store_uiux_polished\v1\backend\node_modules\send\index.js:315:12) 
08-09-2026 21:34:22 | ERROR | Error found | 404 | GET /files/1788542750602_men-category.jpg : Can't find /files/1788542750602_men-category.jpg on this server | user: guest 
Error: Can't find /files/1788542750602_men-category.jpg on this server
    at D:\photo\store_uiux_polished\v1\backend\server.js:110:8
    at Layer.handleRequest (D:\photo\store_uiux_polished\v1\backend\node_modules\router\lib\layer.js:152:17)
    at trimPrefix (D:\photo\store_uiux_polished\v1\backend\node_modules\router\index.js:342:13)
    at D:\photo\store_uiux_polished\v1\backend\node_modules\router\index.js:297:9
    at processParams (D:\photo\store_uiux_polished\v1\backend\node_modules\router\index.js:582:12)
    at next (D:\photo\store_uiux_polished\v1\backend\node_modules\router\index.js:291:5)
    at SendStream.error (D:\photo\store_uiux_polished\v1\backend\node_modules\serve-static\index.js:120:7)
    at SendStream.emit (node:events:509:20)
    at SendStream.error (D:\photo\store_uiux_polished\v1\backend\node_modules\send\index.js:168:17)
    at SendStream.onStatError (D:\photo\store_uiux_polished\v1\backend\node_modules\send\index.js:315:12) 
08-09-2026 21:34:22 | ERROR | Error found | 404 | GET /files/1788430760414_Black_Denim_Jacket.jpg : Can't find /files/1788430760414_Black_Denim_Jacket.jpg on this server | user: guest 
Error: Can't find /files/1788430760414_Black_Denim_Jacket.jpg on this server
    at D:\photo\store_uiux_polished\v1\backend\server.js:110:8
    at Layer.handleRequest (D:\photo\store_uiux_polished\v1\backend\node_modules\router\lib\layer.js:152:17)
    at trimPrefix (D:\photo\store_uiux_polished\v1\backend\node_modules\router\index.js:342:13)
    at D:\photo\store_uiux_polished\v1\backend\node_modules\router\index.js:297:9
    at processParams (D:\photo\store_uiux_polished\v1\backend\node_modules\router\index.js:582:12)
    at next (D:\photo\store_uiux_polished\v1\backend\node_modules\router\index.js:291:5)
    at SendStream.error (D:\photo\store_uiux_polished\v1\backend\node_modules\serve-static\index.js:120:7)
    at SendStream.emit (node:events:509:20)
    at SendStream.error (D:\photo\store_uiux_polished\v1\backend\node_modules\send\index.js:168:17)
    at SendStream.onStatError (D:\photo\store_uiux_polished\v1\backend\node_modules\send\index.js:315:12) 
08-09-2026 21:34:23 | ERROR | Error found | 404 | GET /files/1788542750602_men-category.jpg : Can't find /files/1788542750602_men-category.jpg on this server | user: guest 
Error: Can't find /files/1788542750602_men-category.jpg on this server
    at D:\photo\store_uiux_polished\v1\backend\server.js:110:8
    at Layer.handleRequest (D:\photo\store_uiux_polished\v1\backend\node_modules\router\lib\layer.js:152:17)
    at trimPrefix (D:\photo\store_uiux_polished\v1\backend\node_modules\router\index.js:342:13)
    at D:\photo\store_uiux_polished\v1\backend\node_modules\router\index.js:297:9
    at processParams (D:\photo\store_uiux_polished\v1\backend\node_modules\router\index.js:582:12)
    at next (D:\photo\store_uiux_polished\v1\backend\node_modules\router\index.js:291:5)
    at SendStream.error (D:\photo\store_uiux_polished\v1\backend\node_modules\serve-static\index.js:120:7)
    at SendStream.emit (node:events:509:20)
    at SendStream.error (D:\photo\store_uiux_polished\v1\backend\node_modules\send\index.js:168:17)
    at SendStream.onStatError (D:\photo\store_uiux_polished\v1\backend\node_modules\send\index.js:315:12) 
08-09-2026 21:34:23 | ERROR | Error found | 404 | GET /files/1788430760414_Black_Denim_Jacket.jpg : Can't find /files/1788430760414_Black_Denim_Jacket.jpg on this server | user: guest 
Error: Can't find /files/1788430760414_Black_Denim_Jacket.jpg on this server
    at D:\photo\store_uiux_polished\v1\backend\server.js:110:8
    at Layer.handleRequest (D:\photo\store_uiux_polished\v1\backend\node_modules\router\lib\layer.js:152:17)
    at trimPrefix (D:\photo\store_uiux_polished\v1\backend\node_modules\router\index.js:342:13)
    at D:\photo\store_uiux_polished\v1\backend\node_modules\router\index.js:297:9
    at processParams (D:\photo\store_uiux_polished\v1\backend\node_modules\router\index.js:582:12)
    at next (D:\photo\store_uiux_polished\v1\backend\node_modules\router\index.js:291:5)
    at SendStream.error (D:\photo\store_uiux_polished\v1\backend\node_modules\serve-static\index.js:120:7)
    at SendStream.emit (node:events:509:20)
    at SendStream.error (D:\photo\store_uiux_polished\v1\backend\node_modules\send\index.js:168:17)
    at SendStream.onStatError (D:\photo\store_uiux_polished\v1\backend\node_modules\send\index.js:315:12) 
08-09-2026 21:34:35 | ERROR | Error found | 404 | GET /files/1788542750602_men-category.jpg : Can't find /files/1788542750602_men-category.jpg on this server | user: guest 
Error: Can't find /files/1788542750602_men-category.jpg on this server
    at D:\photo\store_uiux_polished\v1\backend\server.js:110:8
    at Layer.handleRequest (D:\photo\store_uiux_polished\v1\backend\node_modules\router\lib\layer.js:152:17)
    at trimPrefix (D:\photo\store_uiux_polished\v1\backend\node_modules\router\index.js:342:13)
    at D:\photo\store_uiux_polished\v1\backend\node_modules\router\index.js:297:9
    at processParams (D:\photo\store_uiux_polished\v1\backend\node_modules\router\index.js:582:12)
    at next (D:\photo\store_uiux_polished\v1\backend\node_modules\router\index.js:291:5)
    at SendStream.error (D:\photo\store_uiux_polished\v1\backend\node_modules\serve-static\index.js:120:7)
    at SendStream.emit (node:events:509:20)
    at SendStream.error (D:\photo\store_uiux_polished\v1\backend\node_modules\send\index.js:168:17)
    at SendStream.onStatError (D:\photo\store_uiux_polished\v1\backend\node_modules\send\index.js:315:12) 
08-09-2026 21:34:35 | ERROR | Error found | 404 | GET /files/1788430760414_Black_Denim_Jacket.jpg : Can't find /files/1788430760414_Black_Denim_Jacket.jpg on this server | user: guest 
Error: Can't find /files/1788430760414_Black_Denim_Jacket.jpg on this server
    at D:\photo\store_uiux_polished\v1\backend\server.js:110:8
    at Layer.handleRequest (D:\photo\store_uiux_polished\v1\backend\node_modules\router\lib\layer.js:152:17)
    at trimPrefix (D:\photo\store_uiux_polished\v1\backend\node_modules\router\index.js:342:13)
    at D:\photo\store_uiux_polished\v1\backend\node_modules\router\index.js:297:9
    at processParams (D:\photo\store_uiux_polished\v1\backend\node_modules\router\index.js:582:12)
    at next (D:\photo\store_uiux_polished\v1\backend\node_modules\router\index.js:291:5)
    at SendStream.error (D:\photo\store_uiux_polished\v1\backend\node_modules\serve-static\index.js:120:7)
    at SendStream.emit (node:events:509:20)
    at SendStream.error (D:\photo\store_uiux_polished\v1\backend\node_modules\send\index.js:168:17)
    at SendStream.onStatError (D:\photo\store_uiux_polished\v1\backend\node_modules\send\index.js:315:12) 
08-09-2026 21:34:36 | ERROR | Error found | 404 | GET /files/1788542750602_men-category.jpg : Can't find /files/1788542750602_men-category.jpg on this server | user: guest 
Error: Can't find /files/1788542750602_men-category.jpg on this server
    at D:\photo\store_uiux_polished\v1\backend\server.js:110:8
    at Layer.handleRequest (D:\photo\store_uiux_polished\v1\backend\node_modules\router\lib\layer.js:152:17)
    at trimPrefix (D:\photo\store_uiux_polished\v1\backend\node_modules\router\index.js:342:13)
    at D:\photo\store_uiux_polished\v1\backend\node_modules\router\index.js:297:9
    at processParams (D:\photo\store_uiux_polished\v1\backend\node_modules\router\index.js:582:12)
    at next (D:\photo\store_uiux_polished\v1\backend\node_modules\router\index.js:291:5)
    at SendStream.error (D:\photo\store_uiux_polished\v1\backend\node_modules\serve-static\index.js:120:7)
    at SendStream.emit (node:events:509:20)
    at SendStream.error (D:\photo\store_uiux_polished\v1\backend\node_modules\send\index.js:168:17)
    at SendStream.onStatError (D:\photo\store_uiux_polished\v1\backend\node_modules\send\index.js:315:12) 
08-09-2026 21:34:36 | ERROR | Error found | 404 | GET /files/1788430760414_Black_Denim_Jacket.jpg : Can't find /files/1788430760414_Black_Denim_Jacket.jpg on this server | user: guest 
Error: Can't find /files/1788430760414_Black_Denim_Jacket.jpg on this server
    at D:\photo\store_uiux_polished\v1\backend\server.js:110:8
    at Layer.handleRequest (D:\photo\store_uiux_polished\v1\backend\node_modules\router\lib\layer.js:152:17)
    at trimPrefix (D:\photo\store_uiux_polished\v1\backend\node_modules\router\index.js:342:13)
    at D:\photo\store_uiux_polished\v1\backend\node_modules\router\index.js:297:9
    at processParams (D:\photo\store_uiux_polished\v1\backend\node_modules\router\index.js:582:12)
    at next (D:\photo\store_uiux_polished\v1\backend\node_modules\router\index.js:291:5)
    at SendStream.error (D:\photo\store_uiux_polished\v1\backend\node_modules\serve-static\index.js:120:7)
    at SendStream.emit (node:events:509:20)
    at SendStream.error (D:\photo\store_uiux_polished\v1\backend\node_modules\send\index.js:168:17)
    at SendStream.onStatError (D:\photo\store_uiux_polished\v1\backend\node_modules\send\index.js:315:12) 
08-09-2026 21:34:40 | ERROR | Error found | 404 | GET /files/1788542750602_men-category.jpg : Can't find /files/1788542750602_men-category.jpg on this server | user: guest 
Error: Can't find /files/1788542750602_men-category.jpg on this server
    at D:\photo\store_uiux_polished\v1\backend\server.js:110:8
    at Layer.handleRequest (D:\photo\store_uiux_polished\v1\backend\node_modules\router\lib\layer.js:152:17)
    at trimPrefix (D:\photo\store_uiux_polished\v1\backend\node_modules\router\index.js:342:13)
    at D:\photo\store_uiux_polished\v1\backend\node_modules\router\index.js:297:9
    at processParams (D:\photo\store_uiux_polished\v1\backend\node_modules\router\index.js:582:12)
    at next (D:\photo\store_uiux_polished\v1\backend\node_modules\router\index.js:291:5)
    at SendStream.error (D:\photo\store_uiux_polished\v1\backend\node_modules\serve-static\index.js:120:7)
    at SendStream.emit (node:events:509:20)
    at SendStream.error (D:\photo\store_uiux_polished\v1\backend\node_modules\send\index.js:168:17)
    at SendStream.onStatError (D:\photo\store_uiux_polished\v1\backend\node_modules\send\index.js:315:12) 
08-09-2026 21:34:40 | ERROR | Error found | 404 | GET /files/1788430760414_Black_Denim_Jacket.jpg : Can't find /files/1788430760414_Black_Denim_Jacket.jpg on this server | user: guest 
Error: Can't find /files/1788430760414_Black_Denim_Jacket.jpg on this server
    at D:\photo\store_uiux_polished\v1\backend\server.js:110:8
    at Layer.handleRequest (D:\photo\store_uiux_polished\v1\backend\node_modules\router\lib\layer.js:152:17)
    at trimPrefix (D:\photo\store_uiux_polished\v1\backend\node_modules\router\index.js:342:13)
    at D:\photo\store_uiux_polished\v1\backend\node_modules\router\index.js:297:9
    at processParams (D:\photo\store_uiux_polished\v1\backend\node_modules\router\index.js:582:12)
    at next (D:\photo\store_uiux_polished\v1\backend\node_modules\router\index.js:291:5)
    at SendStream.error (D:\photo\store_uiux_polished\v1\backend\node_modules\serve-static\index.js:120:7)
    at SendStream.emit (node:events:509:20)
    at SendStream.error (D:\photo\store_uiux_polished\v1\backend\node_modules\send\index.js:168:17)
    at SendStream.onStatError (D:\photo\store_uiux_polished\v1\backend\node_modules\send\index.js:315:12) 
08-09-2026 21:34:45 | ERROR | Error found | 404 | GET /files/1788542750602_men-category.jpg : Can't find /files/1788542750602_men-category.jpg on this server | user: guest 
Error: Can't find /files/1788542750602_men-category.jpg on this server
    at D:\photo\store_uiux_polished\v1\backend\server.js:110:8
    at Layer.handleRequest (D:\photo\store_uiux_polished\v1\backend\node_modules\router\lib\layer.js:152:17)
    at trimPrefix (D:\photo\store_uiux_polished\v1\backend\node_modules\router\index.js:342:13)
    at D:\photo\store_uiux_polished\v1\backend\node_modules\router\index.js:297:9
    at processParams (D:\photo\store_uiux_polished\v1\backend\node_modules\router\index.js:582:12)
    at next (D:\photo\store_uiux_polished\v1\backend\node_modules\router\index.js:291:5)
    at SendStream.error (D:\photo\store_uiux_polished\v1\backend\node_modules\serve-static\index.js:120:7)
    at SendStream.emit (node:events:509:20)
    at SendStream.error (D:\photo\store_uiux_polished\v1\backend\node_modules\send\index.js:168:17)
    at SendStream.onStatError (D:\photo\store_uiux_polished\v1\backend\node_modules\send\index.js:315:12) 
08-09-2026 21:34:45 | ERROR | Error found | 404 | GET /files/1788430760414_Black_Denim_Jacket.jpg : Can't find /files/1788430760414_Black_Denim_Jacket.jpg on this server | user: guest 
Error: Can't find /files/1788430760414_Black_Denim_Jacket.jpg on this server
    at D:\photo\store_uiux_polished\v1\backend\server.js:110:8
    at Layer.handleRequest (D:\photo\store_uiux_polished\v1\backend\node_modules\router\lib\layer.js:152:17)
    at trimPrefix (D:\photo\store_uiux_polished\v1\backend\node_modules\router\index.js:342:13)
    at D:\photo\store_uiux_polished\v1\backend\node_modules\router\index.js:297:9
    at processParams (D:\photo\store_uiux_polished\v1\backend\node_modules\router\index.js:582:12)
    at next (D:\photo\store_uiux_polished\v1\backend\node_modules\router\index.js:291:5)
    at SendStream.error (D:\photo\store_uiux_polished\v1\backend\node_modules\serve-static\index.js:120:7)
    at SendStream.emit (node:events:509:20)
    at SendStream.error (D:\photo\store_uiux_polished\v1\backend\node_modules\send\index.js:168:17)
    at SendStream.onStatError (D:\photo\store_uiux_polished\v1\backend\node_modules\send\index.js:315:12) 
08-09-2026 21:34:46 | ERROR | Error found | 404 | GET /files/1788542750602_men-category.jpg : Can't find /files/1788542750602_men-category.jpg on this server | user: guest 
Error: Can't find /files/1788542750602_men-category.jpg on this server
    at D:\photo\store_uiux_polished\v1\backend\server.js:110:8
    at Layer.handleRequest (D:\photo\store_uiux_polished\v1\backend\node_modules\router\lib\layer.js:152:17)
    at trimPrefix (D:\photo\store_uiux_polished\v1\backend\node_modules\router\index.js:342:13)
    at D:\photo\store_uiux_polished\v1\backend\node_modules\router\index.js:297:9
    at processParams (D:\photo\store_uiux_polished\v1\backend\node_modules\router\index.js:582:12)
    at next (D:\photo\store_uiux_polished\v1\backend\node_modules\router\index.js:291:5)
    at SendStream.error (D:\photo\store_uiux_polished\v1\backend\node_modules\serve-static\index.js:120:7)
    at SendStream.emit (node:events:509:20)
    at SendStream.error (D:\photo\store_uiux_polished\v1\backend\node_modules\send\index.js:168:17)
    at SendStream.onStatError (D:\photo\store_uiux_polished\v1\backend\node_modules\send\index.js:315:12) 
08-09-2026 21:34:46 | ERROR | Error found | 404 | GET /files/1788430760414_Black_Denim_Jacket.jpg : Can't find /files/1788430760414_Black_Denim_Jacket.jpg on this server | user: guest 
Error: Can't find /files/1788430760414_Black_Denim_Jacket.jpg on this server
    at D:\photo\store_uiux_polished\v1\backend\server.js:110:8
    at Layer.handleRequest (D:\photo\store_uiux_polished\v1\backend\node_modules\router\lib\layer.js:152:17)
    at trimPrefix (D:\photo\store_uiux_polished\v1\backend\node_modules\router\index.js:342:13)
    at D:\photo\store_uiux_polished\v1\backend\node_modules\router\index.js:297:9
    at processParams (D:\photo\store_uiux_polished\v1\backend\node_modules\router\index.js:582:12)
    at next (D:\photo\store_uiux_polished\v1\backend\node_modules\router\index.js:291:5)
    at SendStream.error (D:\photo\store_uiux_polished\v1\backend\node_modules\serve-static\index.js:120:7)
    at SendStream.emit (node:events:509:20)
    at SendStream.error (D:\photo\store_uiux_polished\v1\backend\node_modules\send\index.js:168:17)
    at SendStream.onStatError (D:\photo\store_uiux_polished\v1\backend\node_modules\send\index.js:315:12) 
08-09-2026 21:34:54 | ERROR | Error found | 404 | GET /files/1788542750602_men-category.jpg : Can't find /files/1788542750602_men-category.jpg on this server | user: guest 
Error: Can't find /files/1788542750602_men-category.jpg on this server
    at D:\photo\store_uiux_polished\v1\backend\server.js:110:8
    at Layer.handleRequest (D:\photo\store_uiux_polished\v1\backend\node_modules\router\lib\layer.js:152:17)
    at trimPrefix (D:\photo\store_uiux_polished\v1\backend\node_modules\router\index.js:342:13)
    at D:\photo\store_uiux_polished\v1\backend\node_modules\router\index.js:297:9
    at processParams (D:\photo\store_uiux_polished\v1\backend\node_modules\router\index.js:582:12)
    at next (D:\photo\store_uiux_polished\v1\backend\node_modules\router\index.js:291:5)
    at SendStream.error (D:\photo\store_uiux_polished\v1\backend\node_modules\serve-static\index.js:120:7)
    at SendStream.emit (node:events:509:20)
    at SendStream.error (D:\photo\store_uiux_polished\v1\backend\node_modules\send\index.js:168:17)
    at SendStream.onStatError (D:\photo\store_uiux_polished\v1\backend\node_modules\send\index.js:315:12) 
08-09-2026 21:34:54 | ERROR | Error found | 404 | GET /files/1788430760414_Black_Denim_Jacket.jpg : Can't find /files/1788430760414_Black_Denim_Jacket.jpg on this server | user: guest 
Error: Can't find /files/1788430760414_Black_Denim_Jacket.jpg on this server
    at D:\photo\store_uiux_polished\v1\backend\server.js:110:8
    at Layer.handleRequest (D:\photo\store_uiux_polished\v1\backend\node_modules\router\lib\layer.js:152:17)
    at trimPrefix (D:\photo\store_uiux_polished\v1\backend\node_modules\router\index.js:342:13)
    at D:\photo\store_uiux_polished\v1\backend\node_modules\router\index.js:297:9
    at processParams (D:\photo\store_uiux_polished\v1\backend\node_modules\router\index.js:582:12)
    at next (D:\photo\store_uiux_polished\v1\backend\node_modules\router\index.js:291:5)
    at SendStream.error (D:\photo\store_uiux_polished\v1\backend\node_modules\serve-static\index.js:120:7)
    at SendStream.emit (node:events:509:20)
    at SendStream.error (D:\photo\store_uiux_polished\v1\backend\node_modules\send\index.js:168:17)
    at SendStream.onStatError (D:\photo\store_uiux_polished\v1\backend\node_modules\send\index.js:315:12) 
08-09-2026 21:35:08 | ERROR | Error found | 404 | GET /files/1788542750602_men-category.jpg : Can't find /files/1788542750602_men-category.jpg on this server | user: guest 
Error: Can't find /files/1788542750602_men-category.jpg on this server
    at D:\photo\store_uiux_polished\v1\backend\server.js:110:8
    at Layer.handleRequest (D:\photo\store_uiux_polished\v1\backend\node_modules\router\lib\layer.js:152:17)
    at trimPrefix (D:\photo\store_uiux_polished\v1\backend\node_modules\router\index.js:342:13)
    at D:\photo\store_uiux_polished\v1\backend\node_modules\router\index.js:297:9
    at processParams (D:\photo\store_uiux_polished\v1\backend\node_modules\router\index.js:582:12)
    at next (D:\photo\store_uiux_polished\v1\backend\node_modules\router\index.js:291:5)
    at SendStream.error (D:\photo\store_uiux_polished\v1\backend\node_modules\serve-static\index.js:120:7)
    at SendStream.emit (node:events:509:20)
    at SendStream.error (D:\photo\store_uiux_polished\v1\backend\node_modules\send\index.js:168:17)
    at SendStream.onStatError (D:\photo\store_uiux_polished\v1\backend\node_modules\send\index.js:315:12) 
08-09-2026 21:35:08 | ERROR | Error found | 404 | GET /files/1788430760414_Black_Denim_Jacket.jpg : Can't find /files/1788430760414_Black_Denim_Jacket.jpg on this server | user: guest 
Error: Can't find /files/1788430760414_Black_Denim_Jacket.jpg on this server
    at D:\photo\store_uiux_polished\v1\backend\server.js:110:8
    at Layer.handleRequest (D:\photo\store_uiux_polished\v1\backend\node_modules\router\lib\layer.js:152:17)
    at trimPrefix (D:\photo\store_uiux_polished\v1\backend\node_modules\router\index.js:342:13)
    at D:\photo\store_uiux_polished\v1\backend\node_modules\router\index.js:297:9
    at processParams (D:\photo\store_uiux_polished\v1\backend\node_modules\router\index.js:582:12)
    at next (D:\photo\store_uiux_polished\v1\backend\node_modules\router\index.js:291:5)
    at SendStream.error (D:\photo\store_uiux_polished\v1\backend\node_modules\serve-static\index.js:120:7)
    at SendStream.emit (node:events:509:20)
    at SendStream.error (D:\photo\store_uiux_polished\v1\backend\node_modules\send\index.js:168:17)
    at SendStream.onStatError (D:\photo\store_uiux_polished\v1\backend\node_modules\send\index.js:315:12) 
08-09-2026 21:35:09 | ERROR | Error found | 404 | GET /files/1788542750602_men-category.jpg : Can't find /files/1788542750602_men-category.jpg on this server | user: guest 
Error: Can't find /files/1788542750602_men-category.jpg on this server
    at D:\photo\store_uiux_polished\v1\backend\server.js:110:8
    at Layer.handleRequest (D:\photo\store_uiux_polished\v1\backend\node_modules\router\lib\layer.js:152:17)
    at trimPrefix (D:\photo\store_uiux_polished\v1\backend\node_modules\router\index.js:342:13)
    at D:\photo\store_uiux_polished\v1\backend\node_modules\router\index.js:297:9
    at processParams (D:\photo\store_uiux_polished\v1\backend\node_modules\router\index.js:582:12)
    at next (D:\photo\store_uiux_polished\v1\backend\node_modules\router\index.js:291:5)
    at SendStream.error (D:\photo\store_uiux_polished\v1\backend\node_modules\serve-static\index.js:120:7)
    at SendStream.emit (node:events:509:20)
    at SendStream.error (D:\photo\store_uiux_polished\v1\backend\node_modules\send\index.js:168:17)
    at SendStream.onStatError (D:\photo\store_uiux_polished\v1\backend\node_modules\send\index.js:315:12) 
08-09-2026 21:35:09 | ERROR | Error found | 404 | GET /files/1788430760414_Black_Denim_Jacket.jpg : Can't find /files/1788430760414_Black_Denim_Jacket.jpg on this server | user: guest 
Error: Can't find /files/1788430760414_Black_Denim_Jacket.jpg on this server
    at D:\photo\store_uiux_polished\v1\backend\server.js:110:8
    at Layer.handleRequest (D:\photo\store_uiux_polished\v1\backend\node_modules\router\lib\layer.js:152:17)
    at trimPrefix (D:\photo\store_uiux_polished\v1\backend\node_modules\router\index.js:342:13)
    at D:\photo\store_uiux_polished\v1\backend\node_modules\router\index.js:297:9
    at processParams (D:\photo\store_uiux_polished\v1\backend\node_modules\router\index.js:582:12)
    at next (D:\photo\store_uiux_polished\v1\backend\node_modules\router\index.js:291:5)
    at SendStream.error (D:\photo\store_uiux_polished\v1\backend\node_modules\serve-static\index.js:120:7)
    at SendStream.emit (node:events:509:20)
    at SendStream.error (D:\photo\store_uiux_polished\v1\backend\node_modules\send\index.js:168:17)
    at SendStream.onStatError (D:\photo\store_uiux_polished\v1\backend\node_modules\send\index.js:315:12) 
08-09-2026 21:35:23 | ERROR | Error found | 404 | GET /files/1788542750602_men-category.jpg : Can't find /files/1788542750602_men-category.jpg on this server | user: guest 
Error: Can't find /files/1788542750602_men-category.jpg on this server
    at D:\photo\store_uiux_polished\v1\backend\server.js:110:8
    at Layer.handleRequest (D:\photo\store_uiux_polished\v1\backend\node_modules\router\lib\layer.js:152:17)
    at trimPrefix (D:\photo\store_uiux_polished\v1\backend\node_modules\router\index.js:342:13)
    at D:\photo\store_uiux_polished\v1\backend\node_modules\router\index.js:297:9
    at processParams (D:\photo\store_uiux_polished\v1\backend\node_modules\router\index.js:582:12)
    at next (D:\photo\store_uiux_polished\v1\backend\node_modules\router\index.js:291:5)
    at SendStream.error (D:\photo\store_uiux_polished\v1\backend\node_modules\serve-static\index.js:120:7)
    at SendStream.emit (node:events:509:20)
    at SendStream.error (D:\photo\store_uiux_polished\v1\backend\node_modules\send\index.js:168:17)
    at SendStream.onStatError (D:\photo\store_uiux_polished\v1\backend\node_modules\send\index.js:315:12) 
08-09-2026 21:35:23 | ERROR | Error found | 404 | GET /files/1788430760414_Black_Denim_Jacket.jpg : Can't find /files/1788430760414_Black_Denim_Jacket.jpg on this server | user: guest 
Error: Can't find /files/1788430760414_Black_Denim_Jacket.jpg on this server
    at D:\photo\store_uiux_polished\v1\backend\server.js:110:8
    at Layer.handleRequest (D:\photo\store_uiux_polished\v1\backend\node_modules\router\lib\layer.js:152:17)
    at trimPrefix (D:\photo\store_uiux_polished\v1\backend\node_modules\router\index.js:342:13)
    at D:\photo\store_uiux_polished\v1\backend\node_modules\router\index.js:297:9
    at processParams (D:\photo\store_uiux_polished\v1\backend\node_modules\router\index.js:582:12)
    at next (D:\photo\store_uiux_polished\v1\backend\node_modules\router\index.js:291:5)
    at SendStream.error (D:\photo\store_uiux_polished\v1\backend\node_modules\serve-static\index.js:120:7)
    at SendStream.emit (node:events:509:20)
    at SendStream.error (D:\photo\store_uiux_polished\v1\backend\node_modules\send\index.js:168:17)
    at SendStream.onStatError (D:\photo\store_uiux_polished\v1\backend\node_modules\send\index.js:315:12) 
08-09-2026 21:35:27 | ERROR | Error found | 404 | GET /files/1788542750602_men-category.jpg : Can't find /files/1788542750602_men-category.jpg on this server | user: guest 
Error: Can't find /files/1788542750602_men-category.jpg on this server
    at D:\photo\store_uiux_polished\v1\backend\server.js:110:8
    at Layer.handleRequest (D:\photo\store_uiux_polished\v1\backend\node_modules\router\lib\layer.js:152:17)
    at trimPrefix (D:\photo\store_uiux_polished\v1\backend\node_modules\router\index.js:342:13)
    at D:\photo\store_uiux_polished\v1\backend\node_modules\router\index.js:297:9
    at processParams (D:\photo\store_uiux_polished\v1\backend\node_modules\router\index.js:582:12)
    at next (D:\photo\store_uiux_polished\v1\backend\node_modules\router\index.js:291:5)
    at SendStream.error (D:\photo\store_uiux_polished\v1\backend\node_modules\serve-static\index.js:120:7)
    at SendStream.emit (node:events:509:20)
    at SendStream.error (D:\photo\store_uiux_polished\v1\backend\node_modules\send\index.js:168:17)
    at SendStream.onStatError (D:\photo\store_uiux_polished\v1\backend\node_modules\send\index.js:315:12) 
08-09-2026 21:35:27 | ERROR | Error found | 404 | GET /files/1788430760414_Black_Denim_Jacket.jpg : Can't find /files/1788430760414_Black_Denim_Jacket.jpg on this server | user: guest 
Error: Can't find /files/1788430760414_Black_Denim_Jacket.jpg on this server
    at D:\photo\store_uiux_polished\v1\backend\server.js:110:8
    at Layer.handleRequest (D:\photo\store_uiux_polished\v1\backend\node_modules\router\lib\layer.js:152:17)
    at trimPrefix (D:\photo\store_uiux_polished\v1\backend\node_modules\router\index.js:342:13)
    at D:\photo\store_uiux_polished\v1\backend\node_modules\router\index.js:297:9
    at processParams (D:\photo\store_uiux_polished\v1\backend\node_modules\router\index.js:582:12)
    at next (D:\photo\store_uiux_polished\v1\backend\node_modules\router\index.js:291:5)
    at SendStream.error (D:\photo\store_uiux_polished\v1\backend\node_modules\serve-static\index.js:120:7)
    at SendStream.emit (node:events:509:20)
    at SendStream.error (D:\photo\store_uiux_polished\v1\backend\node_modules\send\index.js:168:17)
    at SendStream.onStatError (D:\photo\store_uiux_polished\v1\backend\node_modules\send\index.js:315:12) 
08-09-2026 21:37:20 | ERROR | Error found | 404 | GET /files/1788430760414_Black_Denim_Jacket.jpg : Can't find /files/1788430760414_Black_Denim_Jacket.jpg on this server | user: guest 
Error: Can't find /files/1788430760414_Black_Denim_Jacket.jpg on this server
    at D:\photo\store_uiux_polished\v1\backend\server.js:110:8
    at Layer.handleRequest (D:\photo\store_uiux_polished\v1\backend\node_modules\router\lib\layer.js:152:17)
    at trimPrefix (D:\photo\store_uiux_polished\v1\backend\node_modules\router\index.js:342:13)
    at D:\photo\store_uiux_polished\v1\backend\node_modules\router\index.js:297:9
    at processParams (D:\photo\store_uiux_polished\v1\backend\node_modules\router\index.js:582:12)
    at next (D:\photo\store_uiux_polished\v1\backend\node_modules\router\index.js:291:5)
    at SendStream.error (D:\photo\store_uiux_polished\v1\backend\node_modules\serve-static\index.js:120:7)
    at SendStream.emit (node:events:509:20)
    at SendStream.error (D:\photo\store_uiux_polished\v1\backend\node_modules\send\index.js:168:17)
    at SendStream.onStatError (D:\photo\store_uiux_polished\v1\backend\node_modules\send\index.js:315:12) 
08-09-2026 21:37:20 | ERROR | Error found | 404 | GET /files/1788542750602_men-category.jpg : Can't find /files/1788542750602_men-category.jpg on this server | user: guest 
Error: Can't find /files/1788542750602_men-category.jpg on this server
    at D:\photo\store_uiux_polished\v1\backend\server.js:110:8
    at Layer.handleRequest (D:\photo\store_uiux_polished\v1\backend\node_modules\router\lib\layer.js:152:17)
    at trimPrefix (D:\photo\store_uiux_polished\v1\backend\node_modules\router\index.js:342:13)
    at D:\photo\store_uiux_polished\v1\backend\node_modules\router\index.js:297:9
    at processParams (D:\photo\store_uiux_polished\v1\backend\node_modules\router\index.js:582:12)
    at next (D:\photo\store_uiux_polished\v1\backend\node_modules\router\index.js:291:5)
    at SendStream.error (D:\photo\store_uiux_polished\v1\backend\node_modules\serve-static\index.js:120:7)
    at SendStream.emit (node:events:509:20)
    at SendStream.error (D:\photo\store_uiux_polished\v1\backend\node_modules\send\index.js:168:17)
    at SendStream.onStatError (D:\photo\store_uiux_polished\v1\backend\node_modules\send\index.js:315:12) 
08-09-2026 21:39:36 | ERROR | Error found | 404 | GET /files/1788542750602_men-category.jpg : Can't find /files/1788542750602_men-category.jpg on this server | user: guest 
Error: Can't find /files/1788542750602_men-category.jpg on this server
    at D:\photo\store_uiux_polished\v1\backend\server.js:110:8
    at Layer.handleRequest (D:\photo\store_uiux_polished\v1\backend\node_modules\router\lib\layer.js:152:17)
    at trimPrefix (D:\photo\store_uiux_polished\v1\backend\node_modules\router\index.js:342:13)
    at D:\photo\store_uiux_polished\v1\backend\node_modules\router\index.js:297:9
    at processParams (D:\photo\store_uiux_polished\v1\backend\node_modules\router\index.js:582:12)
    at next (D:\photo\store_uiux_polished\v1\backend\node_modules\router\index.js:291:5)
    at SendStream.error (D:\photo\store_uiux_polished\v1\backend\node_modules\serve-static\index.js:120:7)
    at SendStream.emit (node:events:509:20)
    at SendStream.error (D:\photo\store_uiux_polished\v1\backend\node_modules\send\index.js:168:17)
    at SendStream.onStatError (D:\photo\store_uiux_polished\v1\backend\node_modules\send\index.js:315:12) 
08-09-2026 21:39:36 | ERROR | Error found | 404 | GET /files/1788430760414_Black_Denim_Jacket.jpg : Can't find /files/1788430760414_Black_Denim_Jacket.jpg on this server | user: guest 
Error: Can't find /files/1788430760414_Black_Denim_Jacket.jpg on this server
    at D:\photo\store_uiux_polished\v1\backend\server.js:110:8
    at Layer.handleRequest (D:\photo\store_uiux_polished\v1\backend\node_modules\router\lib\layer.js:152:17)
    at trimPrefix (D:\photo\store_uiux_polished\v1\backend\node_modules\router\index.js:342:13)
    at D:\photo\store_uiux_polished\v1\backend\node_modules\router\index.js:297:9
    at processParams (D:\photo\store_uiux_polished\v1\backend\node_modules\router\index.js:582:12)
    at next (D:\photo\store_uiux_polished\v1\backend\node_modules\router\index.js:291:5)
    at SendStream.error (D:\photo\store_uiux_polished\v1\backend\node_modules\serve-static\index.js:120:7)
    at SendStream.emit (node:events:509:20)
    at SendStream.error (D:\photo\store_uiux_polished\v1\backend\node_modules\send\index.js:168:17)
    at SendStream.onStatError (D:\photo\store_uiux_polished\v1\backend\node_modules\send\index.js:315:12) 
08-09-2026 21:40:36 | ERROR | Error found | 404 | GET /files/1788430760414_Black_Denim_Jacket.jpg : Can't find /files/1788430760414_Black_Denim_Jacket.jpg on this server | user: guest 
Error: Can't find /files/1788430760414_Black_Denim_Jacket.jpg on this server
    at D:\photo\store_uiux_polished\v1\backend\server.js:110:8
    at Layer.handleRequest (D:\photo\store_uiux_polished\v1\backend\node_modules\router\lib\layer.js:152:17)
    at trimPrefix (D:\photo\store_uiux_polished\v1\backend\node_modules\router\index.js:342:13)
    at D:\photo\store_uiux_polished\v1\backend\node_modules\router\index.js:297:9
    at processParams (D:\photo\store_uiux_polished\v1\backend\node_modules\router\index.js:582:12)
    at next (D:\photo\store_uiux_polished\v1\backend\node_modules\router\index.js:291:5)
    at SendStream.error (D:\photo\store_uiux_polished\v1\backend\node_modules\serve-static\index.js:120:7)
    at SendStream.emit (node:events:509:20)
    at SendStream.error (D:\photo\store_uiux_polished\v1\backend\node_modules\send\index.js:168:17)
    at SendStream.onStatError (D:\photo\store_uiux_polished\v1\backend\node_modules\send\index.js:315:12) 
08-09-2026 21:40:36 | ERROR | Error found | 404 | GET /files/1788542750602_men-category.jpg : Can't find /files/1788542750602_men-category.jpg on this server | user: guest 
Error: Can't find /files/1788542750602_men-category.jpg on this server
    at D:\photo\store_uiux_polished\v1\backend\server.js:110:8
    at Layer.handleRequest (D:\photo\store_uiux_polished\v1\backend\node_modules\router\lib\layer.js:152:17)
    at trimPrefix (D:\photo\store_uiux_polished\v1\backend\node_modules\router\index.js:342:13)
    at D:\photo\store_uiux_polished\v1\backend\node_modules\router\index.js:297:9
    at processParams (D:\photo\store_uiux_polished\v1\backend\node_modules\router\index.js:582:12)
    at next (D:\photo\store_uiux_polished\v1\backend\node_modules\router\index.js:291:5)
    at SendStream.error (D:\photo\store_uiux_polished\v1\backend\node_modules\serve-static\index.js:120:7)
    at SendStream.emit (node:events:509:20)
    at SendStream.error (D:\photo\store_uiux_polished\v1\backend\node_modules\send\index.js:168:17)
    at SendStream.onStatError (D:\photo\store_uiux_polished\v1\backend\node_modules\send\index.js:315:12) 
08-09-2026 22:17:46 | ERROR | Error found | 404 | GET /files/1788430760414_Black_Denim_Jacket.jpg : Can't find /files/1788430760414_Black_Denim_Jacket.jpg on this server | user: guest 
Error: Can't find /files/1788430760414_Black_Denim_Jacket.jpg on this server
    at D:\photo\store_uiux_polished\v1\backend\server.js:110:8
    at Layer.handleRequest (D:\photo\store_uiux_polished\v1\backend\node_modules\router\lib\layer.js:152:17)
    at trimPrefix (D:\photo\store_uiux_polished\v1\backend\node_modules\router\index.js:342:13)
    at D:\photo\store_uiux_polished\v1\backend\node_modules\router\index.js:297:9
    at processParams (D:\photo\store_uiux_polished\v1\backend\node_modules\router\index.js:582:12)
    at next (D:\photo\store_uiux_polished\v1\backend\node_modules\router\index.js:291:5)
    at SendStream.error (D:\photo\store_uiux_polished\v1\backend\node_modules\serve-static\index.js:120:7)
    at SendStream.emit (node:events:509:20)
    at SendStream.error (D:\photo\store_uiux_polished\v1\backend\node_modules\send\index.js:168:17)
    at SendStream.onStatError (D:\photo\store_uiux_polished\v1\backend\node_modules\send\index.js:315:12) 
08-09-2026 22:17:46 | ERROR | Error found | 404 | GET /files/1788542750602_men-category.jpg : Can't find /files/1788542750602_men-category.jpg on this server | user: guest 
Error: Can't find /files/1788542750602_men-category.jpg on this server
    at D:\photo\store_uiux_polished\v1\backend\server.js:110:8
    at Layer.handleRequest (D:\photo\store_uiux_polished\v1\backend\node_modules\router\lib\layer.js:152:17)
    at trimPrefix (D:\photo\store_uiux_polished\v1\backend\node_modules\router\index.js:342:13)
    at D:\photo\store_uiux_polished\v1\backend\node_modules\router\index.js:297:9
    at processParams (D:\photo\store_uiux_polished\v1\backend\node_modules\router\index.js:582:12)
    at next (D:\photo\store_uiux_polished\v1\backend\node_modules\router\index.js:291:5)
    at SendStream.error (D:\photo\store_uiux_polished\v1\backend\node_modules\serve-static\index.js:120:7)
    at SendStream.emit (node:events:509:20)
    at SendStream.error (D:\photo\store_uiux_polished\v1\backend\node_modules\send\index.js:168:17)
    at SendStream.onStatError (D:\photo\store_uiux_polished\v1\backend\node_modules\send\index.js:315:12) 
08-09-2026 22:18:47 | ERROR | Error found | 404 | GET /files/1788430760414_Black_Denim_Jacket.jpg : Can't find /files/1788430760414_Black_Denim_Jacket.jpg on this server | user: guest 
Error: Can't find /files/1788430760414_Black_Denim_Jacket.jpg on this server
    at D:\photo\store_uiux_polished\v1\backend\server.js:110:8
    at Layer.handleRequest (D:\photo\store_uiux_polished\v1\backend\node_modules\router\lib\layer.js:152:17)
    at trimPrefix (D:\photo\store_uiux_polished\v1\backend\node_modules\router\index.js:342:13)
    at D:\photo\store_uiux_polished\v1\backend\node_modules\router\index.js:297:9
    at processParams (D:\photo\store_uiux_polished\v1\backend\node_modules\router\index.js:582:12)
    at next (D:\photo\store_uiux_polished\v1\backend\node_modules\router\index.js:291:5)
    at SendStream.error (D:\photo\store_uiux_polished\v1\backend\node_modules\serve-static\index.js:120:7)
    at SendStream.emit (node:events:509:20)
    at SendStream.error (D:\photo\store_uiux_polished\v1\backend\node_modules\send\index.js:168:17)
    at SendStream.onStatError (D:\photo\store_uiux_polished\v1\backend\node_modules\send\index.js:315:12) 
08-09-2026 22:18:51 | ERROR | Error found | 404 | GET /files/1788430760414_Black_Denim_Jacket.jpg : Can't find /files/1788430760414_Black_Denim_Jacket.jpg on this server | user: guest 
Error: Can't find /files/1788430760414_Black_Denim_Jacket.jpg on this server
    at D:\photo\store_uiux_polished\v1\backend\server.js:110:8
    at Layer.handleRequest (D:\photo\store_uiux_polished\v1\backend\node_modules\router\lib\layer.js:152:17)
    at trimPrefix (D:\photo\store_uiux_polished\v1\backend\node_modules\router\index.js:342:13)
    at D:\photo\store_uiux_polished\v1\backend\node_modules\router\index.js:297:9
    at processParams (D:\photo\store_uiux_polished\v1\backend\node_modules\router\index.js:582:12)
    at next (D:\photo\store_uiux_polished\v1\backend\node_modules\router\index.js:291:5)
    at SendStream.error (D:\photo\store_uiux_polished\v1\backend\node_modules\serve-static\index.js:120:7)
    at SendStream.emit (node:events:509:20)
    at SendStream.error (D:\photo\store_uiux_polished\v1\backend\node_modules\send\index.js:168:17)
    at SendStream.onStatError (D:\photo\store_uiux_polished\v1\backend\node_modules\send\index.js:315:12) 
08-09-2026 22:18:51 | ERROR | Error found | 404 | GET /files/1788542750602_men-category.jpg : Can't find /files/1788542750602_men-category.jpg on this server | user: guest 
Error: Can't find /files/1788542750602_men-category.jpg on this server
    at D:\photo\store_uiux_polished\v1\backend\server.js:110:8
    at Layer.handleRequest (D:\photo\store_uiux_polished\v1\backend\node_modules\router\lib\layer.js:152:17)
    at trimPrefix (D:\photo\store_uiux_polished\v1\backend\node_modules\router\index.js:342:13)
    at D:\photo\store_uiux_polished\v1\backend\node_modules\router\index.js:297:9
    at processParams (D:\photo\store_uiux_polished\v1\backend\node_modules\router\index.js:582:12)
    at next (D:\photo\store_uiux_polished\v1\backend\node_modules\router\index.js:291:5)
    at SendStream.error (D:\photo\store_uiux_polished\v1\backend\node_modules\serve-static\index.js:120:7)
    at SendStream.emit (node:events:509:20)
    at SendStream.error (D:\photo\store_uiux_polished\v1\backend\node_modules\send\index.js:168:17)
    at SendStream.onStatError (D:\photo\store_uiux_polished\v1\backend\node_modules\send\index.js:315:12) 
08-09-2026 22:19:17 | ERROR | Error found | 404 | GET /files/1788430760414_Black_Denim_Jacket.jpg : Can't find /files/1788430760414_Black_Denim_Jacket.jpg on this server | user: guest 
Error: Can't find /files/1788430760414_Black_Denim_Jacket.jpg on this server
    at D:\photo\store_uiux_polished\v1\backend\server.js:110:8
    at Layer.handleRequest (D:\photo\store_uiux_polished\v1\backend\node_modules\router\lib\layer.js:152:17)
    at trimPrefix (D:\photo\store_uiux_polished\v1\backend\node_modules\router\index.js:342:13)
    at D:\photo\store_uiux_polished\v1\backend\node_modules\router\index.js:297:9
    at processParams (D:\photo\store_uiux_polished\v1\backend\node_modules\router\index.js:582:12)
    at next (D:\photo\store_uiux_polished\v1\backend\node_modules\router\index.js:291:5)
    at SendStream.error (D:\photo\store_uiux_polished\v1\backend\node_modules\serve-static\index.js:120:7)
    at SendStream.emit (node:events:509:20)
    at SendStream.error (D:\photo\store_uiux_polished\v1\backend\node_modules\send\index.js:168:17)
    at SendStream.onStatError (D:\photo\store_uiux_polished\v1\backend\node_modules\send\index.js:315:12) 
08-09-2026 22:48:24 | ERROR | Error found | 404 | GET /files/1788430760414_Black_Denim_Jacket.jpg : Can't find /files/1788430760414_Black_Denim_Jacket.jpg on this server | user: guest 
Error: Can't find /files/1788430760414_Black_Denim_Jacket.jpg on this server
    at D:\photo\store_uiux_polished\v1\backend\server.js:110:8
    at Layer.handleRequest (D:\photo\store_uiux_polished\v1\backend\node_modules\router\lib\layer.js:152:17)
    at trimPrefix (D:\photo\store_uiux_polished\v1\backend\node_modules\router\index.js:342:13)
    at D:\photo\store_uiux_polished\v1\backend\node_modules\router\index.js:297:9
    at processParams (D:\photo\store_uiux_polished\v1\backend\node_modules\router\index.js:582:12)
    at next (D:\photo\store_uiux_polished\v1\backend\node_modules\router\index.js:291:5)
    at SendStream.error (D:\photo\store_uiux_polished\v1\backend\node_modules\serve-static\index.js:120:7)
    at SendStream.emit (node:events:509:20)
    at SendStream.error (D:\photo\store_uiux_polished\v1\backend\node_modules\send\index.js:168:17)
    at SendStream.onStatError (D:\photo\store_uiux_polished\v1\backend\node_modules\send\index.js:315:12) 
08-09-2026 22:48:24 | ERROR | Error found | 404 | GET /files/1788430760414_Black_Denim_Jacket.jpg : Can't find /files/1788430760414_Black_Denim_Jacket.jpg on this server | user: guest 
Error: Can't find /files/1788430760414_Black_Denim_Jacket.jpg on this server
    at D:\photo\store_uiux_polished\v1\backend\server.js:110:8
    at Layer.handleRequest (D:\photo\store_uiux_polished\v1\backend\node_modules\router\lib\layer.js:152:17)
    at trimPrefix (D:\photo\store_uiux_polished\v1\backend\node_modules\router\index.js:342:13)
    at D:\photo\store_uiux_polished\v1\backend\node_modules\router\index.js:297:9
    at processParams (D:\photo\store_uiux_polished\v1\backend\node_modules\router\index.js:582:12)
    at next (D:\photo\store_uiux_polished\v1\backend\node_modules\router\index.js:291:5)
    at SendStream.error (D:\photo\store_uiux_polished\v1\backend\node_modules\serve-static\index.js:120:7)
    at SendStream.emit (node:events:509:20)
    at SendStream.error (D:\photo\store_uiux_polished\v1\backend\node_modules\send\index.js:168:17)
    at SendStream.onStatError (D:\photo\store_uiux_polished\v1\backend\node_modules\send\index.js:315:12) 
08-09-2026 22:48:24 | ERROR | Error found | 404 | GET /files/1788542750602_men-category.jpg : Can't find /files/1788542750602_men-category.jpg on this server | user: guest 
Error: Can't find /files/1788542750602_men-category.jpg on this server
    at D:\photo\store_uiux_polished\v1\backend\server.js:110:8
    at Layer.handleRequest (D:\photo\store_uiux_polished\v1\backend\node_modules\router\lib\layer.js:152:17)
    at trimPrefix (D:\photo\store_uiux_polished\v1\backend\node_modules\router\index.js:342:13)
    at D:\photo\store_uiux_polished\v1\backend\node_modules\router\index.js:297:9
    at processParams (D:\photo\store_uiux_polished\v1\backend\node_modules\router\index.js:582:12)
    at next (D:\photo\store_uiux_polished\v1\backend\node_modules\router\index.js:291:5)
    at SendStream.error (D:\photo\store_uiux_polished\v1\backend\node_modules\serve-static\index.js:120:7)
    at SendStream.emit (node:events:509:20)
    at SendStream.error (D:\photo\store_uiux_polished\v1\backend\node_modules\send\index.js:168:17)
    at SendStream.onStatError (D:\photo\store_uiux_polished\v1\backend\node_modules\send\index.js:315:12) 
08-09-2026 23:18:34 | ERROR | Error found | 404 | GET /files/1788430760414_Black_Denim_Jacket.jpg : Can't find /files/1788430760414_Black_Denim_Jacket.jpg on this server | user: guest 
Error: Can't find /files/1788430760414_Black_Denim_Jacket.jpg on this server
    at D:\photo\store_uiux_polished\v1\backend\server.js:110:8
    at Layer.handleRequest (D:\photo\store_uiux_polished\v1\backend\node_modules\router\lib\layer.js:152:17)
    at trimPrefix (D:\photo\store_uiux_polished\v1\backend\node_modules\router\index.js:342:13)
    at D:\photo\store_uiux_polished\v1\backend\node_modules\router\index.js:297:9
    at processParams (D:\photo\store_uiux_polished\v1\backend\node_modules\router\index.js:582:12)
    at next (D:\photo\store_uiux_polished\v1\backend\node_modules\router\index.js:291:5)
    at SendStream.error (D:\photo\store_uiux_polished\v1\backend\node_modules\serve-static\index.js:120:7)
    at SendStream.emit (node:events:509:20)
    at SendStream.error (D:\photo\store_uiux_polished\v1\backend\node_modules\send\index.js:168:17)
    at SendStream.onStatError (D:\photo\store_uiux_polished\v1\backend\node_modules\send\index.js:315:12) 
08-09-2026 23:18:46 | ERROR | Error found | 404 | GET /files/1788430760414_Black_Denim_Jacket.jpg : Can't find /files/1788430760414_Black_Denim_Jacket.jpg on this server | user: guest 
Error: Can't find /files/1788430760414_Black_Denim_Jacket.jpg on this server
    at D:\photo\store_uiux_polished\v1\backend\server.js:110:8
    at Layer.handleRequest (D:\photo\store_uiux_polished\v1\backend\node_modules\router\lib\layer.js:152:17)
    at trimPrefix (D:\photo\store_uiux_polished\v1\backend\node_modules\router\index.js:342:13)
    at D:\photo\store_uiux_polished\v1\backend\node_modules\router\index.js:297:9
    at processParams (D:\photo\store_uiux_polished\v1\backend\node_modules\router\index.js:582:12)
    at next (D:\photo\store_uiux_polished\v1\backend\node_modules\router\index.js:291:5)
    at SendStream.error (D:\photo\store_uiux_polished\v1\backend\node_modules\serve-static\index.js:120:7)
    at SendStream.emit (node:events:509:20)
    at SendStream.error (D:\photo\store_uiux_polished\v1\backend\node_modules\send\index.js:168:17)
    at SendStream.onStatError (D:\photo\store_uiux_polished\v1\backend\node_modules\send\index.js:315:12) 
08-09-2026 23:18:47 | ERROR | Error found | 404 | GET /files/1788542750602_men-category.jpg : Can't find /files/1788542750602_men-category.jpg on this server | user: guest 
Error: Can't find /files/1788542750602_men-category.jpg on this server
    at D:\photo\store_uiux_polished\v1\backend\server.js:110:8
    at Layer.handleRequest (D:\photo\store_uiux_polished\v1\backend\node_modules\router\lib\layer.js:152:17)
    at trimPrefix (D:\photo\store_uiux_polished\v1\backend\node_modules\router\index.js:342:13)
    at D:\photo\store_uiux_polished\v1\backend\node_modules\router\index.js:297:9
    at processParams (D:\photo\store_uiux_polished\v1\backend\node_modules\router\index.js:582:12)
    at next (D:\photo\store_uiux_polished\v1\backend\node_modules\router\index.js:291:5)
    at SendStream.error (D:\photo\store_uiux_polished\v1\backend\node_modules\serve-static\index.js:120:7)
    at SendStream.emit (node:events:509:20)
    at SendStream.error (D:\photo\store_uiux_polished\v1\backend\node_modules\send\index.js:168:17)
    at SendStream.onStatError (D:\photo\store_uiux_polished\v1\backend\node_modules\send\index.js:315:12) 
08-09-2026 23:18:47 | ERROR | Error found | 404 | GET /files/1788430760414_Black_Denim_Jacket.jpg : Can't find /files/1788430760414_Black_Denim_Jacket.jpg on this server | user: guest 
Error: Can't find /files/1788430760414_Black_Denim_Jacket.jpg on this server
    at D:\photo\store_uiux_polished\v1\backend\server.js:110:8
    at Layer.handleRequest (D:\photo\store_uiux_polished\v1\backend\node_modules\router\lib\layer.js:152:17)
    at trimPrefix (D:\photo\store_uiux_polished\v1\backend\node_modules\router\index.js:342:13)
    at D:\photo\store_uiux_polished\v1\backend\node_modules\router\index.js:297:9
    at processParams (D:\photo\store_uiux_polished\v1\backend\node_modules\router\index.js:582:12)
    at next (D:\photo\store_uiux_polished\v1\backend\node_modules\router\index.js:291:5)
    at SendStream.error (D:\photo\store_uiux_polished\v1\backend\node_modules\serve-static\index.js:120:7)
    at SendStream.emit (node:events:509:20)
    at SendStream.error (D:\photo\store_uiux_polished\v1\backend\node_modules\send\index.js:168:17)
    at SendStream.onStatError (D:\photo\store_uiux_polished\v1\backend\node_modules\send\index.js:315:12) 
08-09-2026 23:18:55 | ERROR | Error found | 404 | GET /files/1788430760414_Black_Denim_Jacket.jpg : Can't find /files/1788430760414_Black_Denim_Jacket.jpg on this server | user: guest 
Error: Can't find /files/1788430760414_Black_Denim_Jacket.jpg on this server
    at D:\photo\store_uiux_polished\v1\backend\server.js:110:8
    at Layer.handleRequest (D:\photo\store_uiux_polished\v1\backend\node_modules\router\lib\layer.js:152:17)
    at trimPrefix (D:\photo\store_uiux_polished\v1\backend\node_modules\router\index.js:342:13)
    at D:\photo\store_uiux_polished\v1\backend\node_modules\router\index.js:297:9
    at processParams (D:\photo\store_uiux_polished\v1\backend\node_modules\router\index.js:582:12)
    at next (D:\photo\store_uiux_polished\v1\backend\node_modules\router\index.js:291:5)
    at SendStream.error (D:\photo\store_uiux_polished\v1\backend\node_modules\serve-static\index.js:120:7)
    at SendStream.emit (node:events:509:20)
    at SendStream.error (D:\photo\store_uiux_polished\v1\backend\node_modules\send\index.js:168:17)
    at SendStream.onStatError (D:\photo\store_uiux_polished\v1\backend\node_modules\send\index.js:315:12) 
08-09-2026 23:18:55 | ERROR | Error found | 404 | GET /files/1788542750602_men-category.jpg : Can't find /files/1788542750602_men-category.jpg on this server | user: guest 
Error: Can't find /files/1788542750602_men-category.jpg on this server
    at D:\photo\store_uiux_polished\v1\backend\server.js:110:8
    at Layer.handleRequest (D:\photo\store_uiux_polished\v1\backend\node_modules\router\lib\layer.js:152:17)
    at trimPrefix (D:\photo\store_uiux_polished\v1\backend\node_modules\router\index.js:342:13)
    at D:\photo\store_uiux_polished\v1\backend\node_modules\router\index.js:297:9
    at processParams (D:\photo\store_uiux_polished\v1\backend\node_modules\router\index.js:582:12)
    at next (D:\photo\store_uiux_polished\v1\backend\node_modules\router\index.js:291:5)
    at SendStream.error (D:\photo\store_uiux_polished\v1\backend\node_modules\serve-static\index.js:120:7)
    at SendStream.emit (node:events:509:20)
    at SendStream.error (D:\photo\store_uiux_polished\v1\backend\node_modules\send\index.js:168:17)
    at SendStream.onStatError (D:\photo\store_uiux_polished\v1\backend\node_modules\send\index.js:315:12) 
08-09-2026 23:19:03 | ERROR | Error found | 404 | GET /files/1788430760414_Black_Denim_Jacket.jpg : Can't find /files/1788430760414_Black_Denim_Jacket.jpg on this server | user: guest 
Error: Can't find /files/1788430760414_Black_Denim_Jacket.jpg on this server
    at D:\photo\store_uiux_polished\v1\backend\server.js:110:8
    at Layer.handleRequest (D:\photo\store_uiux_polished\v1\backend\node_modules\router\lib\layer.js:152:17)
    at trimPrefix (D:\photo\store_uiux_polished\v1\backend\node_modules\router\index.js:342:13)
    at D:\photo\store_uiux_polished\v1\backend\node_modules\router\index.js:297:9
    at processParams (D:\photo\store_uiux_polished\v1\backend\node_modules\router\index.js:582:12)
    at next (D:\photo\store_uiux_polished\v1\backend\node_modules\router\index.js:291:5)
    at SendStream.error (D:\photo\store_uiux_polished\v1\backend\node_modules\serve-static\index.js:120:7)
    at SendStream.emit (node:events:509:20)
    at SendStream.error (D:\photo\store_uiux_polished\v1\backend\node_modules\send\index.js:168:17)
    at SendStream.onStatError (D:\photo\store_uiux_polished\v1\backend\node_modules\send\index.js:315:12) 
08-09-2026 23:19:03 | ERROR | Error found | 404 | GET /files/1788542750602_men-category.jpg : Can't find /files/1788542750602_men-category.jpg on this server | user: guest 
Error: Can't find /files/1788542750602_men-category.jpg on this server
    at D:\photo\store_uiux_polished\v1\backend\server.js:110:8
    at Layer.handleRequest (D:\photo\store_uiux_polished\v1\backend\node_modules\router\lib\layer.js:152:17)
    at trimPrefix (D:\photo\store_uiux_polished\v1\backend\node_modules\router\index.js:342:13)
    at D:\photo\store_uiux_polished\v1\backend\node_modules\router\index.js:297:9
    at processParams (D:\photo\store_uiux_polished\v1\backend\node_modules\router\index.js:582:12)
    at next (D:\photo\store_uiux_polished\v1\backend\node_modules\router\index.js:291:5)
    at SendStream.error (D:\photo\store_uiux_polished\v1\backend\node_modules\serve-static\index.js:120:7)
    at SendStream.emit (node:events:509:20)
    at SendStream.error (D:\photo\store_uiux_polished\v1\backend\node_modules\send\index.js:168:17)
    at SendStream.onStatError (D:\photo\store_uiux_polished\v1\backend\node_modules\send\index.js:315:12) 
08-09-2026 23:19:04 | ERROR | Error found | 404 | GET /files/1788430760414_Black_Denim_Jacket.jpg : Can't find /files/1788430760414_Black_Denim_Jacket.jpg on this server | user: guest 
Error: Can't find /files/1788430760414_Black_Denim_Jacket.jpg on this server
    at D:\photo\store_uiux_polished\v1\backend\server.js:110:8
    at Layer.handleRequest (D:\photo\store_uiux_polished\v1\backend\node_modules\router\lib\layer.js:152:17)
    at trimPrefix (D:\photo\store_uiux_polished\v1\backend\node_modules\router\index.js:342:13)
    at D:\photo\store_uiux_polished\v1\backend\node_modules\router\index.js:297:9
    at processParams (D:\photo\store_uiux_polished\v1\backend\node_modules\router\index.js:582:12)
    at next (D:\photo\store_uiux_polished\v1\backend\node_modules\router\index.js:291:5)
    at SendStream.error (D:\photo\store_uiux_polished\v1\backend\node_modules\serve-static\index.js:120:7)
    at SendStream.emit (node:events:509:20)
    at SendStream.error (D:\photo\store_uiux_polished\v1\backend\node_modules\send\index.js:168:17)
    at SendStream.onStatError (D:\photo\store_uiux_polished\v1\backend\node_modules\send\index.js:315:12) 
08-09-2026 23:19:04 | ERROR | Error found | 404 | GET /files/1788430760414_Black_Denim_Jacket.jpg : Can't find /files/1788430760414_Black_Denim_Jacket.jpg on this server | user: guest 
Error: Can't find /files/1788430760414_Black_Denim_Jacket.jpg on this server
    at D:\photo\store_uiux_polished\v1\backend\server.js:110:8
    at Layer.handleRequest (D:\photo\store_uiux_polished\v1\backend\node_modules\router\lib\layer.js:152:17)
    at trimPrefix (D:\photo\store_uiux_polished\v1\backend\node_modules\router\index.js:342:13)
    at D:\photo\store_uiux_polished\v1\backend\node_modules\router\index.js:297:9
    at processParams (D:\photo\store_uiux_polished\v1\backend\node_modules\router\index.js:582:12)
    at next (D:\photo\store_uiux_polished\v1\backend\node_modules\router\index.js:291:5)
    at SendStream.error (D:\photo\store_uiux_polished\v1\backend\node_modules\serve-static\index.js:120:7)
    at SendStream.emit (node:events:509:20)
    at SendStream.error (D:\photo\store_uiux_polished\v1\backend\node_modules\send\index.js:168:17)
    at SendStream.onStatError (D:\photo\store_uiux_polished\v1\backend\node_modules\send\index.js:315:12) 
08-09-2026 23:19:04 | ERROR | Error found | 404 | GET /files/1788542750602_men-category.jpg : Can't find /files/1788542750602_men-category.jpg on this server | user: guest 
Error: Can't find /files/1788542750602_men-category.jpg on this server
    at D:\photo\store_uiux_polished\v1\backend\server.js:110:8
    at Layer.handleRequest (D:\photo\store_uiux_polished\v1\backend\node_modules\router\lib\layer.js:152:17)
    at trimPrefix (D:\photo\store_uiux_polished\v1\backend\node_modules\router\index.js:342:13)
    at D:\photo\store_uiux_polished\v1\backend\node_modules\router\index.js:297:9
    at processParams (D:\photo\store_uiux_polished\v1\backend\node_modules\router\index.js:582:12)
    at next (D:\photo\store_uiux_polished\v1\backend\node_modules\router\index.js:291:5)
    at SendStream.error (D:\photo\store_uiux_polished\v1\backend\node_modules\serve-static\index.js:120:7)
    at SendStream.emit (node:events:509:20)
    at SendStream.error (D:\photo\store_uiux_polished\v1\backend\node_modules\send\index.js:168:17)
    at SendStream.onStatError (D:\photo\store_uiux_polished\v1\backend\node_modules\send\index.js:315:12) 
08-09-2026 23:19:42 | ERROR | Error found | 404 | GET /files/1788430760414_Black_Denim_Jacket.jpg : Can't find /files/1788430760414_Black_Denim_Jacket.jpg on this server | user: guest 
Error: Can't find /files/1788430760414_Black_Denim_Jacket.jpg on this server
    at D:\photo\store_uiux_polished\v1\backend\server.js:110:8
    at Layer.handleRequest (D:\photo\store_uiux_polished\v1\backend\node_modules\router\lib\layer.js:152:17)
    at trimPrefix (D:\photo\store_uiux_polished\v1\backend\node_modules\router\index.js:342:13)
    at D:\photo\store_uiux_polished\v1\backend\node_modules\router\index.js:297:9
    at processParams (D:\photo\store_uiux_polished\v1\backend\node_modules\router\index.js:582:12)
    at next (D:\photo\store_uiux_polished\v1\backend\node_modules\router\index.js:291:5)
    at SendStream.error (D:\photo\store_uiux_polished\v1\backend\node_modules\serve-static\index.js:120:7)
    at SendStream.emit (node:events:509:20)
    at SendStream.error (D:\photo\store_uiux_polished\v1\backend\node_modules\send\index.js:168:17)
    at SendStream.onStatError (D:\photo\store_uiux_polished\v1\backend\node_modules\send\index.js:315:12) 
08-09-2026 23:19:42 | ERROR | Error found | 404 | GET /files/1788542750602_men-category.jpg : Can't find /files/1788542750602_men-category.jpg on this server | user: guest 
Error: Can't find /files/1788542750602_men-category.jpg on this server
    at D:\photo\store_uiux_polished\v1\backend\server.js:110:8
    at Layer.handleRequest (D:\photo\store_uiux_polished\v1\backend\node_modules\router\lib\layer.js:152:17)
    at trimPrefix (D:\photo\store_uiux_polished\v1\backend\node_modules\router\index.js:342:13)
    at D:\photo\store_uiux_polished\v1\backend\node_modules\router\index.js:297:9
    at processParams (D:\photo\store_uiux_polished\v1\backend\node_modules\router\index.js:582:12)
    at next (D:\photo\store_uiux_polished\v1\backend\node_modules\router\index.js:291:5)
    at SendStream.error (D:\photo\store_uiux_polished\v1\backend\node_modules\serve-static\index.js:120:7)
    at SendStream.emit (node:events:509:20)
    at SendStream.error (D:\photo\store_uiux_polished\v1\backend\node_modules\send\index.js:168:17)
    at SendStream.onStatError (D:\photo\store_uiux_polished\v1\backend\node_modules\send\index.js:315:12) 
08-09-2026 23:20:02 | ERROR | Error found | 404 | GET /files/1788430760414_Black_Denim_Jacket.jpg : Can't find /files/1788430760414_Black_Denim_Jacket.jpg on this server | user: guest 
Error: Can't find /files/1788430760414_Black_Denim_Jacket.jpg on this server
    at D:\photo\store_uiux_polished\v1\backend\server.js:110:8
    at Layer.handleRequest (D:\photo\store_uiux_polished\v1\backend\node_modules\router\lib\layer.js:152:17)
    at trimPrefix (D:\photo\store_uiux_polished\v1\backend\node_modules\router\index.js:342:13)
    at D:\photo\store_uiux_polished\v1\backend\node_modules\router\index.js:297:9
    at processParams (D:\photo\store_uiux_polished\v1\backend\node_modules\router\index.js:582:12)
    at next (D:\photo\store_uiux_polished\v1\backend\node_modules\router\index.js:291:5)
    at SendStream.error (D:\photo\store_uiux_polished\v1\backend\node_modules\serve-static\index.js:120:7)
    at SendStream.emit (node:events:509:20)
    at SendStream.error (D:\photo\store_uiux_polished\v1\backend\node_modules\send\index.js:168:17)
    at SendStream.onStatError (D:\photo\store_uiux_polished\v1\backend\node_modules\send\index.js:315:12) 
08-09-2026 23:20:45 | ERROR | Error found | 404 | GET /files/1788542750602_men-category.jpg : Can't find /files/1788542750602_men-category.jpg on this server | user: guest 
Error: Can't find /files/1788542750602_men-category.jpg on this server
    at D:\photo\store_uiux_polished\v1\backend\server.js:110:8
    at Layer.handleRequest (D:\photo\store_uiux_polished\v1\backend\node_modules\router\lib\layer.js:152:17)
    at trimPrefix (D:\photo\store_uiux_polished\v1\backend\node_modules\router\index.js:342:13)
    at D:\photo\store_uiux_polished\v1\backend\node_modules\router\index.js:297:9
    at processParams (D:\photo\store_uiux_polished\v1\backend\node_modules\router\index.js:582:12)
    at next (D:\photo\store_uiux_polished\v1\backend\node_modules\router\index.js:291:5)
    at SendStream.error (D:\photo\store_uiux_polished\v1\backend\node_modules\serve-static\index.js:120:7)
    at SendStream.emit (node:events:509:20)
    at SendStream.error (D:\photo\store_uiux_polished\v1\backend\node_modules\send\index.js:168:17)
    at SendStream.onStatError (D:\photo\store_uiux_polished\v1\backend\node_modules\send\index.js:315:12) 
08-09-2026 23:20:45 | ERROR | Error found | 404 | GET /files/1788430760414_Black_Denim_Jacket.jpg : Can't find /files/1788430760414_Black_Denim_Jacket.jpg on this server | user: guest 
Error: Can't find /files/1788430760414_Black_Denim_Jacket.jpg on this server
    at D:\photo\store_uiux_polished\v1\backend\server.js:110:8
    at Layer.handleRequest (D:\photo\store_uiux_polished\v1\backend\node_modules\router\lib\layer.js:152:17)
    at trimPrefix (D:\photo\store_uiux_polished\v1\backend\node_modules\router\index.js:342:13)
    at D:\photo\store_uiux_polished\v1\backend\node_modules\router\index.js:297:9
    at processParams (D:\photo\store_uiux_polished\v1\backend\node_modules\router\index.js:582:12)
    at next (D:\photo\store_uiux_polished\v1\backend\node_modules\router\index.js:291:5)
    at SendStream.error (D:\photo\store_uiux_polished\v1\backend\node_modules\serve-static\index.js:120:7)
    at SendStream.emit (node:events:509:20)
    at SendStream.error (D:\photo\store_uiux_polished\v1\backend\node_modules\send\index.js:168:17)
    at SendStream.onStatError (D:\photo\store_uiux_polished\v1\backend\node_modules\send\index.js:315:12) 
08-09-2026 23:20:47 | ERROR | Error found | 404 | GET /files/1788430760414_Black_Denim_Jacket.jpg : Can't find /files/1788430760414_Black_Denim_Jacket.jpg on this server | user: guest 
Error: Can't find /files/1788430760414_Black_Denim_Jacket.jpg on this server
    at D:\photo\store_uiux_polished\v1\backend\server.js:110:8
    at Layer.handleRequest (D:\photo\store_uiux_polished\v1\backend\node_modules\router\lib\layer.js:152:17)
    at trimPrefix (D:\photo\store_uiux_polished\v1\backend\node_modules\router\index.js:342:13)
    at D:\photo\store_uiux_polished\v1\backend\node_modules\router\index.js:297:9
    at processParams (D:\photo\store_uiux_polished\v1\backend\node_modules\router\index.js:582:12)
    at next (D:\photo\store_uiux_polished\v1\backend\node_modules\router\index.js:291:5)
    at SendStream.error (D:\photo\store_uiux_polished\v1\backend\node_modules\serve-static\index.js:120:7)
    at SendStream.emit (node:events:509:20)
    at SendStream.error (D:\photo\store_uiux_polished\v1\backend\node_modules\send\index.js:168:17)
    at SendStream.onStatError (D:\photo\store_uiux_polished\v1\backend\node_modules\send\index.js:315:12) 
08-09-2026 23:20:47 | ERROR | Error found | 404 | GET /files/1788542750602_men-category.jpg : Can't find /files/1788542750602_men-category.jpg on this server | user: guest 
Error: Can't find /files/1788542750602_men-category.jpg on this server
    at D:\photo\store_uiux_polished\v1\backend\server.js:110:8
    at Layer.handleRequest (D:\photo\store_uiux_polished\v1\backend\node_modules\router\lib\layer.js:152:17)
    at trimPrefix (D:\photo\store_uiux_polished\v1\backend\node_modules\router\index.js:342:13)
    at D:\photo\store_uiux_polished\v1\backend\node_modules\router\index.js:297:9
    at processParams (D:\photo\store_uiux_polished\v1\backend\node_modules\router\index.js:582:12)
    at next (D:\photo\store_uiux_polished\v1\backend\node_modules\router\index.js:291:5)
    at SendStream.error (D:\photo\store_uiux_polished\v1\backend\node_modules\serve-static\index.js:120:7)
    at SendStream.emit (node:events:509:20)
    at SendStream.error (D:\photo\store_uiux_polished\v1\backend\node_modules\send\index.js:168:17)
    at SendStream.onStatError (D:\photo\store_uiux_polished\v1\backend\node_modules\send\index.js:315:12) 
08-09-2026 23:20:47 | ERROR | Error found | 404 | GET /files/1788430760414_Black_Denim_Jacket.jpg : Can't find /files/1788430760414_Black_Denim_Jacket.jpg on this server | user: guest 
Error: Can't find /files/1788430760414_Black_Denim_Jacket.jpg on this server
    at D:\photo\store_uiux_polished\v1\backend\server.js:110:8
    at Layer.handleRequest (D:\photo\store_uiux_polished\v1\backend\node_modules\router\lib\layer.js:152:17)
    at trimPrefix (D:\photo\store_uiux_polished\v1\backend\node_modules\router\index.js:342:13)
    at D:\photo\store_uiux_polished\v1\backend\node_modules\router\index.js:297:9
    at processParams (D:\photo\store_uiux_polished\v1\backend\node_modules\router\index.js:582:12)
    at next (D:\photo\store_uiux_polished\v1\backend\node_modules\router\index.js:291:5)
    at SendStream.error (D:\photo\store_uiux_polished\v1\backend\node_modules\serve-static\index.js:120:7)
    at SendStream.emit (node:events:509:20)
    at SendStream.error (D:\photo\store_uiux_polished\v1\backend\node_modules\send\index.js:168:17)
    at SendStream.onStatError (D:\photo\store_uiux_polished\v1\backend\node_modules\send\index.js:315:12) 
08-09-2026 23:21:31 | ERROR | Error found | 404 | GET /files/1788542750602_men-category.jpg : Can't find /files/1788542750602_men-category.jpg on this server | user: guest 
Error: Can't find /files/1788542750602_men-category.jpg on this server
    at D:\photo\store_uiux_polished\v1\backend\server.js:110:8
    at Layer.handleRequest (D:\photo\store_uiux_polished\v1\backend\node_modules\router\lib\layer.js:152:17)
    at trimPrefix (D:\photo\store_uiux_polished\v1\backend\node_modules\router\index.js:342:13)
    at D:\photo\store_uiux_polished\v1\backend\node_modules\router\index.js:297:9
    at processParams (D:\photo\store_uiux_polished\v1\backend\node_modules\router\index.js:582:12)
    at next (D:\photo\store_uiux_polished\v1\backend\node_modules\router\index.js:291:5)
    at SendStream.error (D:\photo\store_uiux_polished\v1\backend\node_modules\serve-static\index.js:120:7)
    at SendStream.emit (node:events:509:20)
    at SendStream.error (D:\photo\store_uiux_polished\v1\backend\node_modules\send\index.js:168:17)
    at SendStream.onStatError (D:\photo\store_uiux_polished\v1\backend\node_modules\send\index.js:315:12) 
08-09-2026 23:21:31 | ERROR | Error found | 404 | GET /files/1788430760414_Black_Denim_Jacket.jpg : Can't find /files/1788430760414_Black_Denim_Jacket.jpg on this server | user: guest 
Error: Can't find /files/1788430760414_Black_Denim_Jacket.jpg on this server
    at D:\photo\store_uiux_polished\v1\backend\server.js:110:8
    at Layer.handleRequest (D:\photo\store_uiux_polished\v1\backend\node_modules\router\lib\layer.js:152:17)
    at trimPrefix (D:\photo\store_uiux_polished\v1\backend\node_modules\router\index.js:342:13)
    at D:\photo\store_uiux_polished\v1\backend\node_modules\router\index.js:297:9
    at processParams (D:\photo\store_uiux_polished\v1\backend\node_modules\router\index.js:582:12)
    at next (D:\photo\store_uiux_polished\v1\backend\node_modules\router\index.js:291:5)
    at SendStream.error (D:\photo\store_uiux_polished\v1\backend\node_modules\serve-static\index.js:120:7)
    at SendStream.emit (node:events:509:20)
    at SendStream.error (D:\photo\store_uiux_polished\v1\backend\node_modules\send\index.js:168:17)
    at SendStream.onStatError (D:\photo\store_uiux_polished\v1\backend\node_modules\send\index.js:315:12) 
08-09-2026 23:21:34 | ERROR | Error found | 404 | GET /files/1788430760414_Black_Denim_Jacket.jpg : Can't find /files/1788430760414_Black_Denim_Jacket.jpg on this server | user: guest 
Error: Can't find /files/1788430760414_Black_Denim_Jacket.jpg on this server
    at D:\photo\store_uiux_polished\v1\backend\server.js:110:8
    at Layer.handleRequest (D:\photo\store_uiux_polished\v1\backend\node_modules\router\lib\layer.js:152:17)
    at trimPrefix (D:\photo\store_uiux_polished\v1\backend\node_modules\router\index.js:342:13)
    at D:\photo\store_uiux_polished\v1\backend\node_modules\router\index.js:297:9
    at processParams (D:\photo\store_uiux_polished\v1\backend\node_modules\router\index.js:582:12)
    at next (D:\photo\store_uiux_polished\v1\backend\node_modules\router\index.js:291:5)
    at SendStream.error (D:\photo\store_uiux_polished\v1\backend\node_modules\serve-static\index.js:120:7)
    at SendStream.emit (node:events:509:20)
    at SendStream.error (D:\photo\store_uiux_polished\v1\backend\node_modules\send\index.js:168:17)
    at SendStream.onStatError (D:\photo\store_uiux_polished\v1\backend\node_modules\send\index.js:315:12) 
08-09-2026 23:21:34 | ERROR | Error found | 404 | GET /files/1788542750602_men-category.jpg : Can't find /files/1788542750602_men-category.jpg on this server | user: guest 
Error: Can't find /files/1788542750602_men-category.jpg on this server
    at D:\photo\store_uiux_polished\v1\backend\server.js:110:8
    at Layer.handleRequest (D:\photo\store_uiux_polished\v1\backend\node_modules\router\lib\layer.js:152:17)
    at trimPrefix (D:\photo\store_uiux_polished\v1\backend\node_modules\router\index.js:342:13)
    at D:\photo\store_uiux_polished\v1\backend\node_modules\router\index.js:297:9
    at processParams (D:\photo\store_uiux_polished\v1\backend\node_modules\router\index.js:582:12)
    at next (D:\photo\store_uiux_polished\v1\backend\node_modules\router\index.js:291:5)
    at SendStream.error (D:\photo\store_uiux_polished\v1\backend\node_modules\serve-static\index.js:120:7)
    at SendStream.emit (node:events:509:20)
    at SendStream.error (D:\photo\store_uiux_polished\v1\backend\node_modules\send\index.js:168:17)
    at SendStream.onStatError (D:\photo\store_uiux_polished\v1\backend\node_modules\send\index.js:315:12) 
08-09-2026 23:21:34 | ERROR | Error found | 404 | GET /files/1788430760414_Black_Denim_Jacket.jpg : Can't find /files/1788430760414_Black_Denim_Jacket.jpg on this server | user: guest 
Error: Can't find /files/1788430760414_Black_Denim_Jacket.jpg on this server
    at D:\photo\store_uiux_polished\v1\backend\server.js:110:8
    at Layer.handleRequest (D:\photo\store_uiux_polished\v1\backend\node_modules\router\lib\layer.js:152:17)
    at trimPrefix (D:\photo\store_uiux_polished\v1\backend\node_modules\router\index.js:342:13)
    at D:\photo\store_uiux_polished\v1\backend\node_modules\router\index.js:297:9
    at processParams (D:\photo\store_uiux_polished\v1\backend\node_modules\router\index.js:582:12)
    at next (D:\photo\store_uiux_polished\v1\backend\node_modules\router\index.js:291:5)
    at SendStream.error (D:\photo\store_uiux_polished\v1\backend\node_modules\serve-static\index.js:120:7)
    at SendStream.emit (node:events:509:20)
    at SendStream.error (D:\photo\store_uiux_polished\v1\backend\node_modules\send\index.js:168:17)
    at SendStream.onStatError (D:\photo\store_uiux_polished\v1\backend\node_modules\send\index.js:315:12) 
08-09-2026 23:22:23 | ERROR | Error found | 404 | GET /files/1788430760414_Black_Denim_Jacket.jpg : Can't find /files/1788430760414_Black_Denim_Jacket.jpg on this server | user: guest 
Error: Can't find /files/1788430760414_Black_Denim_Jacket.jpg on this server
    at D:\photo\store_uiux_polished\v1\backend\server.js:110:8
    at Layer.handleRequest (D:\photo\store_uiux_polished\v1\backend\node_modules\router\lib\layer.js:152:17)
    at trimPrefix (D:\photo\store_uiux_polished\v1\backend\node_modules\router\index.js:342:13)
    at D:\photo\store_uiux_polished\v1\backend\node_modules\router\index.js:297:9
    at processParams (D:\photo\store_uiux_polished\v1\backend\node_modules\router\index.js:582:12)
    at next (D:\photo\store_uiux_polished\v1\backend\node_modules\router\index.js:291:5)
    at SendStream.error (D:\photo\store_uiux_polished\v1\backend\node_modules\serve-static\index.js:120:7)
    at SendStream.emit (node:events:509:20)
    at SendStream.error (D:\photo\store_uiux_polished\v1\backend\node_modules\send\index.js:168:17)
    at SendStream.onStatError (D:\photo\store_uiux_polished\v1\backend\node_modules\send\index.js:315:12) 
08-09-2026 23:22:23 | ERROR | Error found | 404 | GET /files/1788542750602_men-category.jpg : Can't find /files/1788542750602_men-category.jpg on this server | user: guest 
Error: Can't find /files/1788542750602_men-category.jpg on this server
    at D:\photo\store_uiux_polished\v1\backend\server.js:110:8
    at Layer.handleRequest (D:\photo\store_uiux_polished\v1\backend\node_modules\router\lib\layer.js:152:17)
    at trimPrefix (D:\photo\store_uiux_polished\v1\backend\node_modules\router\index.js:342:13)
    at D:\photo\store_uiux_polished\v1\backend\node_modules\router\index.js:297:9
    at processParams (D:\photo\store_uiux_polished\v1\backend\node_modules\router\index.js:582:12)
    at next (D:\photo\store_uiux_polished\v1\backend\node_modules\router\index.js:291:5)
    at SendStream.error (D:\photo\store_uiux_polished\v1\backend\node_modules\serve-static\index.js:120:7)
    at SendStream.emit (node:events:509:20)
    at SendStream.error (D:\photo\store_uiux_polished\v1\backend\node_modules\send\index.js:168:17)
    at SendStream.onStatError (D:\photo\store_uiux_polished\v1\backend\node_modules\send\index.js:315:12) 
08-09-2026 23:22:32 | ERROR | Error found | 404 | GET /files/1788430760414_Black_Denim_Jacket.jpg : Can't find /files/1788430760414_Black_Denim_Jacket.jpg on this server | user: guest 
Error: Can't find /files/1788430760414_Black_Denim_Jacket.jpg on this server
    at D:\photo\store_uiux_polished\v1\backend\server.js:110:8
    at Layer.handleRequest (D:\photo\store_uiux_polished\v1\backend\node_modules\router\lib\layer.js:152:17)
    at trimPrefix (D:\photo\store_uiux_polished\v1\backend\node_modules\router\index.js:342:13)
    at D:\photo\store_uiux_polished\v1\backend\node_modules\router\index.js:297:9
    at processParams (D:\photo\store_uiux_polished\v1\backend\node_modules\router\index.js:582:12)
    at next (D:\photo\store_uiux_polished\v1\backend\node_modules\router\index.js:291:5)
    at SendStream.error (D:\photo\store_uiux_polished\v1\backend\node_modules\serve-static\index.js:120:7)
    at SendStream.emit (node:events:509:20)
    at SendStream.error (D:\photo\store_uiux_polished\v1\backend\node_modules\send\index.js:168:17)
    at SendStream.onStatError (D:\photo\store_uiux_polished\v1\backend\node_modules\send\index.js:315:12) 
08-09-2026 23:22:35 | ERROR | Error found | 404 | GET /files/1788430760414_Black_Denim_Jacket.jpg : Can't find /files/1788430760414_Black_Denim_Jacket.jpg on this server | user: guest 
Error: Can't find /files/1788430760414_Black_Denim_Jacket.jpg on this server
    at D:\photo\store_uiux_polished\v1\backend\server.js:110:8
    at Layer.handleRequest (D:\photo\store_uiux_polished\v1\backend\node_modules\router\lib\layer.js:152:17)
    at trimPrefix (D:\photo\store_uiux_polished\v1\backend\node_modules\router\index.js:342:13)
    at D:\photo\store_uiux_polished\v1\backend\node_modules\router\index.js:297:9
    at processParams (D:\photo\store_uiux_polished\v1\backend\node_modules\router\index.js:582:12)
    at next (D:\photo\store_uiux_polished\v1\backend\node_modules\router\index.js:291:5)
    at SendStream.error (D:\photo\store_uiux_polished\v1\backend\node_modules\serve-static\index.js:120:7)
    at SendStream.emit (node:events:509:20)
    at SendStream.error (D:\photo\store_uiux_polished\v1\backend\node_modules\send\index.js:168:17)
    at SendStream.onStatError (D:\photo\store_uiux_polished\v1\backend\node_modules\send\index.js:315:12) 
08-09-2026 23:22:35 | ERROR | Error found | 404 | GET /files/1788542750602_men-category.jpg : Can't find /files/1788542750602_men-category.jpg on this server | user: guest 
Error: Can't find /files/1788542750602_men-category.jpg on this server
    at D:\photo\store_uiux_polished\v1\backend\server.js:110:8
    at Layer.handleRequest (D:\photo\store_uiux_polished\v1\backend\node_modules\router\lib\layer.js:152:17)
    at trimPrefix (D:\photo\store_uiux_polished\v1\backend\node_modules\router\index.js:342:13)
    at D:\photo\store_uiux_polished\v1\backend\node_modules\router\index.js:297:9
    at processParams (D:\photo\store_uiux_polished\v1\backend\node_modules\router\index.js:582:12)
    at next (D:\photo\store_uiux_polished\v1\backend\node_modules\router\index.js:291:5)
    at SendStream.error (D:\photo\store_uiux_polished\v1\backend\node_modules\serve-static\index.js:120:7)
    at SendStream.emit (node:events:509:20)
    at SendStream.error (D:\photo\store_uiux_polished\v1\backend\node_modules\send\index.js:168:17)
    at SendStream.onStatError (D:\photo\store_uiux_polished\v1\backend\node_modules\send\index.js:315:12) 
08-09-2026 23:24:36 | ERROR | Error found | 403 | POST /api/v1/auth/login : Invalid email or password | user: guest 
Error: Invalid email or password
    at D:\photo\store_uiux_polished\v1\backend\controllers\auth.controller.js:104:17
    at process.processTicksAndRejections (node:internal/process/task_queues:104:5) 
08-09-2026 23:25:37 | ERROR | Error found | 409 | POST /api/v1/auth/signup : Email is already registered | user: guest 
Error: Email is already registered
    at D:\photo\store_uiux_polished\v1\backend\controllers\auth.controller.js:39:17
    at process.processTicksAndRejections (node:internal/process/task_queues:104:5) 
08-09-2026 23:26:07 | ERROR | Error found | 404 | GET /files/1788430760414_Black_Denim_Jacket.jpg : Can't find /files/1788430760414_Black_Denim_Jacket.jpg on this server | user: guest 
Error: Can't find /files/1788430760414_Black_Denim_Jacket.jpg on this server
    at D:\photo\store_uiux_polished\v1\backend\server.js:110:8
    at Layer.handleRequest (D:\photo\store_uiux_polished\v1\backend\node_modules\router\lib\layer.js:152:17)
    at trimPrefix (D:\photo\store_uiux_polished\v1\backend\node_modules\router\index.js:342:13)
    at D:\photo\store_uiux_polished\v1\backend\node_modules\router\index.js:297:9
    at processParams (D:\photo\store_uiux_polished\v1\backend\node_modules\router\index.js:582:12)
    at next (D:\photo\store_uiux_polished\v1\backend\node_modules\router\index.js:291:5)
    at SendStream.error (D:\photo\store_uiux_polished\v1\backend\node_modules\serve-static\index.js:120:7)
    at SendStream.emit (node:events:509:20)
    at SendStream.error (D:\photo\store_uiux_polished\v1\backend\node_modules\send\index.js:168:17)
    at SendStream.onStatError (D:\photo\store_uiux_polished\v1\backend\node_modules\send\index.js:315:12) 
08-09-2026 23:26:07 | ERROR | Error found | 404 | GET /files/1788542750602_men-category.jpg : Can't find /files/1788542750602_men-category.jpg on this server | user: guest 
Error: Can't find /files/1788542750602_men-category.jpg on this server
    at D:\photo\store_uiux_polished\v1\backend\server.js:110:8
    at Layer.handleRequest (D:\photo\store_uiux_polished\v1\backend\node_modules\router\lib\layer.js:152:17)
    at trimPrefix (D:\photo\store_uiux_polished\v1\backend\node_modules\router\index.js:342:13)
    at D:\photo\store_uiux_polished\v1\backend\node_modules\router\index.js:297:9
    at processParams (D:\photo\store_uiux_polished\v1\backend\node_modules\router\index.js:582:12)
    at next (D:\photo\store_uiux_polished\v1\backend\node_modules\router\index.js:291:5)
    at SendStream.error (D:\photo\store_uiux_polished\v1\backend\node_modules\serve-static\index.js:120:7)
    at SendStream.emit (node:events:509:20)
    at SendStream.error (D:\photo\store_uiux_polished\v1\backend\node_modules\send\index.js:168:17)
    at SendStream.onStatError (D:\photo\store_uiux_polished\v1\backend\node_modules\send\index.js:315:12) 
08-09-2026 23:26:15 | ERROR | Error found | 404 | GET /files/1788430760414_Black_Denim_Jacket.jpg : Can't find /files/1788430760414_Black_Denim_Jacket.jpg on this server | user: guest 
Error: Can't find /files/1788430760414_Black_Denim_Jacket.jpg on this server
    at D:\photo\store_uiux_polished\v1\backend\server.js:110:8
    at Layer.handleRequest (D:\photo\store_uiux_polished\v1\backend\node_modules\router\lib\layer.js:152:17)
    at trimPrefix (D:\photo\store_uiux_polished\v1\backend\node_modules\router\index.js:342:13)
    at D:\photo\store_uiux_polished\v1\backend\node_modules\router\index.js:297:9
    at processParams (D:\photo\store_uiux_polished\v1\backend\node_modules\router\index.js:582:12)
    at next (D:\photo\store_uiux_polished\v1\backend\node_modules\router\index.js:291:5)
    at SendStream.error (D:\photo\store_uiux_polished\v1\backend\node_modules\serve-static\index.js:120:7)
    at SendStream.emit (node:events:509:20)
    at SendStream.error (D:\photo\store_uiux_polished\v1\backend\node_modules\send\index.js:168:17)
    at SendStream.onStatError (D:\photo\store_uiux_polished\v1\backend\node_modules\send\index.js:315:12) 
08-09-2026 23:26:17 | ERROR | Error found | 404 | GET /files/1788430760414_Black_Denim_Jacket.jpg : Can't find /files/1788430760414_Black_Denim_Jacket.jpg on this server | user: guest 
Error: Can't find /files/1788430760414_Black_Denim_Jacket.jpg on this server
    at D:\photo\store_uiux_polished\v1\backend\server.js:110:8
    at Layer.handleRequest (D:\photo\store_uiux_polished\v1\backend\node_modules\router\lib\layer.js:152:17)
    at trimPrefix (D:\photo\store_uiux_polished\v1\backend\node_modules\router\index.js:342:13)
    at D:\photo\store_uiux_polished\v1\backend\node_modules\router\index.js:297:9
    at processParams (D:\photo\store_uiux_polished\v1\backend\node_modules\router\index.js:582:12)
    at next (D:\photo\store_uiux_polished\v1\backend\node_modules\router\index.js:291:5)
    at SendStream.error (D:\photo\store_uiux_polished\v1\backend\node_modules\serve-static\index.js:120:7)
    at SendStream.emit (node:events:509:20)
    at SendStream.error (D:\photo\store_uiux_polished\v1\backend\node_modules\send\index.js:168:17)
    at SendStream.onStatError (D:\photo\store_uiux_polished\v1\backend\node_modules\send\index.js:315:12) 
08-09-2026 23:26:17 | ERROR | Error found | 404 | GET /files/1788542750602_men-category.jpg : Can't find /files/1788542750602_men-category.jpg on this server | user: guest 
Error: Can't find /files/1788542750602_men-category.jpg on this server
    at D:\photo\store_uiux_polished\v1\backend\server.js:110:8
    at Layer.handleRequest (D:\photo\store_uiux_polished\v1\backend\node_modules\router\lib\layer.js:152:17)
    at trimPrefix (D:\photo\store_uiux_polished\v1\backend\node_modules\router\index.js:342:13)
    at D:\photo\store_uiux_polished\v1\backend\node_modules\router\index.js:297:9
    at processParams (D:\photo\store_uiux_polished\v1\backend\node_modules\router\index.js:582:12)
    at next (D:\photo\store_uiux_polished\v1\backend\node_modules\router\index.js:291:5)
    at SendStream.error (D:\photo\store_uiux_polished\v1\backend\node_modules\serve-static\index.js:120:7)
    at SendStream.emit (node:events:509:20)
    at SendStream.error (D:\photo\store_uiux_polished\v1\backend\node_modules\send\index.js:168:17)
    at SendStream.onStatError (D:\photo\store_uiux_polished\v1\backend\node_modules\send\index.js:315:12) 
08-09-2026 23:26:24 | ERROR | Error found | 404 | GET /files/1788542750602_men-category.jpg : Can't find /files/1788542750602_men-category.jpg on this server | user: guest 
Error: Can't find /files/1788542750602_men-category.jpg on this server
    at D:\photo\store_uiux_polished\v1\backend\server.js:110:8
    at Layer.handleRequest (D:\photo\store_uiux_polished\v1\backend\node_modules\router\lib\layer.js:152:17)
    at trimPrefix (D:\photo\store_uiux_polished\v1\backend\node_modules\router\index.js:342:13)
    at D:\photo\store_uiux_polished\v1\backend\node_modules\router\index.js:297:9
    at processParams (D:\photo\store_uiux_polished\v1\backend\node_modules\router\index.js:582:12)
    at next (D:\photo\store_uiux_polished\v1\backend\node_modules\router\index.js:291:5)
    at SendStream.error (D:\photo\store_uiux_polished\v1\backend\node_modules\serve-static\index.js:120:7)
    at SendStream.emit (node:events:509:20)
    at SendStream.error (D:\photo\store_uiux_polished\v1\backend\node_modules\send\index.js:168:17)
    at SendStream.onStatError (D:\photo\store_uiux_polished\v1\backend\node_modules\send\index.js:315:12) 
08-09-2026 23:26:24 | ERROR | Error found | 404 | GET /files/1788430760414_Black_Denim_Jacket.jpg : Can't find /files/1788430760414_Black_Denim_Jacket.jpg on this server | user: guest 
Error: Can't find /files/1788430760414_Black_Denim_Jacket.jpg on this server
    at D:\photo\store_uiux_polished\v1\backend\server.js:110:8
    at Layer.handleRequest (D:\photo\store_uiux_polished\v1\backend\node_modules\router\lib\layer.js:152:17)
    at trimPrefix (D:\photo\store_uiux_polished\v1\backend\node_modules\router\index.js:342:13)
    at D:\photo\store_uiux_polished\v1\backend\node_modules\router\index.js:297:9
    at processParams (D:\photo\store_uiux_polished\v1\backend\node_modules\router\index.js:582:12)
    at next (D:\photo\store_uiux_polished\v1\backend\node_modules\router\index.js:291:5)
    at SendStream.error (D:\photo\store_uiux_polished\v1\backend\node_modules\serve-static\index.js:120:7)
    at SendStream.emit (node:events:509:20)
    at SendStream.error (D:\photo\store_uiux_polished\v1\backend\node_modules\send\index.js:168:17)
    at SendStream.onStatError (D:\photo\store_uiux_polished\v1\backend\node_modules\send\index.js:315:12) 
08-09-2026 23:26:29 | ERROR | Error found | 404 | GET /files/1788542750602_men-category.jpg : Can't find /files/1788542750602_men-category.jpg on this server | user: guest 
Error: Can't find /files/1788542750602_men-category.jpg on this server
    at D:\photo\store_uiux_polished\v1\backend\server.js:110:8
    at Layer.handleRequest (D:\photo\store_uiux_polished\v1\backend\node_modules\router\lib\layer.js:152:17)
    at trimPrefix (D:\photo\store_uiux_polished\v1\backend\node_modules\router\index.js:342:13)
    at D:\photo\store_uiux_polished\v1\backend\node_modules\router\index.js:297:9
    at processParams (D:\photo\store_uiux_polished\v1\backend\node_modules\router\index.js:582:12)
    at next (D:\photo\store_uiux_polished\v1\backend\node_modules\router\index.js:291:5)
    at SendStream.error (D:\photo\store_uiux_polished\v1\backend\node_modules\serve-static\index.js:120:7)
    at SendStream.emit (node:events:509:20)
    at SendStream.error (D:\photo\store_uiux_polished\v1\backend\node_modules\send\index.js:168:17)
    at SendStream.onStatError (D:\photo\store_uiux_polished\v1\backend\node_modules\send\index.js:315:12) 
08-09-2026 23:27:19 | ERROR | Error found | 404 | GET /files/1788430760414_Black_Denim_Jacket.jpg : Can't find /files/1788430760414_Black_Denim_Jacket.jpg on this server | user: guest 
Error: Can't find /files/1788430760414_Black_Denim_Jacket.jpg on this server
    at D:\photo\store_uiux_polished\v1\backend\server.js:110:8
    at Layer.handleRequest (D:\photo\store_uiux_polished\v1\backend\node_modules\router\lib\layer.js:152:17)
    at trimPrefix (D:\photo\store_uiux_polished\v1\backend\node_modules\router\index.js:342:13)
    at D:\photo\store_uiux_polished\v1\backend\node_modules\router\index.js:297:9
    at processParams (D:\photo\store_uiux_polished\v1\backend\node_modules\router\index.js:582:12)
    at next (D:\photo\store_uiux_polished\v1\backend\node_modules\router\index.js:291:5)
    at SendStream.error (D:\photo\store_uiux_polished\v1\backend\node_modules\serve-static\index.js:120:7)
    at SendStream.emit (node:events:509:20)
    at SendStream.error (D:\photo\store_uiux_polished\v1\backend\node_modules\send\index.js:168:17)
    at SendStream.onStatError (D:\photo\store_uiux_polished\v1\backend\node_modules\send\index.js:315:12) 
08-09-2026 23:27:19 | ERROR | Error found | 404 | GET /files/1788542750602_men-category.jpg : Can't find /files/1788542750602_men-category.jpg on this server | user: guest 
Error: Can't find /files/1788542750602_men-category.jpg on this server
    at D:\photo\store_uiux_polished\v1\backend\server.js:110:8
    at Layer.handleRequest (D:\photo\store_uiux_polished\v1\backend\node_modules\router\lib\layer.js:152:17)
    at trimPrefix (D:\photo\store_uiux_polished\v1\backend\node_modules\router\index.js:342:13)
    at D:\photo\store_uiux_polished\v1\backend\node_modules\router\index.js:297:9
    at processParams (D:\photo\store_uiux_polished\v1\backend\node_modules\router\index.js:582:12)
    at next (D:\photo\store_uiux_polished\v1\backend\node_modules\router\index.js:291:5)
    at SendStream.error (D:\photo\store_uiux_polished\v1\backend\node_modules\serve-static\index.js:120:7)
    at SendStream.emit (node:events:509:20)
    at SendStream.error (D:\photo\store_uiux_polished\v1\backend\node_modules\send\index.js:168:17)
    at SendStream.onStatError (D:\photo\store_uiux_polished\v1\backend\node_modules\send\index.js:315:12) 
08-09-2026 23:27:33 | ERROR | Error found | 404 | GET /files/1788430760414_Black_Denim_Jacket.jpg : Can't find /files/1788430760414_Black_Denim_Jacket.jpg on this server | user: guest 
Error: Can't find /files/1788430760414_Black_Denim_Jacket.jpg on this server
    at D:\photo\store_uiux_polished\v1\backend\server.js:110:8
    at Layer.handleRequest (D:\photo\store_uiux_polished\v1\backend\node_modules\router\lib\layer.js:152:17)
    at trimPrefix (D:\photo\store_uiux_polished\v1\backend\node_modules\router\index.js:342:13)
    at D:\photo\store_uiux_polished\v1\backend\node_modules\router\index.js:297:9
    at processParams (D:\photo\store_uiux_polished\v1\backend\node_modules\router\index.js:582:12)
    at next (D:\photo\store_uiux_polished\v1\backend\node_modules\router\index.js:291:5)
    at SendStream.error (D:\photo\store_uiux_polished\v1\backend\node_modules\serve-static\index.js:120:7)
    at SendStream.emit (node:events:509:20)
    at SendStream.error (D:\photo\store_uiux_polished\v1\backend\node_modules\send\index.js:168:17)
    at SendStream.onStatError (D:\photo\store_uiux_polished\v1\backend\node_modules\send\index.js:315:12) 
08-09-2026 23:27:33 | ERROR | Error found | 404 | GET /files/1788542750602_men-category.jpg : Can't find /files/1788542750602_men-category.jpg on this server | user: guest 
Error: Can't find /files/1788542750602_men-category.jpg on this server
    at D:\photo\store_uiux_polished\v1\backend\server.js:110:8
    at Layer.handleRequest (D:\photo\store_uiux_polished\v1\backend\node_modules\router\lib\layer.js:152:17)
    at trimPrefix (D:\photo\store_uiux_polished\v1\backend\node_modules\router\index.js:342:13)
    at D:\photo\store_uiux_polished\v1\backend\node_modules\router\index.js:297:9
    at processParams (D:\photo\store_uiux_polished\v1\backend\node_modules\router\index.js:582:12)
    at next (D:\photo\store_uiux_polished\v1\backend\node_modules\router\index.js:291:5)
    at SendStream.error (D:\photo\store_uiux_polished\v1\backend\node_modules\serve-static\index.js:120:7)
    at SendStream.emit (node:events:509:20)
    at SendStream.error (D:\photo\store_uiux_polished\v1\backend\node_modules\send\index.js:168:17)
    at SendStream.onStatError (D:\photo\store_uiux_polished\v1\backend\node_modules\send\index.js:315:12) 
08-09-2026 23:27:33 | ERROR | Error found | 404 | GET /files/1788430760414_Black_Denim_Jacket.jpg : Can't find /files/1788430760414_Black_Denim_Jacket.jpg on this server | user: guest 
Error: Can't find /files/1788430760414_Black_Denim_Jacket.jpg on this server
    at D:\photo\store_uiux_polished\v1\backend\server.js:110:8
    at Layer.handleRequest (D:\photo\store_uiux_polished\v1\backend\node_modules\router\lib\layer.js:152:17)
    at trimPrefix (D:\photo\store_uiux_polished\v1\backend\node_modules\router\index.js:342:13)
    at D:\photo\store_uiux_polished\v1\backend\node_modules\router\index.js:297:9
    at processParams (D:\photo\store_uiux_polished\v1\backend\node_modules\router\index.js:582:12)
    at next (D:\photo\store_uiux_polished\v1\backend\node_modules\router\index.js:291:5)
    at SendStream.error (D:\photo\store_uiux_polished\v1\backend\node_modules\serve-static\index.js:120:7)
    at SendStream.emit (node:events:509:20)
    at SendStream.error (D:\photo\store_uiux_polished\v1\backend\node_modules\send\index.js:168:17)
    at SendStream.onStatError (D:\photo\store_uiux_polished\v1\backend\node_modules\send\index.js:315:12) 
08-09-2026 23:27:34 | ERROR | Error found | 404 | GET /files/1788430760414_Black_Denim_Jacket.jpg : Can't find /files/1788430760414_Black_Denim_Jacket.jpg on this server | user: guest 
Error: Can't find /files/1788430760414_Black_Denim_Jacket.jpg on this server
    at D:\photo\store_uiux_polished\v1\backend\server.js:110:8
    at Layer.handleRequest (D:\photo\store_uiux_polished\v1\backend\node_modules\router\lib\layer.js:152:17)
    at trimPrefix (D:\photo\store_uiux_polished\v1\backend\node_modules\router\index.js:342:13)
    at D:\photo\store_uiux_polished\v1\backend\node_modules\router\index.js:297:9
    at processParams (D:\photo\store_uiux_polished\v1\backend\node_modules\router\index.js:582:12)
    at next (D:\photo\store_uiux_polished\v1\backend\node_modules\router\index.js:291:5)
    at SendStream.error (D:\photo\store_uiux_polished\v1\backend\node_modules\serve-static\index.js:120:7)
    at SendStream.emit (node:events:509:20)
    at SendStream.error (D:\photo\store_uiux_polished\v1\backend\node_modules\send\index.js:168:17)
    at SendStream.onStatError (D:\photo\store_uiux_polished\v1\backend\node_modules\send\index.js:315:12) 
08-09-2026 23:27:34 | ERROR | Error found | 404 | GET /files/1788542750602_men-category.jpg : Can't find /files/1788542750602_men-category.jpg on this server | user: guest 
Error: Can't find /files/1788542750602_men-category.jpg on this server
    at D:\photo\store_uiux_polished\v1\backend\server.js:110:8
    at Layer.handleRequest (D:\photo\store_uiux_polished\v1\backend\node_modules\router\lib\layer.js:152:17)
    at trimPrefix (D:\photo\store_uiux_polished\v1\backend\node_modules\router\index.js:342:13)
    at D:\photo\store_uiux_polished\v1\backend\node_modules\router\index.js:297:9
    at processParams (D:\photo\store_uiux_polished\v1\backend\node_modules\router\index.js:582:12)
    at next (D:\photo\store_uiux_polished\v1\backend\node_modules\router\index.js:291:5)
    at SendStream.error (D:\photo\store_uiux_polished\v1\backend\node_modules\serve-static\index.js:120:7)
    at SendStream.emit (node:events:509:20)
    at SendStream.error (D:\photo\store_uiux_polished\v1\backend\node_modules\send\index.js:168:17)
    at SendStream.onStatError (D:\photo\store_uiux_polished\v1\backend\node_modules\send\index.js:315:12) 
08-09-2026 23:29:03 | ERROR | Error found | 404 | GET /files/1788430760414_Black_Denim_Jacket.jpg : Can't find /files/1788430760414_Black_Denim_Jacket.jpg on this server | user: guest 
Error: Can't find /files/1788430760414_Black_Denim_Jacket.jpg on this server
    at D:\photo\store_uiux_polished\v1\backend\server.js:110:8
    at Layer.handleRequest (D:\photo\store_uiux_polished\v1\backend\node_modules\router\lib\layer.js:152:17)
    at trimPrefix (D:\photo\store_uiux_polished\v1\backend\node_modules\router\index.js:342:13)
    at D:\photo\store_uiux_polished\v1\backend\node_modules\router\index.js:297:9
    at processParams (D:\photo\store_uiux_polished\v1\backend\node_modules\router\index.js:582:12)
    at next (D:\photo\store_uiux_polished\v1\backend\node_modules\router\index.js:291:5)
    at SendStream.error (D:\photo\store_uiux_polished\v1\backend\node_modules\serve-static\index.js:120:7)
    at SendStream.emit (node:events:509:20)
    at SendStream.error (D:\photo\store_uiux_polished\v1\backend\node_modules\send\index.js:168:17)
    at SendStream.onStatError (D:\photo\store_uiux_polished\v1\backend\node_modules\send\index.js:315:12) 
08-09-2026 23:29:03 | ERROR | Error found | 404 | GET /files/1788542750602_men-category.jpg : Can't find /files/1788542750602_men-category.jpg on this server | user: guest 
Error: Can't find /files/1788542750602_men-category.jpg on this server
    at D:\photo\store_uiux_polished\v1\backend\server.js:110:8
    at Layer.handleRequest (D:\photo\store_uiux_polished\v1\backend\node_modules\router\lib\layer.js:152:17)
    at trimPrefix (D:\photo\store_uiux_polished\v1\backend\node_modules\router\index.js:342:13)
    at D:\photo\store_uiux_polished\v1\backend\node_modules\router\index.js:297:9
    at processParams (D:\photo\store_uiux_polished\v1\backend\node_modules\router\index.js:582:12)
    at next (D:\photo\store_uiux_polished\v1\backend\node_modules\router\index.js:291:5)
    at SendStream.error (D:\photo\store_uiux_polished\v1\backend\node_modules\serve-static\index.js:120:7)
    at SendStream.emit (node:events:509:20)
    at SendStream.error (D:\photo\store_uiux_polished\v1\backend\node_modules\send\index.js:168:17)
    at SendStream.onStatError (D:\photo\store_uiux_polished\v1\backend\node_modules\send\index.js:315:12) 
08-09-2026 23:34:31 | ERROR | Error found | 404 | GET /files/1788430760414_Black_Denim_Jacket.jpg : Can't find /files/1788430760414_Black_Denim_Jacket.jpg on this server | user: guest 
Error: Can't find /files/1788430760414_Black_Denim_Jacket.jpg on this server
    at D:\photo\store_uiux_polished\v1\backend\server.js:110:8
    at Layer.handleRequest (D:\photo\store_uiux_polished\v1\backend\node_modules\router\lib\layer.js:152:17)
    at trimPrefix (D:\photo\store_uiux_polished\v1\backend\node_modules\router\index.js:342:13)
    at D:\photo\store_uiux_polished\v1\backend\node_modules\router\index.js:297:9
    at processParams (D:\photo\store_uiux_polished\v1\backend\node_modules\router\index.js:582:12)
    at next (D:\photo\store_uiux_polished\v1\backend\node_modules\router\index.js:291:5)
    at SendStream.error (D:\photo\store_uiux_polished\v1\backend\node_modules\serve-static\index.js:120:7)
    at SendStream.emit (node:events:509:20)
    at SendStream.error (D:\photo\store_uiux_polished\v1\backend\node_modules\send\index.js:168:17)
    at SendStream.onStatError (D:\photo\store_uiux_polished\v1\backend\node_modules\send\index.js:315:12) 
08-09-2026 23:34:31 | ERROR | Error found | 404 | GET /files/1788542750602_men-category.jpg : Can't find /files/1788542750602_men-category.jpg on this server | user: guest 
Error: Can't find /files/1788542750602_men-category.jpg on this server
    at D:\photo\store_uiux_polished\v1\backend\server.js:110:8
    at Layer.handleRequest (D:\photo\store_uiux_polished\v1\backend\node_modules\router\lib\layer.js:152:17)
    at trimPrefix (D:\photo\store_uiux_polished\v1\backend\node_modules\router\index.js:342:13)
    at D:\photo\store_uiux_polished\v1\backend\node_modules\router\index.js:297:9
    at processParams (D:\photo\store_uiux_polished\v1\backend\node_modules\router\index.js:582:12)
    at next (D:\photo\store_uiux_polished\v1\backend\node_modules\router\index.js:291:5)
    at SendStream.error (D:\photo\store_uiux_polished\v1\backend\node_modules\serve-static\index.js:120:7)
    at SendStream.emit (node:events:509:20)
    at SendStream.error (D:\photo\store_uiux_polished\v1\backend\node_modules\send\index.js:168:17)
    at SendStream.onStatError (D:\photo\store_uiux_polished\v1\backend\node_modules\send\index.js:315:12) 
08-09-2026 23:34:47 | ERROR | Error found | 404 | GET /files/1788430760414_Black_Denim_Jacket.jpg : Can't find /files/1788430760414_Black_Denim_Jacket.jpg on this server | user: guest 
Error: Can't find /files/1788430760414_Black_Denim_Jacket.jpg on this server
    at D:\photo\store_uiux_polished\v1\backend\server.js:110:8
    at Layer.handleRequest (D:\photo\store_uiux_polished\v1\backend\node_modules\router\lib\layer.js:152:17)
    at trimPrefix (D:\photo\store_uiux_polished\v1\backend\node_modules\router\index.js:342:13)
    at D:\photo\store_uiux_polished\v1\backend\node_modules\router\index.js:297:9
    at processParams (D:\photo\store_uiux_polished\v1\backend\node_modules\router\index.js:582:12)
    at next (D:\photo\store_uiux_polished\v1\backend\node_modules\router\index.js:291:5)
    at SendStream.error (D:\photo\store_uiux_polished\v1\backend\node_modules\serve-static\index.js:120:7)
    at SendStream.emit (node:events:509:20)
    at SendStream.error (D:\photo\store_uiux_polished\v1\backend\node_modules\send\index.js:168:17)
    at SendStream.onStatError (D:\photo\store_uiux_polished\v1\backend\node_modules\send\index.js:315:12) 
08-09-2026 23:35:43 | ERROR | Error found | 404 | GET /files/1788430760414_Black_Denim_Jacket.jpg : Can't find /files/1788430760414_Black_Denim_Jacket.jpg on this server | user: guest 
Error: Can't find /files/1788430760414_Black_Denim_Jacket.jpg on this server
    at D:\photo\store_uiux_polished\v1\backend\server.js:110:8
    at Layer.handleRequest (D:\photo\store_uiux_polished\v1\backend\node_modules\router\lib\layer.js:152:17)
    at trimPrefix (D:\photo\store_uiux_polished\v1\backend\node_modules\router\index.js:342:13)
    at D:\photo\store_uiux_polished\v1\backend\node_modules\router\index.js:297:9
    at processParams (D:\photo\store_uiux_polished\v1\backend\node_modules\router\index.js:582:12)
    at next (D:\photo\store_uiux_polished\v1\backend\node_modules\router\index.js:291:5)
    at SendStream.error (D:\photo\store_uiux_polished\v1\backend\node_modules\serve-static\index.js:120:7)
    at SendStream.emit (node:events:509:20)
    at SendStream.error (D:\photo\store_uiux_polished\v1\backend\node_modules\send\index.js:168:17)
    at SendStream.onStatError (D:\photo\store_uiux_polished\v1\backend\node_modules\send\index.js:315:12) 
08-09-2026 23:35:43 | ERROR | Error found | 404 | GET /files/1788542750602_men-category.jpg : Can't find /files/1788542750602_men-category.jpg on this server | user: guest 
Error: Can't find /files/1788542750602_men-category.jpg on this server
    at D:\photo\store_uiux_polished\v1\backend\server.js:110:8
    at Layer.handleRequest (D:\photo\store_uiux_polished\v1\backend\node_modules\router\lib\layer.js:152:17)
    at trimPrefix (D:\photo\store_uiux_polished\v1\backend\node_modules\router\index.js:342:13)
    at D:\photo\store_uiux_polished\v1\backend\node_modules\router\index.js:297:9
    at processParams (D:\photo\store_uiux_polished\v1\backend\node_modules\router\index.js:582:12)
    at next (D:\photo\store_uiux_polished\v1\backend\node_modules\router\index.js:291:5)
    at SendStream.error (D:\photo\store_uiux_polished\v1\backend\node_modules\serve-static\index.js:120:7)
    at SendStream.emit (node:events:509:20)
    at SendStream.error (D:\photo\store_uiux_polished\v1\backend\node_modules\send\index.js:168:17)
    at SendStream.onStatError (D:\photo\store_uiux_polished\v1\backend\node_modules\send\index.js:315:12) 
08-09-2026 23:38:51 | ERROR | Error found | 404 | GET /files/1788430760414_Black_Denim_Jacket.jpg : Can't find /files/1788430760414_Black_Denim_Jacket.jpg on this server | user: guest 
Error: Can't find /files/1788430760414_Black_Denim_Jacket.jpg on this server
    at D:\photo\store_uiux_polished\v1\backend\server.js:110:8
    at Layer.handleRequest (D:\photo\store_uiux_polished\v1\backend\node_modules\router\lib\layer.js:152:17)
    at trimPrefix (D:\photo\store_uiux_polished\v1\backend\node_modules\router\index.js:342:13)
    at D:\photo\store_uiux_polished\v1\backend\node_modules\router\index.js:297:9
    at processParams (D:\photo\store_uiux_polished\v1\backend\node_modules\router\index.js:582:12)
    at next (D:\photo\store_uiux_polished\v1\backend\node_modules\router\index.js:291:5)
    at SendStream.error (D:\photo\store_uiux_polished\v1\backend\node_modules\serve-static\index.js:120:7)
    at SendStream.emit (node:events:509:20)
    at SendStream.error (D:\photo\store_uiux_polished\v1\backend\node_modules\send\index.js:168:17)
    at SendStream.onStatError (D:\photo\store_uiux_polished\v1\backend\node_modules\send\index.js:315:12) 
08-09-2026 23:38:51 | ERROR | Error found | 404 | GET /files/1788542750602_men-category.jpg : Can't find /files/1788542750602_men-category.jpg on this server | user: guest 
Error: Can't find /files/1788542750602_men-category.jpg on this server
    at D:\photo\store_uiux_polished\v1\backend\server.js:110:8
    at Layer.handleRequest (D:\photo\store_uiux_polished\v1\backend\node_modules\router\lib\layer.js:152:17)
    at trimPrefix (D:\photo\store_uiux_polished\v1\backend\node_modules\router\index.js:342:13)
    at D:\photo\store_uiux_polished\v1\backend\node_modules\router\index.js:297:9
    at processParams (D:\photo\store_uiux_polished\v1\backend\node_modules\router\index.js:582:12)
    at next (D:\photo\store_uiux_polished\v1\backend\node_modules\router\index.js:291:5)
    at SendStream.error (D:\photo\store_uiux_polished\v1\backend\node_modules\serve-static\index.js:120:7)
    at SendStream.emit (node:events:509:20)
    at SendStream.error (D:\photo\store_uiux_polished\v1\backend\node_modules\send\index.js:168:17)
    at SendStream.onStatError (D:\photo\store_uiux_polished\v1\backend\node_modules\send\index.js:315:12) 
08-09-2026 23:39:39 | ERROR | Error found | 404 | GET /files/1788542750602_men-category.jpg : Can't find /files/1788542750602_men-category.jpg on this server | user: guest 
Error: Can't find /files/1788542750602_men-category.jpg on this server
    at D:\photo\store_uiux_polished\v1\backend\server.js:110:8
    at Layer.handleRequest (D:\photo\store_uiux_polished\v1\backend\node_modules\router\lib\layer.js:152:17)
    at trimPrefix (D:\photo\store_uiux_polished\v1\backend\node_modules\router\index.js:342:13)
    at D:\photo\store_uiux_polished\v1\backend\node_modules\router\index.js:297:9
    at processParams (D:\photo\store_uiux_polished\v1\backend\node_modules\router\index.js:582:12)
    at next (D:\photo\store_uiux_polished\v1\backend\node_modules\router\index.js:291:5)
    at SendStream.error (D:\photo\store_uiux_polished\v1\backend\node_modules\serve-static\index.js:120:7)
    at SendStream.emit (node:events:509:20)
    at SendStream.error (D:\photo\store_uiux_polished\v1\backend\node_modules\send\index.js:168:17)
    at SendStream.onStatError (D:\photo\store_uiux_polished\v1\backend\node_modules\send\index.js:315:12) 
08-09-2026 23:39:39 | ERROR | Error found | 404 | GET /files/1788430760414_Black_Denim_Jacket.jpg : Can't find /files/1788430760414_Black_Denim_Jacket.jpg on this server | user: guest 
Error: Can't find /files/1788430760414_Black_Denim_Jacket.jpg on this server
    at D:\photo\store_uiux_polished\v1\backend\server.js:110:8
    at Layer.handleRequest (D:\photo\store_uiux_polished\v1\backend\node_modules\router\lib\layer.js:152:17)
    at trimPrefix (D:\photo\store_uiux_polished\v1\backend\node_modules\router\index.js:342:13)
    at D:\photo\store_uiux_polished\v1\backend\node_modules\router\index.js:297:9
    at processParams (D:\photo\store_uiux_polished\v1\backend\node_modules\router\index.js:582:12)
    at next (D:\photo\store_uiux_polished\v1\backend\node_modules\router\index.js:291:5)
    at SendStream.error (D:\photo\store_uiux_polished\v1\backend\node_modules\serve-static\index.js:120:7)
    at SendStream.emit (node:events:509:20)
    at SendStream.error (D:\photo\store_uiux_polished\v1\backend\node_modules\send\index.js:168:17)
    at SendStream.onStatError (D:\photo\store_uiux_polished\v1\backend\node_modules\send\index.js:315:12) 
08-09-2026 23:40:56 | ERROR | Error found | 404 | GET /files/1788430760414_Black_Denim_Jacket.jpg : Can't find /files/1788430760414_Black_Denim_Jacket.jpg on this server | user: guest 
Error: Can't find /files/1788430760414_Black_Denim_Jacket.jpg on this server
    at D:\photo\store_uiux_polished\v1\backend\server.js:110:8
    at Layer.handleRequest (D:\photo\store_uiux_polished\v1\backend\node_modules\router\lib\layer.js:152:17)
    at trimPrefix (D:\photo\store_uiux_polished\v1\backend\node_modules\router\index.js:342:13)
    at D:\photo\store_uiux_polished\v1\backend\node_modules\router\index.js:297:9
    at processParams (D:\photo\store_uiux_polished\v1\backend\node_modules\router\index.js:582:12)
    at next (D:\photo\store_uiux_polished\v1\backend\node_modules\router\index.js:291:5)
    at SendStream.error (D:\photo\store_uiux_polished\v1\backend\node_modules\serve-static\index.js:120:7)
    at SendStream.emit (node:events:509:20)
    at SendStream.error (D:\photo\store_uiux_polished\v1\backend\node_modules\send\index.js:168:17)
    at SendStream.onStatError (D:\photo\store_uiux_polished\v1\backend\node_modules\send\index.js:315:12) 
08-09-2026 23:40:56 | ERROR | Error found | 404 | GET /files/1788542750602_men-category.jpg : Can't find /files/1788542750602_men-category.jpg on this server | user: guest 
Error: Can't find /files/1788542750602_men-category.jpg on this server
    at D:\photo\store_uiux_polished\v1\backend\server.js:110:8
    at Layer.handleRequest (D:\photo\store_uiux_polished\v1\backend\node_modules\router\lib\layer.js:152:17)
    at trimPrefix (D:\photo\store_uiux_polished\v1\backend\node_modules\router\index.js:342:13)
    at D:\photo\store_uiux_polished\v1\backend\node_modules\router\index.js:297:9
    at processParams (D:\photo\store_uiux_polished\v1\backend\node_modules\router\index.js:582:12)
    at next (D:\photo\store_uiux_polished\v1\backend\node_modules\router\index.js:291:5)
    at SendStream.error (D:\photo\store_uiux_polished\v1\backend\node_modules\serve-static\index.js:120:7)
    at SendStream.emit (node:events:509:20)
    at SendStream.error (D:\photo\store_uiux_polished\v1\backend\node_modules\send\index.js:168:17)
    at SendStream.onStatError (D:\photo\store_uiux_polished\v1\backend\node_modules\send\index.js:315:12) 
08-09-2026 23:45:47 | ERROR | Error found | 404 | GET /files/1788430760414_Black_Denim_Jacket.jpg : Can't find /files/1788430760414_Black_Denim_Jacket.jpg on this server | user: guest 
Error: Can't find /files/1788430760414_Black_Denim_Jacket.jpg on this server
    at D:\photo\store_uiux_polished\v1\backend\server.js:110:8
    at Layer.handleRequest (D:\photo\store_uiux_polished\v1\backend\node_modules\router\lib\layer.js:152:17)
    at trimPrefix (D:\photo\store_uiux_polished\v1\backend\node_modules\router\index.js:342:13)
    at D:\photo\store_uiux_polished\v1\backend\node_modules\router\index.js:297:9
    at processParams (D:\photo\store_uiux_polished\v1\backend\node_modules\router\index.js:582:12)
    at next (D:\photo\store_uiux_polished\v1\backend\node_modules\router\index.js:291:5)
    at SendStream.error (D:\photo\store_uiux_polished\v1\backend\node_modules\serve-static\index.js:120:7)
    at SendStream.emit (node:events:509:20)
    at SendStream.error (D:\photo\store_uiux_polished\v1\backend\node_modules\send\index.js:168:17)
    at SendStream.onStatError (D:\photo\store_uiux_polished\v1\backend\node_modules\send\index.js:315:12) 
08-09-2026 23:46:05 | ERROR | Error found | 404 | GET /files/1788430760414_Black_Denim_Jacket.jpg : Can't find /files/1788430760414_Black_Denim_Jacket.jpg on this server | user: guest 
Error: Can't find /files/1788430760414_Black_Denim_Jacket.jpg on this server
    at D:\photo\store_uiux_polished\v1\backend\server.js:110:8
    at Layer.handleRequest (D:\photo\store_uiux_polished\v1\backend\node_modules\router\lib\layer.js:152:17)
    at trimPrefix (D:\photo\store_uiux_polished\v1\backend\node_modules\router\index.js:342:13)
    at D:\photo\store_uiux_polished\v1\backend\node_modules\router\index.js:297:9
    at processParams (D:\photo\store_uiux_polished\v1\backend\node_modules\router\index.js:582:12)
    at next (D:\photo\store_uiux_polished\v1\backend\node_modules\router\index.js:291:5)
    at SendStream.error (D:\photo\store_uiux_polished\v1\backend\node_modules\serve-static\index.js:120:7)
    at SendStream.emit (node:events:509:20)
    at SendStream.error (D:\photo\store_uiux_polished\v1\backend\node_modules\send\index.js:168:17)
    at SendStream.onStatError (D:\photo\store_uiux_polished\v1\backend\node_modules\send\index.js:315:12) 
08-09-2026 23:46:05 | ERROR | Error found | 404 | GET /files/1788542750602_men-category.jpg : Can't find /files/1788542750602_men-category.jpg on this server | user: guest 
Error: Can't find /files/1788542750602_men-category.jpg on this server
    at D:\photo\store_uiux_polished\v1\backend\server.js:110:8
    at Layer.handleRequest (D:\photo\store_uiux_polished\v1\backend\node_modules\router\lib\layer.js:152:17)
    at trimPrefix (D:\photo\store_uiux_polished\v1\backend\node_modules\router\index.js:342:13)
    at D:\photo\store_uiux_polished\v1\backend\node_modules\router\index.js:297:9
    at processParams (D:\photo\store_uiux_polished\v1\backend\node_modules\router\index.js:582:12)
    at next (D:\photo\store_uiux_polished\v1\backend\node_modules\router\index.js:291:5)
    at SendStream.error (D:\photo\store_uiux_polished\v1\backend\node_modules\serve-static\index.js:120:7)
    at SendStream.emit (node:events:509:20)
    at SendStream.error (D:\photo\store_uiux_polished\v1\backend\node_modules\send\index.js:168:17)
    at SendStream.onStatError (D:\photo\store_uiux_polished\v1\backend\node_modules\send\index.js:315:12) 
08-09-2026 23:49:06 | ERROR | Error found | 404 | GET /files/1788542750602_men-category.jpg : Can't find /files/1788542750602_men-category.jpg on this server | user: guest 
Error: Can't find /files/1788542750602_men-category.jpg on this server
    at D:\photo\store_uiux_polished\v1\backend\server.js:110:8
    at Layer.handleRequest (D:\photo\store_uiux_polished\v1\backend\node_modules\router\lib\layer.js:152:17)
    at trimPrefix (D:\photo\store_uiux_polished\v1\backend\node_modules\router\index.js:342:13)
    at D:\photo\store_uiux_polished\v1\backend\node_modules\router\index.js:297:9
    at processParams (D:\photo\store_uiux_polished\v1\backend\node_modules\router\index.js:582:12)
    at next (D:\photo\store_uiux_polished\v1\backend\node_modules\router\index.js:291:5)
    at SendStream.error (D:\photo\store_uiux_polished\v1\backend\node_modules\serve-static\index.js:120:7)
    at SendStream.emit (node:events:509:20)
    at SendStream.error (D:\photo\store_uiux_polished\v1\backend\node_modules\send\index.js:168:17)
    at SendStream.onStatError (D:\photo\store_uiux_polished\v1\backend\node_modules\send\index.js:315:12) 
08-09-2026 23:49:06 | ERROR | Error found | 404 | GET /files/1788430760414_Black_Denim_Jacket.jpg : Can't find /files/1788430760414_Black_Denim_Jacket.jpg on this server | user: guest 
Error: Can't find /files/1788430760414_Black_Denim_Jacket.jpg on this server
    at D:\photo\store_uiux_polished\v1\backend\server.js:110:8
    at Layer.handleRequest (D:\photo\store_uiux_polished\v1\backend\node_modules\router\lib\layer.js:152:17)
    at trimPrefix (D:\photo\store_uiux_polished\v1\backend\node_modules\router\index.js:342:13)
    at D:\photo\store_uiux_polished\v1\backend\node_modules\router\index.js:297:9
    at processParams (D:\photo\store_uiux_polished\v1\backend\node_modules\router\index.js:582:12)
    at next (D:\photo\store_uiux_polished\v1\backend\node_modules\router\index.js:291:5)
    at SendStream.error (D:\photo\store_uiux_polished\v1\backend\node_modules\serve-static\index.js:120:7)
    at SendStream.emit (node:events:509:20)
    at SendStream.error (D:\photo\store_uiux_polished\v1\backend\node_modules\send\index.js:168:17)
    at SendStream.onStatError (D:\photo\store_uiux_polished\v1\backend\node_modules\send\index.js:315:12) 
08-09-2026 23:49:08 | ERROR | Error found | 400 | POST /api/v1/cart : Not enough stock | user: Abdelrhman - 6a8d78cdf901c9b8d8280d61 
Error: Not enough stock
    at D:\photo\store_uiux_polished\v1\backend\controllers\cart.controller.js:42:17
    at process.processTicksAndRejections (node:internal/process/task_queues:104:5) 
08-09-2026 23:49:15 | ERROR | Error found | 404 | GET /files/1788542750602_men-category.jpg : Can't find /files/1788542750602_men-category.jpg on this server | user: guest 
Error: Can't find /files/1788542750602_men-category.jpg on this server
    at D:\photo\store_uiux_polished\v1\backend\server.js:110:8
    at Layer.handleRequest (D:\photo\store_uiux_polished\v1\backend\node_modules\router\lib\layer.js:152:17)
    at trimPrefix (D:\photo\store_uiux_polished\v1\backend\node_modules\router\index.js:342:13)
    at D:\photo\store_uiux_polished\v1\backend\node_modules\router\index.js:297:9
    at processParams (D:\photo\store_uiux_polished\v1\backend\node_modules\router\index.js:582:12)
    at next (D:\photo\store_uiux_polished\v1\backend\node_modules\router\index.js:291:5)
    at SendStream.error (D:\photo\store_uiux_polished\v1\backend\node_modules\serve-static\index.js:120:7)
    at SendStream.emit (node:events:509:20)
    at SendStream.error (D:\photo\store_uiux_polished\v1\backend\node_modules\send\index.js:168:17)
    at SendStream.onStatError (D:\photo\store_uiux_polished\v1\backend\node_modules\send\index.js:315:12) 
08-09-2026 23:49:15 | ERROR | Error found | 404 | GET /files/1788430760414_Black_Denim_Jacket.jpg : Can't find /files/1788430760414_Black_Denim_Jacket.jpg on this server | user: guest 
Error: Can't find /files/1788430760414_Black_Denim_Jacket.jpg on this server
    at D:\photo\store_uiux_polished\v1\backend\server.js:110:8
    at Layer.handleRequest (D:\photo\store_uiux_polished\v1\backend\node_modules\router\lib\layer.js:152:17)
    at trimPrefix (D:\photo\store_uiux_polished\v1\backend\node_modules\router\index.js:342:13)
    at D:\photo\store_uiux_polished\v1\backend\node_modules\router\index.js:297:9
    at processParams (D:\photo\store_uiux_polished\v1\backend\node_modules\router\index.js:582:12)
    at next (D:\photo\store_uiux_polished\v1\backend\node_modules\router\index.js:291:5)
    at SendStream.error (D:\photo\store_uiux_polished\v1\backend\node_modules\serve-static\index.js:120:7)
    at SendStream.emit (node:events:509:20)
    at SendStream.error (D:\photo\store_uiux_polished\v1\backend\node_modules\send\index.js:168:17)
    at SendStream.onStatError (D:\photo\store_uiux_polished\v1\backend\node_modules\send\index.js:315:12) 
08-09-2026 23:49:33 | ERROR | Error found | 400 | POST /api/v1/cart : Not enough stock | user: Abdelrhman - 6a8d78cdf901c9b8d8280d61 
Error: Not enough stock
    at D:\photo\store_uiux_polished\v1\backend\controllers\cart.controller.js:70:21
    at process.processTicksAndRejections (node:internal/process/task_queues:104:5) 
08-09-2026 23:49:33 | ERROR | Error found | 400 | POST /api/v1/cart : Not enough stock | user: Abdelrhman - 6a8d78cdf901c9b8d8280d61 
Error: Not enough stock
    at D:\photo\store_uiux_polished\v1\backend\controllers\cart.controller.js:70:21
    at process.processTicksAndRejections (node:internal/process/task_queues:104:5) 
08-09-2026 23:49:33 | ERROR | Error found | 400 | POST /api/v1/cart : Not enough stock | user: Abdelrhman - 6a8d78cdf901c9b8d8280d61 
Error: Not enough stock
    at D:\photo\store_uiux_polished\v1\backend\controllers\cart.controller.js:70:21
    at process.processTicksAndRejections (node:internal/process/task_queues:104:5) 
08-09-2026 23:49:34 | ERROR | Error found | 400 | POST /api/v1/cart : Not enough stock | user: Abdelrhman - 6a8d78cdf901c9b8d8280d61 
Error: Not enough stock
    at D:\photo\store_uiux_polished\v1\backend\controllers\cart.controller.js:70:21
    at process.processTicksAndRejections (node:internal/process/task_queues:104:5) 
08-09-2026 23:49:34 | ERROR | Error found | 400 | POST /api/v1/cart : Not enough stock | user: Abdelrhman - 6a8d78cdf901c9b8d8280d61 
Error: Not enough stock
    at D:\photo\store_uiux_polished\v1\backend\controllers\cart.controller.js:70:21
    at process.processTicksAndRejections (node:internal/process/task_queues:104:5) 
08-09-2026 23:49:34 | ERROR | Error found | 400 | POST /api/v1/cart : Not enough stock | user: Abdelrhman - 6a8d78cdf901c9b8d8280d61 
Error: Not enough stock
    at D:\photo\store_uiux_polished\v1\backend\controllers\cart.controller.js:70:21
    at process.processTicksAndRejections (node:internal/process/task_queues:104:5) 
08-09-2026 23:49:34 | ERROR | Error found | 400 | POST /api/v1/cart : Not enough stock | user: Abdelrhman - 6a8d78cdf901c9b8d8280d61 
Error: Not enough stock
    at D:\photo\store_uiux_polished\v1\backend\controllers\cart.controller.js:70:21
    at process.processTicksAndRejections (node:internal/process/task_queues:104:5) 
08-09-2026 23:49:34 | ERROR | Error found | 400 | POST /api/v1/cart : Not enough stock | user: Abdelrhman - 6a8d78cdf901c9b8d8280d61 
Error: Not enough stock
    at D:\photo\store_uiux_polished\v1\backend\controllers\cart.controller.js:70:21
    at process.processTicksAndRejections (node:internal/process/task_queues:104:5) 
08-09-2026 23:49:35 | ERROR | Error found | 400 | POST /api/v1/cart : Not enough stock | user: Abdelrhman - 6a8d78cdf901c9b8d8280d61 
Error: Not enough stock
    at D:\photo\store_uiux_polished\v1\backend\controllers\cart.controller.js:70:21
    at process.processTicksAndRejections (node:internal/process/task_queues:104:5) 
08-09-2026 23:49:35 | ERROR | Error found | 400 | POST /api/v1/cart : Not enough stock | user: Abdelrhman - 6a8d78cdf901c9b8d8280d61 
Error: Not enough stock
    at D:\photo\store_uiux_polished\v1\backend\controllers\cart.controller.js:70:21
    at process.processTicksAndRejections (node:internal/process/task_queues:104:5) 
08-09-2026 23:49:36 | ERROR | Error found | 400 | POST /api/v1/cart : Not enough stock | user: Abdelrhman - 6a8d78cdf901c9b8d8280d61 
Error: Not enough stock
    at D:\photo\store_uiux_polished\v1\backend\controllers\cart.controller.js:70:21
    at process.processTicksAndRejections (node:internal/process/task_queues:104:5) 
08-09-2026 23:49:36 | ERROR | Error found | 400 | POST /api/v1/cart : Not enough stock | user: Abdelrhman - 6a8d78cdf901c9b8d8280d61 
Error: Not enough stock
    at D:\photo\store_uiux_polished\v1\backend\controllers\cart.controller.js:70:21
    at process.processTicksAndRejections (node:internal/process/task_queues:104:5) 
08-09-2026 23:49:37 | ERROR | Error found | 400 | POST /api/v1/cart : Not enough stock | user: Abdelrhman - 6a8d78cdf901c9b8d8280d61 
Error: Not enough stock
    at D:\photo\store_uiux_polished\v1\backend\controllers\cart.controller.js:70:21
    at process.processTicksAndRejections (node:internal/process/task_queues:104:5) 
08-09-2026 23:49:37 | ERROR | Error found | 400 | POST /api/v1/cart : Not enough stock | user: Abdelrhman - 6a8d78cdf901c9b8d8280d61 
Error: Not enough stock
    at D:\photo\store_uiux_polished\v1\backend\controllers\cart.controller.js:70:21
    at process.processTicksAndRejections (node:internal/process/task_queues:104:5) 
08-09-2026 23:49:37 | ERROR | Error found | 400 | POST /api/v1/cart : Not enough stock | user: Abdelrhman - 6a8d78cdf901c9b8d8280d61 
Error: Not enough stock
    at D:\photo\store_uiux_polished\v1\backend\controllers\cart.controller.js:70:21
    at process.processTicksAndRejections (node:internal/process/task_queues:104:5) 
08-09-2026 23:49:37 | ERROR | Error found | 400 | POST /api/v1/cart : Not enough stock | user: Abdelrhman - 6a8d78cdf901c9b8d8280d61 
Error: Not enough stock
    at D:\photo\store_uiux_polished\v1\backend\controllers\cart.controller.js:70:21
    at process.processTicksAndRejections (node:internal/process/task_queues:104:5) 
08-09-2026 23:49:38 | ERROR | Error found | 400 | POST /api/v1/cart : Not enough stock | user: Abdelrhman - 6a8d78cdf901c9b8d8280d61 
Error: Not enough stock
    at D:\photo\store_uiux_polished\v1\backend\controllers\cart.controller.js:70:21
    at process.processTicksAndRejections (node:internal/process/task_queues:104:5) 
08-09-2026 23:50:14 | ERROR | Error found | 404 | GET /files/1788430760414_Black_Denim_Jacket.jpg : Can't find /files/1788430760414_Black_Denim_Jacket.jpg on this server | user: guest 
Error: Can't find /files/1788430760414_Black_Denim_Jacket.jpg on this server
    at D:\photo\store_uiux_polished\v1\backend\server.js:110:8
    at Layer.handleRequest (D:\photo\store_uiux_polished\v1\backend\node_modules\router\lib\layer.js:152:17)
    at trimPrefix (D:\photo\store_uiux_polished\v1\backend\node_modules\router\index.js:342:13)
    at D:\photo\store_uiux_polished\v1\backend\node_modules\router\index.js:297:9
    at processParams (D:\photo\store_uiux_polished\v1\backend\node_modules\router\index.js:582:12)
    at next (D:\photo\store_uiux_polished\v1\backend\node_modules\router\index.js:291:5)
    at SendStream.error (D:\photo\store_uiux_polished\v1\backend\node_modules\serve-static\index.js:120:7)
    at SendStream.emit (node:events:509:20)
    at SendStream.error (D:\photo\store_uiux_polished\v1\backend\node_modules\send\index.js:168:17)
    at SendStream.onStatError (D:\photo\store_uiux_polished\v1\backend\node_modules\send\index.js:315:12) 
08-09-2026 23:50:14 | ERROR | Error found | 404 | GET /files/1788542750602_men-category.jpg : Can't find /files/1788542750602_men-category.jpg on this server | user: guest 
Error: Can't find /files/1788542750602_men-category.jpg on this server
    at D:\photo\store_uiux_polished\v1\backend\server.js:110:8
    at Layer.handleRequest (D:\photo\store_uiux_polished\v1\backend\node_modules\router\lib\layer.js:152:17)
    at trimPrefix (D:\photo\store_uiux_polished\v1\backend\node_modules\router\index.js:342:13)
    at D:\photo\store_uiux_polished\v1\backend\node_modules\router\index.js:297:9
    at processParams (D:\photo\store_uiux_polished\v1\backend\node_modules\router\index.js:582:12)
    at next (D:\photo\store_uiux_polished\v1\backend\node_modules\router\index.js:291:5)
    at SendStream.error (D:\photo\store_uiux_polished\v1\backend\node_modules\serve-static\index.js:120:7)
    at SendStream.emit (node:events:509:20)
    at SendStream.error (D:\photo\store_uiux_polished\v1\backend\node_modules\send\index.js:168:17)
    at SendStream.onStatError (D:\photo\store_uiux_polished\v1\backend\node_modules\send\index.js:315:12) 
08-09-2026 23:50:28 | ERROR | Error found | 404 | GET /files/1788542750602_men-category.jpg : Can't find /files/1788542750602_men-category.jpg on this server | user: guest 
Error: Can't find /files/1788542750602_men-category.jpg on this server
    at D:\photo\store_uiux_polished\v1\backend\server.js:110:8
    at Layer.handleRequest (D:\photo\store_uiux_polished\v1\backend\node_modules\router\lib\layer.js:152:17)
    at trimPrefix (D:\photo\store_uiux_polished\v1\backend\node_modules\router\index.js:342:13)
    at D:\photo\store_uiux_polished\v1\backend\node_modules\router\index.js:297:9
    at processParams (D:\photo\store_uiux_polished\v1\backend\node_modules\router\index.js:582:12)
    at next (D:\photo\store_uiux_polished\v1\backend\node_modules\router\index.js:291:5)
    at SendStream.error (D:\photo\store_uiux_polished\v1\backend\node_modules\serve-static\index.js:120:7)
    at SendStream.emit (node:events:509:20)
    at SendStream.error (D:\photo\store_uiux_polished\v1\backend\node_modules\send\index.js:168:17)
    at SendStream.onStatError (D:\photo\store_uiux_polished\v1\backend\node_modules\send\index.js:315:12) 
08-09-2026 23:50:28 | ERROR | Error found | 404 | GET /files/1788430760414_Black_Denim_Jacket.jpg : Can't find /files/1788430760414_Black_Denim_Jacket.jpg on this server | user: guest 
Error: Can't find /files/1788430760414_Black_Denim_Jacket.jpg on this server
    at D:\photo\store_uiux_polished\v1\backend\server.js:110:8
    at Layer.handleRequest (D:\photo\store_uiux_polished\v1\backend\node_modules\router\lib\layer.js:152:17)
    at trimPrefix (D:\photo\store_uiux_polished\v1\backend\node_modules\router\index.js:342:13)
    at D:\photo\store_uiux_polished\v1\backend\node_modules\router\index.js:297:9
    at processParams (D:\photo\store_uiux_polished\v1\backend\node_modules\router\index.js:582:12)
    at next (D:\photo\store_uiux_polished\v1\backend\node_modules\router\index.js:291:5)
    at SendStream.error (D:\photo\store_uiux_polished\v1\backend\node_modules\serve-static\index.js:120:7)
    at SendStream.emit (node:events:509:20)
    at SendStream.error (D:\photo\store_uiux_polished\v1\backend\node_modules\send\index.js:168:17)
    at SendStream.onStatError (D:\photo\store_uiux_polished\v1\backend\node_modules\send\index.js:315:12) 
08-09-2026 23:54:42 | ERROR | Error found | 404 | GET /files/1788542750602_men-category.jpg : Can't find /files/1788542750602_men-category.jpg on this server | user: guest 
Error: Can't find /files/1788542750602_men-category.jpg on this server
    at D:\photo\store_uiux_polished\v1\backend\server.js:110:8
    at Layer.handleRequest (D:\photo\store_uiux_polished\v1\backend\node_modules\router\lib\layer.js:152:17)
    at trimPrefix (D:\photo\store_uiux_polished\v1\backend\node_modules\router\index.js:342:13)
    at D:\photo\store_uiux_polished\v1\backend\node_modules\router\index.js:297:9
    at processParams (D:\photo\store_uiux_polished\v1\backend\node_modules\router\index.js:582:12)
    at next (D:\photo\store_uiux_polished\v1\backend\node_modules\router\index.js:291:5)
    at SendStream.error (D:\photo\store_uiux_polished\v1\backend\node_modules\serve-static\index.js:120:7)
    at SendStream.emit (node:events:509:20)
    at SendStream.error (D:\photo\store_uiux_polished\v1\backend\node_modules\send\index.js:168:17)
    at SendStream.onStatError (D:\photo\store_uiux_polished\v1\backend\node_modules\send\index.js:315:12) 
08-09-2026 23:54:42 | ERROR | Error found | 404 | GET /files/1788430760414_Black_Denim_Jacket.jpg : Can't find /files/1788430760414_Black_Denim_Jacket.jpg on this server | user: guest 
Error: Can't find /files/1788430760414_Black_Denim_Jacket.jpg on this server
    at D:\photo\store_uiux_polished\v1\backend\server.js:110:8
    at Layer.handleRequest (D:\photo\store_uiux_polished\v1\backend\node_modules\router\lib\layer.js:152:17)
    at trimPrefix (D:\photo\store_uiux_polished\v1\backend\node_modules\router\index.js:342:13)
    at D:\photo\store_uiux_polished\v1\backend\node_modules\router\index.js:297:9
    at processParams (D:\photo\store_uiux_polished\v1\backend\node_modules\router\index.js:582:12)
    at next (D:\photo\store_uiux_polished\v1\backend\node_modules\router\index.js:291:5)
    at SendStream.error (D:\photo\store_uiux_polished\v1\backend\node_modules\serve-static\index.js:120:7)
    at SendStream.emit (node:events:509:20)
    at SendStream.error (D:\photo\store_uiux_polished\v1\backend\node_modules\send\index.js:168:17)
    at SendStream.onStatError (D:\photo\store_uiux_polished\v1\backend\node_modules\send\index.js:315:12) 
08-09-2026 23:55:01 | ERROR | Error found | 404 | GET /files/1788542750602_men-category.jpg : Can't find /files/1788542750602_men-category.jpg on this server | user: guest 
Error: Can't find /files/1788542750602_men-category.jpg on this server
    at D:\photo\store_uiux_polished\v1\backend\server.js:110:8
    at Layer.handleRequest (D:\photo\store_uiux_polished\v1\backend\node_modules\router\lib\layer.js:152:17)
    at trimPrefix (D:\photo\store_uiux_polished\v1\backend\node_modules\router\index.js:342:13)
    at D:\photo\store_uiux_polished\v1\backend\node_modules\router\index.js:297:9
    at processParams (D:\photo\store_uiux_polished\v1\backend\node_modules\router\index.js:582:12)
    at next (D:\photo\store_uiux_polished\v1\backend\node_modules\router\index.js:291:5)
    at SendStream.error (D:\photo\store_uiux_polished\v1\backend\node_modules\serve-static\index.js:120:7)
    at SendStream.emit (node:events:509:20)
    at SendStream.error (D:\photo\store_uiux_polished\v1\backend\node_modules\send\index.js:168:17)
    at SendStream.onStatError (D:\photo\store_uiux_polished\v1\backend\node_modules\send\index.js:315:12) 
08-09-2026 23:55:01 | ERROR | Error found | 404 | GET /files/1788430760414_Black_Denim_Jacket.jpg : Can't find /files/1788430760414_Black_Denim_Jacket.jpg on this server | user: guest 
Error: Can't find /files/1788430760414_Black_Denim_Jacket.jpg on this server
    at D:\photo\store_uiux_polished\v1\backend\server.js:110:8
    at Layer.handleRequest (D:\photo\store_uiux_polished\v1\backend\node_modules\router\lib\layer.js:152:17)
    at trimPrefix (D:\photo\store_uiux_polished\v1\backend\node_modules\router\index.js:342:13)
    at D:\photo\store_uiux_polished\v1\backend\node_modules\router\index.js:297:9
    at processParams (D:\photo\store_uiux_polished\v1\backend\node_modules\router\index.js:582:12)
    at next (D:\photo\store_uiux_polished\v1\backend\node_modules\router\index.js:291:5)
    at SendStream.error (D:\photo\store_uiux_polished\v1\backend\node_modules\serve-static\index.js:120:7)
    at SendStream.emit (node:events:509:20)
    at SendStream.error (D:\photo\store_uiux_polished\v1\backend\node_modules\send\index.js:168:17)
    at SendStream.onStatError (D:\photo\store_uiux_polished\v1\backend\node_modules\send\index.js:315:12) 
08-09-2026 23:56:21 | ERROR | Error found | 404 | GET /files/1788542750602_men-category.jpg : Can't find /files/1788542750602_men-category.jpg on this server | user: guest 
Error: Can't find /files/1788542750602_men-category.jpg on this server
    at D:\photo\store_uiux_polished\v1\backend\server.js:110:8
    at Layer.handleRequest (D:\photo\store_uiux_polished\v1\backend\node_modules\router\lib\layer.js:152:17)
    at trimPrefix (D:\photo\store_uiux_polished\v1\backend\node_modules\router\index.js:342:13)
    at D:\photo\store_uiux_polished\v1\backend\node_modules\router\index.js:297:9
    at processParams (D:\photo\store_uiux_polished\v1\backend\node_modules\router\index.js:582:12)
    at next (D:\photo\store_uiux_polished\v1\backend\node_modules\router\index.js:291:5)
    at SendStream.error (D:\photo\store_uiux_polished\v1\backend\node_modules\serve-static\index.js:120:7)
    at SendStream.emit (node:events:509:20)
    at SendStream.error (D:\photo\store_uiux_polished\v1\backend\node_modules\send\index.js:168:17)
    at SendStream.onStatError (D:\photo\store_uiux_polished\v1\backend\node_modules\send\index.js:315:12) 
08-09-2026 23:56:21 | ERROR | Error found | 404 | GET /files/1788430760414_Black_Denim_Jacket.jpg : Can't find /files/1788430760414_Black_Denim_Jacket.jpg on this server | user: guest 
Error: Can't find /files/1788430760414_Black_Denim_Jacket.jpg on this server
    at D:\photo\store_uiux_polished\v1\backend\server.js:110:8
    at Layer.handleRequest (D:\photo\store_uiux_polished\v1\backend\node_modules\router\lib\layer.js:152:17)
    at trimPrefix (D:\photo\store_uiux_polished\v1\backend\node_modules\router\index.js:342:13)
    at D:\photo\store_uiux_polished\v1\backend\node_modules\router\index.js:297:9
    at processParams (D:\photo\store_uiux_polished\v1\backend\node_modules\router\index.js:582:12)
    at next (D:\photo\store_uiux_polished\v1\backend\node_modules\router\index.js:291:5)
    at SendStream.error (D:\photo\store_uiux_polished\v1\backend\node_modules\serve-static\index.js:120:7)
    at SendStream.emit (node:events:509:20)
    at SendStream.error (D:\photo\store_uiux_polished\v1\backend\node_modules\send\index.js:168:17)
    at SendStream.onStatError (D:\photo\store_uiux_polished\v1\backend\node_modules\send\index.js:315:12) 
08-09-2026 23:56:31 | ERROR | Error found | 404 | GET /files/1788542750602_men-category.jpg : Can't find /files/1788542750602_men-category.jpg on this server | user: guest 
Error: Can't find /files/1788542750602_men-category.jpg on this server
    at D:\photo\store_uiux_polished\v1\backend\server.js:110:8
    at Layer.handleRequest (D:\photo\store_uiux_polished\v1\backend\node_modules\router\lib\layer.js:152:17)
    at trimPrefix (D:\photo\store_uiux_polished\v1\backend\node_modules\router\index.js:342:13)
    at D:\photo\store_uiux_polished\v1\backend\node_modules\router\index.js:297:9
    at processParams (D:\photo\store_uiux_polished\v1\backend\node_modules\router\index.js:582:12)
    at next (D:\photo\store_uiux_polished\v1\backend\node_modules\router\index.js:291:5)
    at SendStream.error (D:\photo\store_uiux_polished\v1\backend\node_modules\serve-static\index.js:120:7)
    at SendStream.emit (node:events:509:20)
    at SendStream.error (D:\photo\store_uiux_polished\v1\backend\node_modules\send\index.js:168:17)
    at SendStream.onStatError (D:\photo\store_uiux_polished\v1\backend\node_modules\send\index.js:315:12) 
08-09-2026 23:56:31 | ERROR | Error found | 404 | GET /files/1788430760414_Black_Denim_Jacket.jpg : Can't find /files/1788430760414_Black_Denim_Jacket.jpg on this server | user: guest 
Error: Can't find /files/1788430760414_Black_Denim_Jacket.jpg on this server
    at D:\photo\store_uiux_polished\v1\backend\server.js:110:8
    at Layer.handleRequest (D:\photo\store_uiux_polished\v1\backend\node_modules\router\lib\layer.js:152:17)
    at trimPrefix (D:\photo\store_uiux_polished\v1\backend\node_modules\router\index.js:342:13)
    at D:\photo\store_uiux_polished\v1\backend\node_modules\router\index.js:297:9
    at processParams (D:\photo\store_uiux_polished\v1\backend\node_modules\router\index.js:582:12)
    at next (D:\photo\store_uiux_polished\v1\backend\node_modules\router\index.js:291:5)
    at SendStream.error (D:\photo\store_uiux_polished\v1\backend\node_modules\serve-static\index.js:120:7)
    at SendStream.emit (node:events:509:20)
    at SendStream.error (D:\photo\store_uiux_polished\v1\backend\node_modules\send\index.js:168:17)
    at SendStream.onStatError (D:\photo\store_uiux_polished\v1\backend\node_modules\send\index.js:315:12) 
08-09-2026 23:56:42 | ERROR | Error found | 404 | GET /files/1788542750602_men-category.jpg : Can't find /files/1788542750602_men-category.jpg on this server | user: guest 
Error: Can't find /files/1788542750602_men-category.jpg on this server
    at D:\photo\store_uiux_polished\v1\backend\server.js:110:8
    at Layer.handleRequest (D:\photo\store_uiux_polished\v1\backend\node_modules\router\lib\layer.js:152:17)
    at trimPrefix (D:\photo\store_uiux_polished\v1\backend\node_modules\router\index.js:342:13)
    at D:\photo\store_uiux_polished\v1\backend\node_modules\router\index.js:297:9
    at processParams (D:\photo\store_uiux_polished\v1\backend\node_modules\router\index.js:582:12)
    at next (D:\photo\store_uiux_polished\v1\backend\node_modules\router\index.js:291:5)
    at SendStream.error (D:\photo\store_uiux_polished\v1\backend\node_modules\serve-static\index.js:120:7)
    at SendStream.emit (node:events:509:20)
    at SendStream.error (D:\photo\store_uiux_polished\v1\backend\node_modules\send\index.js:168:17)
    at SendStream.onStatError (D:\photo\store_uiux_polished\v1\backend\node_modules\send\index.js:315:12) 
08-09-2026 23:56:42 | ERROR | Error found | 404 | GET /files/1788430760414_Black_Denim_Jacket.jpg : Can't find /files/1788430760414_Black_Denim_Jacket.jpg on this server | user: guest 
Error: Can't find /files/1788430760414_Black_Denim_Jacket.jpg on this server
    at D:\photo\store_uiux_polished\v1\backend\server.js:110:8
    at Layer.handleRequest (D:\photo\store_uiux_polished\v1\backend\node_modules\router\lib\layer.js:152:17)
    at trimPrefix (D:\photo\store_uiux_polished\v1\backend\node_modules\router\index.js:342:13)
    at D:\photo\store_uiux_polished\v1\backend\node_modules\router\index.js:297:9
    at processParams (D:\photo\store_uiux_polished\v1\backend\node_modules\router\index.js:582:12)
    at next (D:\photo\store_uiux_polished\v1\backend\node_modules\router\index.js:291:5)
    at SendStream.error (D:\photo\store_uiux_polished\v1\backend\node_modules\serve-static\index.js:120:7)
    at SendStream.emit (node:events:509:20)
    at SendStream.error (D:\photo\store_uiux_polished\v1\backend\node_modules\send\index.js:168:17)
    at SendStream.onStatError (D:\photo\store_uiux_polished\v1\backend\node_modules\send\index.js:315:12) 
08-09-2026 23:57:12 | ERROR | Error found | 404 | GET /files/1788542750602_men-category.jpg : Can't find /files/1788542750602_men-category.jpg on this server | user: guest 
Error: Can't find /files/1788542750602_men-category.jpg on this server
    at D:\photo\store_uiux_polished\v1\backend\server.js:110:8
    at Layer.handleRequest (D:\photo\store_uiux_polished\v1\backend\node_modules\router\lib\layer.js:152:17)
    at trimPrefix (D:\photo\store_uiux_polished\v1\backend\node_modules\router\index.js:342:13)
    at D:\photo\store_uiux_polished\v1\backend\node_modules\router\index.js:297:9
    at processParams (D:\photo\store_uiux_polished\v1\backend\node_modules\router\index.js:582:12)
    at next (D:\photo\store_uiux_polished\v1\backend\node_modules\router\index.js:291:5)
    at SendStream.error (D:\photo\store_uiux_polished\v1\backend\node_modules\serve-static\index.js:120:7)
    at SendStream.emit (node:events:509:20)
    at SendStream.error (D:\photo\store_uiux_polished\v1\backend\node_modules\send\index.js:168:17)
    at SendStream.onStatError (D:\photo\store_uiux_polished\v1\backend\node_modules\send\index.js:315:12) 
08-09-2026 23:57:12 | ERROR | Error found | 404 | GET /files/1788430760414_Black_Denim_Jacket.jpg : Can't find /files/1788430760414_Black_Denim_Jacket.jpg on this server | user: guest 
Error: Can't find /files/1788430760414_Black_Denim_Jacket.jpg on this server
    at D:\photo\store_uiux_polished\v1\backend\server.js:110:8
    at Layer.handleRequest (D:\photo\store_uiux_polished\v1\backend\node_modules\router\lib\layer.js:152:17)
    at trimPrefix (D:\photo\store_uiux_polished\v1\backend\node_modules\router\index.js:342:13)
    at D:\photo\store_uiux_polished\v1\backend\node_modules\router\index.js:297:9
    at processParams (D:\photo\store_uiux_polished\v1\backend\node_modules\router\index.js:582:12)
    at next (D:\photo\store_uiux_polished\v1\backend\node_modules\router\index.js:291:5)
    at SendStream.error (D:\photo\store_uiux_polished\v1\backend\node_modules\serve-static\index.js:120:7)
    at SendStream.emit (node:events:509:20)
    at SendStream.error (D:\photo\store_uiux_polished\v1\backend\node_modules\send\index.js:168:17)
    at SendStream.onStatError (D:\photo\store_uiux_polished\v1\backend\node_modules\send\index.js:315:12) 
08-09-2026 23:59:29 | ERROR | Error found | 404 | GET /files/1788542750602_men-category.jpg : Can't find /files/1788542750602_men-category.jpg on this server | user: guest 
Error: Can't find /files/1788542750602_men-category.jpg on this server
    at D:\photo\store_uiux_polished\v1\backend\server.js:110:8
    at Layer.handleRequest (D:\photo\store_uiux_polished\v1\backend\node_modules\router\lib\layer.js:152:17)
    at trimPrefix (D:\photo\store_uiux_polished\v1\backend\node_modules\router\index.js:342:13)
    at D:\photo\store_uiux_polished\v1\backend\node_modules\router\index.js:297:9
    at processParams (D:\photo\store_uiux_polished\v1\backend\node_modules\router\index.js:582:12)
    at next (D:\photo\store_uiux_polished\v1\backend\node_modules\router\index.js:291:5)
    at SendStream.error (D:\photo\store_uiux_polished\v1\backend\node_modules\serve-static\index.js:120:7)
    at SendStream.emit (node:events:509:20)
    at SendStream.error (D:\photo\store_uiux_polished\v1\backend\node_modules\send\index.js:168:17)
    at SendStream.onStatError (D:\photo\store_uiux_polished\v1\backend\node_modules\send\index.js:315:12) 
08-09-2026 23:59:29 | ERROR | Error found | 404 | GET /files/1788430760414_Black_Denim_Jacket.jpg : Can't find /files/1788430760414_Black_Denim_Jacket.jpg on this server | user: guest 
Error: Can't find /files/1788430760414_Black_Denim_Jacket.jpg on this server
    at D:\photo\store_uiux_polished\v1\backend\server.js:110:8
    at Layer.handleRequest (D:\photo\store_uiux_polished\v1\backend\node_modules\router\lib\layer.js:152:17)
    at trimPrefix (D:\photo\store_uiux_polished\v1\backend\node_modules\router\index.js:342:13)
    at D:\photo\store_uiux_polished\v1\backend\node_modules\router\index.js:297:9
    at processParams (D:\photo\store_uiux_polished\v1\backend\node_modules\router\index.js:582:12)
    at next (D:\photo\store_uiux_polished\v1\backend\node_modules\router\index.js:291:5)
    at SendStream.error (D:\photo\store_uiux_polished\v1\backend\node_modules\serve-static\index.js:120:7)
    at SendStream.emit (node:events:509:20)
    at SendStream.error (D:\photo\store_uiux_polished\v1\backend\node_modules\send\index.js:168:17)
    at SendStream.onStatError (D:\photo\store_uiux_polished\v1\backend\node_modules\send\index.js:315:12) 
09-09-2026 00:02:28 | ERROR | Error found | 404 | GET /files/1788542750602_men-category.jpg : Can't find /files/1788542750602_men-category.jpg on this server | user: guest 
Error: Can't find /files/1788542750602_men-category.jpg on this server
    at D:\photo\store_uiux_polished\v1\backend\server.js:110:8
    at Layer.handleRequest (D:\photo\store_uiux_polished\v1\backend\node_modules\router\lib\layer.js:152:17)
    at trimPrefix (D:\photo\store_uiux_polished\v1\backend\node_modules\router\index.js:342:13)
    at D:\photo\store_uiux_polished\v1\backend\node_modules\router\index.js:297:9
    at processParams (D:\photo\store_uiux_polished\v1\backend\node_modules\router\index.js:582:12)
    at next (D:\photo\store_uiux_polished\v1\backend\node_modules\router\index.js:291:5)
    at SendStream.error (D:\photo\store_uiux_polished\v1\backend\node_modules\serve-static\index.js:120:7)
    at SendStream.emit (node:events:509:20)
    at SendStream.error (D:\photo\store_uiux_polished\v1\backend\node_modules\send\index.js:168:17)
    at SendStream.onStatError (D:\photo\store_uiux_polished\v1\backend\node_modules\send\index.js:315:12) 
09-09-2026 00:02:28 | ERROR | Error found | 404 | GET /files/1788430760414_Black_Denim_Jacket.jpg : Can't find /files/1788430760414_Black_Denim_Jacket.jpg on this server | user: guest 
Error: Can't find /files/1788430760414_Black_Denim_Jacket.jpg on this server
    at D:\photo\store_uiux_polished\v1\backend\server.js:110:8
    at Layer.handleRequest (D:\photo\store_uiux_polished\v1\backend\node_modules\router\lib\layer.js:152:17)
    at trimPrefix (D:\photo\store_uiux_polished\v1\backend\node_modules\router\index.js:342:13)
    at D:\photo\store_uiux_polished\v1\backend\node_modules\router\index.js:297:9
    at processParams (D:\photo\store_uiux_polished\v1\backend\node_modules\router\index.js:582:12)
    at next (D:\photo\store_uiux_polished\v1\backend\node_modules\router\index.js:291:5)
    at SendStream.error (D:\photo\store_uiux_polished\v1\backend\node_modules\serve-static\index.js:120:7)
    at SendStream.emit (node:events:509:20)
    at SendStream.error (D:\photo\store_uiux_polished\v1\backend\node_modules\send\index.js:168:17)
    at SendStream.onStatError (D:\photo\store_uiux_polished\v1\backend\node_modules\send\index.js:315:12) 
09-09-2026 00:04:48 | ERROR | Error found | 404 | GET /files/1788542750602_men-category.jpg : Can't find /files/1788542750602_men-category.jpg on this server | user: guest 
Error: Can't find /files/1788542750602_men-category.jpg on this server
    at D:\photo\store_uiux_polished\v1\backend\server.js:110:8
    at Layer.handleRequest (D:\photo\store_uiux_polished\v1\backend\node_modules\router\lib\layer.js:152:17)
    at trimPrefix (D:\photo\store_uiux_polished\v1\backend\node_modules\router\index.js:342:13)
    at D:\photo\store_uiux_polished\v1\backend\node_modules\router\index.js:297:9
    at processParams (D:\photo\store_uiux_polished\v1\backend\node_modules\router\index.js:582:12)
    at next (D:\photo\store_uiux_polished\v1\backend\node_modules\router\index.js:291:5)
    at SendStream.error (D:\photo\store_uiux_polished\v1\backend\node_modules\serve-static\index.js:120:7)
    at SendStream.emit (node:events:509:20)
    at SendStream.error (D:\photo\store_uiux_polished\v1\backend\node_modules\send\index.js:168:17)
    at SendStream.onStatError (D:\photo\store_uiux_polished\v1\backend\node_modules\send\index.js:315:12) 
09-09-2026 00:04:48 | ERROR | Error found | 404 | GET /files/1788430760414_Black_Denim_Jacket.jpg : Can't find /files/1788430760414_Black_Denim_Jacket.jpg on this server | user: guest 
Error: Can't find /files/1788430760414_Black_Denim_Jacket.jpg on this server
    at D:\photo\store_uiux_polished\v1\backend\server.js:110:8
    at Layer.handleRequest (D:\photo\store_uiux_polished\v1\backend\node_modules\router\lib\layer.js:152:17)
    at trimPrefix (D:\photo\store_uiux_polished\v1\backend\node_modules\router\index.js:342:13)
    at D:\photo\store_uiux_polished\v1\backend\node_modules\router\index.js:297:9
    at processParams (D:\photo\store_uiux_polished\v1\backend\node_modules\router\index.js:582:12)
    at next (D:\photo\store_uiux_polished\v1\backend\node_modules\router\index.js:291:5)
    at SendStream.error (D:\photo\store_uiux_polished\v1\backend\node_modules\serve-static\index.js:120:7)
    at SendStream.emit (node:events:509:20)
    at SendStream.error (D:\photo\store_uiux_polished\v1\backend\node_modules\send\index.js:168:17)
    at SendStream.onStatError (D:\photo\store_uiux_polished\v1\backend\node_modules\send\index.js:315:12) 
09-09-2026 00:05:17 | ERROR | Error found | 404 | GET /files/1788430760414_Black_Denim_Jacket.jpg : Can't find /files/1788430760414_Black_Denim_Jacket.jpg on this server | user: guest 
Error: Can't find /files/1788430760414_Black_Denim_Jacket.jpg on this server
    at D:\photo\store_uiux_polished\v1\backend\server.js:110:8
    at Layer.handleRequest (D:\photo\store_uiux_polished\v1\backend\node_modules\router\lib\layer.js:152:17)
    at trimPrefix (D:\photo\store_uiux_polished\v1\backend\node_modules\router\index.js:342:13)
    at D:\photo\store_uiux_polished\v1\backend\node_modules\router\index.js:297:9
    at processParams (D:\photo\store_uiux_polished\v1\backend\node_modules\router\index.js:582:12)
    at next (D:\photo\store_uiux_polished\v1\backend\node_modules\router\index.js:291:5)
    at SendStream.error (D:\photo\store_uiux_polished\v1\backend\node_modules\serve-static\index.js:120:7)
    at SendStream.emit (node:events:509:20)
    at SendStream.error (D:\photo\store_uiux_polished\v1\backend\node_modules\send\index.js:168:17)
    at SendStream.onStatError (D:\photo\store_uiux_polished\v1\backend\node_modules\send\index.js:315:12) 
09-09-2026 00:05:17 | ERROR | Error found | 404 | GET /files/1788542750602_men-category.jpg : Can't find /files/1788542750602_men-category.jpg on this server | user: guest 
Error: Can't find /files/1788542750602_men-category.jpg on this server
    at D:\photo\store_uiux_polished\v1\backend\server.js:110:8
    at Layer.handleRequest (D:\photo\store_uiux_polished\v1\backend\node_modules\router\lib\layer.js:152:17)
    at trimPrefix (D:\photo\store_uiux_polished\v1\backend\node_modules\router\index.js:342:13)
    at D:\photo\store_uiux_polished\v1\backend\node_modules\router\index.js:297:9
    at processParams (D:\photo\store_uiux_polished\v1\backend\node_modules\router\index.js:582:12)
    at next (D:\photo\store_uiux_polished\v1\backend\node_modules\router\index.js:291:5)
    at SendStream.error (D:\photo\store_uiux_polished\v1\backend\node_modules\serve-static\index.js:120:7)
    at SendStream.emit (node:events:509:20)
    at SendStream.error (D:\photo\store_uiux_polished\v1\backend\node_modules\send\index.js:168:17)
    at SendStream.onStatError (D:\photo\store_uiux_polished\v1\backend\node_modules\send\index.js:315:12) 
09-09-2026 00:05:20 | ERROR | Error found | 404 | GET /files/1788542750602_men-category.jpg : Can't find /files/1788542750602_men-category.jpg on this server | user: guest 
Error: Can't find /files/1788542750602_men-category.jpg on this server
    at D:\photo\store_uiux_polished\v1\backend\server.js:110:8
    at Layer.handleRequest (D:\photo\store_uiux_polished\v1\backend\node_modules\router\lib\layer.js:152:17)
    at trimPrefix (D:\photo\store_uiux_polished\v1\backend\node_modules\router\index.js:342:13)
    at D:\photo\store_uiux_polished\v1\backend\node_modules\router\index.js:297:9
    at processParams (D:\photo\store_uiux_polished\v1\backend\node_modules\router\index.js:582:12)
    at next (D:\photo\store_uiux_polished\v1\backend\node_modules\router\index.js:291:5)
    at SendStream.error (D:\photo\store_uiux_polished\v1\backend\node_modules\serve-static\index.js:120:7)
    at SendStream.emit (node:events:509:20)
    at SendStream.error (D:\photo\store_uiux_polished\v1\backend\node_modules\send\index.js:168:17)
    at SendStream.onStatError (D:\photo\store_uiux_polished\v1\backend\node_modules\send\index.js:315:12) 
09-09-2026 00:05:20 | ERROR | Error found | 404 | GET /files/1788430760414_Black_Denim_Jacket.jpg : Can't find /files/1788430760414_Black_Denim_Jacket.jpg on this server | user: guest 
Error: Can't find /files/1788430760414_Black_Denim_Jacket.jpg on this server
    at D:\photo\store_uiux_polished\v1\backend\server.js:110:8
    at Layer.handleRequest (D:\photo\store_uiux_polished\v1\backend\node_modules\router\lib\layer.js:152:17)
    at trimPrefix (D:\photo\store_uiux_polished\v1\backend\node_modules\router\index.js:342:13)
    at D:\photo\store_uiux_polished\v1\backend\node_modules\router\index.js:297:9
    at processParams (D:\photo\store_uiux_polished\v1\backend\node_modules\router\index.js:582:12)
    at next (D:\photo\store_uiux_polished\v1\backend\node_modules\router\index.js:291:5)
    at SendStream.error (D:\photo\store_uiux_polished\v1\backend\node_modules\serve-static\index.js:120:7)
    at SendStream.emit (node:events:509:20)
    at SendStream.error (D:\photo\store_uiux_polished\v1\backend\node_modules\send\index.js:168:17)
    at SendStream.onStatError (D:\photo\store_uiux_polished\v1\backend\node_modules\send\index.js:315:12) 
09-09-2026 00:06:59 | ERROR | Error found | 404 | GET /files/1788542750602_men-category.jpg : Can't find /files/1788542750602_men-category.jpg on this server | user: guest 
Error: Can't find /files/1788542750602_men-category.jpg on this server
    at D:\photo\store_uiux_polished\v1\backend\server.js:110:8
    at Layer.handleRequest (D:\photo\store_uiux_polished\v1\backend\node_modules\router\lib\layer.js:152:17)
    at trimPrefix (D:\photo\store_uiux_polished\v1\backend\node_modules\router\index.js:342:13)
    at D:\photo\store_uiux_polished\v1\backend\node_modules\router\index.js:297:9
    at processParams (D:\photo\store_uiux_polished\v1\backend\node_modules\router\index.js:582:12)
    at next (D:\photo\store_uiux_polished\v1\backend\node_modules\router\index.js:291:5)
    at SendStream.error (D:\photo\store_uiux_polished\v1\backend\node_modules\serve-static\index.js:120:7)
    at SendStream.emit (node:events:509:20)
    at SendStream.error (D:\photo\store_uiux_polished\v1\backend\node_modules\send\index.js:168:17)
    at SendStream.onStatError (D:\photo\store_uiux_polished\v1\backend\node_modules\send\index.js:315:12) 
09-09-2026 00:07:00 | ERROR | Error found | 404 | GET /files/1788430760414_Black_Denim_Jacket.jpg : Can't find /files/1788430760414_Black_Denim_Jacket.jpg on this server | user: guest 
Error: Can't find /files/1788430760414_Black_Denim_Jacket.jpg on this server
    at D:\photo\store_uiux_polished\v1\backend\server.js:110:8
    at Layer.handleRequest (D:\photo\store_uiux_polished\v1\backend\node_modules\router\lib\layer.js:152:17)
    at trimPrefix (D:\photo\store_uiux_polished\v1\backend\node_modules\router\index.js:342:13)
    at D:\photo\store_uiux_polished\v1\backend\node_modules\router\index.js:297:9
    at processParams (D:\photo\store_uiux_polished\v1\backend\node_modules\router\index.js:582:12)
    at next (D:\photo\store_uiux_polished\v1\backend\node_modules\router\index.js:291:5)
    at SendStream.error (D:\photo\store_uiux_polished\v1\backend\node_modules\serve-static\index.js:120:7)
    at SendStream.emit (node:events:509:20)
    at SendStream.error (D:\photo\store_uiux_polished\v1\backend\node_modules\send\index.js:168:17)
    at SendStream.onStatError (D:\photo\store_uiux_polished\v1\backend\node_modules\send\index.js:315:12) 
09-09-2026 00:07:35 | ERROR | Error found | 404 | GET /files/1788542750602_men-category.jpg : Can't find /files/1788542750602_men-category.jpg on this server | user: guest 
Error: Can't find /files/1788542750602_men-category.jpg on this server
    at D:\photo\store_uiux_polished\v1\backend\server.js:110:8
    at Layer.handleRequest (D:\photo\store_uiux_polished\v1\backend\node_modules\router\lib\layer.js:152:17)
    at trimPrefix (D:\photo\store_uiux_polished\v1\backend\node_modules\router\index.js:342:13)
    at D:\photo\store_uiux_polished\v1\backend\node_modules\router\index.js:297:9
    at processParams (D:\photo\store_uiux_polished\v1\backend\node_modules\router\index.js:582:12)
    at next (D:\photo\store_uiux_polished\v1\backend\node_modules\router\index.js:291:5)
    at SendStream.error (D:\photo\store_uiux_polished\v1\backend\node_modules\serve-static\index.js:120:7)
    at SendStream.emit (node:events:509:20)
    at SendStream.error (D:\photo\store_uiux_polished\v1\backend\node_modules\send\index.js:168:17)
    at SendStream.onStatError (D:\photo\store_uiux_polished\v1\backend\node_modules\send\index.js:315:12) 
09-09-2026 00:07:35 | ERROR | Error found | 404 | GET /files/1788430760414_Black_Denim_Jacket.jpg : Can't find /files/1788430760414_Black_Denim_Jacket.jpg on this server | user: guest 
Error: Can't find /files/1788430760414_Black_Denim_Jacket.jpg on this server
    at D:\photo\store_uiux_polished\v1\backend\server.js:110:8
    at Layer.handleRequest (D:\photo\store_uiux_polished\v1\backend\node_modules\router\lib\layer.js:152:17)
    at trimPrefix (D:\photo\store_uiux_polished\v1\backend\node_modules\router\index.js:342:13)
    at D:\photo\store_uiux_polished\v1\backend\node_modules\router\index.js:297:9
    at processParams (D:\photo\store_uiux_polished\v1\backend\node_modules\router\index.js:582:12)
    at next (D:\photo\store_uiux_polished\v1\backend\node_modules\router\index.js:291:5)
    at SendStream.error (D:\photo\store_uiux_polished\v1\backend\node_modules\serve-static\index.js:120:7)
    at SendStream.emit (node:events:509:20)
    at SendStream.error (D:\photo\store_uiux_polished\v1\backend\node_modules\send\index.js:168:17)
    at SendStream.onStatError (D:\photo\store_uiux_polished\v1\backend\node_modules\send\index.js:315:12) 
09-09-2026 00:10:20 | ERROR | Error found | 404 | GET /api/v1/products/category/men%D8%B3 : Category not found | user: guest 
Error: Category not found
    at D:\photo\store_uiux_polished\v1\backend\controllers\product.controller.js:294:17
    at process.processTicksAndRejections (node:internal/process/task_queues:104:5) 
09-09-2026 00:10:28 | ERROR | Error found | 404 | GET /api/v1/products/category/men%D8%B8%D8%A9 : Category not found | user: guest 
Error: Category not found
    at D:\photo\store_uiux_polished\v1\backend\controllers\product.controller.js:294:17
    at process.processTicksAndRejections (node:internal/process/task_queues:104:5) 
09-09-2026 00:22:18 | ERROR | Error found | 404 | GET /files/1788430760414_Black_Denim_Jacket.jpg : Can't find /files/1788430760414_Black_Denim_Jacket.jpg on this server | user: guest 
Error: Can't find /files/1788430760414_Black_Denim_Jacket.jpg on this server
    at D:\photo\store_uiux_polished\v1\backend\server.js:110:8
    at Layer.handleRequest (D:\photo\store_uiux_polished\v1\backend\node_modules\router\lib\layer.js:152:17)
    at trimPrefix (D:\photo\store_uiux_polished\v1\backend\node_modules\router\index.js:342:13)
    at D:\photo\store_uiux_polished\v1\backend\node_modules\router\index.js:297:9
    at processParams (D:\photo\store_uiux_polished\v1\backend\node_modules\router\index.js:582:12)
    at next (D:\photo\store_uiux_polished\v1\backend\node_modules\router\index.js:291:5)
    at SendStream.error (D:\photo\store_uiux_polished\v1\backend\node_modules\serve-static\index.js:120:7)
    at SendStream.emit (node:events:509:20)
    at SendStream.error (D:\photo\store_uiux_polished\v1\backend\node_modules\send\index.js:168:17)
    at SendStream.onStatError (D:\photo\store_uiux_polished\v1\backend\node_modules\send\index.js:315:12) 
09-09-2026 00:22:18 | ERROR | Error found | 404 | GET /files/1788542750602_men-category.jpg : Can't find /files/1788542750602_men-category.jpg on this server | user: guest 
Error: Can't find /files/1788542750602_men-category.jpg on this server
    at D:\photo\store_uiux_polished\v1\backend\server.js:110:8
    at Layer.handleRequest (D:\photo\store_uiux_polished\v1\backend\node_modules\router\lib\layer.js:152:17)
    at trimPrefix (D:\photo\store_uiux_polished\v1\backend\node_modules\router\index.js:342:13)
    at D:\photo\store_uiux_polished\v1\backend\node_modules\router\index.js:297:9
    at processParams (D:\photo\store_uiux_polished\v1\backend\node_modules\router\index.js:582:12)
    at next (D:\photo\store_uiux_polished\v1\backend\node_modules\router\index.js:291:5)
    at SendStream.error (D:\photo\store_uiux_polished\v1\backend\node_modules\serve-static\index.js:120:7)
    at SendStream.emit (node:events:509:20)
    at SendStream.error (D:\photo\store_uiux_polished\v1\backend\node_modules\send\index.js:168:17)
    at SendStream.onStatError (D:\photo\store_uiux_polished\v1\backend\node_modules\send\index.js:315:12) 
09-09-2026 00:22:20 | ERROR | Error found | 404 | GET /files/1788542750602_men-category.jpg : Can't find /files/1788542750602_men-category.jpg on this server | user: guest 
Error: Can't find /files/1788542750602_men-category.jpg on this server
    at D:\photo\store_uiux_polished\v1\backend\server.js:110:8
    at Layer.handleRequest (D:\photo\store_uiux_polished\v1\backend\node_modules\router\lib\layer.js:152:17)
    at trimPrefix (D:\photo\store_uiux_polished\v1\backend\node_modules\router\index.js:342:13)
    at D:\photo\store_uiux_polished\v1\backend\node_modules\router\index.js:297:9
    at processParams (D:\photo\store_uiux_polished\v1\backend\node_modules\router\index.js:582:12)
    at next (D:\photo\store_uiux_polished\v1\backend\node_modules\router\index.js:291:5)
    at SendStream.error (D:\photo\store_uiux_polished\v1\backend\node_modules\serve-static\index.js:120:7)
    at SendStream.emit (node:events:509:20)
    at SendStream.error (D:\photo\store_uiux_polished\v1\backend\node_modules\send\index.js:168:17)
    at SendStream.onStatError (D:\photo\store_uiux_polished\v1\backend\node_modules\send\index.js:315:12) 
09-09-2026 00:22:20 | ERROR | Error found | 404 | GET /files/1788430760414_Black_Denim_Jacket.jpg : Can't find /files/1788430760414_Black_Denim_Jacket.jpg on this server | user: guest 
Error: Can't find /files/1788430760414_Black_Denim_Jacket.jpg on this server
    at D:\photo\store_uiux_polished\v1\backend\server.js:110:8
    at Layer.handleRequest (D:\photo\store_uiux_polished\v1\backend\node_modules\router\lib\layer.js:152:17)
    at trimPrefix (D:\photo\store_uiux_polished\v1\backend\node_modules\router\index.js:342:13)
    at D:\photo\store_uiux_polished\v1\backend\node_modules\router\index.js:297:9
    at processParams (D:\photo\store_uiux_polished\v1\backend\node_modules\router\index.js:582:12)
    at next (D:\photo\store_uiux_polished\v1\backend\node_modules\router\index.js:291:5)
    at SendStream.error (D:\photo\store_uiux_polished\v1\backend\node_modules\serve-static\index.js:120:7)
    at SendStream.emit (node:events:509:20)
    at SendStream.error (D:\photo\store_uiux_polished\v1\backend\node_modules\send\index.js:168:17)
    at SendStream.onStatError (D:\photo\store_uiux_polished\v1\backend\node_modules\send\index.js:315:12) 
09-09-2026 00:22:26 | ERROR | Error found | 404 | GET /api/v1/products/category/mendccdfbfgn : Category not found | user: guest 
Error: Category not found
    at D:\photo\store_uiux_polished\v1\backend\controllers\product.controller.js:294:17
    at process.processTicksAndRejections (node:internal/process/task_queues:104:5) 
09-09-2026 10:07:53 | ERROR | Error found | 404 | GET /api/v1/products/category/mendccdfbfgn : Category not found | user: guest 
Error: Category not found
    at D:\photo\store_uiux_polished\v1\backend\controllers\product.controller.js:294:17
    at process.processTicksAndRejections (node:internal/process/task_queues:104:5) 
09-09-2026 10:08:06 | ERROR | Error found | 403 | POST /api/v1/auth/login : Invalid email or password | user: guest 
Error: Invalid email or password
    at D:\photo\store_uiux_polished\v1\backend\controllers\auth.controller.js:104:17 
09-09-2026 10:08:23 | ERROR | Error found | 403 | POST /api/v1/auth/login : Invalid email or password | user: guest 
Error: Invalid email or password
    at D:\photo\store_uiux_polished\v1\backend\controllers\auth.controller.js:104:17 
09-09-2026 10:08:39 | ERROR | Error found | 403 | POST /api/v1/auth/login : Invalid email or password | user: guest 
Error: Invalid email or password
    at D:\photo\store_uiux_polished\v1\backend\controllers\auth.controller.js:104:17 
09-09-2026 10:08:52 | ERROR | Error found | 403 | POST /api/v1/auth/login : Invalid email or password | user: guest 
Error: Invalid email or password
    at D:\photo\store_uiux_polished\v1\backend\controllers\auth.controller.js:104:17 
09-09-2026 10:09:17 | ERROR | Error found | 404 | GET /files/1788430760414_Black_Denim_Jacket.jpg : Can't find /files/1788430760414_Black_Denim_Jacket.jpg on this server | user: guest 
Error: Can't find /files/1788430760414_Black_Denim_Jacket.jpg on this server
    at D:\photo\store_uiux_polished\v1\backend\server.js:110:8
    at Layer.handleRequest (D:\photo\store_uiux_polished\v1\backend\node_modules\router\lib\layer.js:152:17)
    at trimPrefix (D:\photo\store_uiux_polished\v1\backend\node_modules\router\index.js:342:13)
    at D:\photo\store_uiux_polished\v1\backend\node_modules\router\index.js:297:9
    at processParams (D:\photo\store_uiux_polished\v1\backend\node_modules\router\index.js:582:12)
    at next (D:\photo\store_uiux_polished\v1\backend\node_modules\router\index.js:291:5)
    at SendStream.error (D:\photo\store_uiux_polished\v1\backend\node_modules\serve-static\index.js:120:7)
    at SendStream.emit (node:events:509:20)
    at SendStream.error (D:\photo\store_uiux_polished\v1\backend\node_modules\send\index.js:168:17)
    at SendStream.onStatError (D:\photo\store_uiux_polished\v1\backend\node_modules\send\index.js:315:12) 
09-09-2026 10:09:36 | ERROR | Error found | 404 | GET /api/v1/products/category/mendccdfbfgn : Category not found | user: guest 
Error: Category not found
    at D:\photo\store_uiux_polished\v1\backend\controllers\product.controller.js:294:17
    at process.processTicksAndRejections (node:internal/process/task_queues:104:5) 
09-09-2026 10:09:45 | ERROR | Error found | 404 | GET /api/v1/products/category/mendccdfbfgnb : Category not found | user: guest 
Error: Category not found
    at D:\photo\store_uiux_polished\v1\backend\controllers\product.controller.js:294:17
    at process.processTicksAndRejections (node:internal/process/task_queues:104:5) 
09-09-2026 10:10:03 | ERROR | Error found | 404 | GET /files/1788542750602_men-category.jpg : Can't find /files/1788542750602_men-category.jpg on this server | user: guest 
Error: Can't find /files/1788542750602_men-category.jpg on this server
    at D:\photo\store_uiux_polished\v1\backend\server.js:110:8
    at Layer.handleRequest (D:\photo\store_uiux_polished\v1\backend\node_modules\router\lib\layer.js:152:17)
    at trimPrefix (D:\photo\store_uiux_polished\v1\backend\node_modules\router\index.js:342:13)
    at D:\photo\store_uiux_polished\v1\backend\node_modules\router\index.js:297:9
    at processParams (D:\photo\store_uiux_polished\v1\backend\node_modules\router\index.js:582:12)
    at next (D:\photo\store_uiux_polished\v1\backend\node_modules\router\index.js:291:5)
    at SendStream.error (D:\photo\store_uiux_polished\v1\backend\node_modules\serve-static\index.js:120:7)
    at SendStream.emit (node:events:509:20)
    at SendStream.error (D:\photo\store_uiux_polished\v1\backend\node_modules\send\index.js:168:17)
    at SendStream.onStatError (D:\photo\store_uiux_polished\v1\backend\node_modules\send\index.js:315:12) 
09-09-2026 10:10:03 | ERROR | Error found | 404 | GET /files/1788430760414_Black_Denim_Jacket.jpg : Can't find /files/1788430760414_Black_Denim_Jacket.jpg on this server | user: guest 
Error: Can't find /files/1788430760414_Black_Denim_Jacket.jpg on this server
    at D:\photo\store_uiux_polished\v1\backend\server.js:110:8
    at Layer.handleRequest (D:\photo\store_uiux_polished\v1\backend\node_modules\router\lib\layer.js:152:17)
    at trimPrefix (D:\photo\store_uiux_polished\v1\backend\node_modules\router\index.js:342:13)
    at D:\photo\store_uiux_polished\v1\backend\node_modules\router\index.js:297:9
    at processParams (D:\photo\store_uiux_polished\v1\backend\node_modules\router\index.js:582:12)
    at next (D:\photo\store_uiux_polished\v1\backend\node_modules\router\index.js:291:5)
    at SendStream.error (D:\photo\store_uiux_polished\v1\backend\node_modules\serve-static\index.js:120:7)
    at SendStream.emit (node:events:509:20)
    at SendStream.error (D:\photo\store_uiux_polished\v1\backend\node_modules\send\index.js:168:17)
    at SendStream.onStatError (D:\photo\store_uiux_polished\v1\backend\node_modules\send\index.js:315:12) 
09-09-2026 10:13:43 | ERROR | Error found | 404 | GET /files/1788542750602_men-category.jpg : Can't find /files/1788542750602_men-category.jpg on this server | user: guest 
Error: Can't find /files/1788542750602_men-category.jpg on this server
    at D:\photo\store_uiux_polished\v1\backend\server.js:110:8
    at Layer.handleRequest (D:\photo\store_uiux_polished\v1\backend\node_modules\router\lib\layer.js:152:17)
    at trimPrefix (D:\photo\store_uiux_polished\v1\backend\node_modules\router\index.js:342:13)
    at D:\photo\store_uiux_polished\v1\backend\node_modules\router\index.js:297:9
    at processParams (D:\photo\store_uiux_polished\v1\backend\node_modules\router\index.js:582:12)
    at next (D:\photo\store_uiux_polished\v1\backend\node_modules\router\index.js:291:5)
    at SendStream.error (D:\photo\store_uiux_polished\v1\backend\node_modules\serve-static\index.js:120:7)
    at SendStream.emit (node:events:509:20)
    at SendStream.error (D:\photo\store_uiux_polished\v1\backend\node_modules\send\index.js:168:17)
    at SendStream.onStatError (D:\photo\store_uiux_polished\v1\backend\node_modules\send\index.js:315:12) 
09-09-2026 10:13:43 | ERROR | Error found | 404 | GET /files/1788430760414_Black_Denim_Jacket.jpg : Can't find /files/1788430760414_Black_Denim_Jacket.jpg on this server | user: guest 
Error: Can't find /files/1788430760414_Black_Denim_Jacket.jpg on this server
    at D:\photo\store_uiux_polished\v1\backend\server.js:110:8
    at Layer.handleRequest (D:\photo\store_uiux_polished\v1\backend\node_modules\router\lib\layer.js:152:17)
    at trimPrefix (D:\photo\store_uiux_polished\v1\backend\node_modules\router\index.js:342:13)
    at D:\photo\store_uiux_polished\v1\backend\node_modules\router\index.js:297:9
    at processParams (D:\photo\store_uiux_polished\v1\backend\node_modules\router\index.js:582:12)
    at next (D:\photo\store_uiux_polished\v1\backend\node_modules\router\index.js:291:5)
    at SendStream.error (D:\photo\store_uiux_polished\v1\backend\node_modules\serve-static\index.js:120:7)
    at SendStream.emit (node:events:509:20)
    at SendStream.error (D:\photo\store_uiux_polished\v1\backend\node_modules\send\index.js:168:17)
    at SendStream.onStatError (D:\photo\store_uiux_polished\v1\backend\node_modules\send\index.js:315:12) 
09-09-2026 10:14:20 | ERROR | Error found | 404 | GET /files/1788430760414_Black_Denim_Jacket.jpg : Can't find /files/1788430760414_Black_Denim_Jacket.jpg on this server | user: guest 
Error: Can't find /files/1788430760414_Black_Denim_Jacket.jpg on this server
    at D:\photo\store_uiux_polished\v1\backend\server.js:110:8
    at Layer.handleRequest (D:\photo\store_uiux_polished\v1\backend\node_modules\router\lib\layer.js:152:17)
    at trimPrefix (D:\photo\store_uiux_polished\v1\backend\node_modules\router\index.js:342:13)
    at D:\photo\store_uiux_polished\v1\backend\node_modules\router\index.js:297:9
    at processParams (D:\photo\store_uiux_polished\v1\backend\node_modules\router\index.js:582:12)
    at next (D:\photo\store_uiux_polished\v1\backend\node_modules\router\index.js:291:5)
    at SendStream.error (D:\photo\store_uiux_polished\v1\backend\node_modules\serve-static\index.js:120:7)
    at SendStream.emit (node:events:509:20)
    at SendStream.error (D:\photo\store_uiux_polished\v1\backend\node_modules\send\index.js:168:17)
    at SendStream.onStatError (D:\photo\store_uiux_polished\v1\backend\node_modules\send\index.js:315:12) 
09-09-2026 10:14:20 | ERROR | Error found | 404 | GET /files/1788542750602_men-category.jpg : Can't find /files/1788542750602_men-category.jpg on this server | user: guest 
Error: Can't find /files/1788542750602_men-category.jpg on this server
    at D:\photo\store_uiux_polished\v1\backend\server.js:110:8
    at Layer.handleRequest (D:\photo\store_uiux_polished\v1\backend\node_modules\router\lib\layer.js:152:17)
    at trimPrefix (D:\photo\store_uiux_polished\v1\backend\node_modules\router\index.js:342:13)
    at D:\photo\store_uiux_polished\v1\backend\node_modules\router\index.js:297:9
    at processParams (D:\photo\store_uiux_polished\v1\backend\node_modules\router\index.js:582:12)
    at next (D:\photo\store_uiux_polished\v1\backend\node_modules\router\index.js:291:5)
    at SendStream.error (D:\photo\store_uiux_polished\v1\backend\node_modules\serve-static\index.js:120:7)
    at SendStream.emit (node:events:509:20)
    at SendStream.error (D:\photo\store_uiux_polished\v1\backend\node_modules\send\index.js:168:17)
    at SendStream.onStatError (D:\photo\store_uiux_polished\v1\backend\node_modules\send\index.js:315:12) 
09-09-2026 10:14:21 | ERROR | Error found | 404 | GET /files/1788430760414_Black_Denim_Jacket.jpg : Can't find /files/1788430760414_Black_Denim_Jacket.jpg on this server | user: guest 
Error: Can't find /files/1788430760414_Black_Denim_Jacket.jpg on this server
    at D:\photo\store_uiux_polished\v1\backend\server.js:110:8
    at Layer.handleRequest (D:\photo\store_uiux_polished\v1\backend\node_modules\router\lib\layer.js:152:17)
    at trimPrefix (D:\photo\store_uiux_polished\v1\backend\node_modules\router\index.js:342:13)
    at D:\photo\store_uiux_polished\v1\backend\node_modules\router\index.js:297:9
    at processParams (D:\photo\store_uiux_polished\v1\backend\node_modules\router\index.js:582:12)
    at next (D:\photo\store_uiux_polished\v1\backend\node_modules\router\index.js:291:5)
    at SendStream.error (D:\photo\store_uiux_polished\v1\backend\node_modules\serve-static\index.js:120:7)
    at SendStream.emit (node:events:509:20)
    at SendStream.error (D:\photo\store_uiux_polished\v1\backend\node_modules\send\index.js:168:17)
    at SendStream.onStatError (D:\photo\store_uiux_polished\v1\backend\node_modules\send\index.js:315:12) 
09-09-2026 10:14:21 | ERROR | Error found | 404 | GET /files/1788430760414_Black_Denim_Jacket.jpg : Can't find /files/1788430760414_Black_Denim_Jacket.jpg on this server | user: guest 
Error: Can't find /files/1788430760414_Black_Denim_Jacket.jpg on this server
    at D:\photo\store_uiux_polished\v1\backend\server.js:110:8
    at Layer.handleRequest (D:\photo\store_uiux_polished\v1\backend\node_modules\router\lib\layer.js:152:17)
    at trimPrefix (D:\photo\store_uiux_polished\v1\backend\node_modules\router\index.js:342:13)
    at D:\photo\store_uiux_polished\v1\backend\node_modules\router\index.js:297:9
    at processParams (D:\photo\store_uiux_polished\v1\backend\node_modules\router\index.js:582:12)
    at next (D:\photo\store_uiux_polished\v1\backend\node_modules\router\index.js:291:5)
    at SendStream.error (D:\photo\store_uiux_polished\v1\backend\node_modules\serve-static\index.js:120:7)
    at SendStream.emit (node:events:509:20)
    at SendStream.error (D:\photo\store_uiux_polished\v1\backend\node_modules\send\index.js:168:17)
    at SendStream.onStatError (D:\photo\store_uiux_polished\v1\backend\node_modules\send\index.js:315:12) 
09-09-2026 10:14:21 | ERROR | Error found | 404 | GET /files/1788542750602_men-category.jpg : Can't find /files/1788542750602_men-category.jpg on this server | user: guest 
Error: Can't find /files/1788542750602_men-category.jpg on this server
    at D:\photo\store_uiux_polished\v1\backend\server.js:110:8
    at Layer.handleRequest (D:\photo\store_uiux_polished\v1\backend\node_modules\router\lib\layer.js:152:17)
    at trimPrefix (D:\photo\store_uiux_polished\v1\backend\node_modules\router\index.js:342:13)
    at D:\photo\store_uiux_polished\v1\backend\node_modules\router\index.js:297:9
    at processParams (D:\photo\store_uiux_polished\v1\backend\node_modules\router\index.js:582:12)
    at next (D:\photo\store_uiux_polished\v1\backend\node_modules\router\index.js:291:5)
    at SendStream.error (D:\photo\store_uiux_polished\v1\backend\node_modules\serve-static\index.js:120:7)
    at SendStream.emit (node:events:509:20)
    at SendStream.error (D:\photo\store_uiux_polished\v1\backend\node_modules\send\index.js:168:17)
    at SendStream.onStatError (D:\photo\store_uiux_polished\v1\backend\node_modules\send\index.js:315:12) 
09-09-2026 10:14:24 | ERROR | Error found | 404 | GET /files/1788542750602_men-category.jpg : Can't find /files/1788542750602_men-category.jpg on this server | user: guest 
Error: Can't find /files/1788542750602_men-category.jpg on this server
    at D:\photo\store_uiux_polished\v1\backend\server.js:110:8
    at Layer.handleRequest (D:\photo\store_uiux_polished\v1\backend\node_modules\router\lib\layer.js:152:17)
    at trimPrefix (D:\photo\store_uiux_polished\v1\backend\node_modules\router\index.js:342:13)
    at D:\photo\store_uiux_polished\v1\backend\node_modules\router\index.js:297:9
    at processParams (D:\photo\store_uiux_polished\v1\backend\node_modules\router\index.js:582:12)
    at next (D:\photo\store_uiux_polished\v1\backend\node_modules\router\index.js:291:5)
    at SendStream.error (D:\photo\store_uiux_polished\v1\backend\node_modules\serve-static\index.js:120:7)
    at SendStream.emit (node:events:509:20)
    at SendStream.error (D:\photo\store_uiux_polished\v1\backend\node_modules\send\index.js:168:17)
    at SendStream.onStatError (D:\photo\store_uiux_polished\v1\backend\node_modules\send\index.js:315:12) 
09-09-2026 10:14:42 | ERROR | Error found | 404 | GET /files/1788542750602_men-category.jpg : Can't find /files/1788542750602_men-category.jpg on this server | user: guest 
Error: Can't find /files/1788542750602_men-category.jpg on this server
    at D:\photo\store_uiux_polished\v1\backend\server.js:110:8
    at Layer.handleRequest (D:\photo\store_uiux_polished\v1\backend\node_modules\router\lib\layer.js:152:17)
    at trimPrefix (D:\photo\store_uiux_polished\v1\backend\node_modules\router\index.js:342:13)
    at D:\photo\store_uiux_polished\v1\backend\node_modules\router\index.js:297:9
    at processParams (D:\photo\store_uiux_polished\v1\backend\node_modules\router\index.js:582:12)
    at next (D:\photo\store_uiux_polished\v1\backend\node_modules\router\index.js:291:5)
    at SendStream.error (D:\photo\store_uiux_polished\v1\backend\node_modules\serve-static\index.js:120:7)
    at SendStream.emit (node:events:509:20)
    at SendStream.error (D:\photo\store_uiux_polished\v1\backend\node_modules\send\index.js:168:17)
    at SendStream.onStatError (D:\photo\store_uiux_polished\v1\backend\node_modules\send\index.js:315:12) 
09-09-2026 10:14:42 | ERROR | Error found | 404 | GET /files/1788430760414_Black_Denim_Jacket.jpg : Can't find /files/1788430760414_Black_Denim_Jacket.jpg on this server | user: guest 
Error: Can't find /files/1788430760414_Black_Denim_Jacket.jpg on this server
    at D:\photo\store_uiux_polished\v1\backend\server.js:110:8
    at Layer.handleRequest (D:\photo\store_uiux_polished\v1\backend\node_modules\router\lib\layer.js:152:17)
    at trimPrefix (D:\photo\store_uiux_polished\v1\backend\node_modules\router\index.js:342:13)
    at D:\photo\store_uiux_polished\v1\backend\node_modules\router\index.js:297:9
    at processParams (D:\photo\store_uiux_polished\v1\backend\node_modules\router\index.js:582:12)
    at next (D:\photo\store_uiux_polished\v1\backend\node_modules\router\index.js:291:5)
    at SendStream.error (D:\photo\store_uiux_polished\v1\backend\node_modules\serve-static\index.js:120:7)
    at SendStream.emit (node:events:509:20)
    at SendStream.error (D:\photo\store_uiux_polished\v1\backend\node_modules\send\index.js:168:17)
    at SendStream.onStatError (D:\photo\store_uiux_polished\v1\backend\node_modules\send\index.js:315:12) 
09-09-2026 10:14:59 | ERROR | Error found | 404 | GET /files/1788430760414_Black_Denim_Jacket.jpg : Can't find /files/1788430760414_Black_Denim_Jacket.jpg on this server | user: guest 
Error: Can't find /files/1788430760414_Black_Denim_Jacket.jpg on this server
    at D:\photo\store_uiux_polished\v1\backend\server.js:110:8
    at Layer.handleRequest (D:\photo\store_uiux_polished\v1\backend\node_modules\router\lib\layer.js:152:17)
    at trimPrefix (D:\photo\store_uiux_polished\v1\backend\node_modules\router\index.js:342:13)
    at D:\photo\store_uiux_polished\v1\backend\node_modules\router\index.js:297:9
    at processParams (D:\photo\store_uiux_polished\v1\backend\node_modules\router\index.js:582:12)
    at next (D:\photo\store_uiux_polished\v1\backend\node_modules\router\index.js:291:5)
    at SendStream.error (D:\photo\store_uiux_polished\v1\backend\node_modules\serve-static\index.js:120:7)
    at SendStream.emit (node:events:509:20)
    at SendStream.error (D:\photo\store_uiux_polished\v1\backend\node_modules\send\index.js:168:17)
    at SendStream.onStatError (D:\photo\store_uiux_polished\v1\backend\node_modules\send\index.js:315:12) 
09-09-2026 10:14:59 | ERROR | Error found | 404 | GET /files/1788542750602_men-category.jpg : Can't find /files/1788542750602_men-category.jpg on this server | user: guest 
Error: Can't find /files/1788542750602_men-category.jpg on this server
    at D:\photo\store_uiux_polished\v1\backend\server.js:110:8
    at Layer.handleRequest (D:\photo\store_uiux_polished\v1\backend\node_modules\router\lib\layer.js:152:17)
    at trimPrefix (D:\photo\store_uiux_polished\v1\backend\node_modules\router\index.js:342:13)
    at D:\photo\store_uiux_polished\v1\backend\node_modules\router\index.js:297:9
    at processParams (D:\photo\store_uiux_polished\v1\backend\node_modules\router\index.js:582:12)
    at next (D:\photo\store_uiux_polished\v1\backend\node_modules\router\index.js:291:5)
    at SendStream.error (D:\photo\store_uiux_polished\v1\backend\node_modules\serve-static\index.js:120:7)
    at SendStream.emit (node:events:509:20)
    at SendStream.error (D:\photo\store_uiux_polished\v1\backend\node_modules\send\index.js:168:17)
    at SendStream.onStatError (D:\photo\store_uiux_polished\v1\backend\node_modules\send\index.js:315:12) 
09-09-2026 10:15:08 | ERROR | Error found | 404 | GET /files/1788430760414_Black_Denim_Jacket.jpg : Can't find /files/1788430760414_Black_Denim_Jacket.jpg on this server | user: guest 
Error: Can't find /files/1788430760414_Black_Denim_Jacket.jpg on this server
    at D:\photo\store_uiux_polished\v1\backend\server.js:110:8
    at Layer.handleRequest (D:\photo\store_uiux_polished\v1\backend\node_modules\router\lib\layer.js:152:17)
    at trimPrefix (D:\photo\store_uiux_polished\v1\backend\node_modules\router\index.js:342:13)
    at D:\photo\store_uiux_polished\v1\backend\node_modules\router\index.js:297:9
    at processParams (D:\photo\store_uiux_polished\v1\backend\node_modules\router\index.js:582:12)
    at next (D:\photo\store_uiux_polished\v1\backend\node_modules\router\index.js:291:5)
    at SendStream.error (D:\photo\store_uiux_polished\v1\backend\node_modules\serve-static\index.js:120:7)
    at SendStream.emit (node:events:509:20)
    at SendStream.error (D:\photo\store_uiux_polished\v1\backend\node_modules\send\index.js:168:17)
    at SendStream.onStatError (D:\photo\store_uiux_polished\v1\backend\node_modules\send\index.js:315:12) 
09-09-2026 10:15:08 | ERROR | Error found | 404 | GET /files/1788542750602_men-category.jpg : Can't find /files/1788542750602_men-category.jpg on this server | user: guest 
Error: Can't find /files/1788542750602_men-category.jpg on this server
    at D:\photo\store_uiux_polished\v1\backend\server.js:110:8
    at Layer.handleRequest (D:\photo\store_uiux_polished\v1\backend\node_modules\router\lib\layer.js:152:17)
    at trimPrefix (D:\photo\store_uiux_polished\v1\backend\node_modules\router\index.js:342:13)
    at D:\photo\store_uiux_polished\v1\backend\node_modules\router\index.js:297:9
    at processParams (D:\photo\store_uiux_polished\v1\backend\node_modules\router\index.js:582:12)
    at next (D:\photo\store_uiux_polished\v1\backend\node_modules\router\index.js:291:5)
    at SendStream.error (D:\photo\store_uiux_polished\v1\backend\node_modules\serve-static\index.js:120:7)
    at SendStream.emit (node:events:509:20)
    at SendStream.error (D:\photo\store_uiux_polished\v1\backend\node_modules\send\index.js:168:17)
    at SendStream.onStatError (D:\photo\store_uiux_polished\v1\backend\node_modules\send\index.js:315:12) 
09-09-2026 10:25:13 | ERROR | Error found | 404 | GET /files/1788430760414_Black_Denim_Jacket.jpg : Can't find /files/1788430760414_Black_Denim_Jacket.jpg on this server | user: guest 
Error: Can't find /files/1788430760414_Black_Denim_Jacket.jpg on this server
    at D:\photo\store_uiux_polished\v1\backend\server.js:110:8
    at Layer.handleRequest (D:\photo\store_uiux_polished\v1\backend\node_modules\router\lib\layer.js:152:17)
    at trimPrefix (D:\photo\store_uiux_polished\v1\backend\node_modules\router\index.js:342:13)
    at D:\photo\store_uiux_polished\v1\backend\node_modules\router\index.js:297:9
    at processParams (D:\photo\store_uiux_polished\v1\backend\node_modules\router\index.js:582:12)
    at next (D:\photo\store_uiux_polished\v1\backend\node_modules\router\index.js:291:5)
    at SendStream.error (D:\photo\store_uiux_polished\v1\backend\node_modules\serve-static\index.js:120:7)
    at SendStream.emit (node:events:509:20)
    at SendStream.error (D:\photo\store_uiux_polished\v1\backend\node_modules\send\index.js:168:17)
    at SendStream.onStatError (D:\photo\store_uiux_polished\v1\backend\node_modules\send\index.js:315:12) 
09-09-2026 10:25:13 | ERROR | Error found | 404 | GET /files/1788542750602_men-category.jpg : Can't find /files/1788542750602_men-category.jpg on this server | user: guest 
Error: Can't find /files/1788542750602_men-category.jpg on this server
    at D:\photo\store_uiux_polished\v1\backend\server.js:110:8
    at Layer.handleRequest (D:\photo\store_uiux_polished\v1\backend\node_modules\router\lib\layer.js:152:17)
    at trimPrefix (D:\photo\store_uiux_polished\v1\backend\node_modules\router\index.js:342:13)
    at D:\photo\store_uiux_polished\v1\backend\node_modules\router\index.js:297:9
    at processParams (D:\photo\store_uiux_polished\v1\backend\node_modules\router\index.js:582:12)
    at next (D:\photo\store_uiux_polished\v1\backend\node_modules\router\index.js:291:5)
    at SendStream.error (D:\photo\store_uiux_polished\v1\backend\node_modules\serve-static\index.js:120:7)
    at SendStream.emit (node:events:509:20)
    at SendStream.error (D:\photo\store_uiux_polished\v1\backend\node_modules\send\index.js:168:17)
    at SendStream.onStatError (D:\photo\store_uiux_polished\v1\backend\node_modules\send\index.js:315:12) 
09-09-2026 10:25:13 | ERROR | Error found | 404 | GET /files/1788430760414_Black_Denim_Jacket.jpg : Can't find /files/1788430760414_Black_Denim_Jacket.jpg on this server | user: guest 
Error: Can't find /files/1788430760414_Black_Denim_Jacket.jpg on this server
    at D:\photo\store_uiux_polished\v1\backend\server.js:110:8
    at Layer.handleRequest (D:\photo\store_uiux_polished\v1\backend\node_modules\router\lib\layer.js:152:17)
    at trimPrefix (D:\photo\store_uiux_polished\v1\backend\node_modules\router\index.js:342:13)
    at D:\photo\store_uiux_polished\v1\backend\node_modules\router\index.js:297:9
    at processParams (D:\photo\store_uiux_polished\v1\backend\node_modules\router\index.js:582:12)
    at next (D:\photo\store_uiux_polished\v1\backend\node_modules\router\index.js:291:5)
    at SendStream.error (D:\photo\store_uiux_polished\v1\backend\node_modules\serve-static\index.js:120:7)
    at SendStream.emit (node:events:509:20)
    at SendStream.error (D:\photo\store_uiux_polished\v1\backend\node_modules\send\index.js:168:17)
    at SendStream.onStatError (D:\photo\store_uiux_polished\v1\backend\node_modules\send\index.js:315:12) 
09-09-2026 10:25:14 | ERROR | Error found | 404 | GET /files/1788430760414_Black_Denim_Jacket.jpg : Can't find /files/1788430760414_Black_Denim_Jacket.jpg on this server | user: guest 
Error: Can't find /files/1788430760414_Black_Denim_Jacket.jpg on this server
    at D:\photo\store_uiux_polished\v1\backend\server.js:110:8
    at Layer.handleRequest (D:\photo\store_uiux_polished\v1\backend\node_modules\router\lib\layer.js:152:17)
    at trimPrefix (D:\photo\store_uiux_polished\v1\backend\node_modules\router\index.js:342:13)
    at D:\photo\store_uiux_polished\v1\backend\node_modules\router\index.js:297:9
    at processParams (D:\photo\store_uiux_polished\v1\backend\node_modules\router\index.js:582:12)
    at next (D:\photo\store_uiux_polished\v1\backend\node_modules\router\index.js:291:5)
    at SendStream.error (D:\photo\store_uiux_polished\v1\backend\node_modules\serve-static\index.js:120:7)
    at SendStream.emit (node:events:509:20)
    at SendStream.error (D:\photo\store_uiux_polished\v1\backend\node_modules\send\index.js:168:17)
    at SendStream.onStatError (D:\photo\store_uiux_polished\v1\backend\node_modules\send\index.js:315:12) 
09-09-2026 10:25:14 | ERROR | Error found | 404 | GET /files/1788542750602_men-category.jpg : Can't find /files/1788542750602_men-category.jpg on this server | user: guest 
Error: Can't find /files/1788542750602_men-category.jpg on this server
    at D:\photo\store_uiux_polished\v1\backend\server.js:110:8
    at Layer.handleRequest (D:\photo\store_uiux_polished\v1\backend\node_modules\router\lib\layer.js:152:17)
    at trimPrefix (D:\photo\store_uiux_polished\v1\backend\node_modules\router\index.js:342:13)
    at D:\photo\store_uiux_polished\v1\backend\node_modules\router\index.js:297:9
    at processParams (D:\photo\store_uiux_polished\v1\backend\node_modules\router\index.js:582:12)
    at next (D:\photo\store_uiux_polished\v1\backend\node_modules\router\index.js:291:5)
    at SendStream.error (D:\photo\store_uiux_polished\v1\backend\node_modules\serve-static\index.js:120:7)
    at SendStream.emit (node:events:509:20)
    at SendStream.error (D:\photo\store_uiux_polished\v1\backend\node_modules\send\index.js:168:17)
    at SendStream.onStatError (D:\photo\store_uiux_polished\v1\backend\node_modules\send\index.js:315:12) 
09-09-2026 10:32:48 | ERROR | Error found | 404 | GET /files/1788430760414_Black_Denim_Jacket.jpg : Can't find /files/1788430760414_Black_Denim_Jacket.jpg on this server | user: guest 
Error: Can't find /files/1788430760414_Black_Denim_Jacket.jpg on this server
    at D:\photo\store_uiux_polished\v1\backend\server.js:110:8
    at Layer.handleRequest (D:\photo\store_uiux_polished\v1\backend\node_modules\router\lib\layer.js:152:17)
    at trimPrefix (D:\photo\store_uiux_polished\v1\backend\node_modules\router\index.js:342:13)
    at D:\photo\store_uiux_polished\v1\backend\node_modules\router\index.js:297:9
    at processParams (D:\photo\store_uiux_polished\v1\backend\node_modules\router\index.js:582:12)
    at next (D:\photo\store_uiux_polished\v1\backend\node_modules\router\index.js:291:5)
    at SendStream.error (D:\photo\store_uiux_polished\v1\backend\node_modules\serve-static\index.js:120:7)
    at SendStream.emit (node:events:509:20)
    at SendStream.error (D:\photo\store_uiux_polished\v1\backend\node_modules\send\index.js:168:17)
    at SendStream.onStatError (D:\photo\store_uiux_polished\v1\backend\node_modules\send\index.js:315:12) 
09-09-2026 10:32:48 | ERROR | Error found | 404 | GET /files/1788542750602_men-category.jpg : Can't find /files/1788542750602_men-category.jpg on this server | user: guest 
Error: Can't find /files/1788542750602_men-category.jpg on this server
    at D:\photo\store_uiux_polished\v1\backend\server.js:110:8
    at Layer.handleRequest (D:\photo\store_uiux_polished\v1\backend\node_modules\router\lib\layer.js:152:17)
    at trimPrefix (D:\photo\store_uiux_polished\v1\backend\node_modules\router\index.js:342:13)
    at D:\photo\store_uiux_polished\v1\backend\node_modules\router\index.js:297:9
    at processParams (D:\photo\store_uiux_polished\v1\backend\node_modules\router\index.js:582:12)
    at next (D:\photo\store_uiux_polished\v1\backend\node_modules\router\index.js:291:5)
    at SendStream.error (D:\photo\store_uiux_polished\v1\backend\node_modules\serve-static\index.js:120:7)
    at SendStream.emit (node:events:509:20)
    at SendStream.error (D:\photo\store_uiux_polished\v1\backend\node_modules\send\index.js:168:17)
    at SendStream.onStatError (D:\photo\store_uiux_polished\v1\backend\node_modules\send\index.js:315:12) 
09-09-2026 10:32:49 | ERROR | Error found | 404 | GET /files/1788430760414_Black_Denim_Jacket.jpg : Can't find /files/1788430760414_Black_Denim_Jacket.jpg on this server | user: guest 
Error: Can't find /files/1788430760414_Black_Denim_Jacket.jpg on this server
    at D:\photo\store_uiux_polished\v1\backend\server.js:110:8
    at Layer.handleRequest (D:\photo\store_uiux_polished\v1\backend\node_modules\router\lib\layer.js:152:17)
    at trimPrefix (D:\photo\store_uiux_polished\v1\backend\node_modules\router\index.js:342:13)
    at D:\photo\store_uiux_polished\v1\backend\node_modules\router\index.js:297:9
    at processParams (D:\photo\store_uiux_polished\v1\backend\node_modules\router\index.js:582:12)
    at next (D:\photo\store_uiux_polished\v1\backend\node_modules\router\index.js:291:5)
    at SendStream.error (D:\photo\store_uiux_polished\v1\backend\node_modules\serve-static\index.js:120:7)
    at SendStream.emit (node:events:509:20)
    at SendStream.error (D:\photo\store_uiux_polished\v1\backend\node_modules\send\index.js:168:17)
    at SendStream.onStatError (D:\photo\store_uiux_polished\v1\backend\node_modules\send\index.js:315:12) 
09-09-2026 10:32:50 | ERROR | Error found | 404 | GET /files/1788430760414_Black_Denim_Jacket.jpg : Can't find /files/1788430760414_Black_Denim_Jacket.jpg on this server | user: guest 
Error: Can't find /files/1788430760414_Black_Denim_Jacket.jpg on this server
    at D:\photo\store_uiux_polished\v1\backend\server.js:110:8
    at Layer.handleRequest (D:\photo\store_uiux_polished\v1\backend\node_modules\router\lib\layer.js:152:17)
    at trimPrefix (D:\photo\store_uiux_polished\v1\backend\node_modules\router\index.js:342:13)
    at D:\photo\store_uiux_polished\v1\backend\node_modules\router\index.js:297:9
    at processParams (D:\photo\store_uiux_polished\v1\backend\node_modules\router\index.js:582:12)
    at next (D:\photo\store_uiux_polished\v1\backend\node_modules\router\index.js:291:5)
    at SendStream.error (D:\photo\store_uiux_polished\v1\backend\node_modules\serve-static\index.js:120:7)
    at SendStream.emit (node:events:509:20)
    at SendStream.error (D:\photo\store_uiux_polished\v1\backend\node_modules\send\index.js:168:17)
    at SendStream.onStatError (D:\photo\store_uiux_polished\v1\backend\node_modules\send\index.js:315:12) 
09-09-2026 10:32:50 | ERROR | Error found | 404 | GET /files/1788542750602_men-category.jpg : Can't find /files/1788542750602_men-category.jpg on this server | user: guest 
Error: Can't find /files/1788542750602_men-category.jpg on this server
    at D:\photo\store_uiux_polished\v1\backend\server.js:110:8
    at Layer.handleRequest (D:\photo\store_uiux_polished\v1\backend\node_modules\router\lib\layer.js:152:17)
    at trimPrefix (D:\photo\store_uiux_polished\v1\backend\node_modules\router\index.js:342:13)
    at D:\photo\store_uiux_polished\v1\backend\node_modules\router\index.js:297:9
    at processParams (D:\photo\store_uiux_polished\v1\backend\node_modules\router\index.js:582:12)
    at next (D:\photo\store_uiux_polished\v1\backend\node_modules\router\index.js:291:5)
    at SendStream.error (D:\photo\store_uiux_polished\v1\backend\node_modules\serve-static\index.js:120:7)
    at SendStream.emit (node:events:509:20)
    at SendStream.error (D:\photo\store_uiux_polished\v1\backend\node_modules\send\index.js:168:17)
    at SendStream.onStatError (D:\photo\store_uiux_polished\v1\backend\node_modules\send\index.js:315:12) 
09-09-2026 10:32:54 | ERROR | Error found | 404 | GET /files/1788542750602_men-category.jpg : Can't find /files/1788542750602_men-category.jpg on this server | user: guest 
Error: Can't find /files/1788542750602_men-category.jpg on this server
    at D:\photo\store_uiux_polished\v1\backend\server.js:110:8
    at Layer.handleRequest (D:\photo\store_uiux_polished\v1\backend\node_modules\router\lib\layer.js:152:17)
    at trimPrefix (D:\photo\store_uiux_polished\v1\backend\node_modules\router\index.js:342:13)
    at D:\photo\store_uiux_polished\v1\backend\node_modules\router\index.js:297:9
    at processParams (D:\photo\store_uiux_polished\v1\backend\node_modules\router\index.js:582:12)
    at next (D:\photo\store_uiux_polished\v1\backend\node_modules\router\index.js:291:5)
    at SendStream.error (D:\photo\store_uiux_polished\v1\backend\node_modules\serve-static\index.js:120:7)
    at SendStream.emit (node:events:509:20)
    at SendStream.error (D:\photo\store_uiux_polished\v1\backend\node_modules\send\index.js:168:17)
    at SendStream.onStatError (D:\photo\store_uiux_polished\v1\backend\node_modules\send\index.js:315:12) 
09-09-2026 10:32:54 | ERROR | Error found | 404 | GET /files/1788430760414_Black_Denim_Jacket.jpg : Can't find /files/1788430760414_Black_Denim_Jacket.jpg on this server | user: guest 
Error: Can't find /files/1788430760414_Black_Denim_Jacket.jpg on this server
    at D:\photo\store_uiux_polished\v1\backend\server.js:110:8
    at Layer.handleRequest (D:\photo\store_uiux_polished\v1\backend\node_modules\router\lib\layer.js:152:17)
    at trimPrefix (D:\photo\store_uiux_polished\v1\backend\node_modules\router\index.js:342:13)
    at D:\photo\store_uiux_polished\v1\backend\node_modules\router\index.js:297:9
    at processParams (D:\photo\store_uiux_polished\v1\backend\node_modules\router\index.js:582:12)
    at next (D:\photo\store_uiux_polished\v1\backend\node_modules\router\index.js:291:5)
    at SendStream.error (D:\photo\store_uiux_polished\v1\backend\node_modules\serve-static\index.js:120:7)
    at SendStream.emit (node:events:509:20)
    at SendStream.error (D:\photo\store_uiux_polished\v1\backend\node_modules\send\index.js:168:17)
    at SendStream.onStatError (D:\photo\store_uiux_polished\v1\backend\node_modules\send\index.js:315:12) 
09-09-2026 10:33:24 | ERROR | Error found | 404 | GET /files/1788430760414_Black_Denim_Jacket.jpg : Can't find /files/1788430760414_Black_Denim_Jacket.jpg on this server | user: guest 
Error: Can't find /files/1788430760414_Black_Denim_Jacket.jpg on this server
    at D:\photo\store_uiux_polished\v1\backend\server.js:110:8
    at Layer.handleRequest (D:\photo\store_uiux_polished\v1\backend\node_modules\router\lib\layer.js:152:17)
    at trimPrefix (D:\photo\store_uiux_polished\v1\backend\node_modules\router\index.js:342:13)
    at D:\photo\store_uiux_polished\v1\backend\node_modules\router\index.js:297:9
    at processParams (D:\photo\store_uiux_polished\v1\backend\node_modules\router\index.js:582:12)
    at next (D:\photo\store_uiux_polished\v1\backend\node_modules\router\index.js:291:5)
    at SendStream.error (D:\photo\store_uiux_polished\v1\backend\node_modules\serve-static\index.js:120:7)
    at SendStream.emit (node:events:509:20)
    at SendStream.error (D:\photo\store_uiux_polished\v1\backend\node_modules\send\index.js:168:17)
    at SendStream.onStatError (D:\photo\store_uiux_polished\v1\backend\node_modules\send\index.js:315:12) 
09-09-2026 10:33:24 | ERROR | Error found | 404 | GET /files/1788542750602_men-category.jpg : Can't find /files/1788542750602_men-category.jpg on this server | user: guest 
Error: Can't find /files/1788542750602_men-category.jpg on this server
    at D:\photo\store_uiux_polished\v1\backend\server.js:110:8
    at Layer.handleRequest (D:\photo\store_uiux_polished\v1\backend\node_modules\router\lib\layer.js:152:17)
    at trimPrefix (D:\photo\store_uiux_polished\v1\backend\node_modules\router\index.js:342:13)
    at D:\photo\store_uiux_polished\v1\backend\node_modules\router\index.js:297:9
    at processParams (D:\photo\store_uiux_polished\v1\backend\node_modules\router\index.js:582:12)
    at next (D:\photo\store_uiux_polished\v1\backend\node_modules\router\index.js:291:5)
    at SendStream.error (D:\photo\store_uiux_polished\v1\backend\node_modules\serve-static\index.js:120:7)
    at SendStream.emit (node:events:509:20)
    at SendStream.error (D:\photo\store_uiux_polished\v1\backend\node_modules\send\index.js:168:17)
    at SendStream.onStatError (D:\photo\store_uiux_polished\v1\backend\node_modules\send\index.js:315:12) 
09-09-2026 10:33:24 | ERROR | Error found | 404 | GET /files/1788430760414_Black_Denim_Jacket.jpg : Can't find /files/1788430760414_Black_Denim_Jacket.jpg on this server | user: guest 
Error: Can't find /files/1788430760414_Black_Denim_Jacket.jpg on this server
    at D:\photo\store_uiux_polished\v1\backend\server.js:110:8
    at Layer.handleRequest (D:\photo\store_uiux_polished\v1\backend\node_modules\router\lib\layer.js:152:17)
    at trimPrefix (D:\photo\store_uiux_polished\v1\backend\node_modules\router\index.js:342:13)
    at D:\photo\store_uiux_polished\v1\backend\node_modules\router\index.js:297:9
    at processParams (D:\photo\store_uiux_polished\v1\backend\node_modules\router\index.js:582:12)
    at next (D:\photo\store_uiux_polished\v1\backend\node_modules\router\index.js:291:5)
    at SendStream.error (D:\photo\store_uiux_polished\v1\backend\node_modules\serve-static\index.js:120:7)
    at SendStream.emit (node:events:509:20)
    at SendStream.error (D:\photo\store_uiux_polished\v1\backend\node_modules\send\index.js:168:17)
    at SendStream.onStatError (D:\photo\store_uiux_polished\v1\backend\node_modules\send\index.js:315:12) 
09-09-2026 10:33:24 | ERROR | Error found | 404 | GET /files/1788430760414_Black_Denim_Jacket.jpg : Can't find /files/1788430760414_Black_Denim_Jacket.jpg on this server | user: guest 
Error: Can't find /files/1788430760414_Black_Denim_Jacket.jpg on this server
    at D:\photo\store_uiux_polished\v1\backend\server.js:110:8
    at Layer.handleRequest (D:\photo\store_uiux_polished\v1\backend\node_modules\router\lib\layer.js:152:17)
    at trimPrefix (D:\photo\store_uiux_polished\v1\backend\node_modules\router\index.js:342:13)
    at D:\photo\store_uiux_polished\v1\backend\node_modules\router\index.js:297:9
    at processParams (D:\photo\store_uiux_polished\v1\backend\node_modules\router\index.js:582:12)
    at next (D:\photo\store_uiux_polished\v1\backend\node_modules\router\index.js:291:5)
    at SendStream.error (D:\photo\store_uiux_polished\v1\backend\node_modules\serve-static\index.js:120:7)
    at SendStream.emit (node:events:509:20)
    at SendStream.error (D:\photo\store_uiux_polished\v1\backend\node_modules\send\index.js:168:17)
    at SendStream.onStatError (D:\photo\store_uiux_polished\v1\backend\node_modules\send\index.js:315:12) 
09-09-2026 10:33:24 | ERROR | Error found | 404 | GET /files/1788542750602_men-category.jpg : Can't find /files/1788542750602_men-category.jpg on this server | user: guest 
Error: Can't find /files/1788542750602_men-category.jpg on this server
    at D:\photo\store_uiux_polished\v1\backend\server.js:110:8
    at Layer.handleRequest (D:\photo\store_uiux_polished\v1\backend\node_modules\router\lib\layer.js:152:17)
    at trimPrefix (D:\photo\store_uiux_polished\v1\backend\node_modules\router\index.js:342:13)
    at D:\photo\store_uiux_polished\v1\backend\node_modules\router\index.js:297:9
    at processParams (D:\photo\store_uiux_polished\v1\backend\node_modules\router\index.js:582:12)
    at next (D:\photo\store_uiux_polished\v1\backend\node_modules\router\index.js:291:5)
    at SendStream.error (D:\photo\store_uiux_polished\v1\backend\node_modules\serve-static\index.js:120:7)
    at SendStream.emit (node:events:509:20)
    at SendStream.error (D:\photo\store_uiux_polished\v1\backend\node_modules\send\index.js:168:17)
    at SendStream.onStatError (D:\photo\store_uiux_polished\v1\backend\node_modules\send\index.js:315:12) 
09-09-2026 10:34:33 | ERROR | Error found | 404 | GET /files/1788430760414_Black_Denim_Jacket.jpg : Can't find /files/1788430760414_Black_Denim_Jacket.jpg on this server | user: guest 
Error: Can't find /files/1788430760414_Black_Denim_Jacket.jpg on this server
    at D:\photo\store_uiux_polished\v1\backend\server.js:110:8
    at Layer.handleRequest (D:\photo\store_uiux_polished\v1\backend\node_modules\router\lib\layer.js:152:17)
    at trimPrefix (D:\photo\store_uiux_polished\v1\backend\node_modules\router\index.js:342:13)
    at D:\photo\store_uiux_polished\v1\backend\node_modules\router\index.js:297:9
    at processParams (D:\photo\store_uiux_polished\v1\backend\node_modules\router\index.js:582:12)
    at next (D:\photo\store_uiux_polished\v1\backend\node_modules\router\index.js:291:5)
    at SendStream.error (D:\photo\store_uiux_polished\v1\backend\node_modules\serve-static\index.js:120:7)
    at SendStream.emit (node:events:509:20)
    at SendStream.error (D:\photo\store_uiux_polished\v1\backend\node_modules\send\index.js:168:17)
    at SendStream.onStatError (D:\photo\store_uiux_polished\v1\backend\node_modules\send\index.js:315:12) 
09-09-2026 10:34:33 | ERROR | Error found | 404 | GET /files/1788542750602_men-category.jpg : Can't find /files/1788542750602_men-category.jpg on this server | user: guest 
Error: Can't find /files/1788542750602_men-category.jpg on this server
    at D:\photo\store_uiux_polished\v1\backend\server.js:110:8
    at Layer.handleRequest (D:\photo\store_uiux_polished\v1\backend\node_modules\router\lib\layer.js:152:17)
    at trimPrefix (D:\photo\store_uiux_polished\v1\backend\node_modules\router\index.js:342:13)
    at D:\photo\store_uiux_polished\v1\backend\node_modules\router\index.js:297:9
    at processParams (D:\photo\store_uiux_polished\v1\backend\node_modules\router\index.js:582:12)
    at next (D:\photo\store_uiux_polished\v1\backend\node_modules\router\index.js:291:5)
    at SendStream.error (D:\photo\store_uiux_polished\v1\backend\node_modules\serve-static\index.js:120:7)
    at SendStream.emit (node:events:509:20)
    at SendStream.error (D:\photo\store_uiux_polished\v1\backend\node_modules\send\index.js:168:17)
    at SendStream.onStatError (D:\photo\store_uiux_polished\v1\backend\node_modules\send\index.js:315:12) 
09-09-2026 10:34:43 | ERROR | Error found | 404 | GET /files/1788542750602_men-category.jpg : Can't find /files/1788542750602_men-category.jpg on this server | user: guest 
Error: Can't find /files/1788542750602_men-category.jpg on this server
    at D:\photo\store_uiux_polished\v1\backend\server.js:110:8
    at Layer.handleRequest (D:\photo\store_uiux_polished\v1\backend\node_modules\router\lib\layer.js:152:17)
    at trimPrefix (D:\photo\store_uiux_polished\v1\backend\node_modules\router\index.js:342:13)
    at D:\photo\store_uiux_polished\v1\backend\node_modules\router\index.js:297:9
    at processParams (D:\photo\store_uiux_polished\v1\backend\node_modules\router\index.js:582:12)
    at next (D:\photo\store_uiux_polished\v1\backend\node_modules\router\index.js:291:5)
    at SendStream.error (D:\photo\store_uiux_polished\v1\backend\node_modules\serve-static\index.js:120:7)
    at SendStream.emit (node:events:509:20)
    at SendStream.error (D:\photo\store_uiux_polished\v1\backend\node_modules\send\index.js:168:17)
    at SendStream.onStatError (D:\photo\store_uiux_polished\v1\backend\node_modules\send\index.js:315:12) 
09-09-2026 10:34:43 | ERROR | Error found | 404 | GET /files/1788430760414_Black_Denim_Jacket.jpg : Can't find /files/1788430760414_Black_Denim_Jacket.jpg on this server | user: guest 
Error: Can't find /files/1788430760414_Black_Denim_Jacket.jpg on this server
    at D:\photo\store_uiux_polished\v1\backend\server.js:110:8
    at Layer.handleRequest (D:\photo\store_uiux_polished\v1\backend\node_modules\router\lib\layer.js:152:17)
    at trimPrefix (D:\photo\store_uiux_polished\v1\backend\node_modules\router\index.js:342:13)
    at D:\photo\store_uiux_polished\v1\backend\node_modules\router\index.js:297:9
    at processParams (D:\photo\store_uiux_polished\v1\backend\node_modules\router\index.js:582:12)
    at next (D:\photo\store_uiux_polished\v1\backend\node_modules\router\index.js:291:5)
    at SendStream.error (D:\photo\store_uiux_polished\v1\backend\node_modules\serve-static\index.js:120:7)
    at SendStream.emit (node:events:509:20)
    at SendStream.error (D:\photo\store_uiux_polished\v1\backend\node_modules\send\index.js:168:17)
    at SendStream.onStatError (D:\photo\store_uiux_polished\v1\backend\node_modules\send\index.js:315:12) 
09-09-2026 10:34:47 | ERROR | Error found | 404 | GET /files/1788430760414_Black_Denim_Jacket.jpg : Can't find /files/1788430760414_Black_Denim_Jacket.jpg on this server | user: guest 
Error: Can't find /files/1788430760414_Black_Denim_Jacket.jpg on this server
    at D:\photo\store_uiux_polished\v1\backend\server.js:110:8
    at Layer.handleRequest (D:\photo\store_uiux_polished\v1\backend\node_modules\router\lib\layer.js:152:17)
    at trimPrefix (D:\photo\store_uiux_polished\v1\backend\node_modules\router\index.js:342:13)
    at D:\photo\store_uiux_polished\v1\backend\node_modules\router\index.js:297:9
    at processParams (D:\photo\store_uiux_polished\v1\backend\node_modules\router\index.js:582:12)
    at next (D:\photo\store_uiux_polished\v1\backend\node_modules\router\index.js:291:5)
    at SendStream.error (D:\photo\store_uiux_polished\v1\backend\node_modules\serve-static\index.js:120:7)
    at SendStream.emit (node:events:509:20)
    at SendStream.error (D:\photo\store_uiux_polished\v1\backend\node_modules\send\index.js:168:17)
    at SendStream.onStatError (D:\photo\store_uiux_polished\v1\backend\node_modules\send\index.js:315:12) 
09-09-2026 10:34:47 | ERROR | Error found | 404 | GET /files/1788542750602_men-category.jpg : Can't find /files/1788542750602_men-category.jpg on this server | user: guest 
Error: Can't find /files/1788542750602_men-category.jpg on this server
    at D:\photo\store_uiux_polished\v1\backend\server.js:110:8
    at Layer.handleRequest (D:\photo\store_uiux_polished\v1\backend\node_modules\router\lib\layer.js:152:17)
    at trimPrefix (D:\photo\store_uiux_polished\v1\backend\node_modules\router\index.js:342:13)
    at D:\photo\store_uiux_polished\v1\backend\node_modules\router\index.js:297:9
    at processParams (D:\photo\store_uiux_polished\v1\backend\node_modules\router\index.js:582:12)
    at next (D:\photo\store_uiux_polished\v1\backend\node_modules\router\index.js:291:5)
    at SendStream.error (D:\photo\store_uiux_polished\v1\backend\node_modules\serve-static\index.js:120:7)
    at SendStream.emit (node:events:509:20)
    at SendStream.error (D:\photo\store_uiux_polished\v1\backend\node_modules\send\index.js:168:17)
    at SendStream.onStatError (D:\photo\store_uiux_polished\v1\backend\node_modules\send\index.js:315:12) 
09-09-2026 10:34:47 | ERROR | Error found | 404 | GET /files/1788430760414_Black_Denim_Jacket.jpg : Can't find /files/1788430760414_Black_Denim_Jacket.jpg on this server | user: guest 
Error: Can't find /files/1788430760414_Black_Denim_Jacket.jpg on this server
    at D:\photo\store_uiux_polished\v1\backend\server.js:110:8
    at Layer.handleRequest (D:\photo\store_uiux_polished\v1\backend\node_modules\router\lib\layer.js:152:17)
    at trimPrefix (D:\photo\store_uiux_polished\v1\backend\node_modules\router\index.js:342:13)
    at D:\photo\store_uiux_polished\v1\backend\node_modules\router\index.js:297:9
    at processParams (D:\photo\store_uiux_polished\v1\backend\node_modules\router\index.js:582:12)
    at next (D:\photo\store_uiux_polished\v1\backend\node_modules\router\index.js:291:5)
    at SendStream.error (D:\photo\store_uiux_polished\v1\backend\node_modules\serve-static\index.js:120:7)
    at SendStream.emit (node:events:509:20)
    at SendStream.error (D:\photo\store_uiux_polished\v1\backend\node_modules\send\index.js:168:17)
    at SendStream.onStatError (D:\photo\store_uiux_polished\v1\backend\node_modules\send\index.js:315:12) 
09-09-2026 10:34:48 | ERROR | Error found | 404 | GET /files/1788430760414_Black_Denim_Jacket.jpg : Can't find /files/1788430760414_Black_Denim_Jacket.jpg on this server | user: guest 
Error: Can't find /files/1788430760414_Black_Denim_Jacket.jpg on this server
    at D:\photo\store_uiux_polished\v1\backend\server.js:110:8
    at Layer.handleRequest (D:\photo\store_uiux_polished\v1\backend\node_modules\router\lib\layer.js:152:17)
    at trimPrefix (D:\photo\store_uiux_polished\v1\backend\node_modules\router\index.js:342:13)
    at D:\photo\store_uiux_polished\v1\backend\node_modules\router\index.js:297:9
    at processParams (D:\photo\store_uiux_polished\v1\backend\node_modules\router\index.js:582:12)
    at next (D:\photo\store_uiux_polished\v1\backend\node_modules\router\index.js:291:5)
    at SendStream.error (D:\photo\store_uiux_polished\v1\backend\node_modules\serve-static\index.js:120:7)
    at SendStream.emit (node:events:509:20)
    at SendStream.error (D:\photo\store_uiux_polished\v1\backend\node_modules\send\index.js:168:17)
    at SendStream.onStatError (D:\photo\store_uiux_polished\v1\backend\node_modules\send\index.js:315:12) 
09-09-2026 10:34:48 | ERROR | Error found | 404 | GET /files/1788542750602_men-category.jpg : Can't find /files/1788542750602_men-category.jpg on this server | user: guest 
Error: Can't find /files/1788542750602_men-category.jpg on this server
    at D:\photo\store_uiux_polished\v1\backend\server.js:110:8
    at Layer.handleRequest (D:\photo\store_uiux_polished\v1\backend\node_modules\router\lib\layer.js:152:17)
    at trimPrefix (D:\photo\store_uiux_polished\v1\backend\node_modules\router\index.js:342:13)
    at D:\photo\store_uiux_polished\v1\backend\node_modules\router\index.js:297:9
    at processParams (D:\photo\store_uiux_polished\v1\backend\node_modules\router\index.js:582:12)
    at next (D:\photo\store_uiux_polished\v1\backend\node_modules\router\index.js:291:5)
    at SendStream.error (D:\photo\store_uiux_polished\v1\backend\node_modules\serve-static\index.js:120:7)
    at SendStream.emit (node:events:509:20)
    at SendStream.error (D:\photo\store_uiux_polished\v1\backend\node_modules\send\index.js:168:17)
    at SendStream.onStatError (D:\photo\store_uiux_polished\v1\backend\node_modules\send\index.js:315:12) 
09-09-2026 10:37:18 | ERROR | Error found | 404 | GET /files/1788430760414_Black_Denim_Jacket.jpg : Can't find /files/1788430760414_Black_Denim_Jacket.jpg on this server | user: guest 
Error: Can't find /files/1788430760414_Black_Denim_Jacket.jpg on this server
    at D:\photo\store_uiux_polished\v1\backend\server.js:110:8
    at Layer.handleRequest (D:\photo\store_uiux_polished\v1\backend\node_modules\router\lib\layer.js:152:17)
    at trimPrefix (D:\photo\store_uiux_polished\v1\backend\node_modules\router\index.js:342:13)
    at D:\photo\store_uiux_polished\v1\backend\node_modules\router\index.js:297:9
    at processParams (D:\photo\store_uiux_polished\v1\backend\node_modules\router\index.js:582:12)
    at next (D:\photo\store_uiux_polished\v1\backend\node_modules\router\index.js:291:5)
    at SendStream.error (D:\photo\store_uiux_polished\v1\backend\node_modules\serve-static\index.js:120:7)
    at SendStream.emit (node:events:509:20)
    at SendStream.error (D:\photo\store_uiux_polished\v1\backend\node_modules\send\index.js:168:17)
    at SendStream.onStatError (D:\photo\store_uiux_polished\v1\backend\node_modules\send\index.js:315:12) 
09-09-2026 10:37:18 | ERROR | Error found | 404 | GET /files/1788542750602_men-category.jpg : Can't find /files/1788542750602_men-category.jpg on this server | user: guest 
Error: Can't find /files/1788542750602_men-category.jpg on this server
    at D:\photo\store_uiux_polished\v1\backend\server.js:110:8
    at Layer.handleRequest (D:\photo\store_uiux_polished\v1\backend\node_modules\router\lib\layer.js:152:17)
    at trimPrefix (D:\photo\store_uiux_polished\v1\backend\node_modules\router\index.js:342:13)
    at D:\photo\store_uiux_polished\v1\backend\node_modules\router\index.js:297:9
    at processParams (D:\photo\store_uiux_polished\v1\backend\node_modules\router\index.js:582:12)
    at next (D:\photo\store_uiux_polished\v1\backend\node_modules\router\index.js:291:5)
    at SendStream.error (D:\photo\store_uiux_polished\v1\backend\node_modules\serve-static\index.js:120:7)
    at SendStream.emit (node:events:509:20)
    at SendStream.error (D:\photo\store_uiux_polished\v1\backend\node_modules\send\index.js:168:17)
    at SendStream.onStatError (D:\photo\store_uiux_polished\v1\backend\node_modules\send\index.js:315:12) 
09-09-2026 10:37:18 | ERROR | Error found | 404 | GET /files/1788430760414_Black_Denim_Jacket.jpg : Can't find /files/1788430760414_Black_Denim_Jacket.jpg on this server | user: guest 
Error: Can't find /files/1788430760414_Black_Denim_Jacket.jpg on this server
    at D:\photo\store_uiux_polished\v1\backend\server.js:110:8
    at Layer.handleRequest (D:\photo\store_uiux_polished\v1\backend\node_modules\router\lib\layer.js:152:17)
    at trimPrefix (D:\photo\store_uiux_polished\v1\backend\node_modules\router\index.js:342:13)
    at D:\photo\store_uiux_polished\v1\backend\node_modules\router\index.js:297:9
    at processParams (D:\photo\store_uiux_polished\v1\backend\node_modules\router\index.js:582:12)
    at next (D:\photo\store_uiux_polished\v1\backend\node_modules\router\index.js:291:5)
    at SendStream.error (D:\photo\store_uiux_polished\v1\backend\node_modules\serve-static\index.js:120:7)
    at SendStream.emit (node:events:509:20)
    at SendStream.error (D:\photo\store_uiux_polished\v1\backend\node_modules\send\index.js:168:17)
    at SendStream.onStatError (D:\photo\store_uiux_polished\v1\backend\node_modules\send\index.js:315:12) 
09-09-2026 10:37:18 | ERROR | Error found | 404 | GET /files/1788430760414_Black_Denim_Jacket.jpg : Can't find /files/1788430760414_Black_Denim_Jacket.jpg on this server | user: guest 
Error: Can't find /files/1788430760414_Black_Denim_Jacket.jpg on this server
    at D:\photo\store_uiux_polished\v1\backend\server.js:110:8
    at Layer.handleRequest (D:\photo\store_uiux_polished\v1\backend\node_modules\router\lib\layer.js:152:17)
    at trimPrefix (D:\photo\store_uiux_polished\v1\backend\node_modules\router\index.js:342:13)
    at D:\photo\store_uiux_polished\v1\backend\node_modules\router\index.js:297:9
    at processParams (D:\photo\store_uiux_polished\v1\backend\node_modules\router\index.js:582:12)
    at next (D:\photo\store_uiux_polished\v1\backend\node_modules\router\index.js:291:5)
    at SendStream.error (D:\photo\store_uiux_polished\v1\backend\node_modules\serve-static\index.js:120:7)
    at SendStream.emit (node:events:509:20)
    at SendStream.error (D:\photo\store_uiux_polished\v1\backend\node_modules\send\index.js:168:17)
    at SendStream.onStatError (D:\photo\store_uiux_polished\v1\backend\node_modules\send\index.js:315:12) 
09-09-2026 10:37:18 | ERROR | Error found | 404 | GET /files/1788542750602_men-category.jpg : Can't find /files/1788542750602_men-category.jpg on this server | user: guest 
Error: Can't find /files/1788542750602_men-category.jpg on this server
    at D:\photo\store_uiux_polished\v1\backend\server.js:110:8
    at Layer.handleRequest (D:\photo\store_uiux_polished\v1\backend\node_modules\router\lib\layer.js:152:17)
    at trimPrefix (D:\photo\store_uiux_polished\v1\backend\node_modules\router\index.js:342:13)
    at D:\photo\store_uiux_polished\v1\backend\node_modules\router\index.js:297:9
    at processParams (D:\photo\store_uiux_polished\v1\backend\node_modules\router\index.js:582:12)
    at next (D:\photo\store_uiux_polished\v1\backend\node_modules\router\index.js:291:5)
    at SendStream.error (D:\photo\store_uiux_polished\v1\backend\node_modules\serve-static\index.js:120:7)
    at SendStream.emit (node:events:509:20)
    at SendStream.error (D:\photo\store_uiux_polished\v1\backend\node_modules\send\index.js:168:17)
    at SendStream.onStatError (D:\photo\store_uiux_polished\v1\backend\node_modules\send\index.js:315:12) 
09-09-2026 10:38:16 | ERROR | Error found | 404 | GET /files/1788430760414_Black_Denim_Jacket.jpg : Can't find /files/1788430760414_Black_Denim_Jacket.jpg on this server | user: guest 
Error: Can't find /files/1788430760414_Black_Denim_Jacket.jpg on this server
    at D:\photo\store_uiux_polished\v1\backend\server.js:110:8
    at Layer.handleRequest (D:\photo\store_uiux_polished\v1\backend\node_modules\router\lib\layer.js:152:17)
    at trimPrefix (D:\photo\store_uiux_polished\v1\backend\node_modules\router\index.js:342:13)
    at D:\photo\store_uiux_polished\v1\backend\node_modules\router\index.js:297:9
    at processParams (D:\photo\store_uiux_polished\v1\backend\node_modules\router\index.js:582:12)
    at next (D:\photo\store_uiux_polished\v1\backend\node_modules\router\index.js:291:5)
    at SendStream.error (D:\photo\store_uiux_polished\v1\backend\node_modules\serve-static\index.js:120:7)
    at SendStream.emit (node:events:509:20)
    at SendStream.error (D:\photo\store_uiux_polished\v1\backend\node_modules\send\index.js:168:17)
    at SendStream.onStatError (D:\photo\store_uiux_polished\v1\backend\node_modules\send\index.js:315:12) 
09-09-2026 10:38:16 | ERROR | Error found | 404 | GET /files/1788542750602_men-category.jpg : Can't find /files/1788542750602_men-category.jpg on this server | user: guest 
Error: Can't find /files/1788542750602_men-category.jpg on this server
    at D:\photo\store_uiux_polished\v1\backend\server.js:110:8
    at Layer.handleRequest (D:\photo\store_uiux_polished\v1\backend\node_modules\router\lib\layer.js:152:17)
    at trimPrefix (D:\photo\store_uiux_polished\v1\backend\node_modules\router\index.js:342:13)
    at D:\photo\store_uiux_polished\v1\backend\node_modules\router\index.js:297:9
    at processParams (D:\photo\store_uiux_polished\v1\backend\node_modules\router\index.js:582:12)
    at next (D:\photo\store_uiux_polished\v1\backend\node_modules\router\index.js:291:5)
    at SendStream.error (D:\photo\store_uiux_polished\v1\backend\node_modules\serve-static\index.js:120:7)
    at SendStream.emit (node:events:509:20)
    at SendStream.error (D:\photo\store_uiux_polished\v1\backend\node_modules\send\index.js:168:17)
    at SendStream.onStatError (D:\photo\store_uiux_polished\v1\backend\node_modules\send\index.js:315:12) 
09-09-2026 10:38:16 | ERROR | Error found | 404 | GET /files/1788430760414_Black_Denim_Jacket.jpg : Can't find /files/1788430760414_Black_Denim_Jacket.jpg on this server | user: guest 
Error: Can't find /files/1788430760414_Black_Denim_Jacket.jpg on this server
    at D:\photo\store_uiux_polished\v1\backend\server.js:110:8
    at Layer.handleRequest (D:\photo\store_uiux_polished\v1\backend\node_modules\router\lib\layer.js:152:17)
    at trimPrefix (D:\photo\store_uiux_polished\v1\backend\node_modules\router\index.js:342:13)
    at D:\photo\store_uiux_polished\v1\backend\node_modules\router\index.js:297:9
    at processParams (D:\photo\store_uiux_polished\v1\backend\node_modules\router\index.js:582:12)
    at next (D:\photo\store_uiux_polished\v1\backend\node_modules\router\index.js:291:5)
    at SendStream.error (D:\photo\store_uiux_polished\v1\backend\node_modules\serve-static\index.js:120:7)
    at SendStream.emit (node:events:509:20)
    at SendStream.error (D:\photo\store_uiux_polished\v1\backend\node_modules\send\index.js:168:17)
    at SendStream.onStatError (D:\photo\store_uiux_polished\v1\backend\node_modules\send\index.js:315:12) 
09-09-2026 10:38:16 | ERROR | Error found | 404 | GET /files/1788430760414_Black_Denim_Jacket.jpg : Can't find /files/1788430760414_Black_Denim_Jacket.jpg on this server | user: guest 
Error: Can't find /files/1788430760414_Black_Denim_Jacket.jpg on this server
    at D:\photo\store_uiux_polished\v1\backend\server.js:110:8
    at Layer.handleRequest (D:\photo\store_uiux_polished\v1\backend\node_modules\router\lib\layer.js:152:17)
    at trimPrefix (D:\photo\store_uiux_polished\v1\backend\node_modules\router\index.js:342:13)
    at D:\photo\store_uiux_polished\v1\backend\node_modules\router\index.js:297:9
    at processParams (D:\photo\store_uiux_polished\v1\backend\node_modules\router\index.js:582:12)
    at next (D:\photo\store_uiux_polished\v1\backend\node_modules\router\index.js:291:5)
    at SendStream.error (D:\photo\store_uiux_polished\v1\backend\node_modules\serve-static\index.js:120:7)
    at SendStream.emit (node:events:509:20)
    at SendStream.error (D:\photo\store_uiux_polished\v1\backend\node_modules\send\index.js:168:17)
    at SendStream.onStatError (D:\photo\store_uiux_polished\v1\backend\node_modules\send\index.js:315:12) 
09-09-2026 10:38:17 | ERROR | Error found | 404 | GET /files/1788542750602_men-category.jpg : Can't find /files/1788542750602_men-category.jpg on this server | user: guest 
Error: Can't find /files/1788542750602_men-category.jpg on this server
    at D:\photo\store_uiux_polished\v1\backend\server.js:110:8
    at Layer.handleRequest (D:\photo\store_uiux_polished\v1\backend\node_modules\router\lib\layer.js:152:17)
    at trimPrefix (D:\photo\store_uiux_polished\v1\backend\node_modules\router\index.js:342:13)
    at D:\photo\store_uiux_polished\v1\backend\node_modules\router\index.js:297:9
    at processParams (D:\photo\store_uiux_polished\v1\backend\node_modules\router\index.js:582:12)
    at next (D:\photo\store_uiux_polished\v1\backend\node_modules\router\index.js:291:5)
    at SendStream.error (D:\photo\store_uiux_polished\v1\backend\node_modules\serve-static\index.js:120:7)
    at SendStream.emit (node:events:509:20)
    at SendStream.error (D:\photo\store_uiux_polished\v1\backend\node_modules\send\index.js:168:17)
    at SendStream.onStatError (D:\photo\store_uiux_polished\v1\backend\node_modules\send\index.js:315:12) 
09-09-2026 10:39:22 | ERROR | Error found | 404 | GET /files/1788430760414_Black_Denim_Jacket.jpg : Can't find /files/1788430760414_Black_Denim_Jacket.jpg on this server | user: guest 
Error: Can't find /files/1788430760414_Black_Denim_Jacket.jpg on this server
    at D:\photo\store_uiux_polished\v1\backend\server.js:110:8
    at Layer.handleRequest (D:\photo\store_uiux_polished\v1\backend\node_modules\router\lib\layer.js:152:17)
    at trimPrefix (D:\photo\store_uiux_polished\v1\backend\node_modules\router\index.js:342:13)
    at D:\photo\store_uiux_polished\v1\backend\node_modules\router\index.js:297:9
    at processParams (D:\photo\store_uiux_polished\v1\backend\node_modules\router\index.js:582:12)
    at next (D:\photo\store_uiux_polished\v1\backend\node_modules\router\index.js:291:5)
    at SendStream.error (D:\photo\store_uiux_polished\v1\backend\node_modules\serve-static\index.js:120:7)
    at SendStream.emit (node:events:509:20)
    at SendStream.error (D:\photo\store_uiux_polished\v1\backend\node_modules\send\index.js:168:17)
    at SendStream.onStatError (D:\photo\store_uiux_polished\v1\backend\node_modules\send\index.js:315:12) 
09-09-2026 10:39:22 | ERROR | Error found | 404 | GET /files/1788542750602_men-category.jpg : Can't find /files/1788542750602_men-category.jpg on this server | user: guest 
Error: Can't find /files/1788542750602_men-category.jpg on this server
    at D:\photo\store_uiux_polished\v1\backend\server.js:110:8
    at Layer.handleRequest (D:\photo\store_uiux_polished\v1\backend\node_modules\router\lib\layer.js:152:17)
    at trimPrefix (D:\photo\store_uiux_polished\v1\backend\node_modules\router\index.js:342:13)
    at D:\photo\store_uiux_polished\v1\backend\node_modules\router\index.js:297:9
    at processParams (D:\photo\store_uiux_polished\v1\backend\node_modules\router\index.js:582:12)
    at next (D:\photo\store_uiux_polished\v1\backend\node_modules\router\index.js:291:5)
    at SendStream.error (D:\photo\store_uiux_polished\v1\backend\node_modules\serve-static\index.js:120:7)
    at SendStream.emit (node:events:509:20)
    at SendStream.error (D:\photo\store_uiux_polished\v1\backend\node_modules\send\index.js:168:17)
    at SendStream.onStatError (D:\photo\store_uiux_polished\v1\backend\node_modules\send\index.js:315:12) 
09-09-2026 10:39:22 | ERROR | Error found | 404 | GET /files/1788430760414_Black_Denim_Jacket.jpg : Can't find /files/1788430760414_Black_Denim_Jacket.jpg on this server | user: guest 
Error: Can't find /files/1788430760414_Black_Denim_Jacket.jpg on this server
    at D:\photo\store_uiux_polished\v1\backend\server.js:110:8
    at Layer.handleRequest (D:\photo\store_uiux_polished\v1\backend\node_modules\router\lib\layer.js:152:17)
    at trimPrefix (D:\photo\store_uiux_polished\v1\backend\node_modules\router\index.js:342:13)
    at D:\photo\store_uiux_polished\v1\backend\node_modules\router\index.js:297:9
    at processParams (D:\photo\store_uiux_polished\v1\backend\node_modules\router\index.js:582:12)
    at next (D:\photo\store_uiux_polished\v1\backend\node_modules\router\index.js:291:5)
    at SendStream.error (D:\photo\store_uiux_polished\v1\backend\node_modules\serve-static\index.js:120:7)
    at SendStream.emit (node:events:509:20)
    at SendStream.error (D:\photo\store_uiux_polished\v1\backend\node_modules\send\index.js:168:17)
    at SendStream.onStatError (D:\photo\store_uiux_polished\v1\backend\node_modules\send\index.js:315:12) 
09-09-2026 10:39:23 | ERROR | Error found | 404 | GET /files/1788430760414_Black_Denim_Jacket.jpg : Can't find /files/1788430760414_Black_Denim_Jacket.jpg on this server | user: guest 
Error: Can't find /files/1788430760414_Black_Denim_Jacket.jpg on this server
    at D:\photo\store_uiux_polished\v1\backend\server.js:110:8
    at Layer.handleRequest (D:\photo\store_uiux_polished\v1\backend\node_modules\router\lib\layer.js:152:17)
    at trimPrefix (D:\photo\store_uiux_polished\v1\backend\node_modules\router\index.js:342:13)
    at D:\photo\store_uiux_polished\v1\backend\node_modules\router\index.js:297:9
    at processParams (D:\photo\store_uiux_polished\v1\backend\node_modules\router\index.js:582:12)
    at next (D:\photo\store_uiux_polished\v1\backend\node_modules\router\index.js:291:5)
    at SendStream.error (D:\photo\store_uiux_polished\v1\backend\node_modules\serve-static\index.js:120:7)
    at SendStream.emit (node:events:509:20)
    at SendStream.error (D:\photo\store_uiux_polished\v1\backend\node_modules\send\index.js:168:17)
    at SendStream.onStatError (D:\photo\store_uiux_polished\v1\backend\node_modules\send\index.js:315:12) 
09-09-2026 10:39:23 | ERROR | Error found | 404 | GET /files/1788542750602_men-category.jpg : Can't find /files/1788542750602_men-category.jpg on this server | user: guest 
Error: Can't find /files/1788542750602_men-category.jpg on this server
    at D:\photo\store_uiux_polished\v1\backend\server.js:110:8
    at Layer.handleRequest (D:\photo\store_uiux_polished\v1\backend\node_modules\router\lib\layer.js:152:17)
    at trimPrefix (D:\photo\store_uiux_polished\v1\backend\node_modules\router\index.js:342:13)
    at D:\photo\store_uiux_polished\v1\backend\node_modules\router\index.js:297:9
    at processParams (D:\photo\store_uiux_polished\v1\backend\node_modules\router\index.js:582:12)
    at next (D:\photo\store_uiux_polished\v1\backend\node_modules\router\index.js:291:5)
    at SendStream.error (D:\photo\store_uiux_polished\v1\backend\node_modules\serve-static\index.js:120:7)
    at SendStream.emit (node:events:509:20)
    at SendStream.error (D:\photo\store_uiux_polished\v1\backend\node_modules\send\index.js:168:17)
    at SendStream.onStatError (D:\photo\store_uiux_polished\v1\backend\node_modules\send\index.js:315:12) 
09-09-2026 10:41:18 | ERROR | Error found | 404 | GET /files/1788430760414_Black_Denim_Jacket.jpg : Can't find /files/1788430760414_Black_Denim_Jacket.jpg on this server | user: guest 
Error: Can't find /files/1788430760414_Black_Denim_Jacket.jpg on this server
    at D:\photo\store_uiux_polished\v1\backend\server.js:110:8
    at Layer.handleRequest (D:\photo\store_uiux_polished\v1\backend\node_modules\router\lib\layer.js:152:17)
    at trimPrefix (D:\photo\store_uiux_polished\v1\backend\node_modules\router\index.js:342:13)
    at D:\photo\store_uiux_polished\v1\backend\node_modules\router\index.js:297:9
    at processParams (D:\photo\store_uiux_polished\v1\backend\node_modules\router\index.js:582:12)
    at next (D:\photo\store_uiux_polished\v1\backend\node_modules\router\index.js:291:5)
    at SendStream.error (D:\photo\store_uiux_polished\v1\backend\node_modules\serve-static\index.js:120:7)
    at SendStream.emit (node:events:509:20)
    at SendStream.error (D:\photo\store_uiux_polished\v1\backend\node_modules\send\index.js:168:17)
    at SendStream.onStatError (D:\photo\store_uiux_polished\v1\backend\node_modules\send\index.js:315:12) 
09-09-2026 10:41:18 | ERROR | Error found | 404 | GET /files/1788542750602_men-category.jpg : Can't find /files/1788542750602_men-category.jpg on this server | user: guest 
Error: Can't find /files/1788542750602_men-category.jpg on this server
    at D:\photo\store_uiux_polished\v1\backend\server.js:110:8
    at Layer.handleRequest (D:\photo\store_uiux_polished\v1\backend\node_modules\router\lib\layer.js:152:17)
    at trimPrefix (D:\photo\store_uiux_polished\v1\backend\node_modules\router\index.js:342:13)
    at D:\photo\store_uiux_polished\v1\backend\node_modules\router\index.js:297:9
    at processParams (D:\photo\store_uiux_polished\v1\backend\node_modules\router\index.js:582:12)
    at next (D:\photo\store_uiux_polished\v1\backend\node_modules\router\index.js:291:5)
    at SendStream.error (D:\photo\store_uiux_polished\v1\backend\node_modules\serve-static\index.js:120:7)
    at SendStream.emit (node:events:509:20)
    at SendStream.error (D:\photo\store_uiux_polished\v1\backend\node_modules\send\index.js:168:17)
    at SendStream.onStatError (D:\photo\store_uiux_polished\v1\backend\node_modules\send\index.js:315:12) 
09-09-2026 10:43:11 | ERROR | Error found | 404 | GET /files/1788430760414_Black_Denim_Jacket.jpg : Can't find /files/1788430760414_Black_Denim_Jacket.jpg on this server | user: guest 
Error: Can't find /files/1788430760414_Black_Denim_Jacket.jpg on this server
    at D:\photo\store_uiux_polished\v1\backend\server.js:110:8
    at Layer.handleRequest (D:\photo\store_uiux_polished\v1\backend\node_modules\router\lib\layer.js:152:17)
    at trimPrefix (D:\photo\store_uiux_polished\v1\backend\node_modules\router\index.js:342:13)
    at D:\photo\store_uiux_polished\v1\backend\node_modules\router\index.js:297:9
    at processParams (D:\photo\store_uiux_polished\v1\backend\node_modules\router\index.js:582:12)
    at next (D:\photo\store_uiux_polished\v1\backend\node_modules\router\index.js:291:5)
    at SendStream.error (D:\photo\store_uiux_polished\v1\backend\node_modules\serve-static\index.js:120:7)
    at SendStream.emit (node:events:509:20)
    at SendStream.error (D:\photo\store_uiux_polished\v1\backend\node_modules\send\index.js:168:17)
    at SendStream.onStatError (D:\photo\store_uiux_polished\v1\backend\node_modules\send\index.js:315:12) 
09-09-2026 10:43:11 | ERROR | Error found | 404 | GET /files/1788542750602_men-category.jpg : Can't find /files/1788542750602_men-category.jpg on this server | user: guest 
Error: Can't find /files/1788542750602_men-category.jpg on this server
    at D:\photo\store_uiux_polished\v1\backend\server.js:110:8
    at Layer.handleRequest (D:\photo\store_uiux_polished\v1\backend\node_modules\router\lib\layer.js:152:17)
    at trimPrefix (D:\photo\store_uiux_polished\v1\backend\node_modules\router\index.js:342:13)
    at D:\photo\store_uiux_polished\v1\backend\node_modules\router\index.js:297:9
    at processParams (D:\photo\store_uiux_polished\v1\backend\node_modules\router\index.js:582:12)
    at next (D:\photo\store_uiux_polished\v1\backend\node_modules\router\index.js:291:5)
    at SendStream.error (D:\photo\store_uiux_polished\v1\backend\node_modules\serve-static\index.js:120:7)
    at SendStream.emit (node:events:509:20)
    at SendStream.error (D:\photo\store_uiux_polished\v1\backend\node_modules\send\index.js:168:17)
    at SendStream.onStatError (D:\photo\store_uiux_polished\v1\backend\node_modules\send\index.js:315:12) 
09-09-2026 10:43:22 | ERROR | Error found | 404 | GET /files/1788430760414_Black_Denim_Jacket.jpg : Can't find /files/1788430760414_Black_Denim_Jacket.jpg on this server | user: guest 
Error: Can't find /files/1788430760414_Black_Denim_Jacket.jpg on this server
    at D:\photo\store_uiux_polished\v1\backend\server.js:110:8
    at Layer.handleRequest (D:\photo\store_uiux_polished\v1\backend\node_modules\router\lib\layer.js:152:17)
    at trimPrefix (D:\photo\store_uiux_polished\v1\backend\node_modules\router\index.js:342:13)
    at D:\photo\store_uiux_polished\v1\backend\node_modules\router\index.js:297:9
    at processParams (D:\photo\store_uiux_polished\v1\backend\node_modules\router\index.js:582:12)
    at next (D:\photo\store_uiux_polished\v1\backend\node_modules\router\index.js:291:5)
    at SendStream.error (D:\photo\store_uiux_polished\v1\backend\node_modules\serve-static\index.js:120:7)
    at SendStream.emit (node:events:509:20)
    at SendStream.error (D:\photo\store_uiux_polished\v1\backend\node_modules\send\index.js:168:17)
    at SendStream.onStatError (D:\photo\store_uiux_polished\v1\backend\node_modules\send\index.js:315:12) 
09-09-2026 10:44:18 | ERROR | Error found | 404 | GET /files/1788430760414_Black_Denim_Jacket.jpg : Can't find /files/1788430760414_Black_Denim_Jacket.jpg on this server | user: guest 
Error: Can't find /files/1788430760414_Black_Denim_Jacket.jpg on this server
    at D:\photo\store_uiux_polished\v1\backend\server.js:110:8
    at Layer.handleRequest (D:\photo\store_uiux_polished\v1\backend\node_modules\router\lib\layer.js:152:17)
    at trimPrefix (D:\photo\store_uiux_polished\v1\backend\node_modules\router\index.js:342:13)
    at D:\photo\store_uiux_polished\v1\backend\node_modules\router\index.js:297:9
    at processParams (D:\photo\store_uiux_polished\v1\backend\node_modules\router\index.js:582:12)
    at next (D:\photo\store_uiux_polished\v1\backend\node_modules\router\index.js:291:5)
    at SendStream.error (D:\photo\store_uiux_polished\v1\backend\node_modules\serve-static\index.js:120:7)
    at SendStream.emit (node:events:509:20)
    at SendStream.error (D:\photo\store_uiux_polished\v1\backend\node_modules\send\index.js:168:17)
    at SendStream.onStatError (D:\photo\store_uiux_polished\v1\backend\node_modules\send\index.js:315:12) 
09-09-2026 10:44:18 | ERROR | Error found | 404 | GET /files/1788542750602_men-category.jpg : Can't find /files/1788542750602_men-category.jpg on this server | user: guest 
Error: Can't find /files/1788542750602_men-category.jpg on this server
    at D:\photo\store_uiux_polished\v1\backend\server.js:110:8
    at Layer.handleRequest (D:\photo\store_uiux_polished\v1\backend\node_modules\router\lib\layer.js:152:17)
    at trimPrefix (D:\photo\store_uiux_polished\v1\backend\node_modules\router\index.js:342:13)
    at D:\photo\store_uiux_polished\v1\backend\node_modules\router\index.js:297:9
    at processParams (D:\photo\store_uiux_polished\v1\backend\node_modules\router\index.js:582:12)
    at next (D:\photo\store_uiux_polished\v1\backend\node_modules\router\index.js:291:5)
    at SendStream.error (D:\photo\store_uiux_polished\v1\backend\node_modules\serve-static\index.js:120:7)
    at SendStream.emit (node:events:509:20)
    at SendStream.error (D:\photo\store_uiux_polished\v1\backend\node_modules\send\index.js:168:17)
    at SendStream.onStatError (D:\photo\store_uiux_polished\v1\backend\node_modules\send\index.js:315:12) 
09-09-2026 10:49:22 | ERROR | Error found | 404 | GET /files/1788430760414_Black_Denim_Jacket.jpg : Can't find /files/1788430760414_Black_Denim_Jacket.jpg on this server | user: guest 
Error: Can't find /files/1788430760414_Black_Denim_Jacket.jpg on this server
    at D:\photo\store_uiux_polished\v1\backend\server.js:110:8
    at Layer.handleRequest (D:\photo\store_uiux_polished\v1\backend\node_modules\router\lib\layer.js:152:17)
    at trimPrefix (D:\photo\store_uiux_polished\v1\backend\node_modules\router\index.js:342:13)
    at D:\photo\store_uiux_polished\v1\backend\node_modules\router\index.js:297:9
    at processParams (D:\photo\store_uiux_polished\v1\backend\node_modules\router\index.js:582:12)
    at next (D:\photo\store_uiux_polished\v1\backend\node_modules\router\index.js:291:5)
    at SendStream.error (D:\photo\store_uiux_polished\v1\backend\node_modules\serve-static\index.js:120:7)
    at SendStream.emit (node:events:509:20)
    at SendStream.error (D:\photo\store_uiux_polished\v1\backend\node_modules\send\index.js:168:17)
    at SendStream.onStatError (D:\photo\store_uiux_polished\v1\backend\node_modules\send\index.js:315:12) 
09-09-2026 10:49:22 | ERROR | Error found | 404 | GET /files/1788542750602_men-category.jpg : Can't find /files/1788542750602_men-category.jpg on this server | user: guest 
Error: Can't find /files/1788542750602_men-category.jpg on this server
    at D:\photo\store_uiux_polished\v1\backend\server.js:110:8
    at Layer.handleRequest (D:\photo\store_uiux_polished\v1\backend\node_modules\router\lib\layer.js:152:17)
    at trimPrefix (D:\photo\store_uiux_polished\v1\backend\node_modules\router\index.js:342:13)
    at D:\photo\store_uiux_polished\v1\backend\node_modules\router\index.js:297:9
    at processParams (D:\photo\store_uiux_polished\v1\backend\node_modules\router\index.js:582:12)
    at next (D:\photo\store_uiux_polished\v1\backend\node_modules\router\index.js:291:5)
    at SendStream.error (D:\photo\store_uiux_polished\v1\backend\node_modules\serve-static\index.js:120:7)
    at SendStream.emit (node:events:509:20)
    at SendStream.error (D:\photo\store_uiux_polished\v1\backend\node_modules\send\index.js:168:17)
    at SendStream.onStatError (D:\photo\store_uiux_polished\v1\backend\node_modules\send\index.js:315:12) 
09-09-2026 10:49:23 | ERROR | Error found | 404 | GET /files/1788430760414_Black_Denim_Jacket.jpg : Can't find /files/1788430760414_Black_Denim_Jacket.jpg on this server | user: guest 
Error: Can't find /files/1788430760414_Black_Denim_Jacket.jpg on this server
    at D:\photo\store_uiux_polished\v1\backend\server.js:110:8
    at Layer.handleRequest (D:\photo\store_uiux_polished\v1\backend\node_modules\router\lib\layer.js:152:17)
    at trimPrefix (D:\photo\store_uiux_polished\v1\backend\node_modules\router\index.js:342:13)
    at D:\photo\store_uiux_polished\v1\backend\node_modules\router\index.js:297:9
    at processParams (D:\photo\store_uiux_polished\v1\backend\node_modules\router\index.js:582:12)
    at next (D:\photo\store_uiux_polished\v1\backend\node_modules\router\index.js:291:5)
    at SendStream.error (D:\photo\store_uiux_polished\v1\backend\node_modules\serve-static\index.js:120:7)
    at SendStream.emit (node:events:509:20)
    at SendStream.error (D:\photo\store_uiux_polished\v1\backend\node_modules\send\index.js:168:17)
    at SendStream.onStatError (D:\photo\store_uiux_polished\v1\backend\node_modules\send\index.js:315:12) 
09-09-2026 10:49:23 | ERROR | Error found | 404 | GET /files/1788542750602_men-category.jpg : Can't find /files/1788542750602_men-category.jpg on this server | user: guest 
Error: Can't find /files/1788542750602_men-category.jpg on this server
    at D:\photo\store_uiux_polished\v1\backend\server.js:110:8
    at Layer.handleRequest (D:\photo\store_uiux_polished\v1\backend\node_modules\router\lib\layer.js:152:17)
    at trimPrefix (D:\photo\store_uiux_polished\v1\backend\node_modules\router\index.js:342:13)
    at D:\photo\store_uiux_polished\v1\backend\node_modules\router\index.js:297:9
    at processParams (D:\photo\store_uiux_polished\v1\backend\node_modules\router\index.js:582:12)
    at next (D:\photo\store_uiux_polished\v1\backend\node_modules\router\index.js:291:5)
    at SendStream.error (D:\photo\store_uiux_polished\v1\backend\node_modules\serve-static\index.js:120:7)
    at SendStream.emit (node:events:509:20)
    at SendStream.error (D:\photo\store_uiux_polished\v1\backend\node_modules\send\index.js:168:17)
    at SendStream.onStatError (D:\photo\store_uiux_polished\v1\backend\node_modules\send\index.js:315:12) 
09-09-2026 10:49:25 | ERROR | Error found | 404 | GET /files/1788430760414_Black_Denim_Jacket.jpg : Can't find /files/1788430760414_Black_Denim_Jacket.jpg on this server | user: guest 
Error: Can't find /files/1788430760414_Black_Denim_Jacket.jpg on this server
    at D:\photo\store_uiux_polished\v1\backend\server.js:110:8
    at Layer.handleRequest (D:\photo\store_uiux_polished\v1\backend\node_modules\router\lib\layer.js:152:17)
    at trimPrefix (D:\photo\store_uiux_polished\v1\backend\node_modules\router\index.js:342:13)
    at D:\photo\store_uiux_polished\v1\backend\node_modules\router\index.js:297:9
    at processParams (D:\photo\store_uiux_polished\v1\backend\node_modules\router\index.js:582:12)
    at next (D:\photo\store_uiux_polished\v1\backend\node_modules\router\index.js:291:5)
    at SendStream.error (D:\photo\store_uiux_polished\v1\backend\node_modules\serve-static\index.js:120:7)
    at SendStream.emit (node:events:509:20)
    at SendStream.error (D:\photo\store_uiux_polished\v1\backend\node_modules\send\index.js:168:17)
    at SendStream.onStatError (D:\photo\store_uiux_polished\v1\backend\node_modules\send\index.js:315:12) 
09-09-2026 10:49:25 | ERROR | Error found | 404 | GET /files/1788430760414_Black_Denim_Jacket.jpg : Can't find /files/1788430760414_Black_Denim_Jacket.jpg on this server | user: guest 
Error: Can't find /files/1788430760414_Black_Denim_Jacket.jpg on this server
    at D:\photo\store_uiux_polished\v1\backend\server.js:110:8
    at Layer.handleRequest (D:\photo\store_uiux_polished\v1\backend\node_modules\router\lib\layer.js:152:17)
    at trimPrefix (D:\photo\store_uiux_polished\v1\backend\node_modules\router\index.js:342:13)
    at D:\photo\store_uiux_polished\v1\backend\node_modules\router\index.js:297:9
    at processParams (D:\photo\store_uiux_polished\v1\backend\node_modules\router\index.js:582:12)
    at next (D:\photo\store_uiux_polished\v1\backend\node_modules\router\index.js:291:5)
    at SendStream.error (D:\photo\store_uiux_polished\v1\backend\node_modules\serve-static\index.js:120:7)
    at SendStream.emit (node:events:509:20)
    at SendStream.error (D:\photo\store_uiux_polished\v1\backend\node_modules\send\index.js:168:17)
    at SendStream.onStatError (D:\photo\store_uiux_polished\v1\backend\node_modules\send\index.js:315:12) 
09-09-2026 10:49:25 | ERROR | Error found | 404 | GET /files/1788542750602_men-category.jpg : Can't find /files/1788542750602_men-category.jpg on this server | user: guest 
Error: Can't find /files/1788542750602_men-category.jpg on this server
    at D:\photo\store_uiux_polished\v1\backend\server.js:110:8
    at Layer.handleRequest (D:\photo\store_uiux_polished\v1\backend\node_modules\router\lib\layer.js:152:17)
    at trimPrefix (D:\photo\store_uiux_polished\v1\backend\node_modules\router\index.js:342:13)
    at D:\photo\store_uiux_polished\v1\backend\node_modules\router\index.js:297:9
    at processParams (D:\photo\store_uiux_polished\v1\backend\node_modules\router\index.js:582:12)
    at next (D:\photo\store_uiux_polished\v1\backend\node_modules\router\index.js:291:5)
    at SendStream.error (D:\photo\store_uiux_polished\v1\backend\node_modules\serve-static\index.js:120:7)
    at SendStream.emit (node:events:509:20)
    at SendStream.error (D:\photo\store_uiux_polished\v1\backend\node_modules\send\index.js:168:17)
    at SendStream.onStatError (D:\photo\store_uiux_polished\v1\backend\node_modules\send\index.js:315:12) 
09-09-2026 10:52:59 | ERROR | Error found | 404 | GET /files/1788430760414_Black_Denim_Jacket.jpg : Can't find /files/1788430760414_Black_Denim_Jacket.jpg on this server | user: guest 
Error: Can't find /files/1788430760414_Black_Denim_Jacket.jpg on this server
    at D:\photo\store_uiux_polished\v1\backend\server.js:110:8
    at Layer.handleRequest (D:\photo\store_uiux_polished\v1\backend\node_modules\router\lib\layer.js:152:17)
    at trimPrefix (D:\photo\store_uiux_polished\v1\backend\node_modules\router\index.js:342:13)
    at D:\photo\store_uiux_polished\v1\backend\node_modules\router\index.js:297:9
    at processParams (D:\photo\store_uiux_polished\v1\backend\node_modules\router\index.js:582:12)
    at next (D:\photo\store_uiux_polished\v1\backend\node_modules\router\index.js:291:5)
    at SendStream.error (D:\photo\store_uiux_polished\v1\backend\node_modules\serve-static\index.js:120:7)
    at SendStream.emit (node:events:509:20)
    at SendStream.error (D:\photo\store_uiux_polished\v1\backend\node_modules\send\index.js:168:17)
    at SendStream.onStatError (D:\photo\store_uiux_polished\v1\backend\node_modules\send\index.js:315:12) 
09-09-2026 10:52:59 | ERROR | Error found | 404 | GET /files/1788542750602_men-category.jpg : Can't find /files/1788542750602_men-category.jpg on this server | user: guest 
Error: Can't find /files/1788542750602_men-category.jpg on this server
    at D:\photo\store_uiux_polished\v1\backend\server.js:110:8
    at Layer.handleRequest (D:\photo\store_uiux_polished\v1\backend\node_modules\router\lib\layer.js:152:17)
    at trimPrefix (D:\photo\store_uiux_polished\v1\backend\node_modules\router\index.js:342:13)
    at D:\photo\store_uiux_polished\v1\backend\node_modules\router\index.js:297:9
    at processParams (D:\photo\store_uiux_polished\v1\backend\node_modules\router\index.js:582:12)
    at next (D:\photo\store_uiux_polished\v1\backend\node_modules\router\index.js:291:5)
    at SendStream.error (D:\photo\store_uiux_polished\v1\backend\node_modules\serve-static\index.js:120:7)
    at SendStream.emit (node:events:509:20)
    at SendStream.error (D:\photo\store_uiux_polished\v1\backend\node_modules\send\index.js:168:17)
    at SendStream.onStatError (D:\photo\store_uiux_polished\v1\backend\node_modules\send\index.js:315:12) 
09-09-2026 10:53:15 | ERROR | Error found | 404 | GET /files/1788430760414_Black_Denim_Jacket.jpg : Can't find /files/1788430760414_Black_Denim_Jacket.jpg on this server | user: guest 
Error: Can't find /files/1788430760414_Black_Denim_Jacket.jpg on this server
    at D:\photo\store_uiux_polished\v1\backend\server.js:110:8
    at Layer.handleRequest (D:\photo\store_uiux_polished\v1\backend\node_modules\router\lib\layer.js:152:17)
    at trimPrefix (D:\photo\store_uiux_polished\v1\backend\node_modules\router\index.js:342:13)
    at D:\photo\store_uiux_polished\v1\backend\node_modules\router\index.js:297:9
    at processParams (D:\photo\store_uiux_polished\v1\backend\node_modules\router\index.js:582:12)
    at next (D:\photo\store_uiux_polished\v1\backend\node_modules\router\index.js:291:5)
    at SendStream.error (D:\photo\store_uiux_polished\v1\backend\node_modules\serve-static\index.js:120:7)
    at SendStream.emit (node:events:509:20)
    at SendStream.error (D:\photo\store_uiux_polished\v1\backend\node_modules\send\index.js:168:17)
    at SendStream.onStatError (D:\photo\store_uiux_polished\v1\backend\node_modules\send\index.js:315:12) 
09-09-2026 10:53:15 | ERROR | Error found | 404 | GET /files/1788542750602_men-category.jpg : Can't find /files/1788542750602_men-category.jpg on this server | user: guest 
Error: Can't find /files/1788542750602_men-category.jpg on this server
    at D:\photo\store_uiux_polished\v1\backend\server.js:110:8
    at Layer.handleRequest (D:\photo\store_uiux_polished\v1\backend\node_modules\router\lib\layer.js:152:17)
    at trimPrefix (D:\photo\store_uiux_polished\v1\backend\node_modules\router\index.js:342:13)
    at D:\photo\store_uiux_polished\v1\backend\node_modules\router\index.js:297:9
    at processParams (D:\photo\store_uiux_polished\v1\backend\node_modules\router\index.js:582:12)
    at next (D:\photo\store_uiux_polished\v1\backend\node_modules\router\index.js:291:5)
    at SendStream.error (D:\photo\store_uiux_polished\v1\backend\node_modules\serve-static\index.js:120:7)
    at SendStream.emit (node:events:509:20)
    at SendStream.error (D:\photo\store_uiux_polished\v1\backend\node_modules\send\index.js:168:17)
    at SendStream.onStatError (D:\photo\store_uiux_polished\v1\backend\node_modules\send\index.js:315:12) 
09-09-2026 10:53:59 | ERROR | Error found | 404 | GET /files/1788430760414_Black_Denim_Jacket.jpg : Can't find /files/1788430760414_Black_Denim_Jacket.jpg on this server | user: guest 
Error: Can't find /files/1788430760414_Black_Denim_Jacket.jpg on this server
    at D:\photo\store_uiux_polished\v1\backend\server.js:110:8
    at Layer.handleRequest (D:\photo\store_uiux_polished\v1\backend\node_modules\router\lib\layer.js:152:17)
    at trimPrefix (D:\photo\store_uiux_polished\v1\backend\node_modules\router\index.js:342:13)
    at D:\photo\store_uiux_polished\v1\backend\node_modules\router\index.js:297:9
    at processParams (D:\photo\store_uiux_polished\v1\backend\node_modules\router\index.js:582:12)
    at next (D:\photo\store_uiux_polished\v1\backend\node_modules\router\index.js:291:5)
    at SendStream.error (D:\photo\store_uiux_polished\v1\backend\node_modules\serve-static\index.js:120:7)
    at SendStream.emit (node:events:509:20)
    at SendStream.error (D:\photo\store_uiux_polished\v1\backend\node_modules\send\index.js:168:17)
    at SendStream.onStatError (D:\photo\store_uiux_polished\v1\backend\node_modules\send\index.js:315:12) 
09-09-2026 10:53:59 | ERROR | Error found | 404 | GET /files/1788430760414_Black_Denim_Jacket.jpg : Can't find /files/1788430760414_Black_Denim_Jacket.jpg on this server | user: guest 
Error: Can't find /files/1788430760414_Black_Denim_Jacket.jpg on this server
    at D:\photo\store_uiux_polished\v1\backend\server.js:110:8
    at Layer.handleRequest (D:\photo\store_uiux_polished\v1\backend\node_modules\router\lib\layer.js:152:17)
    at trimPrefix (D:\photo\store_uiux_polished\v1\backend\node_modules\router\index.js:342:13)
    at D:\photo\store_uiux_polished\v1\backend\node_modules\router\index.js:297:9
    at processParams (D:\photo\store_uiux_polished\v1\backend\node_modules\router\index.js:582:12)
    at next (D:\photo\store_uiux_polished\v1\backend\node_modules\router\index.js:291:5)
    at SendStream.error (D:\photo\store_uiux_polished\v1\backend\node_modules\serve-static\index.js:120:7)
    at SendStream.emit (node:events:509:20)
    at SendStream.error (D:\photo\store_uiux_polished\v1\backend\node_modules\send\index.js:168:17)
    at SendStream.onStatError (D:\photo\store_uiux_polished\v1\backend\node_modules\send\index.js:315:12) 
09-09-2026 10:53:59 | ERROR | Error found | 404 | GET /files/1788542750602_men-category.jpg : Can't find /files/1788542750602_men-category.jpg on this server | user: guest 
Error: Can't find /files/1788542750602_men-category.jpg on this server
    at D:\photo\store_uiux_polished\v1\backend\server.js:110:8
    at Layer.handleRequest (D:\photo\store_uiux_polished\v1\backend\node_modules\router\lib\layer.js:152:17)
    at trimPrefix (D:\photo\store_uiux_polished\v1\backend\node_modules\router\index.js:342:13)
    at D:\photo\store_uiux_polished\v1\backend\node_modules\router\index.js:297:9
    at processParams (D:\photo\store_uiux_polished\v1\backend\node_modules\router\index.js:582:12)
    at next (D:\photo\store_uiux_polished\v1\backend\node_modules\router\index.js:291:5)
    at SendStream.error (D:\photo\store_uiux_polished\v1\backend\node_modules\serve-static\index.js:120:7)
    at SendStream.emit (node:events:509:20)
    at SendStream.error (D:\photo\store_uiux_polished\v1\backend\node_modules\send\index.js:168:17)
    at SendStream.onStatError (D:\photo\store_uiux_polished\v1\backend\node_modules\send\index.js:315:12) 
09-09-2026 10:56:36 | ERROR | Error found | 404 | GET /files/1788430760414_Black_Denim_Jacket.jpg : Can't find /files/1788430760414_Black_Denim_Jacket.jpg on this server | user: guest 
Error: Can't find /files/1788430760414_Black_Denim_Jacket.jpg on this server
    at D:\photo\store_uiux_polished\v1\backend\server.js:110:8
    at Layer.handleRequest (D:\photo\store_uiux_polished\v1\backend\node_modules\router\lib\layer.js:152:17)
    at trimPrefix (D:\photo\store_uiux_polished\v1\backend\node_modules\router\index.js:342:13)
    at D:\photo\store_uiux_polished\v1\backend\node_modules\router\index.js:297:9
    at processParams (D:\photo\store_uiux_polished\v1\backend\node_modules\router\index.js:582:12)
    at next (D:\photo\store_uiux_polished\v1\backend\node_modules\router\index.js:291:5)
    at SendStream.error (D:\photo\store_uiux_polished\v1\backend\node_modules\serve-static\index.js:120:7)
    at SendStream.emit (node:events:509:20)
    at SendStream.error (D:\photo\store_uiux_polished\v1\backend\node_modules\send\index.js:168:17)
    at SendStream.onStatError (D:\photo\store_uiux_polished\v1\backend\node_modules\send\index.js:315:12) 
09-09-2026 10:56:36 | ERROR | Error found | 404 | GET /files/1788542750602_men-category.jpg : Can't find /files/1788542750602_men-category.jpg on this server | user: guest 
Error: Can't find /files/1788542750602_men-category.jpg on this server
    at D:\photo\store_uiux_polished\v1\backend\server.js:110:8
    at Layer.handleRequest (D:\photo\store_uiux_polished\v1\backend\node_modules\router\lib\layer.js:152:17)
    at trimPrefix (D:\photo\store_uiux_polished\v1\backend\node_modules\router\index.js:342:13)
    at D:\photo\store_uiux_polished\v1\backend\node_modules\router\index.js:297:9
    at processParams (D:\photo\store_uiux_polished\v1\backend\node_modules\router\index.js:582:12)
    at next (D:\photo\store_uiux_polished\v1\backend\node_modules\router\index.js:291:5)
    at SendStream.error (D:\photo\store_uiux_polished\v1\backend\node_modules\serve-static\index.js:120:7)
    at SendStream.emit (node:events:509:20)
    at SendStream.error (D:\photo\store_uiux_polished\v1\backend\node_modules\send\index.js:168:17)
    at SendStream.onStatError (D:\photo\store_uiux_polished\v1\backend\node_modules\send\index.js:315:12) 
09-09-2026 10:57:34 | ERROR | Error found | 404 | GET /files/1788430760414_Black_Denim_Jacket.jpg : Can't find /files/1788430760414_Black_Denim_Jacket.jpg on this server | user: guest 
Error: Can't find /files/1788430760414_Black_Denim_Jacket.jpg on this server
    at D:\photo\store_uiux_polished\v1\backend\server.js:110:8
    at Layer.handleRequest (D:\photo\store_uiux_polished\v1\backend\node_modules\router\lib\layer.js:152:17)
    at trimPrefix (D:\photo\store_uiux_polished\v1\backend\node_modules\router\index.js:342:13)
    at D:\photo\store_uiux_polished\v1\backend\node_modules\router\index.js:297:9
    at processParams (D:\photo\store_uiux_polished\v1\backend\node_modules\router\index.js:582:12)
    at next (D:\photo\store_uiux_polished\v1\backend\node_modules\router\index.js:291:5)
    at SendStream.error (D:\photo\store_uiux_polished\v1\backend\node_modules\serve-static\index.js:120:7)
    at SendStream.emit (node:events:509:20)
    at SendStream.error (D:\photo\store_uiux_polished\v1\backend\node_modules\send\index.js:168:17)
    at SendStream.onStatError (D:\photo\store_uiux_polished\v1\backend\node_modules\send\index.js:315:12) 
09-09-2026 10:57:34 | ERROR | Error found | 404 | GET /files/1788542750602_men-category.jpg : Can't find /files/1788542750602_men-category.jpg on this server | user: guest 
Error: Can't find /files/1788542750602_men-category.jpg on this server
    at D:\photo\store_uiux_polished\v1\backend\server.js:110:8
    at Layer.handleRequest (D:\photo\store_uiux_polished\v1\backend\node_modules\router\lib\layer.js:152:17)
    at trimPrefix (D:\photo\store_uiux_polished\v1\backend\node_modules\router\index.js:342:13)
    at D:\photo\store_uiux_polished\v1\backend\node_modules\router\index.js:297:9
    at processParams (D:\photo\store_uiux_polished\v1\backend\node_modules\router\index.js:582:12)
    at next (D:\photo\store_uiux_polished\v1\backend\node_modules\router\index.js:291:5)
    at SendStream.error (D:\photo\store_uiux_polished\v1\backend\node_modules\serve-static\index.js:120:7)
    at SendStream.emit (node:events:509:20)
    at SendStream.error (D:\photo\store_uiux_polished\v1\backend\node_modules\send\index.js:168:17)
    at SendStream.onStatError (D:\photo\store_uiux_polished\v1\backend\node_modules\send\index.js:315:12) 
09-09-2026 10:57:35 | ERROR | Error found | 404 | GET /files/1788430760414_Black_Denim_Jacket.jpg : Can't find /files/1788430760414_Black_Denim_Jacket.jpg on this server | user: guest 
Error: Can't find /files/1788430760414_Black_Denim_Jacket.jpg on this server
    at D:\photo\store_uiux_polished\v1\backend\server.js:110:8
    at Layer.handleRequest (D:\photo\store_uiux_polished\v1\backend\node_modules\router\lib\layer.js:152:17)
    at trimPrefix (D:\photo\store_uiux_polished\v1\backend\node_modules\router\index.js:342:13)
    at D:\photo\store_uiux_polished\v1\backend\node_modules\router\index.js:297:9
    at processParams (D:\photo\store_uiux_polished\v1\backend\node_modules\router\index.js:582:12)
    at next (D:\photo\store_uiux_polished\v1\backend\node_modules\router\index.js:291:5)
    at SendStream.error (D:\photo\store_uiux_polished\v1\backend\node_modules\serve-static\index.js:120:7)
    at SendStream.emit (node:events:509:20)
    at SendStream.error (D:\photo\store_uiux_polished\v1\backend\node_modules\send\index.js:168:17)
    at SendStream.onStatError (D:\photo\store_uiux_polished\v1\backend\node_modules\send\index.js:315:12) 
09-09-2026 10:57:35 | ERROR | Error found | 404 | GET /files/1788430760414_Black_Denim_Jacket.jpg : Can't find /files/1788430760414_Black_Denim_Jacket.jpg on this server | user: guest 
Error: Can't find /files/1788430760414_Black_Denim_Jacket.jpg on this server
    at D:\photo\store_uiux_polished\v1\backend\server.js:110:8
    at Layer.handleRequest (D:\photo\store_uiux_polished\v1\backend\node_modules\router\lib\layer.js:152:17)
    at trimPrefix (D:\photo\store_uiux_polished\v1\backend\node_modules\router\index.js:342:13)
    at D:\photo\store_uiux_polished\v1\backend\node_modules\router\index.js:297:9
    at processParams (D:\photo\store_uiux_polished\v1\backend\node_modules\router\index.js:582:12)
    at next (D:\photo\store_uiux_polished\v1\backend\node_modules\router\index.js:291:5)
    at SendStream.error (D:\photo\store_uiux_polished\v1\backend\node_modules\serve-static\index.js:120:7)
    at SendStream.emit (node:events:509:20)
    at SendStream.error (D:\photo\store_uiux_polished\v1\backend\node_modules\send\index.js:168:17)
    at SendStream.onStatError (D:\photo\store_uiux_polished\v1\backend\node_modules\send\index.js:315:12) 
09-09-2026 10:57:35 | ERROR | Error found | 404 | GET /files/1788542750602_men-category.jpg : Can't find /files/1788542750602_men-category.jpg on this server | user: guest 
Error: Can't find /files/1788542750602_men-category.jpg on this server
    at D:\photo\store_uiux_polished\v1\backend\server.js:110:8
    at Layer.handleRequest (D:\photo\store_uiux_polished\v1\backend\node_modules\router\lib\layer.js:152:17)
    at trimPrefix (D:\photo\store_uiux_polished\v1\backend\node_modules\router\index.js:342:13)
    at D:\photo\store_uiux_polished\v1\backend\node_modules\router\index.js:297:9
    at processParams (D:\photo\store_uiux_polished\v1\backend\node_modules\router\index.js:582:12)
    at next (D:\photo\store_uiux_polished\v1\backend\node_modules\router\index.js:291:5)
    at SendStream.error (D:\photo\store_uiux_polished\v1\backend\node_modules\serve-static\index.js:120:7)
    at SendStream.emit (node:events:509:20)
    at SendStream.error (D:\photo\store_uiux_polished\v1\backend\node_modules\send\index.js:168:17)
    at SendStream.onStatError (D:\photo\store_uiux_polished\v1\backend\node_modules\send\index.js:315:12) 
09-09-2026 11:00:23 | ERROR | Error found | 404 | GET /files/1788430760414_Black_Denim_Jacket.jpg : Can't find /files/1788430760414_Black_Denim_Jacket.jpg on this server | user: guest 
Error: Can't find /files/1788430760414_Black_Denim_Jacket.jpg on this server
    at D:\photo\store_uiux_polished\v1\backend\server.js:110:8
    at Layer.handleRequest (D:\photo\store_uiux_polished\v1\backend\node_modules\router\lib\layer.js:152:17)
    at trimPrefix (D:\photo\store_uiux_polished\v1\backend\node_modules\router\index.js:342:13)
    at D:\photo\store_uiux_polished\v1\backend\node_modules\router\index.js:297:9
    at processParams (D:\photo\store_uiux_polished\v1\backend\node_modules\router\index.js:582:12)
    at next (D:\photo\store_uiux_polished\v1\backend\node_modules\router\index.js:291:5)
    at SendStream.error (D:\photo\store_uiux_polished\v1\backend\node_modules\serve-static\index.js:120:7)
    at SendStream.emit (node:events:509:20)
    at SendStream.error (D:\photo\store_uiux_polished\v1\backend\node_modules\send\index.js:168:17)
    at SendStream.onStatError (D:\photo\store_uiux_polished\v1\backend\node_modules\send\index.js:315:12) 
09-09-2026 11:00:23 | ERROR | Error found | 404 | GET /files/1788542750602_men-category.jpg : Can't find /files/1788542750602_men-category.jpg on this server | user: guest 
Error: Can't find /files/1788542750602_men-category.jpg on this server
    at D:\photo\store_uiux_polished\v1\backend\server.js:110:8
    at Layer.handleRequest (D:\photo\store_uiux_polished\v1\backend\node_modules\router\lib\layer.js:152:17)
    at trimPrefix (D:\photo\store_uiux_polished\v1\backend\node_modules\router\index.js:342:13)
    at D:\photo\store_uiux_polished\v1\backend\node_modules\router\index.js:297:9
    at processParams (D:\photo\store_uiux_polished\v1\backend\node_modules\router\index.js:582:12)
    at next (D:\photo\store_uiux_polished\v1\backend\node_modules\router\index.js:291:5)
    at SendStream.error (D:\photo\store_uiux_polished\v1\backend\node_modules\serve-static\index.js:120:7)
    at SendStream.emit (node:events:509:20)
    at SendStream.error (D:\photo\store_uiux_polished\v1\backend\node_modules\send\index.js:168:17)
    at SendStream.onStatError (D:\photo\store_uiux_polished\v1\backend\node_modules\send\index.js:315:12) 
09-09-2026 11:00:24 | ERROR | Error found | 404 | GET /files/1788430760414_Black_Denim_Jacket.jpg : Can't find /files/1788430760414_Black_Denim_Jacket.jpg on this server | user: guest 
Error: Can't find /files/1788430760414_Black_Denim_Jacket.jpg on this server
    at D:\photo\store_uiux_polished\v1\backend\server.js:110:8
    at Layer.handleRequest (D:\photo\store_uiux_polished\v1\backend\node_modules\router\lib\layer.js:152:17)
    at trimPrefix (D:\photo\store_uiux_polished\v1\backend\node_modules\router\index.js:342:13)
    at D:\photo\store_uiux_polished\v1\backend\node_modules\router\index.js:297:9
    at processParams (D:\photo\store_uiux_polished\v1\backend\node_modules\router\index.js:582:12)
    at next (D:\photo\store_uiux_polished\v1\backend\node_modules\router\index.js:291:5)
    at SendStream.error (D:\photo\store_uiux_polished\v1\backend\node_modules\serve-static\index.js:120:7)
    at SendStream.emit (node:events:509:20)
    at SendStream.error (D:\photo\store_uiux_polished\v1\backend\node_modules\send\index.js:168:17)
    at SendStream.onStatError (D:\photo\store_uiux_polished\v1\backend\node_modules\send\index.js:315:12) 
09-09-2026 11:00:24 | ERROR | Error found | 404 | GET /files/1788430760414_Black_Denim_Jacket.jpg : Can't find /files/1788430760414_Black_Denim_Jacket.jpg on this server | user: guest 
Error: Can't find /files/1788430760414_Black_Denim_Jacket.jpg on this server
    at D:\photo\store_uiux_polished\v1\backend\server.js:110:8
    at Layer.handleRequest (D:\photo\store_uiux_polished\v1\backend\node_modules\router\lib\layer.js:152:17)
    at trimPrefix (D:\photo\store_uiux_polished\v1\backend\node_modules\router\index.js:342:13)
    at D:\photo\store_uiux_polished\v1\backend\node_modules\router\index.js:297:9
    at processParams (D:\photo\store_uiux_polished\v1\backend\node_modules\router\index.js:582:12)
    at next (D:\photo\store_uiux_polished\v1\backend\node_modules\router\index.js:291:5)
    at SendStream.error (D:\photo\store_uiux_polished\v1\backend\node_modules\serve-static\index.js:120:7)
    at SendStream.emit (node:events:509:20)
    at SendStream.error (D:\photo\store_uiux_polished\v1\backend\node_modules\send\index.js:168:17)
    at SendStream.onStatError (D:\photo\store_uiux_polished\v1\backend\node_modules\send\index.js:315:12) 
09-09-2026 11:00:25 | ERROR | Error found | 404 | GET /files/1788542750602_men-category.jpg : Can't find /files/1788542750602_men-category.jpg on this server | user: guest 
Error: Can't find /files/1788542750602_men-category.jpg on this server
    at D:\photo\store_uiux_polished\v1\backend\server.js:110:8
    at Layer.handleRequest (D:\photo\store_uiux_polished\v1\backend\node_modules\router\lib\layer.js:152:17)
    at trimPrefix (D:\photo\store_uiux_polished\v1\backend\node_modules\router\index.js:342:13)
    at D:\photo\store_uiux_polished\v1\backend\node_modules\router\index.js:297:9
    at processParams (D:\photo\store_uiux_polished\v1\backend\node_modules\router\index.js:582:12)
    at next (D:\photo\store_uiux_polished\v1\backend\node_modules\router\index.js:291:5)
    at SendStream.error (D:\photo\store_uiux_polished\v1\backend\node_modules\serve-static\index.js:120:7)
    at SendStream.emit (node:events:509:20)
    at SendStream.error (D:\photo\store_uiux_polished\v1\backend\node_modules\send\index.js:168:17)
    at SendStream.onStatError (D:\photo\store_uiux_polished\v1\backend\node_modules\send\index.js:315:12) 
09-09-2026 11:05:41 | ERROR | Error found | 404 | GET /files/1788430760414_Black_Denim_Jacket.jpg : Can't find /files/1788430760414_Black_Denim_Jacket.jpg on this server | user: guest 
Error: Can't find /files/1788430760414_Black_Denim_Jacket.jpg on this server
    at D:\photo\store_uiux_polished\v1\backend\server.js:110:8
    at Layer.handleRequest (D:\photo\store_uiux_polished\v1\backend\node_modules\router\lib\layer.js:152:17)
    at trimPrefix (D:\photo\store_uiux_polished\v1\backend\node_modules\router\index.js:342:13)
    at D:\photo\store_uiux_polished\v1\backend\node_modules\router\index.js:297:9
    at processParams (D:\photo\store_uiux_polished\v1\backend\node_modules\router\index.js:582:12)
    at next (D:\photo\store_uiux_polished\v1\backend\node_modules\router\index.js:291:5)
    at SendStream.error (D:\photo\store_uiux_polished\v1\backend\node_modules\serve-static\index.js:120:7)
    at SendStream.emit (node:events:509:20)
    at SendStream.error (D:\photo\store_uiux_polished\v1\backend\node_modules\send\index.js:168:17)
    at SendStream.onStatError (D:\photo\store_uiux_polished\v1\backend\node_modules\send\index.js:315:12) 
09-09-2026 11:05:41 | ERROR | Error found | 404 | GET /files/1788542750602_men-category.jpg : Can't find /files/1788542750602_men-category.jpg on this server | user: guest 
Error: Can't find /files/1788542750602_men-category.jpg on this server
    at D:\photo\store_uiux_polished\v1\backend\server.js:110:8
    at Layer.handleRequest (D:\photo\store_uiux_polished\v1\backend\node_modules\router\lib\layer.js:152:17)
    at trimPrefix (D:\photo\store_uiux_polished\v1\backend\node_modules\router\index.js:342:13)
    at D:\photo\store_uiux_polished\v1\backend\node_modules\router\index.js:297:9
    at processParams (D:\photo\store_uiux_polished\v1\backend\node_modules\router\index.js:582:12)
    at next (D:\photo\store_uiux_polished\v1\backend\node_modules\router\index.js:291:5)
    at SendStream.error (D:\photo\store_uiux_polished\v1\backend\node_modules\serve-static\index.js:120:7)
    at SendStream.emit (node:events:509:20)
    at SendStream.error (D:\photo\store_uiux_polished\v1\backend\node_modules\send\index.js:168:17)
    at SendStream.onStatError (D:\photo\store_uiux_polished\v1\backend\node_modules\send\index.js:315:12) 
09-09-2026 11:05:43 | ERROR | Error found | 404 | GET /files/1788430760414_Black_Denim_Jacket.jpg : Can't find /files/1788430760414_Black_Denim_Jacket.jpg on this server | user: guest 
Error: Can't find /files/1788430760414_Black_Denim_Jacket.jpg on this server
    at D:\photo\store_uiux_polished\v1\backend\server.js:110:8
    at Layer.handleRequest (D:\photo\store_uiux_polished\v1\backend\node_modules\router\lib\layer.js:152:17)
    at trimPrefix (D:\photo\store_uiux_polished\v1\backend\node_modules\router\index.js:342:13)
    at D:\photo\store_uiux_polished\v1\backend\node_modules\router\index.js:297:9
    at processParams (D:\photo\store_uiux_polished\v1\backend\node_modules\router\index.js:582:12)
    at next (D:\photo\store_uiux_polished\v1\backend\node_modules\router\index.js:291:5)
    at SendStream.error (D:\photo\store_uiux_polished\v1\backend\node_modules\serve-static\index.js:120:7)
    at SendStream.emit (node:events:509:20)
    at SendStream.error (D:\photo\store_uiux_polished\v1\backend\node_modules\send\index.js:168:17)
    at SendStream.onStatError (D:\photo\store_uiux_polished\v1\backend\node_modules\send\index.js:315:12) 
09-09-2026 11:05:43 | ERROR | Error found | 404 | GET /files/1788430760414_Black_Denim_Jacket.jpg : Can't find /files/1788430760414_Black_Denim_Jacket.jpg on this server | user: guest 
Error: Can't find /files/1788430760414_Black_Denim_Jacket.jpg on this server
    at D:\photo\store_uiux_polished\v1\backend\server.js:110:8
    at Layer.handleRequest (D:\photo\store_uiux_polished\v1\backend\node_modules\router\lib\layer.js:152:17)
    at trimPrefix (D:\photo\store_uiux_polished\v1\backend\node_modules\router\index.js:342:13)
    at D:\photo\store_uiux_polished\v1\backend\node_modules\router\index.js:297:9
    at processParams (D:\photo\store_uiux_polished\v1\backend\node_modules\router\index.js:582:12)
    at next (D:\photo\store_uiux_polished\v1\backend\node_modules\router\index.js:291:5)
    at SendStream.error (D:\photo\store_uiux_polished\v1\backend\node_modules\serve-static\index.js:120:7)
    at SendStream.emit (node:events:509:20)
    at SendStream.error (D:\photo\store_uiux_polished\v1\backend\node_modules\send\index.js:168:17)
    at SendStream.onStatError (D:\photo\store_uiux_polished\v1\backend\node_modules\send\index.js:315:12) 
09-09-2026 11:05:44 | ERROR | Error found | 404 | GET /files/1788542750602_men-category.jpg : Can't find /files/1788542750602_men-category.jpg on this server | user: guest 
Error: Can't find /files/1788542750602_men-category.jpg on this server
    at D:\photo\store_uiux_polished\v1\backend\server.js:110:8
    at Layer.handleRequest (D:\photo\store_uiux_polished\v1\backend\node_modules\router\lib\layer.js:152:17)
    at trimPrefix (D:\photo\store_uiux_polished\v1\backend\node_modules\router\index.js:342:13)
    at D:\photo\store_uiux_polished\v1\backend\node_modules\router\index.js:297:9
    at processParams (D:\photo\store_uiux_polished\v1\backend\node_modules\router\index.js:582:12)
    at next (D:\photo\store_uiux_polished\v1\backend\node_modules\router\index.js:291:5)
    at SendStream.error (D:\photo\store_uiux_polished\v1\backend\node_modules\serve-static\index.js:120:7)
    at SendStream.emit (node:events:509:20)
    at SendStream.error (D:\photo\store_uiux_polished\v1\backend\node_modules\send\index.js:168:17)
    at SendStream.onStatError (D:\photo\store_uiux_polished\v1\backend\node_modules\send\index.js:315:12) 
09-09-2026 11:06:10 | ERROR | Error found | 404 | GET /files/1788430760414_Black_Denim_Jacket.jpg : Can't find /files/1788430760414_Black_Denim_Jacket.jpg on this server | user: guest 
Error: Can't find /files/1788430760414_Black_Denim_Jacket.jpg on this server
    at D:\photo\store_uiux_polished\v1\backend\server.js:110:8
    at Layer.handleRequest (D:\photo\store_uiux_polished\v1\backend\node_modules\router\lib\layer.js:152:17)
    at trimPrefix (D:\photo\store_uiux_polished\v1\backend\node_modules\router\index.js:342:13)
    at D:\photo\store_uiux_polished\v1\backend\node_modules\router\index.js:297:9
    at processParams (D:\photo\store_uiux_polished\v1\backend\node_modules\router\index.js:582:12)
    at next (D:\photo\store_uiux_polished\v1\backend\node_modules\router\index.js:291:5)
    at SendStream.error (D:\photo\store_uiux_polished\v1\backend\node_modules\serve-static\index.js:120:7)
    at SendStream.emit (node:events:509:20)
    at SendStream.error (D:\photo\store_uiux_polished\v1\backend\node_modules\send\index.js:168:17)
    at SendStream.onStatError (D:\photo\store_uiux_polished\v1\backend\node_modules\send\index.js:315:12) 
09-09-2026 11:06:10 | ERROR | Error found | 404 | GET /files/1788542750602_men-category.jpg : Can't find /files/1788542750602_men-category.jpg on this server | user: guest 
Error: Can't find /files/1788542750602_men-category.jpg on this server
    at D:\photo\store_uiux_polished\v1\backend\server.js:110:8
    at Layer.handleRequest (D:\photo\store_uiux_polished\v1\backend\node_modules\router\lib\layer.js:152:17)
    at trimPrefix (D:\photo\store_uiux_polished\v1\backend\node_modules\router\index.js:342:13)
    at D:\photo\store_uiux_polished\v1\backend\node_modules\router\index.js:297:9
    at processParams (D:\photo\store_uiux_polished\v1\backend\node_modules\router\index.js:582:12)
    at next (D:\photo\store_uiux_polished\v1\backend\node_modules\router\index.js:291:5)
    at SendStream.error (D:\photo\store_uiux_polished\v1\backend\node_modules\serve-static\index.js:120:7)
    at SendStream.emit (node:events:509:20)
    at SendStream.error (D:\photo\store_uiux_polished\v1\backend\node_modules\send\index.js:168:17)
    at SendStream.onStatError (D:\photo\store_uiux_polished\v1\backend\node_modules\send\index.js:315:12) 
09-09-2026 11:06:29 | ERROR | Error found | 404 | GET /files/1788430760414_Black_Denim_Jacket.jpg : Can't find /files/1788430760414_Black_Denim_Jacket.jpg on this server | user: guest 
Error: Can't find /files/1788430760414_Black_Denim_Jacket.jpg on this server
    at D:\photo\store_uiux_polished\v1\backend\server.js:110:8
    at Layer.handleRequest (D:\photo\store_uiux_polished\v1\backend\node_modules\router\lib\layer.js:152:17)
    at trimPrefix (D:\photo\store_uiux_polished\v1\backend\node_modules\router\index.js:342:13)
    at D:\photo\store_uiux_polished\v1\backend\node_modules\router\index.js:297:9
    at processParams (D:\photo\store_uiux_polished\v1\backend\node_modules\router\index.js:582:12)
    at next (D:\photo\store_uiux_polished\v1\backend\node_modules\router\index.js:291:5)
    at SendStream.error (D:\photo\store_uiux_polished\v1\backend\node_modules\serve-static\index.js:120:7)
    at SendStream.emit (node:events:509:20)
    at SendStream.error (D:\photo\store_uiux_polished\v1\backend\node_modules\send\index.js:168:17)
    at SendStream.onStatError (D:\photo\store_uiux_polished\v1\backend\node_modules\send\index.js:315:12) 
09-09-2026 11:06:29 | ERROR | Error found | 404 | GET /files/1788542750602_men-category.jpg : Can't find /files/1788542750602_men-category.jpg on this server | user: guest 
Error: Can't find /files/1788542750602_men-category.jpg on this server
    at D:\photo\store_uiux_polished\v1\backend\server.js:110:8
    at Layer.handleRequest (D:\photo\store_uiux_polished\v1\backend\node_modules\router\lib\layer.js:152:17)
    at trimPrefix (D:\photo\store_uiux_polished\v1\backend\node_modules\router\index.js:342:13)
    at D:\photo\store_uiux_polished\v1\backend\node_modules\router\index.js:297:9
    at processParams (D:\photo\store_uiux_polished\v1\backend\node_modules\router\index.js:582:12)
    at next (D:\photo\store_uiux_polished\v1\backend\node_modules\router\index.js:291:5)
    at SendStream.error (D:\photo\store_uiux_polished\v1\backend\node_modules\serve-static\index.js:120:7)
    at SendStream.emit (node:events:509:20)
    at SendStream.error (D:\photo\store_uiux_polished\v1\backend\node_modules\send\index.js:168:17)
    at SendStream.onStatError (D:\photo\store_uiux_polished\v1\backend\node_modules\send\index.js:315:12) 
09-09-2026 11:06:45 | ERROR | Error found | 404 | GET /files/1788430760414_Black_Denim_Jacket.jpg : Can't find /files/1788430760414_Black_Denim_Jacket.jpg on this server | user: guest 
Error: Can't find /files/1788430760414_Black_Denim_Jacket.jpg on this server
    at D:\photo\store_uiux_polished\v1\backend\server.js:110:8
    at Layer.handleRequest (D:\photo\store_uiux_polished\v1\backend\node_modules\router\lib\layer.js:152:17)
    at trimPrefix (D:\photo\store_uiux_polished\v1\backend\node_modules\router\index.js:342:13)
    at D:\photo\store_uiux_polished\v1\backend\node_modules\router\index.js:297:9
    at processParams (D:\photo\store_uiux_polished\v1\backend\node_modules\router\index.js:582:12)
    at next (D:\photo\store_uiux_polished\v1\backend\node_modules\router\index.js:291:5)
    at SendStream.error (D:\photo\store_uiux_polished\v1\backend\node_modules\serve-static\index.js:120:7)
    at SendStream.emit (node:events:509:20)
    at SendStream.error (D:\photo\store_uiux_polished\v1\backend\node_modules\send\index.js:168:17)
    at SendStream.onStatError (D:\photo\store_uiux_polished\v1\backend\node_modules\send\index.js:315:12) 
09-09-2026 11:06:45 | ERROR | Error found | 404 | GET /files/1788542750602_men-category.jpg : Can't find /files/1788542750602_men-category.jpg on this server | user: guest 
Error: Can't find /files/1788542750602_men-category.jpg on this server
    at D:\photo\store_uiux_polished\v1\backend\server.js:110:8
    at Layer.handleRequest (D:\photo\store_uiux_polished\v1\backend\node_modules\router\lib\layer.js:152:17)
    at trimPrefix (D:\photo\store_uiux_polished\v1\backend\node_modules\router\index.js:342:13)
    at D:\photo\store_uiux_polished\v1\backend\node_modules\router\index.js:297:9
    at processParams (D:\photo\store_uiux_polished\v1\backend\node_modules\router\index.js:582:12)
    at next (D:\photo\store_uiux_polished\v1\backend\node_modules\router\index.js:291:5)
    at SendStream.error (D:\photo\store_uiux_polished\v1\backend\node_modules\serve-static\index.js:120:7)
    at SendStream.emit (node:events:509:20)
    at SendStream.error (D:\photo\store_uiux_polished\v1\backend\node_modules\send\index.js:168:17)
    at SendStream.onStatError (D:\photo\store_uiux_polished\v1\backend\node_modules\send\index.js:315:12) 
09-09-2026 11:07:11 | ERROR | Error found | 404 | GET /files/1788542750602_men-category.jpg : Can't find /files/1788542750602_men-category.jpg on this server | user: guest 
Error: Can't find /files/1788542750602_men-category.jpg on this server
    at D:\photo\store_uiux_polished\v1\backend\server.js:110:8
    at Layer.handleRequest (D:\photo\store_uiux_polished\v1\backend\node_modules\router\lib\layer.js:152:17)
    at trimPrefix (D:\photo\store_uiux_polished\v1\backend\node_modules\router\index.js:342:13)
    at D:\photo\store_uiux_polished\v1\backend\node_modules\router\index.js:297:9
    at processParams (D:\photo\store_uiux_polished\v1\backend\node_modules\router\index.js:582:12)
    at next (D:\photo\store_uiux_polished\v1\backend\node_modules\router\index.js:291:5)
    at SendStream.error (D:\photo\store_uiux_polished\v1\backend\node_modules\serve-static\index.js:120:7)
    at SendStream.emit (node:events:509:20)
    at SendStream.error (D:\photo\store_uiux_polished\v1\backend\node_modules\send\index.js:168:17)
    at SendStream.onStatError (D:\photo\store_uiux_polished\v1\backend\node_modules\send\index.js:315:12) 
09-09-2026 11:07:11 | ERROR | Error found | 404 | GET /files/1788430760414_Black_Denim_Jacket.jpg : Can't find /files/1788430760414_Black_Denim_Jacket.jpg on this server | user: guest 
Error: Can't find /files/1788430760414_Black_Denim_Jacket.jpg on this server
    at D:\photo\store_uiux_polished\v1\backend\server.js:110:8
    at Layer.handleRequest (D:\photo\store_uiux_polished\v1\backend\node_modules\router\lib\layer.js:152:17)
    at trimPrefix (D:\photo\store_uiux_polished\v1\backend\node_modules\router\index.js:342:13)
    at D:\photo\store_uiux_polished\v1\backend\node_modules\router\index.js:297:9
    at processParams (D:\photo\store_uiux_polished\v1\backend\node_modules\router\index.js:582:12)
    at next (D:\photo\store_uiux_polished\v1\backend\node_modules\router\index.js:291:5)
    at SendStream.error (D:\photo\store_uiux_polished\v1\backend\node_modules\serve-static\index.js:120:7)
    at SendStream.emit (node:events:509:20)
    at SendStream.error (D:\photo\store_uiux_polished\v1\backend\node_modules\send\index.js:168:17)
    at SendStream.onStatError (D:\photo\store_uiux_polished\v1\backend\node_modules\send\index.js:315:12) 
09-09-2026 11:07:15 | ERROR | Error found | 404 | GET /files/1788430760414_Black_Denim_Jacket.jpg : Can't find /files/1788430760414_Black_Denim_Jacket.jpg on this server | user: guest 
Error: Can't find /files/1788430760414_Black_Denim_Jacket.jpg on this server
    at D:\photo\store_uiux_polished\v1\backend\server.js:110:8
    at Layer.handleRequest (D:\photo\store_uiux_polished\v1\backend\node_modules\router\lib\layer.js:152:17)
    at trimPrefix (D:\photo\store_uiux_polished\v1\backend\node_modules\router\index.js:342:13)
    at D:\photo\store_uiux_polished\v1\backend\node_modules\router\index.js:297:9
    at processParams (D:\photo\store_uiux_polished\v1\backend\node_modules\router\index.js:582:12)
    at next (D:\photo\store_uiux_polished\v1\backend\node_modules\router\index.js:291:5)
    at SendStream.error (D:\photo\store_uiux_polished\v1\backend\node_modules\serve-static\index.js:120:7)
    at SendStream.emit (node:events:509:20)
    at SendStream.error (D:\photo\store_uiux_polished\v1\backend\node_modules\send\index.js:168:17)
    at SendStream.onStatError (D:\photo\store_uiux_polished\v1\backend\node_modules\send\index.js:315:12) 
09-09-2026 11:07:15 | ERROR | Error found | 404 | GET /files/1788542750602_men-category.jpg : Can't find /files/1788542750602_men-category.jpg on this server | user: guest 
Error: Can't find /files/1788542750602_men-category.jpg on this server
    at D:\photo\store_uiux_polished\v1\backend\server.js:110:8
    at Layer.handleRequest (D:\photo\store_uiux_polished\v1\backend\node_modules\router\lib\layer.js:152:17)
    at trimPrefix (D:\photo\store_uiux_polished\v1\backend\node_modules\router\index.js:342:13)
    at D:\photo\store_uiux_polished\v1\backend\node_modules\router\index.js:297:9
    at processParams (D:\photo\store_uiux_polished\v1\backend\node_modules\router\index.js:582:12)
    at next (D:\photo\store_uiux_polished\v1\backend\node_modules\router\index.js:291:5)
    at SendStream.error (D:\photo\store_uiux_polished\v1\backend\node_modules\serve-static\index.js:120:7)
    at SendStream.emit (node:events:509:20)
    at SendStream.error (D:\photo\store_uiux_polished\v1\backend\node_modules\send\index.js:168:17)
    at SendStream.onStatError (D:\photo\store_uiux_polished\v1\backend\node_modules\send\index.js:315:12) 
09-09-2026 11:07:19 | ERROR | Error found | 404 | GET /files/1788430760414_Black_Denim_Jacket.jpg : Can't find /files/1788430760414_Black_Denim_Jacket.jpg on this server | user: guest 
Error: Can't find /files/1788430760414_Black_Denim_Jacket.jpg on this server
    at D:\photo\store_uiux_polished\v1\backend\server.js:110:8
    at Layer.handleRequest (D:\photo\store_uiux_polished\v1\backend\node_modules\router\lib\layer.js:152:17)
    at trimPrefix (D:\photo\store_uiux_polished\v1\backend\node_modules\router\index.js:342:13)
    at D:\photo\store_uiux_polished\v1\backend\node_modules\router\index.js:297:9
    at processParams (D:\photo\store_uiux_polished\v1\backend\node_modules\router\index.js:582:12)
    at next (D:\photo\store_uiux_polished\v1\backend\node_modules\router\index.js:291:5)
    at SendStream.error (D:\photo\store_uiux_polished\v1\backend\node_modules\serve-static\index.js:120:7)
    at SendStream.emit (node:events:509:20)
    at SendStream.error (D:\photo\store_uiux_polished\v1\backend\node_modules\send\index.js:168:17)
    at SendStream.onStatError (D:\photo\store_uiux_polished\v1\backend\node_modules\send\index.js:315:12) 
09-09-2026 11:07:19 | ERROR | Error found | 404 | GET /files/1788542750602_men-category.jpg : Can't find /files/1788542750602_men-category.jpg on this server | user: guest 
Error: Can't find /files/1788542750602_men-category.jpg on this server
    at D:\photo\store_uiux_polished\v1\backend\server.js:110:8
    at Layer.handleRequest (D:\photo\store_uiux_polished\v1\backend\node_modules\router\lib\layer.js:152:17)
    at trimPrefix (D:\photo\store_uiux_polished\v1\backend\node_modules\router\index.js:342:13)
    at D:\photo\store_uiux_polished\v1\backend\node_modules\router\index.js:297:9
    at processParams (D:\photo\store_uiux_polished\v1\backend\node_modules\router\index.js:582:12)
    at next (D:\photo\store_uiux_polished\v1\backend\node_modules\router\index.js:291:5)
    at SendStream.error (D:\photo\store_uiux_polished\v1\backend\node_modules\serve-static\index.js:120:7)
    at SendStream.emit (node:events:509:20)
    at SendStream.error (D:\photo\store_uiux_polished\v1\backend\node_modules\send\index.js:168:17)
    at SendStream.onStatError (D:\photo\store_uiux_polished\v1\backend\node_modules\send\index.js:315:12) 
09-09-2026 11:07:24 | ERROR | Error found | 404 | GET /files/1788430760414_Black_Denim_Jacket.jpg : Can't find /files/1788430760414_Black_Denim_Jacket.jpg on this server | user: guest 
Error: Can't find /files/1788430760414_Black_Denim_Jacket.jpg on this server
    at D:\photo\store_uiux_polished\v1\backend\server.js:110:8
    at Layer.handleRequest (D:\photo\store_uiux_polished\v1\backend\node_modules\router\lib\layer.js:152:17)
    at trimPrefix (D:\photo\store_uiux_polished\v1\backend\node_modules\router\index.js:342:13)
    at D:\photo\store_uiux_polished\v1\backend\node_modules\router\index.js:297:9
    at processParams (D:\photo\store_uiux_polished\v1\backend\node_modules\router\index.js:582:12)
    at next (D:\photo\store_uiux_polished\v1\backend\node_modules\router\index.js:291:5)
    at SendStream.error (D:\photo\store_uiux_polished\v1\backend\node_modules\serve-static\index.js:120:7)
    at SendStream.emit (node:events:509:20)
    at SendStream.error (D:\photo\store_uiux_polished\v1\backend\node_modules\send\index.js:168:17)
    at SendStream.onStatError (D:\photo\store_uiux_polished\v1\backend\node_modules\send\index.js:315:12) 
09-09-2026 11:07:24 | ERROR | Error found | 404 | GET /files/1788542750602_men-category.jpg : Can't find /files/1788542750602_men-category.jpg on this server | user: guest 
Error: Can't find /files/1788542750602_men-category.jpg on this server
    at D:\photo\store_uiux_polished\v1\backend\server.js:110:8
    at Layer.handleRequest (D:\photo\store_uiux_polished\v1\backend\node_modules\router\lib\layer.js:152:17)
    at trimPrefix (D:\photo\store_uiux_polished\v1\backend\node_modules\router\index.js:342:13)
    at D:\photo\store_uiux_polished\v1\backend\node_modules\router\index.js:297:9
    at processParams (D:\photo\store_uiux_polished\v1\backend\node_modules\router\index.js:582:12)
    at next (D:\photo\store_uiux_polished\v1\backend\node_modules\router\index.js:291:5)
    at SendStream.error (D:\photo\store_uiux_polished\v1\backend\node_modules\serve-static\index.js:120:7)
    at SendStream.emit (node:events:509:20)
    at SendStream.error (D:\photo\store_uiux_polished\v1\backend\node_modules\send\index.js:168:17)
    at SendStream.onStatError (D:\photo\store_uiux_polished\v1\backend\node_modules\send\index.js:315:12) 
09-09-2026 11:07:30 | ERROR | Error found | 404 | GET /files/1788430760414_Black_Denim_Jacket.jpg : Can't find /files/1788430760414_Black_Denim_Jacket.jpg on this server | user: guest 
Error: Can't find /files/1788430760414_Black_Denim_Jacket.jpg on this server
    at D:\photo\store_uiux_polished\v1\backend\server.js:110:8
    at Layer.handleRequest (D:\photo\store_uiux_polished\v1\backend\node_modules\router\lib\layer.js:152:17)
    at trimPrefix (D:\photo\store_uiux_polished\v1\backend\node_modules\router\index.js:342:13)
    at D:\photo\store_uiux_polished\v1\backend\node_modules\router\index.js:297:9
    at processParams (D:\photo\store_uiux_polished\v1\backend\node_modules\router\index.js:582:12)
    at next (D:\photo\store_uiux_polished\v1\backend\node_modules\router\index.js:291:5)
    at SendStream.error (D:\photo\store_uiux_polished\v1\backend\node_modules\serve-static\index.js:120:7)
    at SendStream.emit (node:events:509:20)
    at SendStream.error (D:\photo\store_uiux_polished\v1\backend\node_modules\send\index.js:168:17)
    at SendStream.onStatError (D:\photo\store_uiux_polished\v1\backend\node_modules\send\index.js:315:12) 
09-09-2026 11:07:30 | ERROR | Error found | 404 | GET /files/1788542750602_men-category.jpg : Can't find /files/1788542750602_men-category.jpg on this server | user: guest 
Error: Can't find /files/1788542750602_men-category.jpg on this server
    at D:\photo\store_uiux_polished\v1\backend\server.js:110:8
    at Layer.handleRequest (D:\photo\store_uiux_polished\v1\backend\node_modules\router\lib\layer.js:152:17)
    at trimPrefix (D:\photo\store_uiux_polished\v1\backend\node_modules\router\index.js:342:13)
    at D:\photo\store_uiux_polished\v1\backend\node_modules\router\index.js:297:9
    at processParams (D:\photo\store_uiux_polished\v1\backend\node_modules\router\index.js:582:12)
    at next (D:\photo\store_uiux_polished\v1\backend\node_modules\router\index.js:291:5)
    at SendStream.error (D:\photo\store_uiux_polished\v1\backend\node_modules\serve-static\index.js:120:7)
    at SendStream.emit (node:events:509:20)
    at SendStream.error (D:\photo\store_uiux_polished\v1\backend\node_modules\send\index.js:168:17)
    at SendStream.onStatError (D:\photo\store_uiux_polished\v1\backend\node_modules\send\index.js:315:12) 
09-09-2026 11:07:38 | ERROR | Error found | 404 | GET /files/1788430760414_Black_Denim_Jacket.jpg : Can't find /files/1788430760414_Black_Denim_Jacket.jpg on this server | user: guest 
Error: Can't find /files/1788430760414_Black_Denim_Jacket.jpg on this server
    at D:\photo\store_uiux_polished\v1\backend\server.js:110:8
    at Layer.handleRequest (D:\photo\store_uiux_polished\v1\backend\node_modules\router\lib\layer.js:152:17)
    at trimPrefix (D:\photo\store_uiux_polished\v1\backend\node_modules\router\index.js:342:13)
    at D:\photo\store_uiux_polished\v1\backend\node_modules\router\index.js:297:9
    at processParams (D:\photo\store_uiux_polished\v1\backend\node_modules\router\index.js:582:12)
    at next (D:\photo\store_uiux_polished\v1\backend\node_modules\router\index.js:291:5)
    at SendStream.error (D:\photo\store_uiux_polished\v1\backend\node_modules\serve-static\index.js:120:7)
    at SendStream.emit (node:events:509:20)
    at SendStream.error (D:\photo\store_uiux_polished\v1\backend\node_modules\send\index.js:168:17)
    at SendStream.onStatError (D:\photo\store_uiux_polished\v1\backend\node_modules\send\index.js:315:12) 
09-09-2026 11:07:38 | ERROR | Error found | 404 | GET /files/1788542750602_men-category.jpg : Can't find /files/1788542750602_men-category.jpg on this server | user: guest 
Error: Can't find /files/1788542750602_men-category.jpg on this server
    at D:\photo\store_uiux_polished\v1\backend\server.js:110:8
    at Layer.handleRequest (D:\photo\store_uiux_polished\v1\backend\node_modules\router\lib\layer.js:152:17)
    at trimPrefix (D:\photo\store_uiux_polished\v1\backend\node_modules\router\index.js:342:13)
    at D:\photo\store_uiux_polished\v1\backend\node_modules\router\index.js:297:9
    at processParams (D:\photo\store_uiux_polished\v1\backend\node_modules\router\index.js:582:12)
    at next (D:\photo\store_uiux_polished\v1\backend\node_modules\router\index.js:291:5)
    at SendStream.error (D:\photo\store_uiux_polished\v1\backend\node_modules\serve-static\index.js:120:7)
    at SendStream.emit (node:events:509:20)
    at SendStream.error (D:\photo\store_uiux_polished\v1\backend\node_modules\send\index.js:168:17)
    at SendStream.onStatError (D:\photo\store_uiux_polished\v1\backend\node_modules\send\index.js:315:12) 
09-09-2026 11:07:44 | ERROR | Error found | 404 | GET /files/1788430760414_Black_Denim_Jacket.jpg : Can't find /files/1788430760414_Black_Denim_Jacket.jpg on this server | user: guest 
Error: Can't find /files/1788430760414_Black_Denim_Jacket.jpg on this server
    at D:\photo\store_uiux_polished\v1\backend\server.js:110:8
    at Layer.handleRequest (D:\photo\store_uiux_polished\v1\backend\node_modules\router\lib\layer.js:152:17)
    at trimPrefix (D:\photo\store_uiux_polished\v1\backend\node_modules\router\index.js:342:13)
    at D:\photo\store_uiux_polished\v1\backend\node_modules\router\index.js:297:9
    at processParams (D:\photo\store_uiux_polished\v1\backend\node_modules\router\index.js:582:12)
    at next (D:\photo\store_uiux_polished\v1\backend\node_modules\router\index.js:291:5)
    at SendStream.error (D:\photo\store_uiux_polished\v1\backend\node_modules\serve-static\index.js:120:7)
    at SendStream.emit (node:events:509:20)
    at SendStream.error (D:\photo\store_uiux_polished\v1\backend\node_modules\send\index.js:168:17)
    at SendStream.onStatError (D:\photo\store_uiux_polished\v1\backend\node_modules\send\index.js:315:12) 
09-09-2026 11:07:44 | ERROR | Error found | 404 | GET /files/1788542750602_men-category.jpg : Can't find /files/1788542750602_men-category.jpg on this server | user: guest 
Error: Can't find /files/1788542750602_men-category.jpg on this server
    at D:\photo\store_uiux_polished\v1\backend\server.js:110:8
    at Layer.handleRequest (D:\photo\store_uiux_polished\v1\backend\node_modules\router\lib\layer.js:152:17)
    at trimPrefix (D:\photo\store_uiux_polished\v1\backend\node_modules\router\index.js:342:13)
    at D:\photo\store_uiux_polished\v1\backend\node_modules\router\index.js:297:9
    at processParams (D:\photo\store_uiux_polished\v1\backend\node_modules\router\index.js:582:12)
    at next (D:\photo\store_uiux_polished\v1\backend\node_modules\router\index.js:291:5)
    at SendStream.error (D:\photo\store_uiux_polished\v1\backend\node_modules\serve-static\index.js:120:7)
    at SendStream.emit (node:events:509:20)
    at SendStream.error (D:\photo\store_uiux_polished\v1\backend\node_modules\send\index.js:168:17)
    at SendStream.onStatError (D:\photo\store_uiux_polished\v1\backend\node_modules\send\index.js:315:12) 
09-09-2026 11:07:49 | ERROR | Error found | 404 | GET /files/1788430760414_Black_Denim_Jacket.jpg : Can't find /files/1788430760414_Black_Denim_Jacket.jpg on this server | user: guest 
Error: Can't find /files/1788430760414_Black_Denim_Jacket.jpg on this server
    at D:\photo\store_uiux_polished\v1\backend\server.js:110:8
    at Layer.handleRequest (D:\photo\store_uiux_polished\v1\backend\node_modules\router\lib\layer.js:152:17)
    at trimPrefix (D:\photo\store_uiux_polished\v1\backend\node_modules\router\index.js:342:13)
    at D:\photo\store_uiux_polished\v1\backend\node_modules\router\index.js:297:9
    at processParams (D:\photo\store_uiux_polished\v1\backend\node_modules\router\index.js:582:12)
    at next (D:\photo\store_uiux_polished\v1\backend\node_modules\router\index.js:291:5)
    at SendStream.error (D:\photo\store_uiux_polished\v1\backend\node_modules\serve-static\index.js:120:7)
    at SendStream.emit (node:events:509:20)
    at SendStream.error (D:\photo\store_uiux_polished\v1\backend\node_modules\send\index.js:168:17)
    at SendStream.onStatError (D:\photo\store_uiux_polished\v1\backend\node_modules\send\index.js:315:12) 
09-09-2026 11:07:49 | ERROR | Error found | 404 | GET /files/1788542750602_men-category.jpg : Can't find /files/1788542750602_men-category.jpg on this server | user: guest 
Error: Can't find /files/1788542750602_men-category.jpg on this server
    at D:\photo\store_uiux_polished\v1\backend\server.js:110:8
    at Layer.handleRequest (D:\photo\store_uiux_polished\v1\backend\node_modules\router\lib\layer.js:152:17)
    at trimPrefix (D:\photo\store_uiux_polished\v1\backend\node_modules\router\index.js:342:13)
    at D:\photo\store_uiux_polished\v1\backend\node_modules\router\index.js:297:9
    at processParams (D:\photo\store_uiux_polished\v1\backend\node_modules\router\index.js:582:12)
    at next (D:\photo\store_uiux_polished\v1\backend\node_modules\router\index.js:291:5)
    at SendStream.error (D:\photo\store_uiux_polished\v1\backend\node_modules\serve-static\index.js:120:7)
    at SendStream.emit (node:events:509:20)
    at SendStream.error (D:\photo\store_uiux_polished\v1\backend\node_modules\send\index.js:168:17)
    at SendStream.onStatError (D:\photo\store_uiux_polished\v1\backend\node_modules\send\index.js:315:12) 
09-09-2026 11:08:01 | ERROR | Error found | 404 | GET /files/1788430760414_Black_Denim_Jacket.jpg : Can't find /files/1788430760414_Black_Denim_Jacket.jpg on this server | user: guest 
Error: Can't find /files/1788430760414_Black_Denim_Jacket.jpg on this server
    at D:\photo\store_uiux_polished\v1\backend\server.js:110:8
    at Layer.handleRequest (D:\photo\store_uiux_polished\v1\backend\node_modules\router\lib\layer.js:152:17)
    at trimPrefix (D:\photo\store_uiux_polished\v1\backend\node_modules\router\index.js:342:13)
    at D:\photo\store_uiux_polished\v1\backend\node_modules\router\index.js:297:9
    at processParams (D:\photo\store_uiux_polished\v1\backend\node_modules\router\index.js:582:12)
    at next (D:\photo\store_uiux_polished\v1\backend\node_modules\router\index.js:291:5)
    at SendStream.error (D:\photo\store_uiux_polished\v1\backend\node_modules\serve-static\index.js:120:7)
    at SendStream.emit (node:events:509:20)
    at SendStream.error (D:\photo\store_uiux_polished\v1\backend\node_modules\send\index.js:168:17)
    at SendStream.onStatError (D:\photo\store_uiux_polished\v1\backend\node_modules\send\index.js:315:12) 
09-09-2026 11:08:01 | ERROR | Error found | 404 | GET /files/1788542750602_men-category.jpg : Can't find /files/1788542750602_men-category.jpg on this server | user: guest 
Error: Can't find /files/1788542750602_men-category.jpg on this server
    at D:\photo\store_uiux_polished\v1\backend\server.js:110:8
    at Layer.handleRequest (D:\photo\store_uiux_polished\v1\backend\node_modules\router\lib\layer.js:152:17)
    at trimPrefix (D:\photo\store_uiux_polished\v1\backend\node_modules\router\index.js:342:13)
    at D:\photo\store_uiux_polished\v1\backend\node_modules\router\index.js:297:9
    at processParams (D:\photo\store_uiux_polished\v1\backend\node_modules\router\index.js:582:12)
    at next (D:\photo\store_uiux_polished\v1\backend\node_modules\router\index.js:291:5)
    at SendStream.error (D:\photo\store_uiux_polished\v1\backend\node_modules\serve-static\index.js:120:7)
    at SendStream.emit (node:events:509:20)
    at SendStream.error (D:\photo\store_uiux_polished\v1\backend\node_modules\send\index.js:168:17)
    at SendStream.onStatError (D:\photo\store_uiux_polished\v1\backend\node_modules\send\index.js:315:12) 
09-09-2026 11:08:09 | ERROR | Error found | 404 | GET /files/1788430760414_Black_Denim_Jacket.jpg : Can't find /files/1788430760414_Black_Denim_Jacket.jpg on this server | user: guest 
Error: Can't find /files/1788430760414_Black_Denim_Jacket.jpg on this server
    at D:\photo\store_uiux_polished\v1\backend\server.js:110:8
    at Layer.handleRequest (D:\photo\store_uiux_polished\v1\backend\node_modules\router\lib\layer.js:152:17)
    at trimPrefix (D:\photo\store_uiux_polished\v1\backend\node_modules\router\index.js:342:13)
    at D:\photo\store_uiux_polished\v1\backend\node_modules\router\index.js:297:9
    at processParams (D:\photo\store_uiux_polished\v1\backend\node_modules\router\index.js:582:12)
    at next (D:\photo\store_uiux_polished\v1\backend\node_modules\router\index.js:291:5)
    at SendStream.error (D:\photo\store_uiux_polished\v1\backend\node_modules\serve-static\index.js:120:7)
    at SendStream.emit (node:events:509:20)
    at SendStream.error (D:\photo\store_uiux_polished\v1\backend\node_modules\send\index.js:168:17)
    at SendStream.onStatError (D:\photo\store_uiux_polished\v1\backend\node_modules\send\index.js:315:12) 
09-09-2026 11:08:09 | ERROR | Error found | 404 | GET /files/1788542750602_men-category.jpg : Can't find /files/1788542750602_men-category.jpg on this server | user: guest 
Error: Can't find /files/1788542750602_men-category.jpg on this server
    at D:\photo\store_uiux_polished\v1\backend\server.js:110:8
    at Layer.handleRequest (D:\photo\store_uiux_polished\v1\backend\node_modules\router\lib\layer.js:152:17)
    at trimPrefix (D:\photo\store_uiux_polished\v1\backend\node_modules\router\index.js:342:13)
    at D:\photo\store_uiux_polished\v1\backend\node_modules\router\index.js:297:9
    at processParams (D:\photo\store_uiux_polished\v1\backend\node_modules\router\index.js:582:12)
    at next (D:\photo\store_uiux_polished\v1\backend\node_modules\router\index.js:291:5)
    at SendStream.error (D:\photo\store_uiux_polished\v1\backend\node_modules\serve-static\index.js:120:7)
    at SendStream.emit (node:events:509:20)
    at SendStream.error (D:\photo\store_uiux_polished\v1\backend\node_modules\send\index.js:168:17)
    at SendStream.onStatError (D:\photo\store_uiux_polished\v1\backend\node_modules\send\index.js:315:12) 
09-09-2026 11:08:22 | ERROR | Error found | 404 | GET /files/1788430760414_Black_Denim_Jacket.jpg : Can't find /files/1788430760414_Black_Denim_Jacket.jpg on this server | user: guest 
Error: Can't find /files/1788430760414_Black_Denim_Jacket.jpg on this server
    at D:\photo\store_uiux_polished\v1\backend\server.js:110:8
    at Layer.handleRequest (D:\photo\store_uiux_polished\v1\backend\node_modules\router\lib\layer.js:152:17)
    at trimPrefix (D:\photo\store_uiux_polished\v1\backend\node_modules\router\index.js:342:13)
    at D:\photo\store_uiux_polished\v1\backend\node_modules\router\index.js:297:9
    at processParams (D:\photo\store_uiux_polished\v1\backend\node_modules\router\index.js:582:12)
    at next (D:\photo\store_uiux_polished\v1\backend\node_modules\router\index.js:291:5)
    at SendStream.error (D:\photo\store_uiux_polished\v1\backend\node_modules\serve-static\index.js:120:7)
    at SendStream.emit (node:events:509:20)
    at SendStream.error (D:\photo\store_uiux_polished\v1\backend\node_modules\send\index.js:168:17)
    at SendStream.onStatError (D:\photo\store_uiux_polished\v1\backend\node_modules\send\index.js:315:12) 
09-09-2026 11:08:22 | ERROR | Error found | 404 | GET /files/1788542750602_men-category.jpg : Can't find /files/1788542750602_men-category.jpg on this server | user: guest 
Error: Can't find /files/1788542750602_men-category.jpg on this server
    at D:\photo\store_uiux_polished\v1\backend\server.js:110:8
    at Layer.handleRequest (D:\photo\store_uiux_polished\v1\backend\node_modules\router\lib\layer.js:152:17)
    at trimPrefix (D:\photo\store_uiux_polished\v1\backend\node_modules\router\index.js:342:13)
    at D:\photo\store_uiux_polished\v1\backend\node_modules\router\index.js:297:9
    at processParams (D:\photo\store_uiux_polished\v1\backend\node_modules\router\index.js:582:12)
    at next (D:\photo\store_uiux_polished\v1\backend\node_modules\router\index.js:291:5)
    at SendStream.error (D:\photo\store_uiux_polished\v1\backend\node_modules\serve-static\index.js:120:7)
    at SendStream.emit (node:events:509:20)
    at SendStream.error (D:\photo\store_uiux_polished\v1\backend\node_modules\send\index.js:168:17)
    at SendStream.onStatError (D:\photo\store_uiux_polished\v1\backend\node_modules\send\index.js:315:12) 
09-09-2026 11:08:34 | ERROR | Error found | 404 | GET /files/1788430760414_Black_Denim_Jacket.jpg : Can't find /files/1788430760414_Black_Denim_Jacket.jpg on this server | user: guest 
Error: Can't find /files/1788430760414_Black_Denim_Jacket.jpg on this server
    at D:\photo\store_uiux_polished\v1\backend\server.js:110:8
    at Layer.handleRequest (D:\photo\store_uiux_polished\v1\backend\node_modules\router\lib\layer.js:152:17)
    at trimPrefix (D:\photo\store_uiux_polished\v1\backend\node_modules\router\index.js:342:13)
    at D:\photo\store_uiux_polished\v1\backend\node_modules\router\index.js:297:9
    at processParams (D:\photo\store_uiux_polished\v1\backend\node_modules\router\index.js:582:12)
    at next (D:\photo\store_uiux_polished\v1\backend\node_modules\router\index.js:291:5)
    at SendStream.error (D:\photo\store_uiux_polished\v1\backend\node_modules\serve-static\index.js:120:7)
    at SendStream.emit (node:events:509:20)
    at SendStream.error (D:\photo\store_uiux_polished\v1\backend\node_modules\send\index.js:168:17)
    at SendStream.onStatError (D:\photo\store_uiux_polished\v1\backend\node_modules\send\index.js:315:12) 
09-09-2026 11:08:34 | ERROR | Error found | 404 | GET /files/1788542750602_men-category.jpg : Can't find /files/1788542750602_men-category.jpg on this server | user: guest 
Error: Can't find /files/1788542750602_men-category.jpg on this server
    at D:\photo\store_uiux_polished\v1\backend\server.js:110:8
    at Layer.handleRequest (D:\photo\store_uiux_polished\v1\backend\node_modules\router\lib\layer.js:152:17)
    at trimPrefix (D:\photo\store_uiux_polished\v1\backend\node_modules\router\index.js:342:13)
    at D:\photo\store_uiux_polished\v1\backend\node_modules\router\index.js:297:9
    at processParams (D:\photo\store_uiux_polished\v1\backend\node_modules\router\index.js:582:12)
    at next (D:\photo\store_uiux_polished\v1\backend\node_modules\router\index.js:291:5)
    at SendStream.error (D:\photo\store_uiux_polished\v1\backend\node_modules\serve-static\index.js:120:7)
    at SendStream.emit (node:events:509:20)
    at SendStream.error (D:\photo\store_uiux_polished\v1\backend\node_modules\send\index.js:168:17)
    at SendStream.onStatError (D:\photo\store_uiux_polished\v1\backend\node_modules\send\index.js:315:12) 
09-09-2026 11:08:38 | ERROR | Error found | 404 | GET /files/1788430760414_Black_Denim_Jacket.jpg : Can't find /files/1788430760414_Black_Denim_Jacket.jpg on this server | user: guest 
Error: Can't find /files/1788430760414_Black_Denim_Jacket.jpg on this server
    at D:\photo\store_uiux_polished\v1\backend\server.js:110:8
    at Layer.handleRequest (D:\photo\store_uiux_polished\v1\backend\node_modules\router\lib\layer.js:152:17)
    at trimPrefix (D:\photo\store_uiux_polished\v1\backend\node_modules\router\index.js:342:13)
    at D:\photo\store_uiux_polished\v1\backend\node_modules\router\index.js:297:9
    at processParams (D:\photo\store_uiux_polished\v1\backend\node_modules\router\index.js:582:12)
    at next (D:\photo\store_uiux_polished\v1\backend\node_modules\router\index.js:291:5)
    at SendStream.error (D:\photo\store_uiux_polished\v1\backend\node_modules\serve-static\index.js:120:7)
    at SendStream.emit (node:events:509:20)
    at SendStream.error (D:\photo\store_uiux_polished\v1\backend\node_modules\send\index.js:168:17)
    at SendStream.onStatError (D:\photo\store_uiux_polished\v1\backend\node_modules\send\index.js:315:12) 
09-09-2026 11:08:38 | ERROR | Error found | 404 | GET /files/1788542750602_men-category.jpg : Can't find /files/1788542750602_men-category.jpg on this server | user: guest 
Error: Can't find /files/1788542750602_men-category.jpg on this server
    at D:\photo\store_uiux_polished\v1\backend\server.js:110:8
    at Layer.handleRequest (D:\photo\store_uiux_polished\v1\backend\node_modules\router\lib\layer.js:152:17)
    at trimPrefix (D:\photo\store_uiux_polished\v1\backend\node_modules\router\index.js:342:13)
    at D:\photo\store_uiux_polished\v1\backend\node_modules\router\index.js:297:9
    at processParams (D:\photo\store_uiux_polished\v1\backend\node_modules\router\index.js:582:12)
    at next (D:\photo\store_uiux_polished\v1\backend\node_modules\router\index.js:291:5)
    at SendStream.error (D:\photo\store_uiux_polished\v1\backend\node_modules\serve-static\index.js:120:7)
    at SendStream.emit (node:events:509:20)
    at SendStream.error (D:\photo\store_uiux_polished\v1\backend\node_modules\send\index.js:168:17)
    at SendStream.onStatError (D:\photo\store_uiux_polished\v1\backend\node_modules\send\index.js:315:12) 
09-09-2026 11:08:39 | ERROR | Error found | 404 | GET /files/1788430760414_Black_Denim_Jacket.jpg : Can't find /files/1788430760414_Black_Denim_Jacket.jpg on this server | user: guest 
Error: Can't find /files/1788430760414_Black_Denim_Jacket.jpg on this server
    at D:\photo\store_uiux_polished\v1\backend\server.js:110:8
    at Layer.handleRequest (D:\photo\store_uiux_polished\v1\backend\node_modules\router\lib\layer.js:152:17)
    at trimPrefix (D:\photo\store_uiux_polished\v1\backend\node_modules\router\index.js:342:13)
    at D:\photo\store_uiux_polished\v1\backend\node_modules\router\index.js:297:9
    at processParams (D:\photo\store_uiux_polished\v1\backend\node_modules\router\index.js:582:12)
    at next (D:\photo\store_uiux_polished\v1\backend\node_modules\router\index.js:291:5)
    at SendStream.error (D:\photo\store_uiux_polished\v1\backend\node_modules\serve-static\index.js:120:7)
    at SendStream.emit (node:events:509:20)
    at SendStream.error (D:\photo\store_uiux_polished\v1\backend\node_modules\send\index.js:168:17)
    at SendStream.onStatError (D:\photo\store_uiux_polished\v1\backend\node_modules\send\index.js:315:12) 
09-09-2026 11:08:39 | ERROR | Error found | 404 | GET /files/1788542750602_men-category.jpg : Can't find /files/1788542750602_men-category.jpg on this server | user: guest 
Error: Can't find /files/1788542750602_men-category.jpg on this server
    at D:\photo\store_uiux_polished\v1\backend\server.js:110:8
    at Layer.handleRequest (D:\photo\store_uiux_polished\v1\backend\node_modules\router\lib\layer.js:152:17)
    at trimPrefix (D:\photo\store_uiux_polished\v1\backend\node_modules\router\index.js:342:13)
    at D:\photo\store_uiux_polished\v1\backend\node_modules\router\index.js:297:9
    at processParams (D:\photo\store_uiux_polished\v1\backend\node_modules\router\index.js:582:12)
    at next (D:\photo\store_uiux_polished\v1\backend\node_modules\router\index.js:291:5)
    at SendStream.error (D:\photo\store_uiux_polished\v1\backend\node_modules\serve-static\index.js:120:7)
    at SendStream.emit (node:events:509:20)
    at SendStream.error (D:\photo\store_uiux_polished\v1\backend\node_modules\send\index.js:168:17)
    at SendStream.onStatError (D:\photo\store_uiux_polished\v1\backend\node_modules\send\index.js:315:12) 
09-09-2026 11:08:46 | ERROR | Error found | 404 | GET /files/1788430760414_Black_Denim_Jacket.jpg : Can't find /files/1788430760414_Black_Denim_Jacket.jpg on this server | user: guest 
Error: Can't find /files/1788430760414_Black_Denim_Jacket.jpg on this server
    at D:\photo\store_uiux_polished\v1\backend\server.js:110:8
    at Layer.handleRequest (D:\photo\store_uiux_polished\v1\backend\node_modules\router\lib\layer.js:152:17)
    at trimPrefix (D:\photo\store_uiux_polished\v1\backend\node_modules\router\index.js:342:13)
    at D:\photo\store_uiux_polished\v1\backend\node_modules\router\index.js:297:9
    at processParams (D:\photo\store_uiux_polished\v1\backend\node_modules\router\index.js:582:12)
    at next (D:\photo\store_uiux_polished\v1\backend\node_modules\router\index.js:291:5)
    at SendStream.error (D:\photo\store_uiux_polished\v1\backend\node_modules\serve-static\index.js:120:7)
    at SendStream.emit (node:events:509:20)
    at SendStream.error (D:\photo\store_uiux_polished\v1\backend\node_modules\send\index.js:168:17)
    at SendStream.onStatError (D:\photo\store_uiux_polished\v1\backend\node_modules\send\index.js:315:12) 
09-09-2026 11:08:46 | ERROR | Error found | 404 | GET /files/1788542750602_men-category.jpg : Can't find /files/1788542750602_men-category.jpg on this server | user: guest 
Error: Can't find /files/1788542750602_men-category.jpg on this server
    at D:\photo\store_uiux_polished\v1\backend\server.js:110:8
    at Layer.handleRequest (D:\photo\store_uiux_polished\v1\backend\node_modules\router\lib\layer.js:152:17)
    at trimPrefix (D:\photo\store_uiux_polished\v1\backend\node_modules\router\index.js:342:13)
    at D:\photo\store_uiux_polished\v1\backend\node_modules\router\index.js:297:9
    at processParams (D:\photo\store_uiux_polished\v1\backend\node_modules\router\index.js:582:12)
    at next (D:\photo\store_uiux_polished\v1\backend\node_modules\router\index.js:291:5)
    at SendStream.error (D:\photo\store_uiux_polished\v1\backend\node_modules\serve-static\index.js:120:7)
    at SendStream.emit (node:events:509:20)
    at SendStream.error (D:\photo\store_uiux_polished\v1\backend\node_modules\send\index.js:168:17)
    at SendStream.onStatError (D:\photo\store_uiux_polished\v1\backend\node_modules\send\index.js:315:12) 
09-09-2026 11:08:51 | ERROR | Error found | 404 | GET /files/1788430760414_Black_Denim_Jacket.jpg : Can't find /files/1788430760414_Black_Denim_Jacket.jpg on this server | user: guest 
Error: Can't find /files/1788430760414_Black_Denim_Jacket.jpg on this server
    at D:\photo\store_uiux_polished\v1\backend\server.js:110:8
    at Layer.handleRequest (D:\photo\store_uiux_polished\v1\backend\node_modules\router\lib\layer.js:152:17)
    at trimPrefix (D:\photo\store_uiux_polished\v1\backend\node_modules\router\index.js:342:13)
    at D:\photo\store_uiux_polished\v1\backend\node_modules\router\index.js:297:9
    at processParams (D:\photo\store_uiux_polished\v1\backend\node_modules\router\index.js:582:12)
    at next (D:\photo\store_uiux_polished\v1\backend\node_modules\router\index.js:291:5)
    at SendStream.error (D:\photo\store_uiux_polished\v1\backend\node_modules\serve-static\index.js:120:7)
    at SendStream.emit (node:events:509:20)
    at SendStream.error (D:\photo\store_uiux_polished\v1\backend\node_modules\send\index.js:168:17)
    at SendStream.onStatError (D:\photo\store_uiux_polished\v1\backend\node_modules\send\index.js:315:12) 
09-09-2026 11:08:51 | ERROR | Error found | 404 | GET /files/1788542750602_men-category.jpg : Can't find /files/1788542750602_men-category.jpg on this server | user: guest 
Error: Can't find /files/1788542750602_men-category.jpg on this server
    at D:\photo\store_uiux_polished\v1\backend\server.js:110:8
    at Layer.handleRequest (D:\photo\store_uiux_polished\v1\backend\node_modules\router\lib\layer.js:152:17)
    at trimPrefix (D:\photo\store_uiux_polished\v1\backend\node_modules\router\index.js:342:13)
    at D:\photo\store_uiux_polished\v1\backend\node_modules\router\index.js:297:9
    at processParams (D:\photo\store_uiux_polished\v1\backend\node_modules\router\index.js:582:12)
    at next (D:\photo\store_uiux_polished\v1\backend\node_modules\router\index.js:291:5)
    at SendStream.error (D:\photo\store_uiux_polished\v1\backend\node_modules\serve-static\index.js:120:7)
    at SendStream.emit (node:events:509:20)
    at SendStream.error (D:\photo\store_uiux_polished\v1\backend\node_modules\send\index.js:168:17)
    at SendStream.onStatError (D:\photo\store_uiux_polished\v1\backend\node_modules\send\index.js:315:12) 
09-09-2026 11:08:54 | ERROR | Error found | 404 | GET /files/1788430760414_Black_Denim_Jacket.jpg : Can't find /files/1788430760414_Black_Denim_Jacket.jpg on this server | user: guest 
Error: Can't find /files/1788430760414_Black_Denim_Jacket.jpg on this server
    at D:\photo\store_uiux_polished\v1\backend\server.js:110:8
    at Layer.handleRequest (D:\photo\store_uiux_polished\v1\backend\node_modules\router\lib\layer.js:152:17)
    at trimPrefix (D:\photo\store_uiux_polished\v1\backend\node_modules\router\index.js:342:13)
    at D:\photo\store_uiux_polished\v1\backend\node_modules\router\index.js:297:9
    at processParams (D:\photo\store_uiux_polished\v1\backend\node_modules\router\index.js:582:12)
    at next (D:\photo\store_uiux_polished\v1\backend\node_modules\router\index.js:291:5)
    at SendStream.error (D:\photo\store_uiux_polished\v1\backend\node_modules\serve-static\index.js:120:7)
    at SendStream.emit (node:events:509:20)
    at SendStream.error (D:\photo\store_uiux_polished\v1\backend\node_modules\send\index.js:168:17)
    at SendStream.onStatError (D:\photo\store_uiux_polished\v1\backend\node_modules\send\index.js:315:12) 
09-09-2026 11:08:54 | ERROR | Error found | 404 | GET /files/1788542750602_men-category.jpg : Can't find /files/1788542750602_men-category.jpg on this server | user: guest 
Error: Can't find /files/1788542750602_men-category.jpg on this server
    at D:\photo\store_uiux_polished\v1\backend\server.js:110:8
    at Layer.handleRequest (D:\photo\store_uiux_polished\v1\backend\node_modules\router\lib\layer.js:152:17)
    at trimPrefix (D:\photo\store_uiux_polished\v1\backend\node_modules\router\index.js:342:13)
    at D:\photo\store_uiux_polished\v1\backend\node_modules\router\index.js:297:9
    at processParams (D:\photo\store_uiux_polished\v1\backend\node_modules\router\index.js:582:12)
    at next (D:\photo\store_uiux_polished\v1\backend\node_modules\router\index.js:291:5)
    at SendStream.error (D:\photo\store_uiux_polished\v1\backend\node_modules\serve-static\index.js:120:7)
    at SendStream.emit (node:events:509:20)
    at SendStream.error (D:\photo\store_uiux_polished\v1\backend\node_modules\send\index.js:168:17)
    at SendStream.onStatError (D:\photo\store_uiux_polished\v1\backend\node_modules\send\index.js:315:12) 
09-09-2026 11:08:59 | ERROR | Error found | 404 | GET /files/1788430760414_Black_Denim_Jacket.jpg : Can't find /files/1788430760414_Black_Denim_Jacket.jpg on this server | user: guest 
Error: Can't find /files/1788430760414_Black_Denim_Jacket.jpg on this server
    at D:\photo\store_uiux_polished\v1\backend\server.js:110:8
    at Layer.handleRequest (D:\photo\store_uiux_polished\v1\backend\node_modules\router\lib\layer.js:152:17)
    at trimPrefix (D:\photo\store_uiux_polished\v1\backend\node_modules\router\index.js:342:13)
    at D:\photo\store_uiux_polished\v1\backend\node_modules\router\index.js:297:9
    at processParams (D:\photo\store_uiux_polished\v1\backend\node_modules\router\index.js:582:12)
    at next (D:\photo\store_uiux_polished\v1\backend\node_modules\router\index.js:291:5)
    at SendStream.error (D:\photo\store_uiux_polished\v1\backend\node_modules\serve-static\index.js:120:7)
    at SendStream.emit (node:events:509:20)
    at SendStream.error (D:\photo\store_uiux_polished\v1\backend\node_modules\send\index.js:168:17)
    at SendStream.onStatError (D:\photo\store_uiux_polished\v1\backend\node_modules\send\index.js:315:12) 
09-09-2026 11:08:59 | ERROR | Error found | 404 | GET /files/1788542750602_men-category.jpg : Can't find /files/1788542750602_men-category.jpg on this server | user: guest 
Error: Can't find /files/1788542750602_men-category.jpg on this server
    at D:\photo\store_uiux_polished\v1\backend\server.js:110:8
    at Layer.handleRequest (D:\photo\store_uiux_polished\v1\backend\node_modules\router\lib\layer.js:152:17)
    at trimPrefix (D:\photo\store_uiux_polished\v1\backend\node_modules\router\index.js:342:13)
    at D:\photo\store_uiux_polished\v1\backend\node_modules\router\index.js:297:9
    at processParams (D:\photo\store_uiux_polished\v1\backend\node_modules\router\index.js:582:12)
    at next (D:\photo\store_uiux_polished\v1\backend\node_modules\router\index.js:291:5)
    at SendStream.error (D:\photo\store_uiux_polished\v1\backend\node_modules\serve-static\index.js:120:7)
    at SendStream.emit (node:events:509:20)
    at SendStream.error (D:\photo\store_uiux_polished\v1\backend\node_modules\send\index.js:168:17)
    at SendStream.onStatError (D:\photo\store_uiux_polished\v1\backend\node_modules\send\index.js:315:12) 
09-09-2026 11:09:04 | ERROR | Error found | 404 | GET /files/1788430760414_Black_Denim_Jacket.jpg : Can't find /files/1788430760414_Black_Denim_Jacket.jpg on this server | user: guest 
Error: Can't find /files/1788430760414_Black_Denim_Jacket.jpg on this server
    at D:\photo\store_uiux_polished\v1\backend\server.js:110:8
    at Layer.handleRequest (D:\photo\store_uiux_polished\v1\backend\node_modules\router\lib\layer.js:152:17)
    at trimPrefix (D:\photo\store_uiux_polished\v1\backend\node_modules\router\index.js:342:13)
    at D:\photo\store_uiux_polished\v1\backend\node_modules\router\index.js:297:9
    at processParams (D:\photo\store_uiux_polished\v1\backend\node_modules\router\index.js:582:12)
    at next (D:\photo\store_uiux_polished\v1\backend\node_modules\router\index.js:291:5)
    at SendStream.error (D:\photo\store_uiux_polished\v1\backend\node_modules\serve-static\index.js:120:7)
    at SendStream.emit (node:events:509:20)
    at SendStream.error (D:\photo\store_uiux_polished\v1\backend\node_modules\send\index.js:168:17)
    at SendStream.onStatError (D:\photo\store_uiux_polished\v1\backend\node_modules\send\index.js:315:12) 
09-09-2026 11:09:04 | ERROR | Error found | 404 | GET /files/1788542750602_men-category.jpg : Can't find /files/1788542750602_men-category.jpg on this server | user: guest 
Error: Can't find /files/1788542750602_men-category.jpg on this server
    at D:\photo\store_uiux_polished\v1\backend\server.js:110:8
    at Layer.handleRequest (D:\photo\store_uiux_polished\v1\backend\node_modules\router\lib\layer.js:152:17)
    at trimPrefix (D:\photo\store_uiux_polished\v1\backend\node_modules\router\index.js:342:13)
    at D:\photo\store_uiux_polished\v1\backend\node_modules\router\index.js:297:9
    at processParams (D:\photo\store_uiux_polished\v1\backend\node_modules\router\index.js:582:12)
    at next (D:\photo\store_uiux_polished\v1\backend\node_modules\router\index.js:291:5)
    at SendStream.error (D:\photo\store_uiux_polished\v1\backend\node_modules\serve-static\index.js:120:7)
    at SendStream.emit (node:events:509:20)
    at SendStream.error (D:\photo\store_uiux_polished\v1\backend\node_modules\send\index.js:168:17)
    at SendStream.onStatError (D:\photo\store_uiux_polished\v1\backend\node_modules\send\index.js:315:12) 
09-09-2026 11:09:13 | ERROR | Error found | 404 | GET /files/1788430760414_Black_Denim_Jacket.jpg : Can't find /files/1788430760414_Black_Denim_Jacket.jpg on this server | user: guest 
Error: Can't find /files/1788430760414_Black_Denim_Jacket.jpg on this server
    at D:\photo\store_uiux_polished\v1\backend\server.js:110:8
    at Layer.handleRequest (D:\photo\store_uiux_polished\v1\backend\node_modules\router\lib\layer.js:152:17)
    at trimPrefix (D:\photo\store_uiux_polished\v1\backend\node_modules\router\index.js:342:13)
    at D:\photo\store_uiux_polished\v1\backend\node_modules\router\index.js:297:9
    at processParams (D:\photo\store_uiux_polished\v1\backend\node_modules\router\index.js:582:12)
    at next (D:\photo\store_uiux_polished\v1\backend\node_modules\router\index.js:291:5)
    at SendStream.error (D:\photo\store_uiux_polished\v1\backend\node_modules\serve-static\index.js:120:7)
    at SendStream.emit (node:events:509:20)
    at SendStream.error (D:\photo\store_uiux_polished\v1\backend\node_modules\send\index.js:168:17)
    at SendStream.onStatError (D:\photo\store_uiux_polished\v1\backend\node_modules\send\index.js:315:12) 
09-09-2026 11:09:13 | ERROR | Error found | 404 | GET /files/1788542750602_men-category.jpg : Can't find /files/1788542750602_men-category.jpg on this server | user: guest 
Error: Can't find /files/1788542750602_men-category.jpg on this server
    at D:\photo\store_uiux_polished\v1\backend\server.js:110:8
    at Layer.handleRequest (D:\photo\store_uiux_polished\v1\backend\node_modules\router\lib\layer.js:152:17)
    at trimPrefix (D:\photo\store_uiux_polished\v1\backend\node_modules\router\index.js:342:13)
    at D:\photo\store_uiux_polished\v1\backend\node_modules\router\index.js:297:9
    at processParams (D:\photo\store_uiux_polished\v1\backend\node_modules\router\index.js:582:12)
    at next (D:\photo\store_uiux_polished\v1\backend\node_modules\router\index.js:291:5)
    at SendStream.error (D:\photo\store_uiux_polished\v1\backend\node_modules\serve-static\index.js:120:7)
    at SendStream.emit (node:events:509:20)
    at SendStream.error (D:\photo\store_uiux_polished\v1\backend\node_modules\send\index.js:168:17)
    at SendStream.onStatError (D:\photo\store_uiux_polished\v1\backend\node_modules\send\index.js:315:12) 
09-09-2026 11:09:17 | ERROR | Error found | 404 | GET /files/1788430760414_Black_Denim_Jacket.jpg : Can't find /files/1788430760414_Black_Denim_Jacket.jpg on this server | user: guest 
Error: Can't find /files/1788430760414_Black_Denim_Jacket.jpg on this server
    at D:\photo\store_uiux_polished\v1\backend\server.js:110:8
    at Layer.handleRequest (D:\photo\store_uiux_polished\v1\backend\node_modules\router\lib\layer.js:152:17)
    at trimPrefix (D:\photo\store_uiux_polished\v1\backend\node_modules\router\index.js:342:13)
    at D:\photo\store_uiux_polished\v1\backend\node_modules\router\index.js:297:9
    at processParams (D:\photo\store_uiux_polished\v1\backend\node_modules\router\index.js:582:12)
    at next (D:\photo\store_uiux_polished\v1\backend\node_modules\router\index.js:291:5)
    at SendStream.error (D:\photo\store_uiux_polished\v1\backend\node_modules\serve-static\index.js:120:7)
    at SendStream.emit (node:events:509:20)
    at SendStream.error (D:\photo\store_uiux_polished\v1\backend\node_modules\send\index.js:168:17)
    at SendStream.onStatError (D:\photo\store_uiux_polished\v1\backend\node_modules\send\index.js:315:12) 
09-09-2026 11:09:17 | ERROR | Error found | 404 | GET /files/1788542750602_men-category.jpg : Can't find /files/1788542750602_men-category.jpg on this server | user: guest 
Error: Can't find /files/1788542750602_men-category.jpg on this server
    at D:\photo\store_uiux_polished\v1\backend\server.js:110:8
    at Layer.handleRequest (D:\photo\store_uiux_polished\v1\backend\node_modules\router\lib\layer.js:152:17)
    at trimPrefix (D:\photo\store_uiux_polished\v1\backend\node_modules\router\index.js:342:13)
    at D:\photo\store_uiux_polished\v1\backend\node_modules\router\index.js:297:9
    at processParams (D:\photo\store_uiux_polished\v1\backend\node_modules\router\index.js:582:12)
    at next (D:\photo\store_uiux_polished\v1\backend\node_modules\router\index.js:291:5)
    at SendStream.error (D:\photo\store_uiux_polished\v1\backend\node_modules\serve-static\index.js:120:7)
    at SendStream.emit (node:events:509:20)
    at SendStream.error (D:\photo\store_uiux_polished\v1\backend\node_modules\send\index.js:168:17)
    at SendStream.onStatError (D:\photo\store_uiux_polished\v1\backend\node_modules\send\index.js:315:12) 
09-09-2026 11:09:20 | ERROR | Error found | 404 | GET /files/1788430760414_Black_Denim_Jacket.jpg : Can't find /files/1788430760414_Black_Denim_Jacket.jpg on this server | user: guest 
Error: Can't find /files/1788430760414_Black_Denim_Jacket.jpg on this server
    at D:\photo\store_uiux_polished\v1\backend\server.js:110:8
    at Layer.handleRequest (D:\photo\store_uiux_polished\v1\backend\node_modules\router\lib\layer.js:152:17)
    at trimPrefix (D:\photo\store_uiux_polished\v1\backend\node_modules\router\index.js:342:13)
    at D:\photo\store_uiux_polished\v1\backend\node_modules\router\index.js:297:9
    at processParams (D:\photo\store_uiux_polished\v1\backend\node_modules\router\index.js:582:12)
    at next (D:\photo\store_uiux_polished\v1\backend\node_modules\router\index.js:291:5)
    at SendStream.error (D:\photo\store_uiux_polished\v1\backend\node_modules\serve-static\index.js:120:7)
    at SendStream.emit (node:events:509:20)
    at SendStream.error (D:\photo\store_uiux_polished\v1\backend\node_modules\send\index.js:168:17)
    at SendStream.onStatError (D:\photo\store_uiux_polished\v1\backend\node_modules\send\index.js:315:12) 
09-09-2026 11:09:20 | ERROR | Error found | 404 | GET /files/1788542750602_men-category.jpg : Can't find /files/1788542750602_men-category.jpg on this server | user: guest 
Error: Can't find /files/1788542750602_men-category.jpg on this server
    at D:\photo\store_uiux_polished\v1\backend\server.js:110:8
    at Layer.handleRequest (D:\photo\store_uiux_polished\v1\backend\node_modules\router\lib\layer.js:152:17)
    at trimPrefix (D:\photo\store_uiux_polished\v1\backend\node_modules\router\index.js:342:13)
    at D:\photo\store_uiux_polished\v1\backend\node_modules\router\index.js:297:9
    at processParams (D:\photo\store_uiux_polished\v1\backend\node_modules\router\index.js:582:12)
    at next (D:\photo\store_uiux_polished\v1\backend\node_modules\router\index.js:291:5)
    at SendStream.error (D:\photo\store_uiux_polished\v1\backend\node_modules\serve-static\index.js:120:7)
    at SendStream.emit (node:events:509:20)
    at SendStream.error (D:\photo\store_uiux_polished\v1\backend\node_modules\send\index.js:168:17)
    at SendStream.onStatError (D:\photo\store_uiux_polished\v1\backend\node_modules\send\index.js:315:12) 
09-09-2026 11:09:38 | ERROR | Error found | 404 | GET /files/1788430760414_Black_Denim_Jacket.jpg : Can't find /files/1788430760414_Black_Denim_Jacket.jpg on this server | user: guest 
Error: Can't find /files/1788430760414_Black_Denim_Jacket.jpg on this server
    at D:\photo\store_uiux_polished\v1\backend\server.js:110:8
    at Layer.handleRequest (D:\photo\store_uiux_polished\v1\backend\node_modules\router\lib\layer.js:152:17)
    at trimPrefix (D:\photo\store_uiux_polished\v1\backend\node_modules\router\index.js:342:13)
    at D:\photo\store_uiux_polished\v1\backend\node_modules\router\index.js:297:9
    at processParams (D:\photo\store_uiux_polished\v1\backend\node_modules\router\index.js:582:12)
    at next (D:\photo\store_uiux_polished\v1\backend\node_modules\router\index.js:291:5)
    at SendStream.error (D:\photo\store_uiux_polished\v1\backend\node_modules\serve-static\index.js:120:7)
    at SendStream.emit (node:events:509:20)
    at SendStream.error (D:\photo\store_uiux_polished\v1\backend\node_modules\send\index.js:168:17)
    at SendStream.onStatError (D:\photo\store_uiux_polished\v1\backend\node_modules\send\index.js:315:12) 
09-09-2026 11:09:38 | ERROR | Error found | 404 | GET /files/1788542750602_men-category.jpg : Can't find /files/1788542750602_men-category.jpg on this server | user: guest 
Error: Can't find /files/1788542750602_men-category.jpg on this server
    at D:\photo\store_uiux_polished\v1\backend\server.js:110:8
    at Layer.handleRequest (D:\photo\store_uiux_polished\v1\backend\node_modules\router\lib\layer.js:152:17)
    at trimPrefix (D:\photo\store_uiux_polished\v1\backend\node_modules\router\index.js:342:13)
    at D:\photo\store_uiux_polished\v1\backend\node_modules\router\index.js:297:9
    at processParams (D:\photo\store_uiux_polished\v1\backend\node_modules\router\index.js:582:12)
    at next (D:\photo\store_uiux_polished\v1\backend\node_modules\router\index.js:291:5)
    at SendStream.error (D:\photo\store_uiux_polished\v1\backend\node_modules\serve-static\index.js:120:7)
    at SendStream.emit (node:events:509:20)
    at SendStream.error (D:\photo\store_uiux_polished\v1\backend\node_modules\send\index.js:168:17)
    at SendStream.onStatError (D:\photo\store_uiux_polished\v1\backend\node_modules\send\index.js:315:12) 
09-09-2026 11:13:11 | ERROR | Error found | 404 | GET /files/1788430760414_Black_Denim_Jacket.jpg : Can't find /files/1788430760414_Black_Denim_Jacket.jpg on this server | user: guest 
Error: Can't find /files/1788430760414_Black_Denim_Jacket.jpg on this server
    at D:\photo\store_uiux_polished\v1\backend\server.js:110:8
    at Layer.handleRequest (D:\photo\store_uiux_polished\v1\backend\node_modules\router\lib\layer.js:152:17)
    at trimPrefix (D:\photo\store_uiux_polished\v1\backend\node_modules\router\index.js:342:13)
    at D:\photo\store_uiux_polished\v1\backend\node_modules\router\index.js:297:9
    at processParams (D:\photo\store_uiux_polished\v1\backend\node_modules\router\index.js:582:12)
    at next (D:\photo\store_uiux_polished\v1\backend\node_modules\router\index.js:291:5)
    at SendStream.error (D:\photo\store_uiux_polished\v1\backend\node_modules\serve-static\index.js:120:7)
    at SendStream.emit (node:events:509:20)
    at SendStream.error (D:\photo\store_uiux_polished\v1\backend\node_modules\send\index.js:168:17)
    at SendStream.onStatError (D:\photo\store_uiux_polished\v1\backend\node_modules\send\index.js:315:12) 
09-09-2026 11:13:11 | ERROR | Error found | 404 | GET /files/1788542750602_men-category.jpg : Can't find /files/1788542750602_men-category.jpg on this server | user: guest 
Error: Can't find /files/1788542750602_men-category.jpg on this server
    at D:\photo\store_uiux_polished\v1\backend\server.js:110:8
    at Layer.handleRequest (D:\photo\store_uiux_polished\v1\backend\node_modules\router\lib\layer.js:152:17)
    at trimPrefix (D:\photo\store_uiux_polished\v1\backend\node_modules\router\index.js:342:13)
    at D:\photo\store_uiux_polished\v1\backend\node_modules\router\index.js:297:9
    at processParams (D:\photo\store_uiux_polished\v1\backend\node_modules\router\index.js:582:12)
    at next (D:\photo\store_uiux_polished\v1\backend\node_modules\router\index.js:291:5)
    at SendStream.error (D:\photo\store_uiux_polished\v1\backend\node_modules\serve-static\index.js:120:7)
    at SendStream.emit (node:events:509:20)
    at SendStream.error (D:\photo\store_uiux_polished\v1\backend\node_modules\send\index.js:168:17)
    at SendStream.onStatError (D:\photo\store_uiux_polished\v1\backend\node_modules\send\index.js:315:12) 
09-09-2026 11:13:27 | ERROR | Error found | 404 | GET /files/1788430760414_Black_Denim_Jacket.jpg : Can't find /files/1788430760414_Black_Denim_Jacket.jpg on this server | user: guest 
Error: Can't find /files/1788430760414_Black_Denim_Jacket.jpg on this server
    at D:\photo\store_uiux_polished\v1\backend\server.js:110:8
    at Layer.handleRequest (D:\photo\store_uiux_polished\v1\backend\node_modules\router\lib\layer.js:152:17)
    at trimPrefix (D:\photo\store_uiux_polished\v1\backend\node_modules\router\index.js:342:13)
    at D:\photo\store_uiux_polished\v1\backend\node_modules\router\index.js:297:9
    at processParams (D:\photo\store_uiux_polished\v1\backend\node_modules\router\index.js:582:12)
    at next (D:\photo\store_uiux_polished\v1\backend\node_modules\router\index.js:291:5)
    at SendStream.error (D:\photo\store_uiux_polished\v1\backend\node_modules\serve-static\index.js:120:7)
    at SendStream.emit (node:events:509:20)
    at SendStream.error (D:\photo\store_uiux_polished\v1\backend\node_modules\send\index.js:168:17)
    at SendStream.onStatError (D:\photo\store_uiux_polished\v1\backend\node_modules\send\index.js:315:12) 
09-09-2026 11:13:27 | ERROR | Error found | 404 | GET /files/1788542750602_men-category.jpg : Can't find /files/1788542750602_men-category.jpg on this server | user: guest 
Error: Can't find /files/1788542750602_men-category.jpg on this server
    at D:\photo\store_uiux_polished\v1\backend\server.js:110:8
    at Layer.handleRequest (D:\photo\store_uiux_polished\v1\backend\node_modules\router\lib\layer.js:152:17)
    at trimPrefix (D:\photo\store_uiux_polished\v1\backend\node_modules\router\index.js:342:13)
    at D:\photo\store_uiux_polished\v1\backend\node_modules\router\index.js:297:9
    at processParams (D:\photo\store_uiux_polished\v1\backend\node_modules\router\index.js:582:12)
    at next (D:\photo\store_uiux_polished\v1\backend\node_modules\router\index.js:291:5)
    at SendStream.error (D:\photo\store_uiux_polished\v1\backend\node_modules\serve-static\index.js:120:7)
    at SendStream.emit (node:events:509:20)
    at SendStream.error (D:\photo\store_uiux_polished\v1\backend\node_modules\send\index.js:168:17)
    at SendStream.onStatError (D:\photo\store_uiux_polished\v1\backend\node_modules\send\index.js:315:12) 
09-09-2026 11:13:28 | ERROR | Error found | 404 | GET /files/1788430760414_Black_Denim_Jacket.jpg : Can't find /files/1788430760414_Black_Denim_Jacket.jpg on this server | user: guest 
Error: Can't find /files/1788430760414_Black_Denim_Jacket.jpg on this server
    at D:\photo\store_uiux_polished\v1\backend\server.js:110:8
    at Layer.handleRequest (D:\photo\store_uiux_polished\v1\backend\node_modules\router\lib\layer.js:152:17)
    at trimPrefix (D:\photo\store_uiux_polished\v1\backend\node_modules\router\index.js:342:13)
    at D:\photo\store_uiux_polished\v1\backend\node_modules\router\index.js:297:9
    at processParams (D:\photo\store_uiux_polished\v1\backend\node_modules\router\index.js:582:12)
    at next (D:\photo\store_uiux_polished\v1\backend\node_modules\router\index.js:291:5)
    at SendStream.error (D:\photo\store_uiux_polished\v1\backend\node_modules\serve-static\index.js:120:7)
    at SendStream.emit (node:events:509:20)
    at SendStream.error (D:\photo\store_uiux_polished\v1\backend\node_modules\send\index.js:168:17)
    at SendStream.onStatError (D:\photo\store_uiux_polished\v1\backend\node_modules\send\index.js:315:12) 
09-09-2026 11:13:28 | ERROR | Error found | 404 | GET /files/1788430760414_Black_Denim_Jacket.jpg : Can't find /files/1788430760414_Black_Denim_Jacket.jpg on this server | user: guest 
Error: Can't find /files/1788430760414_Black_Denim_Jacket.jpg on this server
    at D:\photo\store_uiux_polished\v1\backend\server.js:110:8
    at Layer.handleRequest (D:\photo\store_uiux_polished\v1\backend\node_modules\router\lib\layer.js:152:17)
    at trimPrefix (D:\photo\store_uiux_polished\v1\backend\node_modules\router\index.js:342:13)
    at D:\photo\store_uiux_polished\v1\backend\node_modules\router\index.js:297:9
    at processParams (D:\photo\store_uiux_polished\v1\backend\node_modules\router\index.js:582:12)
    at next (D:\photo\store_uiux_polished\v1\backend\node_modules\router\index.js:291:5)
    at SendStream.error (D:\photo\store_uiux_polished\v1\backend\node_modules\serve-static\index.js:120:7)
    at SendStream.emit (node:events:509:20)
    at SendStream.error (D:\photo\store_uiux_polished\v1\backend\node_modules\send\index.js:168:17)
    at SendStream.onStatError (D:\photo\store_uiux_polished\v1\backend\node_modules\send\index.js:315:12) 
09-09-2026 11:13:28 | ERROR | Error found | 404 | GET /files/1788542750602_men-category.jpg : Can't find /files/1788542750602_men-category.jpg on this server | user: guest 
Error: Can't find /files/1788542750602_men-category.jpg on this server
    at D:\photo\store_uiux_polished\v1\backend\server.js:110:8
    at Layer.handleRequest (D:\photo\store_uiux_polished\v1\backend\node_modules\router\lib\layer.js:152:17)
    at trimPrefix (D:\photo\store_uiux_polished\v1\backend\node_modules\router\index.js:342:13)
    at D:\photo\store_uiux_polished\v1\backend\node_modules\router\index.js:297:9
    at processParams (D:\photo\store_uiux_polished\v1\backend\node_modules\router\index.js:582:12)
    at next (D:\photo\store_uiux_polished\v1\backend\node_modules\router\index.js:291:5)
    at SendStream.error (D:\photo\store_uiux_polished\v1\backend\node_modules\serve-static\index.js:120:7)
    at SendStream.emit (node:events:509:20)
    at SendStream.error (D:\photo\store_uiux_polished\v1\backend\node_modules\send\index.js:168:17)
    at SendStream.onStatError (D:\photo\store_uiux_polished\v1\backend\node_modules\send\index.js:315:12) 
09-09-2026 11:17:55 | ERROR | Error found | 404 | GET /files/1788430760414_Black_Denim_Jacket.jpg : Can't find /files/1788430760414_Black_Denim_Jacket.jpg on this server | user: guest 
Error: Can't find /files/1788430760414_Black_Denim_Jacket.jpg on this server
    at D:\photo\store_uiux_polished\v1\backend\server.js:110:8
    at Layer.handleRequest (D:\photo\store_uiux_polished\v1\backend\node_modules\router\lib\layer.js:152:17)
    at trimPrefix (D:\photo\store_uiux_polished\v1\backend\node_modules\router\index.js:342:13)
    at D:\photo\store_uiux_polished\v1\backend\node_modules\router\index.js:297:9
    at processParams (D:\photo\store_uiux_polished\v1\backend\node_modules\router\index.js:582:12)
    at next (D:\photo\store_uiux_polished\v1\backend\node_modules\router\index.js:291:5)
    at SendStream.error (D:\photo\store_uiux_polished\v1\backend\node_modules\serve-static\index.js:120:7)
    at SendStream.emit (node:events:509:20)
    at SendStream.error (D:\photo\store_uiux_polished\v1\backend\node_modules\send\index.js:168:17)
    at SendStream.onStatError (D:\photo\store_uiux_polished\v1\backend\node_modules\send\index.js:315:12) 
09-09-2026 11:17:55 | ERROR | Error found | 404 | GET /files/1788542750602_men-category.jpg : Can't find /files/1788542750602_men-category.jpg on this server | user: guest 
Error: Can't find /files/1788542750602_men-category.jpg on this server
    at D:\photo\store_uiux_polished\v1\backend\server.js:110:8
    at Layer.handleRequest (D:\photo\store_uiux_polished\v1\backend\node_modules\router\lib\layer.js:152:17)
    at trimPrefix (D:\photo\store_uiux_polished\v1\backend\node_modules\router\index.js:342:13)
    at D:\photo\store_uiux_polished\v1\backend\node_modules\router\index.js:297:9
    at processParams (D:\photo\store_uiux_polished\v1\backend\node_modules\router\index.js:582:12)
    at next (D:\photo\store_uiux_polished\v1\backend\node_modules\router\index.js:291:5)
    at SendStream.error (D:\photo\store_uiux_polished\v1\backend\node_modules\serve-static\index.js:120:7)
    at SendStream.emit (node:events:509:20)
    at SendStream.error (D:\photo\store_uiux_polished\v1\backend\node_modules\send\index.js:168:17)
    at SendStream.onStatError (D:\photo\store_uiux_polished\v1\backend\node_modules\send\index.js:315:12) 
09-09-2026 11:17:56 | ERROR | Error found | 404 | GET /files/1788430760414_Black_Denim_Jacket.jpg : Can't find /files/1788430760414_Black_Denim_Jacket.jpg on this server | user: guest 
Error: Can't find /files/1788430760414_Black_Denim_Jacket.jpg on this server
    at D:\photo\store_uiux_polished\v1\backend\server.js:110:8
    at Layer.handleRequest (D:\photo\store_uiux_polished\v1\backend\node_modules\router\lib\layer.js:152:17)
    at trimPrefix (D:\photo\store_uiux_polished\v1\backend\node_modules\router\index.js:342:13)
    at D:\photo\store_uiux_polished\v1\backend\node_modules\router\index.js:297:9
    at processParams (D:\photo\store_uiux_polished\v1\backend\node_modules\router\index.js:582:12)
    at next (D:\photo\store_uiux_polished\v1\backend\node_modules\router\index.js:291:5)
    at SendStream.error (D:\photo\store_uiux_polished\v1\backend\node_modules\serve-static\index.js:120:7)
    at SendStream.emit (node:events:509:20)
    at SendStream.error (D:\photo\store_uiux_polished\v1\backend\node_modules\send\index.js:168:17)
    at SendStream.onStatError (D:\photo\store_uiux_polished\v1\backend\node_modules\send\index.js:315:12) 
09-09-2026 11:17:56 | ERROR | Error found | 404 | GET /files/1788430760414_Black_Denim_Jacket.jpg : Can't find /files/1788430760414_Black_Denim_Jacket.jpg on this server | user: guest 
Error: Can't find /files/1788430760414_Black_Denim_Jacket.jpg on this server
    at D:\photo\store_uiux_polished\v1\backend\server.js:110:8
    at Layer.handleRequest (D:\photo\store_uiux_polished\v1\backend\node_modules\router\lib\layer.js:152:17)
    at trimPrefix (D:\photo\store_uiux_polished\v1\backend\node_modules\router\index.js:342:13)
    at D:\photo\store_uiux_polished\v1\backend\node_modules\router\index.js:297:9
    at processParams (D:\photo\store_uiux_polished\v1\backend\node_modules\router\index.js:582:12)
    at next (D:\photo\store_uiux_polished\v1\backend\node_modules\router\index.js:291:5)
    at SendStream.error (D:\photo\store_uiux_polished\v1\backend\node_modules\serve-static\index.js:120:7)
    at SendStream.emit (node:events:509:20)
    at SendStream.error (D:\photo\store_uiux_polished\v1\backend\node_modules\send\index.js:168:17)
    at SendStream.onStatError (D:\photo\store_uiux_polished\v1\backend\node_modules\send\index.js:315:12) 
09-09-2026 11:17:56 | ERROR | Error found | 404 | GET /files/1788542750602_men-category.jpg : Can't find /files/1788542750602_men-category.jpg on this server | user: guest 
Error: Can't find /files/1788542750602_men-category.jpg on this server
    at D:\photo\store_uiux_polished\v1\backend\server.js:110:8
    at Layer.handleRequest (D:\photo\store_uiux_polished\v1\backend\node_modules\router\lib\layer.js:152:17)
    at trimPrefix (D:\photo\store_uiux_polished\v1\backend\node_modules\router\index.js:342:13)
    at D:\photo\store_uiux_polished\v1\backend\node_modules\router\index.js:297:9
    at processParams (D:\photo\store_uiux_polished\v1\backend\node_modules\router\index.js:582:12)
    at next (D:\photo\store_uiux_polished\v1\backend\node_modules\router\index.js:291:5)
    at SendStream.error (D:\photo\store_uiux_polished\v1\backend\node_modules\serve-static\index.js:120:7)
    at SendStream.emit (node:events:509:20)
    at SendStream.error (D:\photo\store_uiux_polished\v1\backend\node_modules\send\index.js:168:17)
    at SendStream.onStatError (D:\photo\store_uiux_polished\v1\backend\node_modules\send\index.js:315:12) 
09-09-2026 11:18:52 | ERROR | Error found | 404 | GET /files/1788430760414_Black_Denim_Jacket.jpg : Can't find /files/1788430760414_Black_Denim_Jacket.jpg on this server | user: guest 
Error: Can't find /files/1788430760414_Black_Denim_Jacket.jpg on this server
    at D:\photo\store_uiux_polished\v1\backend\server.js:110:8
    at Layer.handleRequest (D:\photo\store_uiux_polished\v1\backend\node_modules\router\lib\layer.js:152:17)
    at trimPrefix (D:\photo\store_uiux_polished\v1\backend\node_modules\router\index.js:342:13)
    at D:\photo\store_uiux_polished\v1\backend\node_modules\router\index.js:297:9
    at processParams (D:\photo\store_uiux_polished\v1\backend\node_modules\router\index.js:582:12)
    at next (D:\photo\store_uiux_polished\v1\backend\node_modules\router\index.js:291:5)
    at SendStream.error (D:\photo\store_uiux_polished\v1\backend\node_modules\serve-static\index.js:120:7)
    at SendStream.emit (node:events:509:20)
    at SendStream.error (D:\photo\store_uiux_polished\v1\backend\node_modules\send\index.js:168:17)
    at SendStream.onStatError (D:\photo\store_uiux_polished\v1\backend\node_modules\send\index.js:315:12) 
09-09-2026 11:18:52 | ERROR | Error found | 404 | GET /files/1788542750602_men-category.jpg : Can't find /files/1788542750602_men-category.jpg on this server | user: guest 
Error: Can't find /files/1788542750602_men-category.jpg on this server
    at D:\photo\store_uiux_polished\v1\backend\server.js:110:8
    at Layer.handleRequest (D:\photo\store_uiux_polished\v1\backend\node_modules\router\lib\layer.js:152:17)
    at trimPrefix (D:\photo\store_uiux_polished\v1\backend\node_modules\router\index.js:342:13)
    at D:\photo\store_uiux_polished\v1\backend\node_modules\router\index.js:297:9
    at processParams (D:\photo\store_uiux_polished\v1\backend\node_modules\router\index.js:582:12)
    at next (D:\photo\store_uiux_polished\v1\backend\node_modules\router\index.js:291:5)
    at SendStream.error (D:\photo\store_uiux_polished\v1\backend\node_modules\serve-static\index.js:120:7)
    at SendStream.emit (node:events:509:20)
    at SendStream.error (D:\photo\store_uiux_polished\v1\backend\node_modules\send\index.js:168:17)
    at SendStream.onStatError (D:\photo\store_uiux_polished\v1\backend\node_modules\send\index.js:315:12) 
09-09-2026 11:18:53 | ERROR | Error found | 404 | GET /files/1788430760414_Black_Denim_Jacket.jpg : Can't find /files/1788430760414_Black_Denim_Jacket.jpg on this server | user: guest 
Error: Can't find /files/1788430760414_Black_Denim_Jacket.jpg on this server
    at D:\photo\store_uiux_polished\v1\backend\server.js:110:8
    at Layer.handleRequest (D:\photo\store_uiux_polished\v1\backend\node_modules\router\lib\layer.js:152:17)
    at trimPrefix (D:\photo\store_uiux_polished\v1\backend\node_modules\router\index.js:342:13)
    at D:\photo\store_uiux_polished\v1\backend\node_modules\router\index.js:297:9
    at processParams (D:\photo\store_uiux_polished\v1\backend\node_modules\router\index.js:582:12)
    at next (D:\photo\store_uiux_polished\v1\backend\node_modules\router\index.js:291:5)
    at SendStream.error (D:\photo\store_uiux_polished\v1\backend\node_modules\serve-static\index.js:120:7)
    at SendStream.emit (node:events:509:20)
    at SendStream.error (D:\photo\store_uiux_polished\v1\backend\node_modules\send\index.js:168:17)
    at SendStream.onStatError (D:\photo\store_uiux_polished\v1\backend\node_modules\send\index.js:315:12) 
09-09-2026 11:18:53 | ERROR | Error found | 404 | GET /files/1788430760414_Black_Denim_Jacket.jpg : Can't find /files/1788430760414_Black_Denim_Jacket.jpg on this server | user: guest 
Error: Can't find /files/1788430760414_Black_Denim_Jacket.jpg on this server
    at D:\photo\store_uiux_polished\v1\backend\server.js:110:8
    at Layer.handleRequest (D:\photo\store_uiux_polished\v1\backend\node_modules\router\lib\layer.js:152:17)
    at trimPrefix (D:\photo\store_uiux_polished\v1\backend\node_modules\router\index.js:342:13)
    at D:\photo\store_uiux_polished\v1\backend\node_modules\router\index.js:297:9
    at processParams (D:\photo\store_uiux_polished\v1\backend\node_modules\router\index.js:582:12)
    at next (D:\photo\store_uiux_polished\v1\backend\node_modules\router\index.js:291:5)
    at SendStream.error (D:\photo\store_uiux_polished\v1\backend\node_modules\serve-static\index.js:120:7)
    at SendStream.emit (node:events:509:20)
    at SendStream.error (D:\photo\store_uiux_polished\v1\backend\node_modules\send\index.js:168:17)
    at SendStream.onStatError (D:\photo\store_uiux_polished\v1\backend\node_modules\send\index.js:315:12) 
09-09-2026 11:18:53 | ERROR | Error found | 404 | GET /files/1788542750602_men-category.jpg : Can't find /files/1788542750602_men-category.jpg on this server | user: guest 
Error: Can't find /files/1788542750602_men-category.jpg on this server
    at D:\photo\store_uiux_polished\v1\backend\server.js:110:8
    at Layer.handleRequest (D:\photo\store_uiux_polished\v1\backend\node_modules\router\lib\layer.js:152:17)
    at trimPrefix (D:\photo\store_uiux_polished\v1\backend\node_modules\router\index.js:342:13)
    at D:\photo\store_uiux_polished\v1\backend\node_modules\router\index.js:297:9
    at processParams (D:\photo\store_uiux_polished\v1\backend\node_modules\router\index.js:582:12)
    at next (D:\photo\store_uiux_polished\v1\backend\node_modules\router\index.js:291:5)
    at SendStream.error (D:\photo\store_uiux_polished\v1\backend\node_modules\serve-static\index.js:120:7)
    at SendStream.emit (node:events:509:20)
    at SendStream.error (D:\photo\store_uiux_polished\v1\backend\node_modules\send\index.js:168:17)
    at SendStream.onStatError (D:\photo\store_uiux_polished\v1\backend\node_modules\send\index.js:315:12) 
09-09-2026 11:18:58 | ERROR | Error found | 404 | GET /files/1788430760414_Black_Denim_Jacket.jpg : Can't find /files/1788430760414_Black_Denim_Jacket.jpg on this server | user: guest 
Error: Can't find /files/1788430760414_Black_Denim_Jacket.jpg on this server
    at D:\photo\store_uiux_polished\v1\backend\server.js:110:8
    at Layer.handleRequest (D:\photo\store_uiux_polished\v1\backend\node_modules\router\lib\layer.js:152:17)
    at trimPrefix (D:\photo\store_uiux_polished\v1\backend\node_modules\router\index.js:342:13)
    at D:\photo\store_uiux_polished\v1\backend\node_modules\router\index.js:297:9
    at processParams (D:\photo\store_uiux_polished\v1\backend\node_modules\router\index.js:582:12)
    at next (D:\photo\store_uiux_polished\v1\backend\node_modules\router\index.js:291:5)
    at SendStream.error (D:\photo\store_uiux_polished\v1\backend\node_modules\serve-static\index.js:120:7)
    at SendStream.emit (node:events:509:20)
    at SendStream.error (D:\photo\store_uiux_polished\v1\backend\node_modules\send\index.js:168:17)
    at SendStream.onStatError (D:\photo\store_uiux_polished\v1\backend\node_modules\send\index.js:315:12) 
09-09-2026 11:18:58 | ERROR | Error found | 404 | GET /files/1788542750602_men-category.jpg : Can't find /files/1788542750602_men-category.jpg on this server | user: guest 
Error: Can't find /files/1788542750602_men-category.jpg on this server
    at D:\photo\store_uiux_polished\v1\backend\server.js:110:8
    at Layer.handleRequest (D:\photo\store_uiux_polished\v1\backend\node_modules\router\lib\layer.js:152:17)
    at trimPrefix (D:\photo\store_uiux_polished\v1\backend\node_modules\router\index.js:342:13)
    at D:\photo\store_uiux_polished\v1\backend\node_modules\router\index.js:297:9
    at processParams (D:\photo\store_uiux_polished\v1\backend\node_modules\router\index.js:582:12)
    at next (D:\photo\store_uiux_polished\v1\backend\node_modules\router\index.js:291:5)
    at SendStream.error (D:\photo\store_uiux_polished\v1\backend\node_modules\serve-static\index.js:120:7)
    at SendStream.emit (node:events:509:20)
    at SendStream.error (D:\photo\store_uiux_polished\v1\backend\node_modules\send\index.js:168:17)
    at SendStream.onStatError (D:\photo\store_uiux_polished\v1\backend\node_modules\send\index.js:315:12) 
09-09-2026 11:18:59 | ERROR | Error found | 404 | GET /files/1788542750602_men-category.jpg : Can't find /files/1788542750602_men-category.jpg on this server | user: guest 
Error: Can't find /files/1788542750602_men-category.jpg on this server
    at D:\photo\store_uiux_polished\v1\backend\server.js:110:8
    at Layer.handleRequest (D:\photo\store_uiux_polished\v1\backend\node_modules\router\lib\layer.js:152:17)
    at trimPrefix (D:\photo\store_uiux_polished\v1\backend\node_modules\router\index.js:342:13)
    at D:\photo\store_uiux_polished\v1\backend\node_modules\router\index.js:297:9
    at processParams (D:\photo\store_uiux_polished\v1\backend\node_modules\router\index.js:582:12)
    at next (D:\photo\store_uiux_polished\v1\backend\node_modules\router\index.js:291:5)
    at SendStream.error (D:\photo\store_uiux_polished\v1\backend\node_modules\serve-static\index.js:120:7)
    at SendStream.emit (node:events:509:20)
    at SendStream.error (D:\photo\store_uiux_polished\v1\backend\node_modules\send\index.js:168:17)
    at SendStream.onStatError (D:\photo\store_uiux_polished\v1\backend\node_modules\send\index.js:315:12) 
09-09-2026 11:18:59 | ERROR | Error found | 404 | GET /files/1788430760414_Black_Denim_Jacket.jpg : Can't find /files/1788430760414_Black_Denim_Jacket.jpg on this server | user: guest 
Error: Can't find /files/1788430760414_Black_Denim_Jacket.jpg on this server
    at D:\photo\store_uiux_polished\v1\backend\server.js:110:8
    at Layer.handleRequest (D:\photo\store_uiux_polished\v1\backend\node_modules\router\lib\layer.js:152:17)
    at trimPrefix (D:\photo\store_uiux_polished\v1\backend\node_modules\router\index.js:342:13)
    at D:\photo\store_uiux_polished\v1\backend\node_modules\router\index.js:297:9
    at processParams (D:\photo\store_uiux_polished\v1\backend\node_modules\router\index.js:582:12)
    at next (D:\photo\store_uiux_polished\v1\backend\node_modules\router\index.js:291:5)
    at SendStream.error (D:\photo\store_uiux_polished\v1\backend\node_modules\serve-static\index.js:120:7)
    at SendStream.emit (node:events:509:20)
    at SendStream.error (D:\photo\store_uiux_polished\v1\backend\node_modules\send\index.js:168:17)
    at SendStream.onStatError (D:\photo\store_uiux_polished\v1\backend\node_modules\send\index.js:315:12) 
09-09-2026 11:19:03 | ERROR | Error found | 404 | GET /files/1788430760414_Black_Denim_Jacket.jpg : Can't find /files/1788430760414_Black_Denim_Jacket.jpg on this server | user: guest 
Error: Can't find /files/1788430760414_Black_Denim_Jacket.jpg on this server
    at D:\photo\store_uiux_polished\v1\backend\server.js:110:8
    at Layer.handleRequest (D:\photo\store_uiux_polished\v1\backend\node_modules\router\lib\layer.js:152:17)
    at trimPrefix (D:\photo\store_uiux_polished\v1\backend\node_modules\router\index.js:342:13)
    at D:\photo\store_uiux_polished\v1\backend\node_modules\router\index.js:297:9
    at processParams (D:\photo\store_uiux_polished\v1\backend\node_modules\router\index.js:582:12)
    at next (D:\photo\store_uiux_polished\v1\backend\node_modules\router\index.js:291:5)
    at SendStream.error (D:\photo\store_uiux_polished\v1\backend\node_modules\serve-static\index.js:120:7)
    at SendStream.emit (node:events:509:20)
    at SendStream.error (D:\photo\store_uiux_polished\v1\backend\node_modules\send\index.js:168:17)
    at SendStream.onStatError (D:\photo\store_uiux_polished\v1\backend\node_modules\send\index.js:315:12) 
09-09-2026 11:19:03 | ERROR | Error found | 404 | GET /files/1788542750602_men-category.jpg : Can't find /files/1788542750602_men-category.jpg on this server | user: guest 
Error: Can't find /files/1788542750602_men-category.jpg on this server
    at D:\photo\store_uiux_polished\v1\backend\server.js:110:8
    at Layer.handleRequest (D:\photo\store_uiux_polished\v1\backend\node_modules\router\lib\layer.js:152:17)
    at trimPrefix (D:\photo\store_uiux_polished\v1\backend\node_modules\router\index.js:342:13)
    at D:\photo\store_uiux_polished\v1\backend\node_modules\router\index.js:297:9
    at processParams (D:\photo\store_uiux_polished\v1\backend\node_modules\router\index.js:582:12)
    at next (D:\photo\store_uiux_polished\v1\backend\node_modules\router\index.js:291:5)
    at SendStream.error (D:\photo\store_uiux_polished\v1\backend\node_modules\serve-static\index.js:120:7)
    at SendStream.emit (node:events:509:20)
    at SendStream.error (D:\photo\store_uiux_polished\v1\backend\node_modules\send\index.js:168:17)
    at SendStream.onStatError (D:\photo\store_uiux_polished\v1\backend\node_modules\send\index.js:315:12) 
09-09-2026 11:19:10 | ERROR | Error found | 404 | GET /files/1788430760414_Black_Denim_Jacket.jpg : Can't find /files/1788430760414_Black_Denim_Jacket.jpg on this server | user: guest 
Error: Can't find /files/1788430760414_Black_Denim_Jacket.jpg on this server
    at D:\photo\store_uiux_polished\v1\backend\server.js:110:8
    at Layer.handleRequest (D:\photo\store_uiux_polished\v1\backend\node_modules\router\lib\layer.js:152:17)
    at trimPrefix (D:\photo\store_uiux_polished\v1\backend\node_modules\router\index.js:342:13)
    at D:\photo\store_uiux_polished\v1\backend\node_modules\router\index.js:297:9
    at processParams (D:\photo\store_uiux_polished\v1\backend\node_modules\router\index.js:582:12)
    at next (D:\photo\store_uiux_polished\v1\backend\node_modules\router\index.js:291:5)
    at SendStream.error (D:\photo\store_uiux_polished\v1\backend\node_modules\serve-static\index.js:120:7)
    at SendStream.emit (node:events:509:20)
    at SendStream.error (D:\photo\store_uiux_polished\v1\backend\node_modules\send\index.js:168:17)
    at SendStream.onStatError (D:\photo\store_uiux_polished\v1\backend\node_modules\send\index.js:315:12) 
09-09-2026 11:19:10 | ERROR | Error found | 404 | GET /files/1788430760414_Black_Denim_Jacket.jpg : Can't find /files/1788430760414_Black_Denim_Jacket.jpg on this server | user: guest 
Error: Can't find /files/1788430760414_Black_Denim_Jacket.jpg on this server
    at D:\photo\store_uiux_polished\v1\backend\server.js:110:8
    at Layer.handleRequest (D:\photo\store_uiux_polished\v1\backend\node_modules\router\lib\layer.js:152:17)
    at trimPrefix (D:\photo\store_uiux_polished\v1\backend\node_modules\router\index.js:342:13)
    at D:\photo\store_uiux_polished\v1\backend\node_modules\router\index.js:297:9
    at processParams (D:\photo\store_uiux_polished\v1\backend\node_modules\router\index.js:582:12)
    at next (D:\photo\store_uiux_polished\v1\backend\node_modules\router\index.js:291:5)
    at SendStream.error (D:\photo\store_uiux_polished\v1\backend\node_modules\serve-static\index.js:120:7)
    at SendStream.emit (node:events:509:20)
    at SendStream.error (D:\photo\store_uiux_polished\v1\backend\node_modules\send\index.js:168:17)
    at SendStream.onStatError (D:\photo\store_uiux_polished\v1\backend\node_modules\send\index.js:315:12) 
09-09-2026 11:19:11 | ERROR | Error found | 404 | GET /files/1788542750602_men-category.jpg : Can't find /files/1788542750602_men-category.jpg on this server | user: guest 
Error: Can't find /files/1788542750602_men-category.jpg on this server
    at D:\photo\store_uiux_polished\v1\backend\server.js:110:8
    at Layer.handleRequest (D:\photo\store_uiux_polished\v1\backend\node_modules\router\lib\layer.js:152:17)
    at trimPrefix (D:\photo\store_uiux_polished\v1\backend\node_modules\router\index.js:342:13)
    at D:\photo\store_uiux_polished\v1\backend\node_modules\router\index.js:297:9
    at processParams (D:\photo\store_uiux_polished\v1\backend\node_modules\router\index.js:582:12)
    at next (D:\photo\store_uiux_polished\v1\backend\node_modules\router\index.js:291:5)
    at SendStream.error (D:\photo\store_uiux_polished\v1\backend\node_modules\serve-static\index.js:120:7)
    at SendStream.emit (node:events:509:20)
    at SendStream.error (D:\photo\store_uiux_polished\v1\backend\node_modules\send\index.js:168:17)
    at SendStream.onStatError (D:\photo\store_uiux_polished\v1\backend\node_modules\send\index.js:315:12) 
09-09-2026 11:21:20 | ERROR | Error found | 404 | GET /files/1788430760414_Black_Denim_Jacket.jpg : Can't find /files/1788430760414_Black_Denim_Jacket.jpg on this server | user: guest 
Error: Can't find /files/1788430760414_Black_Denim_Jacket.jpg on this server
    at D:\photo\store_uiux_polished\v1\backend\server.js:110:8
    at Layer.handleRequest (D:\photo\store_uiux_polished\v1\backend\node_modules\router\lib\layer.js:152:17)
    at trimPrefix (D:\photo\store_uiux_polished\v1\backend\node_modules\router\index.js:342:13)
    at D:\photo\store_uiux_polished\v1\backend\node_modules\router\index.js:297:9
    at processParams (D:\photo\store_uiux_polished\v1\backend\node_modules\router\index.js:582:12)
    at next (D:\photo\store_uiux_polished\v1\backend\node_modules\router\index.js:291:5)
    at SendStream.error (D:\photo\store_uiux_polished\v1\backend\node_modules\serve-static\index.js:120:7)
    at SendStream.emit (node:events:509:20)
    at SendStream.error (D:\photo\store_uiux_polished\v1\backend\node_modules\send\index.js:168:17)
    at SendStream.onStatError (D:\photo\store_uiux_polished\v1\backend\node_modules\send\index.js:315:12) 
09-09-2026 11:21:20 | ERROR | Error found | 404 | GET /files/1788542750602_men-category.jpg : Can't find /files/1788542750602_men-category.jpg on this server | user: guest 
Error: Can't find /files/1788542750602_men-category.jpg on this server
    at D:\photo\store_uiux_polished\v1\backend\server.js:110:8
    at Layer.handleRequest (D:\photo\store_uiux_polished\v1\backend\node_modules\router\lib\layer.js:152:17)
    at trimPrefix (D:\photo\store_uiux_polished\v1\backend\node_modules\router\index.js:342:13)
    at D:\photo\store_uiux_polished\v1\backend\node_modules\router\index.js:297:9
    at processParams (D:\photo\store_uiux_polished\v1\backend\node_modules\router\index.js:582:12)
    at next (D:\photo\store_uiux_polished\v1\backend\node_modules\router\index.js:291:5)
    at SendStream.error (D:\photo\store_uiux_polished\v1\backend\node_modules\serve-static\index.js:120:7)
    at SendStream.emit (node:events:509:20)
    at SendStream.error (D:\photo\store_uiux_polished\v1\backend\node_modules\send\index.js:168:17)
    at SendStream.onStatError (D:\photo\store_uiux_polished\v1\backend\node_modules\send\index.js:315:12) 
09-09-2026 11:21:21 | ERROR | Error found | 404 | GET /files/1788430760414_Black_Denim_Jacket.jpg : Can't find /files/1788430760414_Black_Denim_Jacket.jpg on this server | user: guest 
Error: Can't find /files/1788430760414_Black_Denim_Jacket.jpg on this server
    at D:\photo\store_uiux_polished\v1\backend\server.js:110:8
    at Layer.handleRequest (D:\photo\store_uiux_polished\v1\backend\node_modules\router\lib\layer.js:152:17)
    at trimPrefix (D:\photo\store_uiux_polished\v1\backend\node_modules\router\index.js:342:13)
    at D:\photo\store_uiux_polished\v1\backend\node_modules\router\index.js:297:9
    at processParams (D:\photo\store_uiux_polished\v1\backend\node_modules\router\index.js:582:12)
    at next (D:\photo\store_uiux_polished\v1\backend\node_modules\router\index.js:291:5)
    at SendStream.error (D:\photo\store_uiux_polished\v1\backend\node_modules\serve-static\index.js:120:7)
    at SendStream.emit (node:events:509:20)
    at SendStream.error (D:\photo\store_uiux_polished\v1\backend\node_modules\send\index.js:168:17)
    at SendStream.onStatError (D:\photo\store_uiux_polished\v1\backend\node_modules\send\index.js:315:12) 
09-09-2026 11:21:21 | ERROR | Error found | 404 | GET /files/1788430760414_Black_Denim_Jacket.jpg : Can't find /files/1788430760414_Black_Denim_Jacket.jpg on this server | user: guest 
Error: Can't find /files/1788430760414_Black_Denim_Jacket.jpg on this server
    at D:\photo\store_uiux_polished\v1\backend\server.js:110:8
    at Layer.handleRequest (D:\photo\store_uiux_polished\v1\backend\node_modules\router\lib\layer.js:152:17)
    at trimPrefix (D:\photo\store_uiux_polished\v1\backend\node_modules\router\index.js:342:13)
    at D:\photo\store_uiux_polished\v1\backend\node_modules\router\index.js:297:9
    at processParams (D:\photo\store_uiux_polished\v1\backend\node_modules\router\index.js:582:12)
    at next (D:\photo\store_uiux_polished\v1\backend\node_modules\router\index.js:291:5)
    at SendStream.error (D:\photo\store_uiux_polished\v1\backend\node_modules\serve-static\index.js:120:7)
    at SendStream.emit (node:events:509:20)
    at SendStream.error (D:\photo\store_uiux_polished\v1\backend\node_modules\send\index.js:168:17)
    at SendStream.onStatError (D:\photo\store_uiux_polished\v1\backend\node_modules\send\index.js:315:12) 
09-09-2026 11:21:21 | ERROR | Error found | 404 | GET /files/1788542750602_men-category.jpg : Can't find /files/1788542750602_men-category.jpg on this server | user: guest 
Error: Can't find /files/1788542750602_men-category.jpg on this server
    at D:\photo\store_uiux_polished\v1\backend\server.js:110:8
    at Layer.handleRequest (D:\photo\store_uiux_polished\v1\backend\node_modules\router\lib\layer.js:152:17)
    at trimPrefix (D:\photo\store_uiux_polished\v1\backend\node_modules\router\index.js:342:13)
    at D:\photo\store_uiux_polished\v1\backend\node_modules\router\index.js:297:9
    at processParams (D:\photo\store_uiux_polished\v1\backend\node_modules\router\index.js:582:12)
    at next (D:\photo\store_uiux_polished\v1\backend\node_modules\router\index.js:291:5)
    at SendStream.error (D:\photo\store_uiux_polished\v1\backend\node_modules\serve-static\index.js:120:7)
    at SendStream.emit (node:events:509:20)
    at SendStream.error (D:\photo\store_uiux_polished\v1\backend\node_modules\send\index.js:168:17)
    at SendStream.onStatError (D:\photo\store_uiux_polished\v1\backend\node_modules\send\index.js:315:12) 
09-09-2026 11:27:20 | ERROR | Error found | 404 | GET /files/1788430760414_Black_Denim_Jacket.jpg : Can't find /files/1788430760414_Black_Denim_Jacket.jpg on this server | user: guest 
Error: Can't find /files/1788430760414_Black_Denim_Jacket.jpg on this server
    at D:\photo\store_uiux_polished\v1\backend\server.js:110:8
    at Layer.handleRequest (D:\photo\store_uiux_polished\v1\backend\node_modules\router\lib\layer.js:152:17)
    at trimPrefix (D:\photo\store_uiux_polished\v1\backend\node_modules\router\index.js:342:13)
    at D:\photo\store_uiux_polished\v1\backend\node_modules\router\index.js:297:9
    at processParams (D:\photo\store_uiux_polished\v1\backend\node_modules\router\index.js:582:12)
    at next (D:\photo\store_uiux_polished\v1\backend\node_modules\router\index.js:291:5)
    at SendStream.error (D:\photo\store_uiux_polished\v1\backend\node_modules\serve-static\index.js:120:7)
    at SendStream.emit (node:events:509:20)
    at SendStream.error (D:\photo\store_uiux_polished\v1\backend\node_modules\send\index.js:168:17)
    at SendStream.onStatError (D:\photo\store_uiux_polished\v1\backend\node_modules\send\index.js:315:12) 
09-09-2026 11:27:20 | ERROR | Error found | 404 | GET /files/1788542750602_men-category.jpg : Can't find /files/1788542750602_men-category.jpg on this server | user: guest 
Error: Can't find /files/1788542750602_men-category.jpg on this server
    at D:\photo\store_uiux_polished\v1\backend\server.js:110:8
    at Layer.handleRequest (D:\photo\store_uiux_polished\v1\backend\node_modules\router\lib\layer.js:152:17)
    at trimPrefix (D:\photo\store_uiux_polished\v1\backend\node_modules\router\index.js:342:13)
    at D:\photo\store_uiux_polished\v1\backend\node_modules\router\index.js:297:9
    at processParams (D:\photo\store_uiux_polished\v1\backend\node_modules\router\index.js:582:12)
    at next (D:\photo\store_uiux_polished\v1\backend\node_modules\router\index.js:291:5)
    at SendStream.error (D:\photo\store_uiux_polished\v1\backend\node_modules\serve-static\index.js:120:7)
    at SendStream.emit (node:events:509:20)
    at SendStream.error (D:\photo\store_uiux_polished\v1\backend\node_modules\send\index.js:168:17)
    at SendStream.onStatError (D:\photo\store_uiux_polished\v1\backend\node_modules\send\index.js:315:12) 
09-09-2026 11:27:21 | ERROR | Error found | 404 | GET /files/1788430760414_Black_Denim_Jacket.jpg : Can't find /files/1788430760414_Black_Denim_Jacket.jpg on this server | user: guest 
Error: Can't find /files/1788430760414_Black_Denim_Jacket.jpg on this server
    at D:\photo\store_uiux_polished\v1\backend\server.js:110:8
    at Layer.handleRequest (D:\photo\store_uiux_polished\v1\backend\node_modules\router\lib\layer.js:152:17)
    at trimPrefix (D:\photo\store_uiux_polished\v1\backend\node_modules\router\index.js:342:13)
    at D:\photo\store_uiux_polished\v1\backend\node_modules\router\index.js:297:9
    at processParams (D:\photo\store_uiux_polished\v1\backend\node_modules\router\index.js:582:12)
    at next (D:\photo\store_uiux_polished\v1\backend\node_modules\router\index.js:291:5)
    at SendStream.error (D:\photo\store_uiux_polished\v1\backend\node_modules\serve-static\index.js:120:7)
    at SendStream.emit (node:events:509:20)
    at SendStream.error (D:\photo\store_uiux_polished\v1\backend\node_modules\send\index.js:168:17)
    at SendStream.onStatError (D:\photo\store_uiux_polished\v1\backend\node_modules\send\index.js:315:12) 
09-09-2026 11:27:21 | ERROR | Error found | 404 | GET /files/1788430760414_Black_Denim_Jacket.jpg : Can't find /files/1788430760414_Black_Denim_Jacket.jpg on this server | user: guest 
Error: Can't find /files/1788430760414_Black_Denim_Jacket.jpg on this server
    at D:\photo\store_uiux_polished\v1\backend\server.js:110:8
    at Layer.handleRequest (D:\photo\store_uiux_polished\v1\backend\node_modules\router\lib\layer.js:152:17)
    at trimPrefix (D:\photo\store_uiux_polished\v1\backend\node_modules\router\index.js:342:13)
    at D:\photo\store_uiux_polished\v1\backend\node_modules\router\index.js:297:9
    at processParams (D:\photo\store_uiux_polished\v1\backend\node_modules\router\index.js:582:12)
    at next (D:\photo\store_uiux_polished\v1\backend\node_modules\router\index.js:291:5)
    at SendStream.error (D:\photo\store_uiux_polished\v1\backend\node_modules\serve-static\index.js:120:7)
    at SendStream.emit (node:events:509:20)
    at SendStream.error (D:\photo\store_uiux_polished\v1\backend\node_modules\send\index.js:168:17)
    at SendStream.onStatError (D:\photo\store_uiux_polished\v1\backend\node_modules\send\index.js:315:12) 
09-09-2026 11:27:21 | ERROR | Error found | 404 | GET /files/1788542750602_men-category.jpg : Can't find /files/1788542750602_men-category.jpg on this server | user: guest 
Error: Can't find /files/1788542750602_men-category.jpg on this server
    at D:\photo\store_uiux_polished\v1\backend\server.js:110:8
    at Layer.handleRequest (D:\photo\store_uiux_polished\v1\backend\node_modules\router\lib\layer.js:152:17)
    at trimPrefix (D:\photo\store_uiux_polished\v1\backend\node_modules\router\index.js:342:13)
    at D:\photo\store_uiux_polished\v1\backend\node_modules\router\index.js:297:9
    at processParams (D:\photo\store_uiux_polished\v1\backend\node_modules\router\index.js:582:12)
    at next (D:\photo\store_uiux_polished\v1\backend\node_modules\router\index.js:291:5)
    at SendStream.error (D:\photo\store_uiux_polished\v1\backend\node_modules\serve-static\index.js:120:7)
    at SendStream.emit (node:events:509:20)
    at SendStream.error (D:\photo\store_uiux_polished\v1\backend\node_modules\send\index.js:168:17)
    at SendStream.onStatError (D:\photo\store_uiux_polished\v1\backend\node_modules\send\index.js:315:12) 
09-09-2026 11:27:25 | ERROR | Error found | 404 | GET /files/1788430760414_Black_Denim_Jacket.jpg : Can't find /files/1788430760414_Black_Denim_Jacket.jpg on this server | user: guest 
Error: Can't find /files/1788430760414_Black_Denim_Jacket.jpg on this server
    at D:\photo\store_uiux_polished\v1\backend\server.js:110:8
    at Layer.handleRequest (D:\photo\store_uiux_polished\v1\backend\node_modules\router\lib\layer.js:152:17)
    at trimPrefix (D:\photo\store_uiux_polished\v1\backend\node_modules\router\index.js:342:13)
    at D:\photo\store_uiux_polished\v1\backend\node_modules\router\index.js:297:9
    at processParams (D:\photo\store_uiux_polished\v1\backend\node_modules\router\index.js:582:12)
    at next (D:\photo\store_uiux_polished\v1\backend\node_modules\router\index.js:291:5)
    at SendStream.error (D:\photo\store_uiux_polished\v1\backend\node_modules\serve-static\index.js:120:7)
    at SendStream.emit (node:events:509:20)
    at SendStream.error (D:\photo\store_uiux_polished\v1\backend\node_modules\send\index.js:168:17)
    at SendStream.onStatError (D:\photo\store_uiux_polished\v1\backend\node_modules\send\index.js:315:12) 
09-09-2026 11:27:25 | ERROR | Error found | 404 | GET /files/1788542750602_men-category.jpg : Can't find /files/1788542750602_men-category.jpg on this server | user: guest 
Error: Can't find /files/1788542750602_men-category.jpg on this server
    at D:\photo\store_uiux_polished\v1\backend\server.js:110:8
    at Layer.handleRequest (D:\photo\store_uiux_polished\v1\backend\node_modules\router\lib\layer.js:152:17)
    at trimPrefix (D:\photo\store_uiux_polished\v1\backend\node_modules\router\index.js:342:13)
    at D:\photo\store_uiux_polished\v1\backend\node_modules\router\index.js:297:9
    at processParams (D:\photo\store_uiux_polished\v1\backend\node_modules\router\index.js:582:12)
    at next (D:\photo\store_uiux_polished\v1\backend\node_modules\router\index.js:291:5)
    at SendStream.error (D:\photo\store_uiux_polished\v1\backend\node_modules\serve-static\index.js:120:7)
    at SendStream.emit (node:events:509:20)
    at SendStream.error (D:\photo\store_uiux_polished\v1\backend\node_modules\send\index.js:168:17)
    at SendStream.onStatError (D:\photo\store_uiux_polished\v1\backend\node_modules\send\index.js:315:12) 
09-09-2026 11:27:26 | ERROR | Error found | 404 | GET /files/1788430760414_Black_Denim_Jacket.jpg : Can't find /files/1788430760414_Black_Denim_Jacket.jpg on this server | user: guest 
Error: Can't find /files/1788430760414_Black_Denim_Jacket.jpg on this server
    at D:\photo\store_uiux_polished\v1\backend\server.js:110:8
    at Layer.handleRequest (D:\photo\store_uiux_polished\v1\backend\node_modules\router\lib\layer.js:152:17)
    at trimPrefix (D:\photo\store_uiux_polished\v1\backend\node_modules\router\index.js:342:13)
    at D:\photo\store_uiux_polished\v1\backend\node_modules\router\index.js:297:9
    at processParams (D:\photo\store_uiux_polished\v1\backend\node_modules\router\index.js:582:12)
    at next (D:\photo\store_uiux_polished\v1\backend\node_modules\router\index.js:291:5)
    at SendStream.error (D:\photo\store_uiux_polished\v1\backend\node_modules\serve-static\index.js:120:7)
    at SendStream.emit (node:events:509:20)
    at SendStream.error (D:\photo\store_uiux_polished\v1\backend\node_modules\send\index.js:168:17)
    at SendStream.onStatError (D:\photo\store_uiux_polished\v1\backend\node_modules\send\index.js:315:12) 
09-09-2026 11:27:27 | ERROR | Error found | 404 | GET /files/1788430760414_Black_Denim_Jacket.jpg : Can't find /files/1788430760414_Black_Denim_Jacket.jpg on this server | user: guest 
Error: Can't find /files/1788430760414_Black_Denim_Jacket.jpg on this server
    at D:\photo\store_uiux_polished\v1\backend\server.js:110:8
    at Layer.handleRequest (D:\photo\store_uiux_polished\v1\backend\node_modules\router\lib\layer.js:152:17)
    at trimPrefix (D:\photo\store_uiux_polished\v1\backend\node_modules\router\index.js:342:13)
    at D:\photo\store_uiux_polished\v1\backend\node_modules\router\index.js:297:9
    at processParams (D:\photo\store_uiux_polished\v1\backend\node_modules\router\index.js:582:12)
    at next (D:\photo\store_uiux_polished\v1\backend\node_modules\router\index.js:291:5)
    at SendStream.error (D:\photo\store_uiux_polished\v1\backend\node_modules\serve-static\index.js:120:7)
    at SendStream.emit (node:events:509:20)
    at SendStream.error (D:\photo\store_uiux_polished\v1\backend\node_modules\send\index.js:168:17)
    at SendStream.onStatError (D:\photo\store_uiux_polished\v1\backend\node_modules\send\index.js:315:12) 
09-09-2026 11:27:27 | ERROR | Error found | 404 | GET /files/1788542750602_men-category.jpg : Can't find /files/1788542750602_men-category.jpg on this server | user: guest 
Error: Can't find /files/1788542750602_men-category.jpg on this server
    at D:\photo\store_uiux_polished\v1\backend\server.js:110:8
    at Layer.handleRequest (D:\photo\store_uiux_polished\v1\backend\node_modules\router\lib\layer.js:152:17)
    at trimPrefix (D:\photo\store_uiux_polished\v1\backend\node_modules\router\index.js:342:13)
    at D:\photo\store_uiux_polished\v1\backend\node_modules\router\index.js:297:9
    at processParams (D:\photo\store_uiux_polished\v1\backend\node_modules\router\index.js:582:12)
    at next (D:\photo\store_uiux_polished\v1\backend\node_modules\router\index.js:291:5)
    at SendStream.error (D:\photo\store_uiux_polished\v1\backend\node_modules\serve-static\index.js:120:7)
    at SendStream.emit (node:events:509:20)
    at SendStream.error (D:\photo\store_uiux_polished\v1\backend\node_modules\send\index.js:168:17)
    at SendStream.onStatError (D:\photo\store_uiux_polished\v1\backend\node_modules\send\index.js:315:12) 
09-09-2026 11:29:20 | ERROR | Error found | 404 | GET /files/1788430760414_Black_Denim_Jacket.jpg : Can't find /files/1788430760414_Black_Denim_Jacket.jpg on this server | user: guest 
Error: Can't find /files/1788430760414_Black_Denim_Jacket.jpg on this server
    at D:\photo\store_uiux_polished\v1\backend\server.js:110:8
    at Layer.handleRequest (D:\photo\store_uiux_polished\v1\backend\node_modules\router\lib\layer.js:152:17)
    at trimPrefix (D:\photo\store_uiux_polished\v1\backend\node_modules\router\index.js:342:13)
    at D:\photo\store_uiux_polished\v1\backend\node_modules\router\index.js:297:9
    at processParams (D:\photo\store_uiux_polished\v1\backend\node_modules\router\index.js:582:12)
    at next (D:\photo\store_uiux_polished\v1\backend\node_modules\router\index.js:291:5)
    at SendStream.error (D:\photo\store_uiux_polished\v1\backend\node_modules\serve-static\index.js:120:7)
    at SendStream.emit (node:events:509:20)
    at SendStream.error (D:\photo\store_uiux_polished\v1\backend\node_modules\send\index.js:168:17)
    at SendStream.onStatError (D:\photo\store_uiux_polished\v1\backend\node_modules\send\index.js:315:12) 
09-09-2026 11:29:20 | ERROR | Error found | 404 | GET /files/1788542750602_men-category.jpg : Can't find /files/1788542750602_men-category.jpg on this server | user: guest 
Error: Can't find /files/1788542750602_men-category.jpg on this server
    at D:\photo\store_uiux_polished\v1\backend\server.js:110:8
    at Layer.handleRequest (D:\photo\store_uiux_polished\v1\backend\node_modules\router\lib\layer.js:152:17)
    at trimPrefix (D:\photo\store_uiux_polished\v1\backend\node_modules\router\index.js:342:13)
    at D:\photo\store_uiux_polished\v1\backend\node_modules\router\index.js:297:9
    at processParams (D:\photo\store_uiux_polished\v1\backend\node_modules\router\index.js:582:12)
    at next (D:\photo\store_uiux_polished\v1\backend\node_modules\router\index.js:291:5)
    at SendStream.error (D:\photo\store_uiux_polished\v1\backend\node_modules\serve-static\index.js:120:7)
    at SendStream.emit (node:events:509:20)
    at SendStream.error (D:\photo\store_uiux_polished\v1\backend\node_modules\send\index.js:168:17)
    at SendStream.onStatError (D:\photo\store_uiux_polished\v1\backend\node_modules\send\index.js:315:12) 
09-09-2026 11:30:23 | ERROR | Error found | 404 | GET /files/1788430760414_Black_Denim_Jacket.jpg : Can't find /files/1788430760414_Black_Denim_Jacket.jpg on this server | user: guest 
Error: Can't find /files/1788430760414_Black_Denim_Jacket.jpg on this server
    at D:\photo\store_uiux_polished\v1\backend\server.js:110:8
    at Layer.handleRequest (D:\photo\store_uiux_polished\v1\backend\node_modules\router\lib\layer.js:152:17)
    at trimPrefix (D:\photo\store_uiux_polished\v1\backend\node_modules\router\index.js:342:13)
    at D:\photo\store_uiux_polished\v1\backend\node_modules\router\index.js:297:9
    at processParams (D:\photo\store_uiux_polished\v1\backend\node_modules\router\index.js:582:12)
    at next (D:\photo\store_uiux_polished\v1\backend\node_modules\router\index.js:291:5)
    at SendStream.error (D:\photo\store_uiux_polished\v1\backend\node_modules\serve-static\index.js:120:7)
    at SendStream.emit (node:events:509:20)
    at SendStream.error (D:\photo\store_uiux_polished\v1\backend\node_modules\send\index.js:168:17)
    at SendStream.onStatError (D:\photo\store_uiux_polished\v1\backend\node_modules\send\index.js:315:12) 
09-09-2026 11:30:23 | ERROR | Error found | 404 | GET /files/1788542750602_men-category.jpg : Can't find /files/1788542750602_men-category.jpg on this server | user: guest 
Error: Can't find /files/1788542750602_men-category.jpg on this server
    at D:\photo\store_uiux_polished\v1\backend\server.js:110:8
    at Layer.handleRequest (D:\photo\store_uiux_polished\v1\backend\node_modules\router\lib\layer.js:152:17)
    at trimPrefix (D:\photo\store_uiux_polished\v1\backend\node_modules\router\index.js:342:13)
    at D:\photo\store_uiux_polished\v1\backend\node_modules\router\index.js:297:9
    at processParams (D:\photo\store_uiux_polished\v1\backend\node_modules\router\index.js:582:12)
    at next (D:\photo\store_uiux_polished\v1\backend\node_modules\router\index.js:291:5)
    at SendStream.error (D:\photo\store_uiux_polished\v1\backend\node_modules\serve-static\index.js:120:7)
    at SendStream.emit (node:events:509:20)
    at SendStream.error (D:\photo\store_uiux_polished\v1\backend\node_modules\send\index.js:168:17)
    at SendStream.onStatError (D:\photo\store_uiux_polished\v1\backend\node_modules\send\index.js:315:12) 
09-09-2026 11:30:24 | ERROR | Error found | 404 | GET /files/1788430760414_Black_Denim_Jacket.jpg : Can't find /files/1788430760414_Black_Denim_Jacket.jpg on this server | user: guest 
Error: Can't find /files/1788430760414_Black_Denim_Jacket.jpg on this server
    at D:\photo\store_uiux_polished\v1\backend\server.js:110:8
    at Layer.handleRequest (D:\photo\store_uiux_polished\v1\backend\node_modules\router\lib\layer.js:152:17)
    at trimPrefix (D:\photo\store_uiux_polished\v1\backend\node_modules\router\index.js:342:13)
    at D:\photo\store_uiux_polished\v1\backend\node_modules\router\index.js:297:9
    at processParams (D:\photo\store_uiux_polished\v1\backend\node_modules\router\index.js:582:12)
    at next (D:\photo\store_uiux_polished\v1\backend\node_modules\router\index.js:291:5)
    at SendStream.error (D:\photo\store_uiux_polished\v1\backend\node_modules\serve-static\index.js:120:7)
    at SendStream.emit (node:events:509:20)
    at SendStream.error (D:\photo\store_uiux_polished\v1\backend\node_modules\send\index.js:168:17)
    at SendStream.onStatError (D:\photo\store_uiux_polished\v1\backend\node_modules\send\index.js:315:12) 
09-09-2026 11:30:24 | ERROR | Error found | 404 | GET /files/1788430760414_Black_Denim_Jacket.jpg : Can't find /files/1788430760414_Black_Denim_Jacket.jpg on this server | user: guest 
Error: Can't find /files/1788430760414_Black_Denim_Jacket.jpg on this server
    at D:\photo\store_uiux_polished\v1\backend\server.js:110:8
    at Layer.handleRequest (D:\photo\store_uiux_polished\v1\backend\node_modules\router\lib\layer.js:152:17)
    at trimPrefix (D:\photo\store_uiux_polished\v1\backend\node_modules\router\index.js:342:13)
    at D:\photo\store_uiux_polished\v1\backend\node_modules\router\index.js:297:9
    at processParams (D:\photo\store_uiux_polished\v1\backend\node_modules\router\index.js:582:12)
    at next (D:\photo\store_uiux_polished\v1\backend\node_modules\router\index.js:291:5)
    at SendStream.error (D:\photo\store_uiux_polished\v1\backend\node_modules\serve-static\index.js:120:7)
    at SendStream.emit (node:events:509:20)
    at SendStream.error (D:\photo\store_uiux_polished\v1\backend\node_modules\send\index.js:168:17)
    at SendStream.onStatError (D:\photo\store_uiux_polished\v1\backend\node_modules\send\index.js:315:12) 
09-09-2026 11:30:24 | ERROR | Error found | 404 | GET /files/1788542750602_men-category.jpg : Can't find /files/1788542750602_men-category.jpg on this server | user: guest 
Error: Can't find /files/1788542750602_men-category.jpg on this server
    at D:\photo\store_uiux_polished\v1\backend\server.js:110:8
    at Layer.handleRequest (D:\photo\store_uiux_polished\v1\backend\node_modules\router\lib\layer.js:152:17)
    at trimPrefix (D:\photo\store_uiux_polished\v1\backend\node_modules\router\index.js:342:13)
    at D:\photo\store_uiux_polished\v1\backend\node_modules\router\index.js:297:9
    at processParams (D:\photo\store_uiux_polished\v1\backend\node_modules\router\index.js:582:12)
    at next (D:\photo\store_uiux_polished\v1\backend\node_modules\router\index.js:291:5)
    at SendStream.error (D:\photo\store_uiux_polished\v1\backend\node_modules\serve-static\index.js:120:7)
    at SendStream.emit (node:events:509:20)
    at SendStream.error (D:\photo\store_uiux_polished\v1\backend\node_modules\send\index.js:168:17)
    at SendStream.onStatError (D:\photo\store_uiux_polished\v1\backend\node_modules\send\index.js:315:12) 
09-09-2026 11:31:28 | ERROR | Error found | 404 | GET /files/1788430760414_Black_Denim_Jacket.jpg : Can't find /files/1788430760414_Black_Denim_Jacket.jpg on this server | user: guest 
Error: Can't find /files/1788430760414_Black_Denim_Jacket.jpg on this server
    at D:\photo\store_uiux_polished\v1\backend\server.js:110:8
    at Layer.handleRequest (D:\photo\store_uiux_polished\v1\backend\node_modules\router\lib\layer.js:152:17)
    at trimPrefix (D:\photo\store_uiux_polished\v1\backend\node_modules\router\index.js:342:13)
    at D:\photo\store_uiux_polished\v1\backend\node_modules\router\index.js:297:9
    at processParams (D:\photo\store_uiux_polished\v1\backend\node_modules\router\index.js:582:12)
    at next (D:\photo\store_uiux_polished\v1\backend\node_modules\router\index.js:291:5)
    at SendStream.error (D:\photo\store_uiux_polished\v1\backend\node_modules\serve-static\index.js:120:7)
    at SendStream.emit (node:events:509:20)
    at SendStream.error (D:\photo\store_uiux_polished\v1\backend\node_modules\send\index.js:168:17)
    at SendStream.onStatError (D:\photo\store_uiux_polished\v1\backend\node_modules\send\index.js:315:12) 
09-09-2026 11:31:28 | ERROR | Error found | 404 | GET /files/1788542750602_men-category.jpg : Can't find /files/1788542750602_men-category.jpg on this server | user: guest 
Error: Can't find /files/1788542750602_men-category.jpg on this server
    at D:\photo\store_uiux_polished\v1\backend\server.js:110:8
    at Layer.handleRequest (D:\photo\store_uiux_polished\v1\backend\node_modules\router\lib\layer.js:152:17)
    at trimPrefix (D:\photo\store_uiux_polished\v1\backend\node_modules\router\index.js:342:13)
    at D:\photo\store_uiux_polished\v1\backend\node_modules\router\index.js:297:9
    at processParams (D:\photo\store_uiux_polished\v1\backend\node_modules\router\index.js:582:12)
    at next (D:\photo\store_uiux_polished\v1\backend\node_modules\router\index.js:291:5)
    at SendStream.error (D:\photo\store_uiux_polished\v1\backend\node_modules\serve-static\index.js:120:7)
    at SendStream.emit (node:events:509:20)
    at SendStream.error (D:\photo\store_uiux_polished\v1\backend\node_modules\send\index.js:168:17)
    at SendStream.onStatError (D:\photo\store_uiux_polished\v1\backend\node_modules\send\index.js:315:12) 
09-09-2026 11:31:42 | ERROR | Error found | 404 | GET /files/1788430760414_Black_Denim_Jacket.jpg : Can't find /files/1788430760414_Black_Denim_Jacket.jpg on this server | user: guest 
Error: Can't find /files/1788430760414_Black_Denim_Jacket.jpg on this server
    at D:\photo\store_uiux_polished\v1\backend\server.js:110:8
    at Layer.handleRequest (D:\photo\store_uiux_polished\v1\backend\node_modules\router\lib\layer.js:152:17)
    at trimPrefix (D:\photo\store_uiux_polished\v1\backend\node_modules\router\index.js:342:13)
    at D:\photo\store_uiux_polished\v1\backend\node_modules\router\index.js:297:9
    at processParams (D:\photo\store_uiux_polished\v1\backend\node_modules\router\index.js:582:12)
    at next (D:\photo\store_uiux_polished\v1\backend\node_modules\router\index.js:291:5)
    at SendStream.error (D:\photo\store_uiux_polished\v1\backend\node_modules\serve-static\index.js:120:7)
    at SendStream.emit (node:events:509:20)
    at SendStream.error (D:\photo\store_uiux_polished\v1\backend\node_modules\send\index.js:168:17)
    at SendStream.onStatError (D:\photo\store_uiux_polished\v1\backend\node_modules\send\index.js:315:12) 
09-09-2026 11:31:42 | ERROR | Error found | 404 | GET /files/1788542750602_men-category.jpg : Can't find /files/1788542750602_men-category.jpg on this server | user: guest 
Error: Can't find /files/1788542750602_men-category.jpg on this server
    at D:\photo\store_uiux_polished\v1\backend\server.js:110:8
    at Layer.handleRequest (D:\photo\store_uiux_polished\v1\backend\node_modules\router\lib\layer.js:152:17)
    at trimPrefix (D:\photo\store_uiux_polished\v1\backend\node_modules\router\index.js:342:13)
    at D:\photo\store_uiux_polished\v1\backend\node_modules\router\index.js:297:9
    at processParams (D:\photo\store_uiux_polished\v1\backend\node_modules\router\index.js:582:12)
    at next (D:\photo\store_uiux_polished\v1\backend\node_modules\router\index.js:291:5)
    at SendStream.error (D:\photo\store_uiux_polished\v1\backend\node_modules\serve-static\index.js:120:7)
    at SendStream.emit (node:events:509:20)
    at SendStream.error (D:\photo\store_uiux_polished\v1\backend\node_modules\send\index.js:168:17)
    at SendStream.onStatError (D:\photo\store_uiux_polished\v1\backend\node_modules\send\index.js:315:12) 
09-09-2026 11:31:47 | ERROR | Error found | 404 | GET /files/1788430760414_Black_Denim_Jacket.jpg : Can't find /files/1788430760414_Black_Denim_Jacket.jpg on this server | user: guest 
Error: Can't find /files/1788430760414_Black_Denim_Jacket.jpg on this server
    at D:\photo\store_uiux_polished\v1\backend\server.js:110:8
    at Layer.handleRequest (D:\photo\store_uiux_polished\v1\backend\node_modules\router\lib\layer.js:152:17)
    at trimPrefix (D:\photo\store_uiux_polished\v1\backend\node_modules\router\index.js:342:13)
    at D:\photo\store_uiux_polished\v1\backend\node_modules\router\index.js:297:9
    at processParams (D:\photo\store_uiux_polished\v1\backend\node_modules\router\index.js:582:12)
    at next (D:\photo\store_uiux_polished\v1\backend\node_modules\router\index.js:291:5)
    at SendStream.error (D:\photo\store_uiux_polished\v1\backend\node_modules\serve-static\index.js:120:7)
    at SendStream.emit (node:events:509:20)
    at SendStream.error (D:\photo\store_uiux_polished\v1\backend\node_modules\send\index.js:168:17)
    at SendStream.onStatError (D:\photo\store_uiux_polished\v1\backend\node_modules\send\index.js:315:12) 
09-09-2026 11:31:47 | ERROR | Error found | 404 | GET /files/1788542750602_men-category.jpg : Can't find /files/1788542750602_men-category.jpg on this server | user: guest 
Error: Can't find /files/1788542750602_men-category.jpg on this server
    at D:\photo\store_uiux_polished\v1\backend\server.js:110:8
    at Layer.handleRequest (D:\photo\store_uiux_polished\v1\backend\node_modules\router\lib\layer.js:152:17)
    at trimPrefix (D:\photo\store_uiux_polished\v1\backend\node_modules\router\index.js:342:13)
    at D:\photo\store_uiux_polished\v1\backend\node_modules\router\index.js:297:9
    at processParams (D:\photo\store_uiux_polished\v1\backend\node_modules\router\index.js:582:12)
    at next (D:\photo\store_uiux_polished\v1\backend\node_modules\router\index.js:291:5)
    at SendStream.error (D:\photo\store_uiux_polished\v1\backend\node_modules\serve-static\index.js:120:7)
    at SendStream.emit (node:events:509:20)
    at SendStream.error (D:\photo\store_uiux_polished\v1\backend\node_modules\send\index.js:168:17)
    at SendStream.onStatError (D:\photo\store_uiux_polished\v1\backend\node_modules\send\index.js:315:12) 
09-09-2026 11:31:48 | ERROR | Error found | 404 | GET /files/1788430760414_Black_Denim_Jacket.jpg : Can't find /files/1788430760414_Black_Denim_Jacket.jpg on this server | user: guest 
Error: Can't find /files/1788430760414_Black_Denim_Jacket.jpg on this server
    at D:\photo\store_uiux_polished\v1\backend\server.js:110:8
    at Layer.handleRequest (D:\photo\store_uiux_polished\v1\backend\node_modules\router\lib\layer.js:152:17)
    at trimPrefix (D:\photo\store_uiux_polished\v1\backend\node_modules\router\index.js:342:13)
    at D:\photo\store_uiux_polished\v1\backend\node_modules\router\index.js:297:9
    at processParams (D:\photo\store_uiux_polished\v1\backend\node_modules\router\index.js:582:12)
    at next (D:\photo\store_uiux_polished\v1\backend\node_modules\router\index.js:291:5)
    at SendStream.error (D:\photo\store_uiux_polished\v1\backend\node_modules\serve-static\index.js:120:7)
    at SendStream.emit (node:events:509:20)
    at SendStream.error (D:\photo\store_uiux_polished\v1\backend\node_modules\send\index.js:168:17)
    at SendStream.onStatError (D:\photo\store_uiux_polished\v1\backend\node_modules\send\index.js:315:12) 
09-09-2026 11:31:48 | ERROR | Error found | 404 | GET /files/1788430760414_Black_Denim_Jacket.jpg : Can't find /files/1788430760414_Black_Denim_Jacket.jpg on this server | user: guest 
Error: Can't find /files/1788430760414_Black_Denim_Jacket.jpg on this server
    at D:\photo\store_uiux_polished\v1\backend\server.js:110:8
    at Layer.handleRequest (D:\photo\store_uiux_polished\v1\backend\node_modules\router\lib\layer.js:152:17)
    at trimPrefix (D:\photo\store_uiux_polished\v1\backend\node_modules\router\index.js:342:13)
    at D:\photo\store_uiux_polished\v1\backend\node_modules\router\index.js:297:9
    at processParams (D:\photo\store_uiux_polished\v1\backend\node_modules\router\index.js:582:12)
    at next (D:\photo\store_uiux_polished\v1\backend\node_modules\router\index.js:291:5)
    at SendStream.error (D:\photo\store_uiux_polished\v1\backend\node_modules\serve-static\index.js:120:7)
    at SendStream.emit (node:events:509:20)
    at SendStream.error (D:\photo\store_uiux_polished\v1\backend\node_modules\send\index.js:168:17)
    at SendStream.onStatError (D:\photo\store_uiux_polished\v1\backend\node_modules\send\index.js:315:12) 
09-09-2026 11:31:48 | ERROR | Error found | 404 | GET /files/1788542750602_men-category.jpg : Can't find /files/1788542750602_men-category.jpg on this server | user: guest 
Error: Can't find /files/1788542750602_men-category.jpg on this server
    at D:\photo\store_uiux_polished\v1\backend\server.js:110:8
    at Layer.handleRequest (D:\photo\store_uiux_polished\v1\backend\node_modules\router\lib\layer.js:152:17)
    at trimPrefix (D:\photo\store_uiux_polished\v1\backend\node_modules\router\index.js:342:13)
    at D:\photo\store_uiux_polished\v1\backend\node_modules\router\index.js:297:9
    at processParams (D:\photo\store_uiux_polished\v1\backend\node_modules\router\index.js:582:12)
    at next (D:\photo\store_uiux_polished\v1\backend\node_modules\router\index.js:291:5)
    at SendStream.error (D:\photo\store_uiux_polished\v1\backend\node_modules\serve-static\index.js:120:7)
    at SendStream.emit (node:events:509:20)
    at SendStream.error (D:\photo\store_uiux_polished\v1\backend\node_modules\send\index.js:168:17)
    at SendStream.onStatError (D:\photo\store_uiux_polished\v1\backend\node_modules\send\index.js:315:12) 
09-09-2026 11:31:53 | ERROR | Error found | 404 | GET /files/1788430760414_Black_Denim_Jacket.jpg : Can't find /files/1788430760414_Black_Denim_Jacket.jpg on this server | user: guest 
Error: Can't find /files/1788430760414_Black_Denim_Jacket.jpg on this server
    at D:\photo\store_uiux_polished\v1\backend\server.js:110:8
    at Layer.handleRequest (D:\photo\store_uiux_polished\v1\backend\node_modules\router\lib\layer.js:152:17)
    at trimPrefix (D:\photo\store_uiux_polished\v1\backend\node_modules\router\index.js:342:13)
    at D:\photo\store_uiux_polished\v1\backend\node_modules\router\index.js:297:9
    at processParams (D:\photo\store_uiux_polished\v1\backend\node_modules\router\index.js:582:12)
    at next (D:\photo\store_uiux_polished\v1\backend\node_modules\router\index.js:291:5)
    at SendStream.error (D:\photo\store_uiux_polished\v1\backend\node_modules\serve-static\index.js:120:7)
    at SendStream.emit (node:events:509:20)
    at SendStream.error (D:\photo\store_uiux_polished\v1\backend\node_modules\send\index.js:168:17)
    at SendStream.onStatError (D:\photo\store_uiux_polished\v1\backend\node_modules\send\index.js:315:12) 
09-09-2026 11:31:53 | ERROR | Error found | 404 | GET /files/1788542750602_men-category.jpg : Can't find /files/1788542750602_men-category.jpg on this server | user: guest 
Error: Can't find /files/1788542750602_men-category.jpg on this server
    at D:\photo\store_uiux_polished\v1\backend\server.js:110:8
    at Layer.handleRequest (D:\photo\store_uiux_polished\v1\backend\node_modules\router\lib\layer.js:152:17)
    at trimPrefix (D:\photo\store_uiux_polished\v1\backend\node_modules\router\index.js:342:13)
    at D:\photo\store_uiux_polished\v1\backend\node_modules\router\index.js:297:9
    at processParams (D:\photo\store_uiux_polished\v1\backend\node_modules\router\index.js:582:12)
    at next (D:\photo\store_uiux_polished\v1\backend\node_modules\router\index.js:291:5)
    at SendStream.error (D:\photo\store_uiux_polished\v1\backend\node_modules\serve-static\index.js:120:7)
    at SendStream.emit (node:events:509:20)
    at SendStream.error (D:\photo\store_uiux_polished\v1\backend\node_modules\send\index.js:168:17)
    at SendStream.onStatError (D:\photo\store_uiux_polished\v1\backend\node_modules\send\index.js:315:12) 
09-09-2026 11:31:54 | ERROR | Error found | 404 | GET /files/1788430760414_Black_Denim_Jacket.jpg : Can't find /files/1788430760414_Black_Denim_Jacket.jpg on this server | user: guest 
Error: Can't find /files/1788430760414_Black_Denim_Jacket.jpg on this server
    at D:\photo\store_uiux_polished\v1\backend\server.js:110:8
    at Layer.handleRequest (D:\photo\store_uiux_polished\v1\backend\node_modules\router\lib\layer.js:152:17)
    at trimPrefix (D:\photo\store_uiux_polished\v1\backend\node_modules\router\index.js:342:13)
    at D:\photo\store_uiux_polished\v1\backend\node_modules\router\index.js:297:9
    at processParams (D:\photo\store_uiux_polished\v1\backend\node_modules\router\index.js:582:12)
    at next (D:\photo\store_uiux_polished\v1\backend\node_modules\router\index.js:291:5)
    at SendStream.error (D:\photo\store_uiux_polished\v1\backend\node_modules\serve-static\index.js:120:7)
    at SendStream.emit (node:events:509:20)
    at SendStream.error (D:\photo\store_uiux_polished\v1\backend\node_modules\send\index.js:168:17)
    at SendStream.onStatError (D:\photo\store_uiux_polished\v1\backend\node_modules\send\index.js:315:12) 
09-09-2026 11:31:54 | ERROR | Error found | 404 | GET /files/1788430760414_Black_Denim_Jacket.jpg : Can't find /files/1788430760414_Black_Denim_Jacket.jpg on this server | user: guest 
Error: Can't find /files/1788430760414_Black_Denim_Jacket.jpg on this server
    at D:\photo\store_uiux_polished\v1\backend\server.js:110:8
    at Layer.handleRequest (D:\photo\store_uiux_polished\v1\backend\node_modules\router\lib\layer.js:152:17)
    at trimPrefix (D:\photo\store_uiux_polished\v1\backend\node_modules\router\index.js:342:13)
    at D:\photo\store_uiux_polished\v1\backend\node_modules\router\index.js:297:9
    at processParams (D:\photo\store_uiux_polished\v1\backend\node_modules\router\index.js:582:12)
    at next (D:\photo\store_uiux_polished\v1\backend\node_modules\router\index.js:291:5)
    at SendStream.error (D:\photo\store_uiux_polished\v1\backend\node_modules\serve-static\index.js:120:7)
    at SendStream.emit (node:events:509:20)
    at SendStream.error (D:\photo\store_uiux_polished\v1\backend\node_modules\send\index.js:168:17)
    at SendStream.onStatError (D:\photo\store_uiux_polished\v1\backend\node_modules\send\index.js:315:12) 
09-09-2026 11:31:54 | ERROR | Error found | 404 | GET /files/1788542750602_men-category.jpg : Can't find /files/1788542750602_men-category.jpg on this server | user: guest 
Error: Can't find /files/1788542750602_men-category.jpg on this server
    at D:\photo\store_uiux_polished\v1\backend\server.js:110:8
    at Layer.handleRequest (D:\photo\store_uiux_polished\v1\backend\node_modules\router\lib\layer.js:152:17)
    at trimPrefix (D:\photo\store_uiux_polished\v1\backend\node_modules\router\index.js:342:13)
    at D:\photo\store_uiux_polished\v1\backend\node_modules\router\index.js:297:9
    at processParams (D:\photo\store_uiux_polished\v1\backend\node_modules\router\index.js:582:12)
    at next (D:\photo\store_uiux_polished\v1\backend\node_modules\router\index.js:291:5)
    at SendStream.error (D:\photo\store_uiux_polished\v1\backend\node_modules\serve-static\index.js:120:7)
    at SendStream.emit (node:events:509:20)
    at SendStream.error (D:\photo\store_uiux_polished\v1\backend\node_modules\send\index.js:168:17)
    at SendStream.onStatError (D:\photo\store_uiux_polished\v1\backend\node_modules\send\index.js:315:12) 
09-09-2026 11:35:37 | ERROR | Error found | 404 | GET /files/1788430760414_Black_Denim_Jacket.jpg : Can't find /files/1788430760414_Black_Denim_Jacket.jpg on this server | user: guest 
Error: Can't find /files/1788430760414_Black_Denim_Jacket.jpg on this server
    at D:\photo\store_uiux_polished\v1\backend\server.js:110:8
    at Layer.handleRequest (D:\photo\store_uiux_polished\v1\backend\node_modules\router\lib\layer.js:152:17)
    at trimPrefix (D:\photo\store_uiux_polished\v1\backend\node_modules\router\index.js:342:13)
    at D:\photo\store_uiux_polished\v1\backend\node_modules\router\index.js:297:9
    at processParams (D:\photo\store_uiux_polished\v1\backend\node_modules\router\index.js:582:12)
    at next (D:\photo\store_uiux_polished\v1\backend\node_modules\router\index.js:291:5)
    at SendStream.error (D:\photo\store_uiux_polished\v1\backend\node_modules\serve-static\index.js:120:7)
    at SendStream.emit (node:events:509:20)
    at SendStream.error (D:\photo\store_uiux_polished\v1\backend\node_modules\send\index.js:168:17)
    at SendStream.onStatError (D:\photo\store_uiux_polished\v1\backend\node_modules\send\index.js:315:12) 
09-09-2026 11:35:37 | ERROR | Error found | 404 | GET /files/1788542750602_men-category.jpg : Can't find /files/1788542750602_men-category.jpg on this server | user: guest 
Error: Can't find /files/1788542750602_men-category.jpg on this server
    at D:\photo\store_uiux_polished\v1\backend\server.js:110:8
    at Layer.handleRequest (D:\photo\store_uiux_polished\v1\backend\node_modules\router\lib\layer.js:152:17)
    at trimPrefix (D:\photo\store_uiux_polished\v1\backend\node_modules\router\index.js:342:13)
    at D:\photo\store_uiux_polished\v1\backend\node_modules\router\index.js:297:9
    at processParams (D:\photo\store_uiux_polished\v1\backend\node_modules\router\index.js:582:12)
    at next (D:\photo\store_uiux_polished\v1\backend\node_modules\router\index.js:291:5)
    at SendStream.error (D:\photo\store_uiux_polished\v1\backend\node_modules\serve-static\index.js:120:7)
    at SendStream.emit (node:events:509:20)
    at SendStream.error (D:\photo\store_uiux_polished\v1\backend\node_modules\send\index.js:168:17)
    at SendStream.onStatError (D:\photo\store_uiux_polished\v1\backend\node_modules\send\index.js:315:12) 
09-09-2026 11:35:38 | ERROR | Error found | 404 | GET /files/1788430760414_Black_Denim_Jacket.jpg : Can't find /files/1788430760414_Black_Denim_Jacket.jpg on this server | user: guest 
Error: Can't find /files/1788430760414_Black_Denim_Jacket.jpg on this server
    at D:\photo\store_uiux_polished\v1\backend\server.js:110:8
    at Layer.handleRequest (D:\photo\store_uiux_polished\v1\backend\node_modules\router\lib\layer.js:152:17)
    at trimPrefix (D:\photo\store_uiux_polished\v1\backend\node_modules\router\index.js:342:13)
    at D:\photo\store_uiux_polished\v1\backend\node_modules\router\index.js:297:9
    at processParams (D:\photo\store_uiux_polished\v1\backend\node_modules\router\index.js:582:12)
    at next (D:\photo\store_uiux_polished\v1\backend\node_modules\router\index.js:291:5)
    at SendStream.error (D:\photo\store_uiux_polished\v1\backend\node_modules\serve-static\index.js:120:7)
    at SendStream.emit (node:events:509:20)
    at SendStream.error (D:\photo\store_uiux_polished\v1\backend\node_modules\send\index.js:168:17)
    at SendStream.onStatError (D:\photo\store_uiux_polished\v1\backend\node_modules\send\index.js:315:12) 
09-09-2026 11:35:38 | ERROR | Error found | 404 | GET /files/1788430760414_Black_Denim_Jacket.jpg : Can't find /files/1788430760414_Black_Denim_Jacket.jpg on this server | user: guest 
Error: Can't find /files/1788430760414_Black_Denim_Jacket.jpg on this server
    at D:\photo\store_uiux_polished\v1\backend\server.js:110:8
    at Layer.handleRequest (D:\photo\store_uiux_polished\v1\backend\node_modules\router\lib\layer.js:152:17)
    at trimPrefix (D:\photo\store_uiux_polished\v1\backend\node_modules\router\index.js:342:13)
    at D:\photo\store_uiux_polished\v1\backend\node_modules\router\index.js:297:9
    at processParams (D:\photo\store_uiux_polished\v1\backend\node_modules\router\index.js:582:12)
    at next (D:\photo\store_uiux_polished\v1\backend\node_modules\router\index.js:291:5)
    at SendStream.error (D:\photo\store_uiux_polished\v1\backend\node_modules\serve-static\index.js:120:7)
    at SendStream.emit (node:events:509:20)
    at SendStream.error (D:\photo\store_uiux_polished\v1\backend\node_modules\send\index.js:168:17)
    at SendStream.onStatError (D:\photo\store_uiux_polished\v1\backend\node_modules\send\index.js:315:12) 
09-09-2026 11:35:38 | ERROR | Error found | 404 | GET /files/1788542750602_men-category.jpg : Can't find /files/1788542750602_men-category.jpg on this server | user: guest 
Error: Can't find /files/1788542750602_men-category.jpg on this server
    at D:\photo\store_uiux_polished\v1\backend\server.js:110:8
    at Layer.handleRequest (D:\photo\store_uiux_polished\v1\backend\node_modules\router\lib\layer.js:152:17)
    at trimPrefix (D:\photo\store_uiux_polished\v1\backend\node_modules\router\index.js:342:13)
    at D:\photo\store_uiux_polished\v1\backend\node_modules\router\index.js:297:9
    at processParams (D:\photo\store_uiux_polished\v1\backend\node_modules\router\index.js:582:12)
    at next (D:\photo\store_uiux_polished\v1\backend\node_modules\router\index.js:291:5)
    at SendStream.error (D:\photo\store_uiux_polished\v1\backend\node_modules\serve-static\index.js:120:7)
    at SendStream.emit (node:events:509:20)
    at SendStream.error (D:\photo\store_uiux_polished\v1\backend\node_modules\send\index.js:168:17)
    at SendStream.onStatError (D:\photo\store_uiux_polished\v1\backend\node_modules\send\index.js:315:12) 
09-09-2026 11:38:51 | ERROR | Error found | 404 | GET /files/1788430760414_Black_Denim_Jacket.jpg : Can't find /files/1788430760414_Black_Denim_Jacket.jpg on this server | user: guest 
Error: Can't find /files/1788430760414_Black_Denim_Jacket.jpg on this server
    at D:\photo\store_uiux_polished\v1\backend\server.js:110:8
    at Layer.handleRequest (D:\photo\store_uiux_polished\v1\backend\node_modules\router\lib\layer.js:152:17)
    at trimPrefix (D:\photo\store_uiux_polished\v1\backend\node_modules\router\index.js:342:13)
    at D:\photo\store_uiux_polished\v1\backend\node_modules\router\index.js:297:9
    at processParams (D:\photo\store_uiux_polished\v1\backend\node_modules\router\index.js:582:12)
    at next (D:\photo\store_uiux_polished\v1\backend\node_modules\router\index.js:291:5)
    at SendStream.error (D:\photo\store_uiux_polished\v1\backend\node_modules\serve-static\index.js:120:7)
    at SendStream.emit (node:events:509:20)
    at SendStream.error (D:\photo\store_uiux_polished\v1\backend\node_modules\send\index.js:168:17)
    at SendStream.onStatError (D:\photo\store_uiux_polished\v1\backend\node_modules\send\index.js:315:12) 
09-09-2026 11:38:51 | ERROR | Error found | 404 | GET /files/1788542750602_men-category.jpg : Can't find /files/1788542750602_men-category.jpg on this server | user: guest 
Error: Can't find /files/1788542750602_men-category.jpg on this server
    at D:\photo\store_uiux_polished\v1\backend\server.js:110:8
    at Layer.handleRequest (D:\photo\store_uiux_polished\v1\backend\node_modules\router\lib\layer.js:152:17)
    at trimPrefix (D:\photo\store_uiux_polished\v1\backend\node_modules\router\index.js:342:13)
    at D:\photo\store_uiux_polished\v1\backend\node_modules\router\index.js:297:9
    at processParams (D:\photo\store_uiux_polished\v1\backend\node_modules\router\index.js:582:12)
    at next (D:\photo\store_uiux_polished\v1\backend\node_modules\router\index.js:291:5)
    at SendStream.error (D:\photo\store_uiux_polished\v1\backend\node_modules\serve-static\index.js:120:7)
    at SendStream.emit (node:events:509:20)
    at SendStream.error (D:\photo\store_uiux_polished\v1\backend\node_modules\send\index.js:168:17)
    at SendStream.onStatError (D:\photo\store_uiux_polished\v1\backend\node_modules\send\index.js:315:12) 
09-09-2026 11:38:55 | ERROR | Error found | 404 | GET /files/1788430760414_Black_Denim_Jacket.jpg : Can't find /files/1788430760414_Black_Denim_Jacket.jpg on this server | user: guest 
Error: Can't find /files/1788430760414_Black_Denim_Jacket.jpg on this server
    at D:\photo\store_uiux_polished\v1\backend\server.js:110:8
    at Layer.handleRequest (D:\photo\store_uiux_polished\v1\backend\node_modules\router\lib\layer.js:152:17)
    at trimPrefix (D:\photo\store_uiux_polished\v1\backend\node_modules\router\index.js:342:13)
    at D:\photo\store_uiux_polished\v1\backend\node_modules\router\index.js:297:9
    at processParams (D:\photo\store_uiux_polished\v1\backend\node_modules\router\index.js:582:12)
    at next (D:\photo\store_uiux_polished\v1\backend\node_modules\router\index.js:291:5)
    at SendStream.error (D:\photo\store_uiux_polished\v1\backend\node_modules\serve-static\index.js:120:7)
    at SendStream.emit (node:events:509:20)
    at SendStream.error (D:\photo\store_uiux_polished\v1\backend\node_modules\send\index.js:168:17)
    at SendStream.onStatError (D:\photo\store_uiux_polished\v1\backend\node_modules\send\index.js:315:12) 
09-09-2026 11:38:55 | ERROR | Error found | 404 | GET /files/1788542750602_men-category.jpg : Can't find /files/1788542750602_men-category.jpg on this server | user: guest 
Error: Can't find /files/1788542750602_men-category.jpg on this server
    at D:\photo\store_uiux_polished\v1\backend\server.js:110:8
    at Layer.handleRequest (D:\photo\store_uiux_polished\v1\backend\node_modules\router\lib\layer.js:152:17)
    at trimPrefix (D:\photo\store_uiux_polished\v1\backend\node_modules\router\index.js:342:13)
    at D:\photo\store_uiux_polished\v1\backend\node_modules\router\index.js:297:9
    at processParams (D:\photo\store_uiux_polished\v1\backend\node_modules\router\index.js:582:12)
    at next (D:\photo\store_uiux_polished\v1\backend\node_modules\router\index.js:291:5)
    at SendStream.error (D:\photo\store_uiux_polished\v1\backend\node_modules\serve-static\index.js:120:7)
    at SendStream.emit (node:events:509:20)
    at SendStream.error (D:\photo\store_uiux_polished\v1\backend\node_modules\send\index.js:168:17)
    at SendStream.onStatError (D:\photo\store_uiux_polished\v1\backend\node_modules\send\index.js:315:12) 
09-09-2026 11:39:03 | ERROR | Error found | 404 | GET /files/1788430760414_Black_Denim_Jacket.jpg : Can't find /files/1788430760414_Black_Denim_Jacket.jpg on this server | user: guest 
Error: Can't find /files/1788430760414_Black_Denim_Jacket.jpg on this server
    at D:\photo\store_uiux_polished\v1\backend\server.js:110:8
    at Layer.handleRequest (D:\photo\store_uiux_polished\v1\backend\node_modules\router\lib\layer.js:152:17)
    at trimPrefix (D:\photo\store_uiux_polished\v1\backend\node_modules\router\index.js:342:13)
    at D:\photo\store_uiux_polished\v1\backend\node_modules\router\index.js:297:9
    at processParams (D:\photo\store_uiux_polished\v1\backend\node_modules\router\index.js:582:12)
    at next (D:\photo\store_uiux_polished\v1\backend\node_modules\router\index.js:291:5)
    at SendStream.error (D:\photo\store_uiux_polished\v1\backend\node_modules\serve-static\index.js:120:7)
    at SendStream.emit (node:events:509:20)
    at SendStream.error (D:\photo\store_uiux_polished\v1\backend\node_modules\send\index.js:168:17)
    at SendStream.onStatError (D:\photo\store_uiux_polished\v1\backend\node_modules\send\index.js:315:12) 
09-09-2026 11:39:03 | ERROR | Error found | 404 | GET /files/1788542750602_men-category.jpg : Can't find /files/1788542750602_men-category.jpg on this server | user: guest 
Error: Can't find /files/1788542750602_men-category.jpg on this server
    at D:\photo\store_uiux_polished\v1\backend\server.js:110:8
    at Layer.handleRequest (D:\photo\store_uiux_polished\v1\backend\node_modules\router\lib\layer.js:152:17)
    at trimPrefix (D:\photo\store_uiux_polished\v1\backend\node_modules\router\index.js:342:13)
    at D:\photo\store_uiux_polished\v1\backend\node_modules\router\index.js:297:9
    at processParams (D:\photo\store_uiux_polished\v1\backend\node_modules\router\index.js:582:12)
    at next (D:\photo\store_uiux_polished\v1\backend\node_modules\router\index.js:291:5)
    at SendStream.error (D:\photo\store_uiux_polished\v1\backend\node_modules\serve-static\index.js:120:7)
    at SendStream.emit (node:events:509:20)
    at SendStream.error (D:\photo\store_uiux_polished\v1\backend\node_modules\send\index.js:168:17)
    at SendStream.onStatError (D:\photo\store_uiux_polished\v1\backend\node_modules\send\index.js:315:12) 
09-09-2026 11:39:33 | ERROR | Error found | 404 | GET /files/1788430760414_Black_Denim_Jacket.jpg : Can't find /files/1788430760414_Black_Denim_Jacket.jpg on this server | user: guest 
Error: Can't find /files/1788430760414_Black_Denim_Jacket.jpg on this server
    at D:\photo\store_uiux_polished\v1\backend\server.js:110:8
    at Layer.handleRequest (D:\photo\store_uiux_polished\v1\backend\node_modules\router\lib\layer.js:152:17)
    at trimPrefix (D:\photo\store_uiux_polished\v1\backend\node_modules\router\index.js:342:13)
    at D:\photo\store_uiux_polished\v1\backend\node_modules\router\index.js:297:9
    at processParams (D:\photo\store_uiux_polished\v1\backend\node_modules\router\index.js:582:12)
    at next (D:\photo\store_uiux_polished\v1\backend\node_modules\router\index.js:291:5)
    at SendStream.error (D:\photo\store_uiux_polished\v1\backend\node_modules\serve-static\index.js:120:7)
    at SendStream.emit (node:events:509:20)
    at SendStream.error (D:\photo\store_uiux_polished\v1\backend\node_modules\send\index.js:168:17)
    at SendStream.onStatError (D:\photo\store_uiux_polished\v1\backend\node_modules\send\index.js:315:12) 
09-09-2026 11:39:34 | ERROR | Error found | 404 | GET /files/1788430760414_Black_Denim_Jacket.jpg : Can't find /files/1788430760414_Black_Denim_Jacket.jpg on this server | user: guest 
Error: Can't find /files/1788430760414_Black_Denim_Jacket.jpg on this server
    at D:\photo\store_uiux_polished\v1\backend\server.js:110:8
    at Layer.handleRequest (D:\photo\store_uiux_polished\v1\backend\node_modules\router\lib\layer.js:152:17)
    at trimPrefix (D:\photo\store_uiux_polished\v1\backend\node_modules\router\index.js:342:13)
    at D:\photo\store_uiux_polished\v1\backend\node_modules\router\index.js:297:9
    at processParams (D:\photo\store_uiux_polished\v1\backend\node_modules\router\index.js:582:12)
    at next (D:\photo\store_uiux_polished\v1\backend\node_modules\router\index.js:291:5)
    at SendStream.error (D:\photo\store_uiux_polished\v1\backend\node_modules\serve-static\index.js:120:7)
    at SendStream.emit (node:events:509:20)
    at SendStream.error (D:\photo\store_uiux_polished\v1\backend\node_modules\send\index.js:168:17)
    at SendStream.onStatError (D:\photo\store_uiux_polished\v1\backend\node_modules\send\index.js:315:12) 
09-09-2026 11:39:34 | ERROR | Error found | 404 | GET /files/1788542750602_men-category.jpg : Can't find /files/1788542750602_men-category.jpg on this server | user: guest 
Error: Can't find /files/1788542750602_men-category.jpg on this server
    at D:\photo\store_uiux_polished\v1\backend\server.js:110:8
    at Layer.handleRequest (D:\photo\store_uiux_polished\v1\backend\node_modules\router\lib\layer.js:152:17)
    at trimPrefix (D:\photo\store_uiux_polished\v1\backend\node_modules\router\index.js:342:13)
    at D:\photo\store_uiux_polished\v1\backend\node_modules\router\index.js:297:9
    at processParams (D:\photo\store_uiux_polished\v1\backend\node_modules\router\index.js:582:12)
    at next (D:\photo\store_uiux_polished\v1\backend\node_modules\router\index.js:291:5)
    at SendStream.error (D:\photo\store_uiux_polished\v1\backend\node_modules\serve-static\index.js:120:7)
    at SendStream.emit (node:events:509:20)
    at SendStream.error (D:\photo\store_uiux_polished\v1\backend\node_modules\send\index.js:168:17)
    at SendStream.onStatError (D:\photo\store_uiux_polished\v1\backend\node_modules\send\index.js:315:12) 
09-09-2026 11:40:25 | ERROR | Error found | 404 | GET /files/1788430760414_Black_Denim_Jacket.jpg : Can't find /files/1788430760414_Black_Denim_Jacket.jpg on this server | user: guest 
Error: Can't find /files/1788430760414_Black_Denim_Jacket.jpg on this server
    at D:\photo\store_uiux_polished\v1\backend\server.js:110:8
    at Layer.handleRequest (D:\photo\store_uiux_polished\v1\backend\node_modules\router\lib\layer.js:152:17)
    at trimPrefix (D:\photo\store_uiux_polished\v1\backend\node_modules\router\index.js:342:13)
    at D:\photo\store_uiux_polished\v1\backend\node_modules\router\index.js:297:9
    at processParams (D:\photo\store_uiux_polished\v1\backend\node_modules\router\index.js:582:12)
    at next (D:\photo\store_uiux_polished\v1\backend\node_modules\router\index.js:291:5)
    at SendStream.error (D:\photo\store_uiux_polished\v1\backend\node_modules\serve-static\index.js:120:7)
    at SendStream.emit (node:events:509:20)
    at SendStream.error (D:\photo\store_uiux_polished\v1\backend\node_modules\send\index.js:168:17)
    at SendStream.onStatError (D:\photo\store_uiux_polished\v1\backend\node_modules\send\index.js:315:12) 
09-09-2026 11:40:25 | ERROR | Error found | 404 | GET /files/1788542750602_men-category.jpg : Can't find /files/1788542750602_men-category.jpg on this server | user: guest 
Error: Can't find /files/1788542750602_men-category.jpg on this server
    at D:\photo\store_uiux_polished\v1\backend\server.js:110:8
    at Layer.handleRequest (D:\photo\store_uiux_polished\v1\backend\node_modules\router\lib\layer.js:152:17)
    at trimPrefix (D:\photo\store_uiux_polished\v1\backend\node_modules\router\index.js:342:13)
    at D:\photo\store_uiux_polished\v1\backend\node_modules\router\index.js:297:9
    at processParams (D:\photo\store_uiux_polished\v1\backend\node_modules\router\index.js:582:12)
    at next (D:\photo\store_uiux_polished\v1\backend\node_modules\router\index.js:291:5)
    at SendStream.error (D:\photo\store_uiux_polished\v1\backend\node_modules\serve-static\index.js:120:7)
    at SendStream.emit (node:events:509:20)
    at SendStream.error (D:\photo\store_uiux_polished\v1\backend\node_modules\send\index.js:168:17)
    at SendStream.onStatError (D:\photo\store_uiux_polished\v1\backend\node_modules\send\index.js:315:12) 
09-09-2026 11:40:43 | ERROR | Error found | 404 | GET /files/1788430760414_Black_Denim_Jacket.jpg : Can't find /files/1788430760414_Black_Denim_Jacket.jpg on this server | user: guest 
Error: Can't find /files/1788430760414_Black_Denim_Jacket.jpg on this server
    at D:\photo\store_uiux_polished\v1\backend\server.js:110:8
    at Layer.handleRequest (D:\photo\store_uiux_polished\v1\backend\node_modules\router\lib\layer.js:152:17)
    at trimPrefix (D:\photo\store_uiux_polished\v1\backend\node_modules\router\index.js:342:13)
    at D:\photo\store_uiux_polished\v1\backend\node_modules\router\index.js:297:9
    at processParams (D:\photo\store_uiux_polished\v1\backend\node_modules\router\index.js:582:12)
    at next (D:\photo\store_uiux_polished\v1\backend\node_modules\router\index.js:291:5)
    at SendStream.error (D:\photo\store_uiux_polished\v1\backend\node_modules\serve-static\index.js:120:7)
    at SendStream.emit (node:events:509:20)
    at SendStream.error (D:\photo\store_uiux_polished\v1\backend\node_modules\send\index.js:168:17)
    at SendStream.onStatError (D:\photo\store_uiux_polished\v1\backend\node_modules\send\index.js:315:12) 
09-09-2026 11:40:43 | ERROR | Error found | 404 | GET /files/1788542750602_men-category.jpg : Can't find /files/1788542750602_men-category.jpg on this server | user: guest 
Error: Can't find /files/1788542750602_men-category.jpg on this server
    at D:\photo\store_uiux_polished\v1\backend\server.js:110:8
    at Layer.handleRequest (D:\photo\store_uiux_polished\v1\backend\node_modules\router\lib\layer.js:152:17)
    at trimPrefix (D:\photo\store_uiux_polished\v1\backend\node_modules\router\index.js:342:13)
    at D:\photo\store_uiux_polished\v1\backend\node_modules\router\index.js:297:9
    at processParams (D:\photo\store_uiux_polished\v1\backend\node_modules\router\index.js:582:12)
    at next (D:\photo\store_uiux_polished\v1\backend\node_modules\router\index.js:291:5)
    at SendStream.error (D:\photo\store_uiux_polished\v1\backend\node_modules\serve-static\index.js:120:7)
    at SendStream.emit (node:events:509:20)
    at SendStream.error (D:\photo\store_uiux_polished\v1\backend\node_modules\send\index.js:168:17)
    at SendStream.onStatError (D:\photo\store_uiux_polished\v1\backend\node_modules\send\index.js:315:12) 
09-09-2026 11:40:46 | ERROR | Error found | 404 | GET /files/1788430760414_Black_Denim_Jacket.jpg : Can't find /files/1788430760414_Black_Denim_Jacket.jpg on this server | user: guest 
Error: Can't find /files/1788430760414_Black_Denim_Jacket.jpg on this server
    at D:\photo\store_uiux_polished\v1\backend\server.js:110:8
    at Layer.handleRequest (D:\photo\store_uiux_polished\v1\backend\node_modules\router\lib\layer.js:152:17)
    at trimPrefix (D:\photo\store_uiux_polished\v1\backend\node_modules\router\index.js:342:13)
    at D:\photo\store_uiux_polished\v1\backend\node_modules\router\index.js:297:9
    at processParams (D:\photo\store_uiux_polished\v1\backend\node_modules\router\index.js:582:12)
    at next (D:\photo\store_uiux_polished\v1\backend\node_modules\router\index.js:291:5)
    at SendStream.error (D:\photo\store_uiux_polished\v1\backend\node_modules\serve-static\index.js:120:7)
    at SendStream.emit (node:events:509:20)
    at SendStream.error (D:\photo\store_uiux_polished\v1\backend\node_modules\send\index.js:168:17)
    at SendStream.onStatError (D:\photo\store_uiux_polished\v1\backend\node_modules\send\index.js:315:12) 
09-09-2026 11:40:46 | ERROR | Error found | 404 | GET /files/1788542750602_men-category.jpg : Can't find /files/1788542750602_men-category.jpg on this server | user: guest 
Error: Can't find /files/1788542750602_men-category.jpg on this server
    at D:\photo\store_uiux_polished\v1\backend\server.js:110:8
    at Layer.handleRequest (D:\photo\store_uiux_polished\v1\backend\node_modules\router\lib\layer.js:152:17)
    at trimPrefix (D:\photo\store_uiux_polished\v1\backend\node_modules\router\index.js:342:13)
    at D:\photo\store_uiux_polished\v1\backend\node_modules\router\index.js:297:9
    at processParams (D:\photo\store_uiux_polished\v1\backend\node_modules\router\index.js:582:12)
    at next (D:\photo\store_uiux_polished\v1\backend\node_modules\router\index.js:291:5)
    at SendStream.error (D:\photo\store_uiux_polished\v1\backend\node_modules\serve-static\index.js:120:7)
    at SendStream.emit (node:events:509:20)
    at SendStream.error (D:\photo\store_uiux_polished\v1\backend\node_modules\send\index.js:168:17)
    at SendStream.onStatError (D:\photo\store_uiux_polished\v1\backend\node_modules\send\index.js:315:12) 
09-09-2026 11:40:54 | ERROR | Error found | 404 | GET /files/1788430760414_Black_Denim_Jacket.jpg : Can't find /files/1788430760414_Black_Denim_Jacket.jpg on this server | user: guest 
Error: Can't find /files/1788430760414_Black_Denim_Jacket.jpg on this server
    at D:\photo\store_uiux_polished\v1\backend\server.js:110:8
    at Layer.handleRequest (D:\photo\store_uiux_polished\v1\backend\node_modules\router\lib\layer.js:152:17)
    at trimPrefix (D:\photo\store_uiux_polished\v1\backend\node_modules\router\index.js:342:13)
    at D:\photo\store_uiux_polished\v1\backend\node_modules\router\index.js:297:9
    at processParams (D:\photo\store_uiux_polished\v1\backend\node_modules\router\index.js:582:12)
    at next (D:\photo\store_uiux_polished\v1\backend\node_modules\router\index.js:291:5)
    at SendStream.error (D:\photo\store_uiux_polished\v1\backend\node_modules\serve-static\index.js:120:7)
    at SendStream.emit (node:events:509:20)
    at SendStream.error (D:\photo\store_uiux_polished\v1\backend\node_modules\send\index.js:168:17)
    at SendStream.onStatError (D:\photo\store_uiux_polished\v1\backend\node_modules\send\index.js:315:12) 
09-09-2026 11:40:54 | ERROR | Error found | 404 | GET /files/1788542750602_men-category.jpg : Can't find /files/1788542750602_men-category.jpg on this server | user: guest 
Error: Can't find /files/1788542750602_men-category.jpg on this server
    at D:\photo\store_uiux_polished\v1\backend\server.js:110:8
    at Layer.handleRequest (D:\photo\store_uiux_polished\v1\backend\node_modules\router\lib\layer.js:152:17)
    at trimPrefix (D:\photo\store_uiux_polished\v1\backend\node_modules\router\index.js:342:13)
    at D:\photo\store_uiux_polished\v1\backend\node_modules\router\index.js:297:9
    at processParams (D:\photo\store_uiux_polished\v1\backend\node_modules\router\index.js:582:12)
    at next (D:\photo\store_uiux_polished\v1\backend\node_modules\router\index.js:291:5)
    at SendStream.error (D:\photo\store_uiux_polished\v1\backend\node_modules\serve-static\index.js:120:7)
    at SendStream.emit (node:events:509:20)
    at SendStream.error (D:\photo\store_uiux_polished\v1\backend\node_modules\send\index.js:168:17)
    at SendStream.onStatError (D:\photo\store_uiux_polished\v1\backend\node_modules\send\index.js:315:12) 
09-09-2026 11:41:00 | ERROR | Error found | 404 | GET /files/1788430760414_Black_Denim_Jacket.jpg : Can't find /files/1788430760414_Black_Denim_Jacket.jpg on this server | user: guest 
Error: Can't find /files/1788430760414_Black_Denim_Jacket.jpg on this server
    at D:\photo\store_uiux_polished\v1\backend\server.js:110:8
    at Layer.handleRequest (D:\photo\store_uiux_polished\v1\backend\node_modules\router\lib\layer.js:152:17)
    at trimPrefix (D:\photo\store_uiux_polished\v1\backend\node_modules\router\index.js:342:13)
    at D:\photo\store_uiux_polished\v1\backend\node_modules\router\index.js:297:9
    at processParams (D:\photo\store_uiux_polished\v1\backend\node_modules\router\index.js:582:12)
    at next (D:\photo\store_uiux_polished\v1\backend\node_modules\router\index.js:291:5)
    at SendStream.error (D:\photo\store_uiux_polished\v1\backend\node_modules\serve-static\index.js:120:7)
    at SendStream.emit (node:events:509:20)
    at SendStream.error (D:\photo\store_uiux_polished\v1\backend\node_modules\send\index.js:168:17)
    at SendStream.onStatError (D:\photo\store_uiux_polished\v1\backend\node_modules\send\index.js:315:12) 
09-09-2026 11:41:00 | ERROR | Error found | 404 | GET /files/1788542750602_men-category.jpg : Can't find /files/1788542750602_men-category.jpg on this server | user: guest 
Error: Can't find /files/1788542750602_men-category.jpg on this server
    at D:\photo\store_uiux_polished\v1\backend\server.js:110:8
    at Layer.handleRequest (D:\photo\store_uiux_polished\v1\backend\node_modules\router\lib\layer.js:152:17)
    at trimPrefix (D:\photo\store_uiux_polished\v1\backend\node_modules\router\index.js:342:13)
    at D:\photo\store_uiux_polished\v1\backend\node_modules\router\index.js:297:9
    at processParams (D:\photo\store_uiux_polished\v1\backend\node_modules\router\index.js:582:12)
    at next (D:\photo\store_uiux_polished\v1\backend\node_modules\router\index.js:291:5)
    at SendStream.error (D:\photo\store_uiux_polished\v1\backend\node_modules\serve-static\index.js:120:7)
    at SendStream.emit (node:events:509:20)
    at SendStream.error (D:\photo\store_uiux_polished\v1\backend\node_modules\send\index.js:168:17)
    at SendStream.onStatError (D:\photo\store_uiux_polished\v1\backend\node_modules\send\index.js:315:12) 
09-09-2026 11:41:04 | ERROR | Error found | 404 | GET /files/1788430760414_Black_Denim_Jacket.jpg : Can't find /files/1788430760414_Black_Denim_Jacket.jpg on this server | user: guest 
Error: Can't find /files/1788430760414_Black_Denim_Jacket.jpg on this server
    at D:\photo\store_uiux_polished\v1\backend\server.js:110:8
    at Layer.handleRequest (D:\photo\store_uiux_polished\v1\backend\node_modules\router\lib\layer.js:152:17)
    at trimPrefix (D:\photo\store_uiux_polished\v1\backend\node_modules\router\index.js:342:13)
    at D:\photo\store_uiux_polished\v1\backend\node_modules\router\index.js:297:9
    at processParams (D:\photo\store_uiux_polished\v1\backend\node_modules\router\index.js:582:12)
    at next (D:\photo\store_uiux_polished\v1\backend\node_modules\router\index.js:291:5)
    at SendStream.error (D:\photo\store_uiux_polished\v1\backend\node_modules\serve-static\index.js:120:7)
    at SendStream.emit (node:events:509:20)
    at SendStream.error (D:\photo\store_uiux_polished\v1\backend\node_modules\send\index.js:168:17)
    at SendStream.onStatError (D:\photo\store_uiux_polished\v1\backend\node_modules\send\index.js:315:12) 
09-09-2026 11:41:04 | ERROR | Error found | 404 | GET /files/1788542750602_men-category.jpg : Can't find /files/1788542750602_men-category.jpg on this server | user: guest 
Error: Can't find /files/1788542750602_men-category.jpg on this server
    at D:\photo\store_uiux_polished\v1\backend\server.js:110:8
    at Layer.handleRequest (D:\photo\store_uiux_polished\v1\backend\node_modules\router\lib\layer.js:152:17)
    at trimPrefix (D:\photo\store_uiux_polished\v1\backend\node_modules\router\index.js:342:13)
    at D:\photo\store_uiux_polished\v1\backend\node_modules\router\index.js:297:9
    at processParams (D:\photo\store_uiux_polished\v1\backend\node_modules\router\index.js:582:12)
    at next (D:\photo\store_uiux_polished\v1\backend\node_modules\router\index.js:291:5)
    at SendStream.error (D:\photo\store_uiux_polished\v1\backend\node_modules\serve-static\index.js:120:7)
    at SendStream.emit (node:events:509:20)
    at SendStream.error (D:\photo\store_uiux_polished\v1\backend\node_modules\send\index.js:168:17)
    at SendStream.onStatError (D:\photo\store_uiux_polished\v1\backend\node_modules\send\index.js:315:12) 
09-09-2026 11:41:10 | ERROR | Error found | 404 | GET /files/1788430760414_Black_Denim_Jacket.jpg : Can't find /files/1788430760414_Black_Denim_Jacket.jpg on this server | user: guest 
Error: Can't find /files/1788430760414_Black_Denim_Jacket.jpg on this server
    at D:\photo\store_uiux_polished\v1\backend\server.js:110:8
    at Layer.handleRequest (D:\photo\store_uiux_polished\v1\backend\node_modules\router\lib\layer.js:152:17)
    at trimPrefix (D:\photo\store_uiux_polished\v1\backend\node_modules\router\index.js:342:13)
    at D:\photo\store_uiux_polished\v1\backend\node_modules\router\index.js:297:9
    at processParams (D:\photo\store_uiux_polished\v1\backend\node_modules\router\index.js:582:12)
    at next (D:\photo\store_uiux_polished\v1\backend\node_modules\router\index.js:291:5)
    at SendStream.error (D:\photo\store_uiux_polished\v1\backend\node_modules\serve-static\index.js:120:7)
    at SendStream.emit (node:events:509:20)
    at SendStream.error (D:\photo\store_uiux_polished\v1\backend\node_modules\send\index.js:168:17)
    at SendStream.onStatError (D:\photo\store_uiux_polished\v1\backend\node_modules\send\index.js:315:12) 
09-09-2026 11:41:10 | ERROR | Error found | 404 | GET /files/1788542750602_men-category.jpg : Can't find /files/1788542750602_men-category.jpg on this server | user: guest 
Error: Can't find /files/1788542750602_men-category.jpg on this server
    at D:\photo\store_uiux_polished\v1\backend\server.js:110:8
    at Layer.handleRequest (D:\photo\store_uiux_polished\v1\backend\node_modules\router\lib\layer.js:152:17)
    at trimPrefix (D:\photo\store_uiux_polished\v1\backend\node_modules\router\index.js:342:13)
    at D:\photo\store_uiux_polished\v1\backend\node_modules\router\index.js:297:9
    at processParams (D:\photo\store_uiux_polished\v1\backend\node_modules\router\index.js:582:12)
    at next (D:\photo\store_uiux_polished\v1\backend\node_modules\router\index.js:291:5)
    at SendStream.error (D:\photo\store_uiux_polished\v1\backend\node_modules\serve-static\index.js:120:7)
    at SendStream.emit (node:events:509:20)
    at SendStream.error (D:\photo\store_uiux_polished\v1\backend\node_modules\send\index.js:168:17)
    at SendStream.onStatError (D:\photo\store_uiux_polished\v1\backend\node_modules\send\index.js:315:12) 
09-09-2026 11:41:14 | ERROR | Error found | 404 | GET /files/1788430760414_Black_Denim_Jacket.jpg : Can't find /files/1788430760414_Black_Denim_Jacket.jpg on this server | user: guest 
Error: Can't find /files/1788430760414_Black_Denim_Jacket.jpg on this server
    at D:\photo\store_uiux_polished\v1\backend\server.js:110:8
    at Layer.handleRequest (D:\photo\store_uiux_polished\v1\backend\node_modules\router\lib\layer.js:152:17)
    at trimPrefix (D:\photo\store_uiux_polished\v1\backend\node_modules\router\index.js:342:13)
    at D:\photo\store_uiux_polished\v1\backend\node_modules\router\index.js:297:9
    at processParams (D:\photo\store_uiux_polished\v1\backend\node_modules\router\index.js:582:12)
    at next (D:\photo\store_uiux_polished\v1\backend\node_modules\router\index.js:291:5)
    at SendStream.error (D:\photo\store_uiux_polished\v1\backend\node_modules\serve-static\index.js:120:7)
    at SendStream.emit (node:events:509:20)
    at SendStream.error (D:\photo\store_uiux_polished\v1\backend\node_modules\send\index.js:168:17)
    at SendStream.onStatError (D:\photo\store_uiux_polished\v1\backend\node_modules\send\index.js:315:12) 
09-09-2026 11:41:14 | ERROR | Error found | 404 | GET /files/1788542750602_men-category.jpg : Can't find /files/1788542750602_men-category.jpg on this server | user: guest 
Error: Can't find /files/1788542750602_men-category.jpg on this server
    at D:\photo\store_uiux_polished\v1\backend\server.js:110:8
    at Layer.handleRequest (D:\photo\store_uiux_polished\v1\backend\node_modules\router\lib\layer.js:152:17)
    at trimPrefix (D:\photo\store_uiux_polished\v1\backend\node_modules\router\index.js:342:13)
    at D:\photo\store_uiux_polished\v1\backend\node_modules\router\index.js:297:9
    at processParams (D:\photo\store_uiux_polished\v1\backend\node_modules\router\index.js:582:12)
    at next (D:\photo\store_uiux_polished\v1\backend\node_modules\router\index.js:291:5)
    at SendStream.error (D:\photo\store_uiux_polished\v1\backend\node_modules\serve-static\index.js:120:7)
    at SendStream.emit (node:events:509:20)
    at SendStream.error (D:\photo\store_uiux_polished\v1\backend\node_modules\send\index.js:168:17)
    at SendStream.onStatError (D:\photo\store_uiux_polished\v1\backend\node_modules\send\index.js:315:12) 
09-09-2026 11:41:24 | ERROR | Error found | 404 | GET /files/1788430760414_Black_Denim_Jacket.jpg : Can't find /files/1788430760414_Black_Denim_Jacket.jpg on this server | user: guest 
Error: Can't find /files/1788430760414_Black_Denim_Jacket.jpg on this server
    at D:\photo\store_uiux_polished\v1\backend\server.js:110:8
    at Layer.handleRequest (D:\photo\store_uiux_polished\v1\backend\node_modules\router\lib\layer.js:152:17)
    at trimPrefix (D:\photo\store_uiux_polished\v1\backend\node_modules\router\index.js:342:13)
    at D:\photo\store_uiux_polished\v1\backend\node_modules\router\index.js:297:9
    at processParams (D:\photo\store_uiux_polished\v1\backend\node_modules\router\index.js:582:12)
    at next (D:\photo\store_uiux_polished\v1\backend\node_modules\router\index.js:291:5)
    at SendStream.error (D:\photo\store_uiux_polished\v1\backend\node_modules\serve-static\index.js:120:7)
    at SendStream.emit (node:events:509:20)
    at SendStream.error (D:\photo\store_uiux_polished\v1\backend\node_modules\send\index.js:168:17)
    at SendStream.onStatError (D:\photo\store_uiux_polished\v1\backend\node_modules\send\index.js:315:12) 
09-09-2026 11:41:24 | ERROR | Error found | 404 | GET /files/1788542750602_men-category.jpg : Can't find /files/1788542750602_men-category.jpg on this server | user: guest 
Error: Can't find /files/1788542750602_men-category.jpg on this server
    at D:\photo\store_uiux_polished\v1\backend\server.js:110:8
    at Layer.handleRequest (D:\photo\store_uiux_polished\v1\backend\node_modules\router\lib\layer.js:152:17)
    at trimPrefix (D:\photo\store_uiux_polished\v1\backend\node_modules\router\index.js:342:13)
    at D:\photo\store_uiux_polished\v1\backend\node_modules\router\index.js:297:9
    at processParams (D:\photo\store_uiux_polished\v1\backend\node_modules\router\index.js:582:12)
    at next (D:\photo\store_uiux_polished\v1\backend\node_modules\router\index.js:291:5)
    at SendStream.error (D:\photo\store_uiux_polished\v1\backend\node_modules\serve-static\index.js:120:7)
    at SendStream.emit (node:events:509:20)
    at SendStream.error (D:\photo\store_uiux_polished\v1\backend\node_modules\send\index.js:168:17)
    at SendStream.onStatError (D:\photo\store_uiux_polished\v1\backend\node_modules\send\index.js:315:12) 
09-09-2026 12:01:49 | ERROR | Error found | 404 | GET /files/1788430760414_Black_Denim_Jacket.jpg : Can't find /files/1788430760414_Black_Denim_Jacket.jpg on this server | user: guest 
Error: Can't find /files/1788430760414_Black_Denim_Jacket.jpg on this server
    at D:\photo\store_uiux_polished\v1\backend\server.js:110:8
    at Layer.handleRequest (D:\photo\store_uiux_polished\v1\backend\node_modules\router\lib\layer.js:152:17)
    at trimPrefix (D:\photo\store_uiux_polished\v1\backend\node_modules\router\index.js:342:13)
    at D:\photo\store_uiux_polished\v1\backend\node_modules\router\index.js:297:9
    at processParams (D:\photo\store_uiux_polished\v1\backend\node_modules\router\index.js:582:12)
    at next (D:\photo\store_uiux_polished\v1\backend\node_modules\router\index.js:291:5)
    at SendStream.error (D:\photo\store_uiux_polished\v1\backend\node_modules\serve-static\index.js:120:7)
    at SendStream.emit (node:events:509:20)
    at SendStream.error (D:\photo\store_uiux_polished\v1\backend\node_modules\send\index.js:168:17)
    at SendStream.onStatError (D:\photo\store_uiux_polished\v1\backend\node_modules\send\index.js:315:12) 
09-09-2026 12:01:49 | ERROR | Error found | 404 | GET /files/1788542750602_men-category.jpg : Can't find /files/1788542750602_men-category.jpg on this server | user: guest 
Error: Can't find /files/1788542750602_men-category.jpg on this server
    at D:\photo\store_uiux_polished\v1\backend\server.js:110:8
    at Layer.handleRequest (D:\photo\store_uiux_polished\v1\backend\node_modules\router\lib\layer.js:152:17)
    at trimPrefix (D:\photo\store_uiux_polished\v1\backend\node_modules\router\index.js:342:13)
    at D:\photo\store_uiux_polished\v1\backend\node_modules\router\index.js:297:9
    at processParams (D:\photo\store_uiux_polished\v1\backend\node_modules\router\index.js:582:12)
    at next (D:\photo\store_uiux_polished\v1\backend\node_modules\router\index.js:291:5)
    at SendStream.error (D:\photo\store_uiux_polished\v1\backend\node_modules\serve-static\index.js:120:7)
    at SendStream.emit (node:events:509:20)
    at SendStream.error (D:\photo\store_uiux_polished\v1\backend\node_modules\send\index.js:168:17)
    at SendStream.onStatError (D:\photo\store_uiux_polished\v1\backend\node_modules\send\index.js:315:12) 
09-09-2026 12:01:51 | ERROR | Error found | 404 | GET /files/1788430760414_Black_Denim_Jacket.jpg : Can't find /files/1788430760414_Black_Denim_Jacket.jpg on this server | user: guest 
Error: Can't find /files/1788430760414_Black_Denim_Jacket.jpg on this server
    at D:\photo\store_uiux_polished\v1\backend\server.js:110:8
    at Layer.handleRequest (D:\photo\store_uiux_polished\v1\backend\node_modules\router\lib\layer.js:152:17)
    at trimPrefix (D:\photo\store_uiux_polished\v1\backend\node_modules\router\index.js:342:13)
    at D:\photo\store_uiux_polished\v1\backend\node_modules\router\index.js:297:9
    at processParams (D:\photo\store_uiux_polished\v1\backend\node_modules\router\index.js:582:12)
    at next (D:\photo\store_uiux_polished\v1\backend\node_modules\router\index.js:291:5)
    at SendStream.error (D:\photo\store_uiux_polished\v1\backend\node_modules\serve-static\index.js:120:7)
    at SendStream.emit (node:events:509:20)
    at SendStream.error (D:\photo\store_uiux_polished\v1\backend\node_modules\send\index.js:168:17)
    at SendStream.onStatError (D:\photo\store_uiux_polished\v1\backend\node_modules\send\index.js:315:12) 
09-09-2026 12:02:39 | ERROR | Error found | 404 | GET /files/1788430760414_Black_Denim_Jacket.jpg : Can't find /files/1788430760414_Black_Denim_Jacket.jpg on this server | user: guest 
Error: Can't find /files/1788430760414_Black_Denim_Jacket.jpg on this server
    at D:\photo\store_uiux_polished\v1\backend\server.js:110:8
    at Layer.handleRequest (D:\photo\store_uiux_polished\v1\backend\node_modules\router\lib\layer.js:152:17)
    at trimPrefix (D:\photo\store_uiux_polished\v1\backend\node_modules\router\index.js:342:13)
    at D:\photo\store_uiux_polished\v1\backend\node_modules\router\index.js:297:9
    at processParams (D:\photo\store_uiux_polished\v1\backend\node_modules\router\index.js:582:12)
    at next (D:\photo\store_uiux_polished\v1\backend\node_modules\router\index.js:291:5)
    at SendStream.error (D:\photo\store_uiux_polished\v1\backend\node_modules\serve-static\index.js:120:7)
    at SendStream.emit (node:events:509:20)
    at SendStream.error (D:\photo\store_uiux_polished\v1\backend\node_modules\send\index.js:168:17)
    at SendStream.onStatError (D:\photo\store_uiux_polished\v1\backend\node_modules\send\index.js:315:12) 
09-09-2026 12:02:39 | ERROR | Error found | 404 | GET /files/1788542750602_men-category.jpg : Can't find /files/1788542750602_men-category.jpg on this server | user: guest 
Error: Can't find /files/1788542750602_men-category.jpg on this server
    at D:\photo\store_uiux_polished\v1\backend\server.js:110:8
    at Layer.handleRequest (D:\photo\store_uiux_polished\v1\backend\node_modules\router\lib\layer.js:152:17)
    at trimPrefix (D:\photo\store_uiux_polished\v1\backend\node_modules\router\index.js:342:13)
    at D:\photo\store_uiux_polished\v1\backend\node_modules\router\index.js:297:9
    at processParams (D:\photo\store_uiux_polished\v1\backend\node_modules\router\index.js:582:12)
    at next (D:\photo\store_uiux_polished\v1\backend\node_modules\router\index.js:291:5)
    at SendStream.error (D:\photo\store_uiux_polished\v1\backend\node_modules\serve-static\index.js:120:7)
    at SendStream.emit (node:events:509:20)
    at SendStream.error (D:\photo\store_uiux_polished\v1\backend\node_modules\send\index.js:168:17)
    at SendStream.onStatError (D:\photo\store_uiux_polished\v1\backend\node_modules\send\index.js:315:12) 
09-09-2026 12:03:41 | ERROR | Error found | 404 | GET /files/1788430760414_Black_Denim_Jacket.jpg : Can't find /files/1788430760414_Black_Denim_Jacket.jpg on this server | user: guest 
Error: Can't find /files/1788430760414_Black_Denim_Jacket.jpg on this server
    at D:\photo\store_uiux_polished\v1\backend\server.js:110:8
    at Layer.handleRequest (D:\photo\store_uiux_polished\v1\backend\node_modules\router\lib\layer.js:152:17)
    at trimPrefix (D:\photo\store_uiux_polished\v1\backend\node_modules\router\index.js:342:13)
    at D:\photo\store_uiux_polished\v1\backend\node_modules\router\index.js:297:9
    at processParams (D:\photo\store_uiux_polished\v1\backend\node_modules\router\index.js:582:12)
    at next (D:\photo\store_uiux_polished\v1\backend\node_modules\router\index.js:291:5)
    at SendStream.error (D:\photo\store_uiux_polished\v1\backend\node_modules\serve-static\index.js:120:7)
    at SendStream.emit (node:events:509:20)
    at SendStream.error (D:\photo\store_uiux_polished\v1\backend\node_modules\send\index.js:168:17)
    at SendStream.onStatError (D:\photo\store_uiux_polished\v1\backend\node_modules\send\index.js:315:12) 
09-09-2026 12:03:41 | ERROR | Error found | 404 | GET /files/1788542750602_men-category.jpg : Can't find /files/1788542750602_men-category.jpg on this server | user: guest 
Error: Can't find /files/1788542750602_men-category.jpg on this server
    at D:\photo\store_uiux_polished\v1\backend\server.js:110:8
    at Layer.handleRequest (D:\photo\store_uiux_polished\v1\backend\node_modules\router\lib\layer.js:152:17)
    at trimPrefix (D:\photo\store_uiux_polished\v1\backend\node_modules\router\index.js:342:13)
    at D:\photo\store_uiux_polished\v1\backend\node_modules\router\index.js:297:9
    at processParams (D:\photo\store_uiux_polished\v1\backend\node_modules\router\index.js:582:12)
    at next (D:\photo\store_uiux_polished\v1\backend\node_modules\router\index.js:291:5)
    at SendStream.error (D:\photo\store_uiux_polished\v1\backend\node_modules\serve-static\index.js:120:7)
    at SendStream.emit (node:events:509:20)
    at SendStream.error (D:\photo\store_uiux_polished\v1\backend\node_modules\send\index.js:168:17)
    at SendStream.onStatError (D:\photo\store_uiux_polished\v1\backend\node_modules\send\index.js:315:12) 
09-09-2026 12:03:47 | ERROR | Error found | 404 | GET /files/1788542750602_men-category.jpg : Can't find /files/1788542750602_men-category.jpg on this server | user: guest 
Error: Can't find /files/1788542750602_men-category.jpg on this server
    at D:\photo\store_uiux_polished\v1\backend\server.js:110:8
    at Layer.handleRequest (D:\photo\store_uiux_polished\v1\backend\node_modules\router\lib\layer.js:152:17)
    at trimPrefix (D:\photo\store_uiux_polished\v1\backend\node_modules\router\index.js:342:13)
    at D:\photo\store_uiux_polished\v1\backend\node_modules\router\index.js:297:9
    at processParams (D:\photo\store_uiux_polished\v1\backend\node_modules\router\index.js:582:12)
    at next (D:\photo\store_uiux_polished\v1\backend\node_modules\router\index.js:291:5)
    at SendStream.error (D:\photo\store_uiux_polished\v1\backend\node_modules\serve-static\index.js:120:7)
    at SendStream.emit (node:events:509:20)
    at SendStream.error (D:\photo\store_uiux_polished\v1\backend\node_modules\send\index.js:168:17)
    at SendStream.onStatError (D:\photo\store_uiux_polished\v1\backend\node_modules\send\index.js:315:12) 
09-09-2026 12:03:47 | ERROR | Error found | 404 | GET /files/1788430760414_Black_Denim_Jacket.jpg : Can't find /files/1788430760414_Black_Denim_Jacket.jpg on this server | user: guest 
Error: Can't find /files/1788430760414_Black_Denim_Jacket.jpg on this server
    at D:\photo\store_uiux_polished\v1\backend\server.js:110:8
    at Layer.handleRequest (D:\photo\store_uiux_polished\v1\backend\node_modules\router\lib\layer.js:152:17)
    at trimPrefix (D:\photo\store_uiux_polished\v1\backend\node_modules\router\index.js:342:13)
    at D:\photo\store_uiux_polished\v1\backend\node_modules\router\index.js:297:9
    at processParams (D:\photo\store_uiux_polished\v1\backend\node_modules\router\index.js:582:12)
    at next (D:\photo\store_uiux_polished\v1\backend\node_modules\router\index.js:291:5)
    at SendStream.error (D:\photo\store_uiux_polished\v1\backend\node_modules\serve-static\index.js:120:7)
    at SendStream.emit (node:events:509:20)
    at SendStream.error (D:\photo\store_uiux_polished\v1\backend\node_modules\send\index.js:168:17)
    at SendStream.onStatError (D:\photo\store_uiux_polished\v1\backend\node_modules\send\index.js:315:12) 
09-09-2026 12:04:24 | ERROR | Error found | 404 | GET /files/1788430760414_Black_Denim_Jacket.jpg : Can't find /files/1788430760414_Black_Denim_Jacket.jpg on this server | user: guest 
Error: Can't find /files/1788430760414_Black_Denim_Jacket.jpg on this server
    at D:\photo\store_uiux_polished\v1\backend\server.js:110:8
    at Layer.handleRequest (D:\photo\store_uiux_polished\v1\backend\node_modules\router\lib\layer.js:152:17)
    at trimPrefix (D:\photo\store_uiux_polished\v1\backend\node_modules\router\index.js:342:13)
    at D:\photo\store_uiux_polished\v1\backend\node_modules\router\index.js:297:9
    at processParams (D:\photo\store_uiux_polished\v1\backend\node_modules\router\index.js:582:12)
    at next (D:\photo\store_uiux_polished\v1\backend\node_modules\router\index.js:291:5)
    at SendStream.error (D:\photo\store_uiux_polished\v1\backend\node_modules\serve-static\index.js:120:7)
    at SendStream.emit (node:events:509:20)
    at SendStream.error (D:\photo\store_uiux_polished\v1\backend\node_modules\send\index.js:168:17)
    at SendStream.onStatError (D:\photo\store_uiux_polished\v1\backend\node_modules\send\index.js:315:12) 
09-09-2026 12:04:24 | ERROR | Error found | 404 | GET /files/1788542750602_men-category.jpg : Can't find /files/1788542750602_men-category.jpg on this server | user: guest 
Error: Can't find /files/1788542750602_men-category.jpg on this server
    at D:\photo\store_uiux_polished\v1\backend\server.js:110:8
    at Layer.handleRequest (D:\photo\store_uiux_polished\v1\backend\node_modules\router\lib\layer.js:152:17)
    at trimPrefix (D:\photo\store_uiux_polished\v1\backend\node_modules\router\index.js:342:13)
    at D:\photo\store_uiux_polished\v1\backend\node_modules\router\index.js:297:9
    at processParams (D:\photo\store_uiux_polished\v1\backend\node_modules\router\index.js:582:12)
    at next (D:\photo\store_uiux_polished\v1\backend\node_modules\router\index.js:291:5)
    at SendStream.error (D:\photo\store_uiux_polished\v1\backend\node_modules\serve-static\index.js:120:7)
    at SendStream.emit (node:events:509:20)
    at SendStream.error (D:\photo\store_uiux_polished\v1\backend\node_modules\send\index.js:168:17)
    at SendStream.onStatError (D:\photo\store_uiux_polished\v1\backend\node_modules\send\index.js:315:12) 
09-09-2026 12:04:24 | ERROR | Error found | 404 | GET /files/1788430760414_Black_Denim_Jacket.jpg : Can't find /files/1788430760414_Black_Denim_Jacket.jpg on this server | user: guest 
Error: Can't find /files/1788430760414_Black_Denim_Jacket.jpg on this server
    at D:\photo\store_uiux_polished\v1\backend\server.js:110:8
    at Layer.handleRequest (D:\photo\store_uiux_polished\v1\backend\node_modules\router\lib\layer.js:152:17)
    at trimPrefix (D:\photo\store_uiux_polished\v1\backend\node_modules\router\index.js:342:13)
    at D:\photo\store_uiux_polished\v1\backend\node_modules\router\index.js:297:9
    at processParams (D:\photo\store_uiux_polished\v1\backend\node_modules\router\index.js:582:12)
    at next (D:\photo\store_uiux_polished\v1\backend\node_modules\router\index.js:291:5)
    at SendStream.error (D:\photo\store_uiux_polished\v1\backend\node_modules\serve-static\index.js:120:7)
    at SendStream.emit (node:events:509:20)
    at SendStream.error (D:\photo\store_uiux_polished\v1\backend\node_modules\send\index.js:168:17)
    at SendStream.onStatError (D:\photo\store_uiux_polished\v1\backend\node_modules\send\index.js:315:12) 
09-09-2026 12:04:25 | ERROR | Error found | 404 | GET /files/1788430760414_Black_Denim_Jacket.jpg : Can't find /files/1788430760414_Black_Denim_Jacket.jpg on this server | user: guest 
Error: Can't find /files/1788430760414_Black_Denim_Jacket.jpg on this server
    at D:\photo\store_uiux_polished\v1\backend\server.js:110:8
    at Layer.handleRequest (D:\photo\store_uiux_polished\v1\backend\node_modules\router\lib\layer.js:152:17)
    at trimPrefix (D:\photo\store_uiux_polished\v1\backend\node_modules\router\index.js:342:13)
    at D:\photo\store_uiux_polished\v1\backend\node_modules\router\index.js:297:9
    at processParams (D:\photo\store_uiux_polished\v1\backend\node_modules\router\index.js:582:12)
    at next (D:\photo\store_uiux_polished\v1\backend\node_modules\router\index.js:291:5)
    at SendStream.error (D:\photo\store_uiux_polished\v1\backend\node_modules\serve-static\index.js:120:7)
    at SendStream.emit (node:events:509:20)
    at SendStream.error (D:\photo\store_uiux_polished\v1\backend\node_modules\send\index.js:168:17)
    at SendStream.onStatError (D:\photo\store_uiux_polished\v1\backend\node_modules\send\index.js:315:12) 
09-09-2026 12:04:25 | ERROR | Error found | 404 | GET /files/1788542750602_men-category.jpg : Can't find /files/1788542750602_men-category.jpg on this server | user: guest 
Error: Can't find /files/1788542750602_men-category.jpg on this server
    at D:\photo\store_uiux_polished\v1\backend\server.js:110:8
    at Layer.handleRequest (D:\photo\store_uiux_polished\v1\backend\node_modules\router\lib\layer.js:152:17)
    at trimPrefix (D:\photo\store_uiux_polished\v1\backend\node_modules\router\index.js:342:13)
    at D:\photo\store_uiux_polished\v1\backend\node_modules\router\index.js:297:9
    at processParams (D:\photo\store_uiux_polished\v1\backend\node_modules\router\index.js:582:12)
    at next (D:\photo\store_uiux_polished\v1\backend\node_modules\router\index.js:291:5)
    at SendStream.error (D:\photo\store_uiux_polished\v1\backend\node_modules\serve-static\index.js:120:7)
    at SendStream.emit (node:events:509:20)
    at SendStream.error (D:\photo\store_uiux_polished\v1\backend\node_modules\send\index.js:168:17)
    at SendStream.onStatError (D:\photo\store_uiux_polished\v1\backend\node_modules\send\index.js:315:12) 
09-09-2026 12:04:48 | ERROR | Error found | 404 | GET /files/1788430760414_Black_Denim_Jacket.jpg : Can't find /files/1788430760414_Black_Denim_Jacket.jpg on this server | user: guest 
Error: Can't find /files/1788430760414_Black_Denim_Jacket.jpg on this server
    at D:\photo\store_uiux_polished\v1\backend\server.js:110:8
    at Layer.handleRequest (D:\photo\store_uiux_polished\v1\backend\node_modules\router\lib\layer.js:152:17)
    at trimPrefix (D:\photo\store_uiux_polished\v1\backend\node_modules\router\index.js:342:13)
    at D:\photo\store_uiux_polished\v1\backend\node_modules\router\index.js:297:9
    at processParams (D:\photo\store_uiux_polished\v1\backend\node_modules\router\index.js:582:12)
    at next (D:\photo\store_uiux_polished\v1\backend\node_modules\router\index.js:291:5)
    at SendStream.error (D:\photo\store_uiux_polished\v1\backend\node_modules\serve-static\index.js:120:7)
    at SendStream.emit (node:events:509:20)
    at SendStream.error (D:\photo\store_uiux_polished\v1\backend\node_modules\send\index.js:168:17)
    at SendStream.onStatError (D:\photo\store_uiux_polished\v1\backend\node_modules\send\index.js:315:12) 
09-09-2026 12:04:48 | ERROR | Error found | 404 | GET /files/1788542750602_men-category.jpg : Can't find /files/1788542750602_men-category.jpg on this server | user: guest 
Error: Can't find /files/1788542750602_men-category.jpg on this server
    at D:\photo\store_uiux_polished\v1\backend\server.js:110:8
    at Layer.handleRequest (D:\photo\store_uiux_polished\v1\backend\node_modules\router\lib\layer.js:152:17)
    at trimPrefix (D:\photo\store_uiux_polished\v1\backend\node_modules\router\index.js:342:13)
    at D:\photo\store_uiux_polished\v1\backend\node_modules\router\index.js:297:9
    at processParams (D:\photo\store_uiux_polished\v1\backend\node_modules\router\index.js:582:12)
    at next (D:\photo\store_uiux_polished\v1\backend\node_modules\router\index.js:291:5)
    at SendStream.error (D:\photo\store_uiux_polished\v1\backend\node_modules\serve-static\index.js:120:7)
    at SendStream.emit (node:events:509:20)
    at SendStream.error (D:\photo\store_uiux_polished\v1\backend\node_modules\send\index.js:168:17)
    at SendStream.onStatError (D:\photo\store_uiux_polished\v1\backend\node_modules\send\index.js:315:12) 
09-09-2026 12:05:06 | ERROR | Error found | 404 | GET /files/1788430760414_Black_Denim_Jacket.jpg : Can't find /files/1788430760414_Black_Denim_Jacket.jpg on this server | user: guest 
Error: Can't find /files/1788430760414_Black_Denim_Jacket.jpg on this server
    at D:\photo\store_uiux_polished\v1\backend\server.js:110:8
    at Layer.handleRequest (D:\photo\store_uiux_polished\v1\backend\node_modules\router\lib\layer.js:152:17)
    at trimPrefix (D:\photo\store_uiux_polished\v1\backend\node_modules\router\index.js:342:13)
    at D:\photo\store_uiux_polished\v1\backend\node_modules\router\index.js:297:9
    at processParams (D:\photo\store_uiux_polished\v1\backend\node_modules\router\index.js:582:12)
    at next (D:\photo\store_uiux_polished\v1\backend\node_modules\router\index.js:291:5)
    at SendStream.error (D:\photo\store_uiux_polished\v1\backend\node_modules\serve-static\index.js:120:7)
    at SendStream.emit (node:events:509:20)
    at SendStream.error (D:\photo\store_uiux_polished\v1\backend\node_modules\send\index.js:168:17)
    at SendStream.onStatError (D:\photo\store_uiux_polished\v1\backend\node_modules\send\index.js:315:12) 
09-09-2026 12:05:06 | ERROR | Error found | 404 | GET /files/1788542750602_men-category.jpg : Can't find /files/1788542750602_men-category.jpg on this server | user: guest 
Error: Can't find /files/1788542750602_men-category.jpg on this server
    at D:\photo\store_uiux_polished\v1\backend\server.js:110:8
    at Layer.handleRequest (D:\photo\store_uiux_polished\v1\backend\node_modules\router\lib\layer.js:152:17)
    at trimPrefix (D:\photo\store_uiux_polished\v1\backend\node_modules\router\index.js:342:13)
    at D:\photo\store_uiux_polished\v1\backend\node_modules\router\index.js:297:9
    at processParams (D:\photo\store_uiux_polished\v1\backend\node_modules\router\index.js:582:12)
    at next (D:\photo\store_uiux_polished\v1\backend\node_modules\router\index.js:291:5)
    at SendStream.error (D:\photo\store_uiux_polished\v1\backend\node_modules\serve-static\index.js:120:7)
    at SendStream.emit (node:events:509:20)
    at SendStream.error (D:\photo\store_uiux_polished\v1\backend\node_modules\send\index.js:168:17)
    at SendStream.onStatError (D:\photo\store_uiux_polished\v1\backend\node_modules\send\index.js:315:12) 
09-09-2026 12:05:07 | ERROR | Error found | 404 | GET /files/1788430760414_Black_Denim_Jacket.jpg : Can't find /files/1788430760414_Black_Denim_Jacket.jpg on this server | user: guest 
Error: Can't find /files/1788430760414_Black_Denim_Jacket.jpg on this server
    at D:\photo\store_uiux_polished\v1\backend\server.js:110:8
    at Layer.handleRequest (D:\photo\store_uiux_polished\v1\backend\node_modules\router\lib\layer.js:152:17)
    at trimPrefix (D:\photo\store_uiux_polished\v1\backend\node_modules\router\index.js:342:13)
    at D:\photo\store_uiux_polished\v1\backend\node_modules\router\index.js:297:9
    at processParams (D:\photo\store_uiux_polished\v1\backend\node_modules\router\index.js:582:12)
    at next (D:\photo\store_uiux_polished\v1\backend\node_modules\router\index.js:291:5)
    at SendStream.error (D:\photo\store_uiux_polished\v1\backend\node_modules\serve-static\index.js:120:7)
    at SendStream.emit (node:events:509:20)
    at SendStream.error (D:\photo\store_uiux_polished\v1\backend\node_modules\send\index.js:168:17)
    at SendStream.onStatError (D:\photo\store_uiux_polished\v1\backend\node_modules\send\index.js:315:12) 
09-09-2026 12:05:07 | ERROR | Error found | 404 | GET /files/1788430760414_Black_Denim_Jacket.jpg : Can't find /files/1788430760414_Black_Denim_Jacket.jpg on this server | user: guest 
Error: Can't find /files/1788430760414_Black_Denim_Jacket.jpg on this server
    at D:\photo\store_uiux_polished\v1\backend\server.js:110:8
    at Layer.handleRequest (D:\photo\store_uiux_polished\v1\backend\node_modules\router\lib\layer.js:152:17)
    at trimPrefix (D:\photo\store_uiux_polished\v1\backend\node_modules\router\index.js:342:13)
    at D:\photo\store_uiux_polished\v1\backend\node_modules\router\index.js:297:9
    at processParams (D:\photo\store_uiux_polished\v1\backend\node_modules\router\index.js:582:12)
    at next (D:\photo\store_uiux_polished\v1\backend\node_modules\router\index.js:291:5)
    at SendStream.error (D:\photo\store_uiux_polished\v1\backend\node_modules\serve-static\index.js:120:7)
    at SendStream.emit (node:events:509:20)
    at SendStream.error (D:\photo\store_uiux_polished\v1\backend\node_modules\send\index.js:168:17)
    at SendStream.onStatError (D:\photo\store_uiux_polished\v1\backend\node_modules\send\index.js:315:12) 
09-09-2026 12:05:45 | ERROR | Error found | 404 | GET /files/1788542750602_men-category.jpg : Can't find /files/1788542750602_men-category.jpg on this server | user: guest 
Error: Can't find /files/1788542750602_men-category.jpg on this server
    at D:\photo\store_uiux_polished\v1\backend\server.js:110:8
    at Layer.handleRequest (D:\photo\store_uiux_polished\v1\backend\node_modules\router\lib\layer.js:152:17)
    at trimPrefix (D:\photo\store_uiux_polished\v1\backend\node_modules\router\index.js:342:13)
    at D:\photo\store_uiux_polished\v1\backend\node_modules\router\index.js:297:9
    at processParams (D:\photo\store_uiux_polished\v1\backend\node_modules\router\index.js:582:12)
    at next (D:\photo\store_uiux_polished\v1\backend\node_modules\router\index.js:291:5)
    at SendStream.error (D:\photo\store_uiux_polished\v1\backend\node_modules\serve-static\index.js:120:7)
    at SendStream.emit (node:events:509:20)
    at SendStream.error (D:\photo\store_uiux_polished\v1\backend\node_modules\send\index.js:168:17)
    at SendStream.onStatError (D:\photo\store_uiux_polished\v1\backend\node_modules\send\index.js:315:12) 
09-09-2026 12:05:45 | ERROR | Error found | 404 | GET /files/1788542750602_men-category.jpg : Can't find /files/1788542750602_men-category.jpg on this server | user: guest 
Error: Can't find /files/1788542750602_men-category.jpg on this server
    at D:\photo\store_uiux_polished\v1\backend\server.js:110:8
    at Layer.handleRequest (D:\photo\store_uiux_polished\v1\backend\node_modules\router\lib\layer.js:152:17)
    at trimPrefix (D:\photo\store_uiux_polished\v1\backend\node_modules\router\index.js:342:13)
    at D:\photo\store_uiux_polished\v1\backend\node_modules\router\index.js:297:9
    at processParams (D:\photo\store_uiux_polished\v1\backend\node_modules\router\index.js:582:12)
    at next (D:\photo\store_uiux_polished\v1\backend\node_modules\router\index.js:291:5)
    at SendStream.error (D:\photo\store_uiux_polished\v1\backend\node_modules\serve-static\index.js:120:7)
    at SendStream.emit (node:events:509:20)
    at SendStream.error (D:\photo\store_uiux_polished\v1\backend\node_modules\send\index.js:168:17)
    at SendStream.onStatError (D:\photo\store_uiux_polished\v1\backend\node_modules\send\index.js:315:12) 
09-09-2026 12:05:54 | ERROR | Error found | 404 | GET /files/1788430760414_Black_Denim_Jacket.jpg : Can't find /files/1788430760414_Black_Denim_Jacket.jpg on this server | user: guest 
Error: Can't find /files/1788430760414_Black_Denim_Jacket.jpg on this server
    at D:\photo\store_uiux_polished\v1\backend\server.js:110:8
    at Layer.handleRequest (D:\photo\store_uiux_polished\v1\backend\node_modules\router\lib\layer.js:152:17)
    at trimPrefix (D:\photo\store_uiux_polished\v1\backend\node_modules\router\index.js:342:13)
    at D:\photo\store_uiux_polished\v1\backend\node_modules\router\index.js:297:9
    at processParams (D:\photo\store_uiux_polished\v1\backend\node_modules\router\index.js:582:12)
    at next (D:\photo\store_uiux_polished\v1\backend\node_modules\router\index.js:291:5)
    at SendStream.error (D:\photo\store_uiux_polished\v1\backend\node_modules\serve-static\index.js:120:7)
    at SendStream.emit (node:events:509:20)
    at SendStream.error (D:\photo\store_uiux_polished\v1\backend\node_modules\send\index.js:168:17)
    at SendStream.onStatError (D:\photo\store_uiux_polished\v1\backend\node_modules\send\index.js:315:12) 
09-09-2026 12:06:18 | ERROR | Error found | 404 | GET /files/1788542750602_men-category.jpg : Can't find /files/1788542750602_men-category.jpg on this server | user: guest 
Error: Can't find /files/1788542750602_men-category.jpg on this server
    at D:\photo\store_uiux_polished\v1\backend\server.js:110:8
    at Layer.handleRequest (D:\photo\store_uiux_polished\v1\backend\node_modules\router\lib\layer.js:152:17)
    at trimPrefix (D:\photo\store_uiux_polished\v1\backend\node_modules\router\index.js:342:13)
    at D:\photo\store_uiux_polished\v1\backend\node_modules\router\index.js:297:9
    at processParams (D:\photo\store_uiux_polished\v1\backend\node_modules\router\index.js:582:12)
    at next (D:\photo\store_uiux_polished\v1\backend\node_modules\router\index.js:291:5)
    at SendStream.error (D:\photo\store_uiux_polished\v1\backend\node_modules\serve-static\index.js:120:7)
    at SendStream.emit (node:events:509:20)
    at SendStream.error (D:\photo\store_uiux_polished\v1\backend\node_modules\send\index.js:168:17)
    at SendStream.onStatError (D:\photo\store_uiux_polished\v1\backend\node_modules\send\index.js:315:12) 
09-09-2026 12:06:24 | ERROR | Error found | 404 | GET /files/1788542750602_men-category.jpg : Can't find /files/1788542750602_men-category.jpg on this server | user: guest 
Error: Can't find /files/1788542750602_men-category.jpg on this server
    at D:\photo\store_uiux_polished\v1\backend\server.js:110:8
    at Layer.handleRequest (D:\photo\store_uiux_polished\v1\backend\node_modules\router\lib\layer.js:152:17)
    at trimPrefix (D:\photo\store_uiux_polished\v1\backend\node_modules\router\index.js:342:13)
    at D:\photo\store_uiux_polished\v1\backend\node_modules\router\index.js:297:9
    at processParams (D:\photo\store_uiux_polished\v1\backend\node_modules\router\index.js:582:12)
    at next (D:\photo\store_uiux_polished\v1\backend\node_modules\router\index.js:291:5)
    at SendStream.error (D:\photo\store_uiux_polished\v1\backend\node_modules\serve-static\index.js:120:7)
    at SendStream.emit (node:events:509:20)
    at SendStream.error (D:\photo\store_uiux_polished\v1\backend\node_modules\send\index.js:168:17)
    at SendStream.onStatError (D:\photo\store_uiux_polished\v1\backend\node_modules\send\index.js:315:12) 
09-09-2026 12:06:24 | ERROR | Error found | 404 | GET /files/1788542750602_men-category.jpg : Can't find /files/1788542750602_men-category.jpg on this server | user: guest 
Error: Can't find /files/1788542750602_men-category.jpg on this server
    at D:\photo\store_uiux_polished\v1\backend\server.js:110:8
    at Layer.handleRequest (D:\photo\store_uiux_polished\v1\backend\node_modules\router\lib\layer.js:152:17)
    at trimPrefix (D:\photo\store_uiux_polished\v1\backend\node_modules\router\index.js:342:13)
    at D:\photo\store_uiux_polished\v1\backend\node_modules\router\index.js:297:9
    at processParams (D:\photo\store_uiux_polished\v1\backend\node_modules\router\index.js:582:12)
    at next (D:\photo\store_uiux_polished\v1\backend\node_modules\router\index.js:291:5)
    at SendStream.error (D:\photo\store_uiux_polished\v1\backend\node_modules\serve-static\index.js:120:7)
    at SendStream.emit (node:events:509:20)
    at SendStream.error (D:\photo\store_uiux_polished\v1\backend\node_modules\send\index.js:168:17)
    at SendStream.onStatError (D:\photo\store_uiux_polished\v1\backend\node_modules\send\index.js:315:12) 
09-09-2026 12:09:13 | ERROR | Error found | 404 | GET /files/1788542750602_men-category.jpg : Can't find /files/1788542750602_men-category.jpg on this server | user: guest 
Error: Can't find /files/1788542750602_men-category.jpg on this server
    at D:\photo\store_uiux_polished\v1\backend\server.js:110:8
    at Layer.handleRequest (D:\photo\store_uiux_polished\v1\backend\node_modules\router\lib\layer.js:152:17)
    at trimPrefix (D:\photo\store_uiux_polished\v1\backend\node_modules\router\index.js:342:13)
    at D:\photo\store_uiux_polished\v1\backend\node_modules\router\index.js:297:9
    at processParams (D:\photo\store_uiux_polished\v1\backend\node_modules\router\index.js:582:12)
    at next (D:\photo\store_uiux_polished\v1\backend\node_modules\router\index.js:291:5)
    at SendStream.error (D:\photo\store_uiux_polished\v1\backend\node_modules\serve-static\index.js:120:7)
    at SendStream.emit (node:events:509:20)
    at SendStream.error (D:\photo\store_uiux_polished\v1\backend\node_modules\send\index.js:168:17)
    at SendStream.onStatError (D:\photo\store_uiux_polished\v1\backend\node_modules\send\index.js:315:12) 
09-09-2026 12:20:47 | ERROR | Error found | 404 | GET /files/1788542750602_men-category.jpg : Can't find /files/1788542750602_men-category.jpg on this server | user: guest 
Error: Can't find /files/1788542750602_men-category.jpg on this server
    at D:\photo\store_uiux_polished\v1\backend\server.js:110:8
    at Layer.handleRequest (D:\photo\store_uiux_polished\v1\backend\node_modules\router\lib\layer.js:152:17)
    at trimPrefix (D:\photo\store_uiux_polished\v1\backend\node_modules\router\index.js:342:13)
    at D:\photo\store_uiux_polished\v1\backend\node_modules\router\index.js:297:9
    at processParams (D:\photo\store_uiux_polished\v1\backend\node_modules\router\index.js:582:12)
    at next (D:\photo\store_uiux_polished\v1\backend\node_modules\router\index.js:291:5)
    at SendStream.error (D:\photo\store_uiux_polished\v1\backend\node_modules\serve-static\index.js:120:7)
    at SendStream.emit (node:events:509:20)
    at SendStream.error (D:\photo\store_uiux_polished\v1\backend\node_modules\send\index.js:168:17)
    at SendStream.onStatError (D:\photo\store_uiux_polished\v1\backend\node_modules\send\index.js:315:12) 
09-09-2026 12:33:11 | ERROR | Error found | 404 | GET /files/1788542750602_men-category.jpg : Can't find /files/1788542750602_men-category.jpg on this server | user: guest 
Error: Can't find /files/1788542750602_men-category.jpg on this server
    at D:\photo\store_uiux_polished\v1\backend\server.js:110:8
    at Layer.handleRequest (D:\photo\store_uiux_polished\v1\backend\node_modules\router\lib\layer.js:152:17)
    at trimPrefix (D:\photo\store_uiux_polished\v1\backend\node_modules\router\index.js:342:13)
    at D:\photo\store_uiux_polished\v1\backend\node_modules\router\index.js:297:9
    at processParams (D:\photo\store_uiux_polished\v1\backend\node_modules\router\index.js:582:12)
    at next (D:\photo\store_uiux_polished\v1\backend\node_modules\router\index.js:291:5)
    at SendStream.error (D:\photo\store_uiux_polished\v1\backend\node_modules\serve-static\index.js:120:7)
    at SendStream.emit (node:events:509:20)
    at SendStream.error (D:\photo\store_uiux_polished\v1\backend\node_modules\send\index.js:168:17)
    at SendStream.onStatError (D:\photo\store_uiux_polished\v1\backend\node_modules\send\index.js:315:12) 
09-09-2026 12:36:40 | ERROR | Error found | 404 | GET /files/1788542750602_men-category.jpg : Can't find /files/1788542750602_men-category.jpg on this server | user: guest 
Error: Can't find /files/1788542750602_men-category.jpg on this server
    at D:\photo\store_uiux_polished\v1\backend\server.js:110:8
    at Layer.handleRequest (D:\photo\store_uiux_polished\v1\backend\node_modules\router\lib\layer.js:152:17)
    at trimPrefix (D:\photo\store_uiux_polished\v1\backend\node_modules\router\index.js:342:13)
    at D:\photo\store_uiux_polished\v1\backend\node_modules\router\index.js:297:9
    at processParams (D:\photo\store_uiux_polished\v1\backend\node_modules\router\index.js:582:12)
    at next (D:\photo\store_uiux_polished\v1\backend\node_modules\router\index.js:291:5)
    at SendStream.error (D:\photo\store_uiux_polished\v1\backend\node_modules\serve-static\index.js:120:7)
    at SendStream.emit (node:events:509:20)
    at SendStream.error (D:\photo\store_uiux_polished\v1\backend\node_modules\send\index.js:168:17)
    at SendStream.onStatError (D:\photo\store_uiux_polished\v1\backend\node_modules\send\index.js:315:12) 
09-09-2026 12:38:43 | ERROR | Error found | 404 | GET /files/1788542750602_men-category.jpg : Can't find /files/1788542750602_men-category.jpg on this server | user: guest 
Error: Can't find /files/1788542750602_men-category.jpg on this server
    at D:\photo\store_uiux_polished\v1\backend\server.js:110:8
    at Layer.handleRequest (D:\photo\store_uiux_polished\v1\backend\node_modules\router\lib\layer.js:152:17)
    at trimPrefix (D:\photo\store_uiux_polished\v1\backend\node_modules\router\index.js:342:13)
    at D:\photo\store_uiux_polished\v1\backend\node_modules\router\index.js:297:9
    at processParams (D:\photo\store_uiux_polished\v1\backend\node_modules\router\index.js:582:12)
    at next (D:\photo\store_uiux_polished\v1\backend\node_modules\router\index.js:291:5)
    at SendStream.error (D:\photo\store_uiux_polished\v1\backend\node_modules\serve-static\index.js:120:7)
    at SendStream.emit (node:events:509:20)
    at SendStream.error (D:\photo\store_uiux_polished\v1\backend\node_modules\send\index.js:168:17)
    at SendStream.onStatError (D:\photo\store_uiux_polished\v1\backend\node_modules\send\index.js:315:12) 
09-09-2026 12:40:22 | ERROR | Error found | 404 | GET /files/1788542750602_men-category.jpg : Can't find /files/1788542750602_men-category.jpg on this server | user: guest 
Error: Can't find /files/1788542750602_men-category.jpg on this server
    at D:\photo\store_uiux_polished\v1\backend\server.js:110:8
    at Layer.handleRequest (D:\photo\store_uiux_polished\v1\backend\node_modules\router\lib\layer.js:152:17)
    at trimPrefix (D:\photo\store_uiux_polished\v1\backend\node_modules\router\index.js:342:13)
    at D:\photo\store_uiux_polished\v1\backend\node_modules\router\index.js:297:9
    at processParams (D:\photo\store_uiux_polished\v1\backend\node_modules\router\index.js:582:12)
    at next (D:\photo\store_uiux_polished\v1\backend\node_modules\router\index.js:291:5)
    at SendStream.error (D:\photo\store_uiux_polished\v1\backend\node_modules\serve-static\index.js:120:7)
    at SendStream.emit (node:events:509:20)
    at SendStream.error (D:\photo\store_uiux_polished\v1\backend\node_modules\send\index.js:168:17)
    at SendStream.onStatError (D:\photo\store_uiux_polished\v1\backend\node_modules\send\index.js:315:12) 
09-09-2026 12:43:16 | ERROR | Error found | 404 | GET /files/1788542750602_men-category.jpg : Can't find /files/1788542750602_men-category.jpg on this server | user: guest 
Error: Can't find /files/1788542750602_men-category.jpg on this server
    at D:\photo\store_uiux_polished\v1\backend\server.js:110:8
    at Layer.handleRequest (D:\photo\store_uiux_polished\v1\backend\node_modules\router\lib\layer.js:152:17)
    at trimPrefix (D:\photo\store_uiux_polished\v1\backend\node_modules\router\index.js:342:13)
    at D:\photo\store_uiux_polished\v1\backend\node_modules\router\index.js:297:9
    at processParams (D:\photo\store_uiux_polished\v1\backend\node_modules\router\index.js:582:12)
    at next (D:\photo\store_uiux_polished\v1\backend\node_modules\router\index.js:291:5)
    at SendStream.error (D:\photo\store_uiux_polished\v1\backend\node_modules\serve-static\index.js:120:7)
    at SendStream.emit (node:events:509:20)
    at SendStream.error (D:\photo\store_uiux_polished\v1\backend\node_modules\send\index.js:168:17)
    at SendStream.onStatError (D:\photo\store_uiux_polished\v1\backend\node_modules\send\index.js:315:12) 
09-09-2026 13:32:43 | ERROR | Error found | 404 | GET /files/1788542750602_men-category.jpg : Can't find /files/1788542750602_men-category.jpg on this server | user: guest 
Error: Can't find /files/1788542750602_men-category.jpg on this server
    at D:\photo\store_uiux_polished\v1\backend\server.js:110:8
    at Layer.handleRequest (D:\photo\store_uiux_polished\v1\backend\node_modules\router\lib\layer.js:152:17)
    at trimPrefix (D:\photo\store_uiux_polished\v1\backend\node_modules\router\index.js:342:13)
    at D:\photo\store_uiux_polished\v1\backend\node_modules\router\index.js:297:9
    at processParams (D:\photo\store_uiux_polished\v1\backend\node_modules\router\index.js:582:12)
    at next (D:\photo\store_uiux_polished\v1\backend\node_modules\router\index.js:291:5)
    at SendStream.error (D:\photo\store_uiux_polished\v1\backend\node_modules\serve-static\index.js:120:7)
    at SendStream.emit (node:events:509:20)
    at SendStream.error (D:\photo\store_uiux_polished\v1\backend\node_modules\send\index.js:168:17)
    at SendStream.onStatError (D:\photo\store_uiux_polished\v1\backend\node_modules\send\index.js:315:12) 
09-09-2026 16:39:47 | ERROR | Error found | 403 | POST /api/v1/auth/login : Invalid email or password | user: guest 
Error: Invalid email or password
    at D:\photo\v1.2\v1\backend\controllers\auth.controller.js:104:17 
09-09-2026 16:39:59 | ERROR | Error found | 404 | GET /files/1788542750602_men-category.jpg : Can't find /files/1788542750602_men-category.jpg on this server | user: guest 
Error: Can't find /files/1788542750602_men-category.jpg on this server
    at D:\photo\v1.2\v1\backend\server.js:110:8
    at Layer.handleRequest (D:\photo\v1.2\v1\backend\node_modules\router\lib\layer.js:152:17)
    at trimPrefix (D:\photo\v1.2\v1\backend\node_modules\router\index.js:342:13)
    at D:\photo\v1.2\v1\backend\node_modules\router\index.js:297:9
    at processParams (D:\photo\v1.2\v1\backend\node_modules\router\index.js:582:12)
    at next (D:\photo\v1.2\v1\backend\node_modules\router\index.js:291:5)
    at SendStream.error (D:\photo\v1.2\v1\backend\node_modules\serve-static\index.js:120:7)
    at SendStream.emit (node:events:509:20)
    at SendStream.error (D:\photo\v1.2\v1\backend\node_modules\send\index.js:168:17)
    at SendStream.onStatError (D:\photo\v1.2\v1\backend\node_modules\send\index.js:315:12) 
09-09-2026 16:40:10 | ERROR | Error found | 404 | GET /files/1788542750602_men-category.jpg : Can't find /files/1788542750602_men-category.jpg on this server | user: guest 
Error: Can't find /files/1788542750602_men-category.jpg on this server
    at D:\photo\v1.2\v1\backend\server.js:110:8
    at Layer.handleRequest (D:\photo\v1.2\v1\backend\node_modules\router\lib\layer.js:152:17)
    at trimPrefix (D:\photo\v1.2\v1\backend\node_modules\router\index.js:342:13)
    at D:\photo\v1.2\v1\backend\node_modules\router\index.js:297:9
    at processParams (D:\photo\v1.2\v1\backend\node_modules\router\index.js:582:12)
    at next (D:\photo\v1.2\v1\backend\node_modules\router\index.js:291:5)
    at SendStream.error (D:\photo\v1.2\v1\backend\node_modules\serve-static\index.js:120:7)
    at SendStream.emit (node:events:509:20)
    at SendStream.error (D:\photo\v1.2\v1\backend\node_modules\send\index.js:168:17)
    at SendStream.onStatError (D:\photo\v1.2\v1\backend\node_modules\send\index.js:315:12) 
09-09-2026 16:40:56 | ERROR | Error found | 404 | GET /files/1788542750602_men-category.jpg : Can't find /files/1788542750602_men-category.jpg on this server | user: guest 
Error: Can't find /files/1788542750602_men-category.jpg on this server
    at D:\photo\v1.2\v1\backend\server.js:110:8
    at Layer.handleRequest (D:\photo\v1.2\v1\backend\node_modules\router\lib\layer.js:152:17)
    at trimPrefix (D:\photo\v1.2\v1\backend\node_modules\router\index.js:342:13)
    at D:\photo\v1.2\v1\backend\node_modules\router\index.js:297:9
    at processParams (D:\photo\v1.2\v1\backend\node_modules\router\index.js:582:12)
    at next (D:\photo\v1.2\v1\backend\node_modules\router\index.js:291:5)
    at SendStream.error (D:\photo\v1.2\v1\backend\node_modules\serve-static\index.js:120:7)
    at SendStream.emit (node:events:509:20)
    at SendStream.error (D:\photo\v1.2\v1\backend\node_modules\send\index.js:168:17)
    at SendStream.onStatError (D:\photo\v1.2\v1\backend\node_modules\send\index.js:315:12) 
09-09-2026 16:41:33 | ERROR | Error found | 404 | GET /files/1788542750602_men-category.jpg : Can't find /files/1788542750602_men-category.jpg on this server | user: guest 
Error: Can't find /files/1788542750602_men-category.jpg on this server
    at D:\photo\v1.2\v1\backend\server.js:110:8
    at Layer.handleRequest (D:\photo\v1.2\v1\backend\node_modules\router\lib\layer.js:152:17)
    at trimPrefix (D:\photo\v1.2\v1\backend\node_modules\router\index.js:342:13)
    at D:\photo\v1.2\v1\backend\node_modules\router\index.js:297:9
    at processParams (D:\photo\v1.2\v1\backend\node_modules\router\index.js:582:12)
    at next (D:\photo\v1.2\v1\backend\node_modules\router\index.js:291:5)
    at SendStream.error (D:\photo\v1.2\v1\backend\node_modules\serve-static\index.js:120:7)
    at SendStream.emit (node:events:509:20)
    at SendStream.error (D:\photo\v1.2\v1\backend\node_modules\send\index.js:168:17)
    at SendStream.onStatError (D:\photo\v1.2\v1\backend\node_modules\send\index.js:315:12) 
09-09-2026 16:42:17 | ERROR | Error found | 404 | GET /files/1788542750602_men-category.jpg : Can't find /files/1788542750602_men-category.jpg on this server | user: guest 
Error: Can't find /files/1788542750602_men-category.jpg on this server
    at D:\photo\v1.2\v1\backend\server.js:110:8
    at Layer.handleRequest (D:\photo\v1.2\v1\backend\node_modules\router\lib\layer.js:152:17)
    at trimPrefix (D:\photo\v1.2\v1\backend\node_modules\router\index.js:342:13)
    at D:\photo\v1.2\v1\backend\node_modules\router\index.js:297:9
    at processParams (D:\photo\v1.2\v1\backend\node_modules\router\index.js:582:12)
    at next (D:\photo\v1.2\v1\backend\node_modules\router\index.js:291:5)
    at SendStream.error (D:\photo\v1.2\v1\backend\node_modules\serve-static\index.js:120:7)
    at SendStream.emit (node:events:509:20)
    at SendStream.error (D:\photo\v1.2\v1\backend\node_modules\send\index.js:168:17)
    at SendStream.onStatError (D:\photo\v1.2\v1\backend\node_modules\send\index.js:315:12) 
09-09-2026 16:43:55 | ERROR | Error found | 404 | GET /api/v1/home/categories : No categories found | user: guest 
Error: No categories found
    at D:\photo\v1.2\v1\backend\controllers\category.home.controller.js:17:17
    at process.processTicksAndRejections (node:internal/process/task_queues:104:5) 
09-09-2026 16:43:55 | ERROR | Error found | 404 | GET /api/v1/home/subcategories : No subcategories found | user: guest 
Error: No subcategories found
    at D:\photo\v1.2\v1\backend\controllers\subCategory.home.controller.js:18:17
    at process.processTicksAndRejections (node:internal/process/task_queues:104:5) 
09-09-2026 16:43:55 | ERROR | Error found | 404 | GET /api/v1/home/categories : No categories found | user: guest 
Error: No categories found
    at D:\photo\v1.2\v1\backend\controllers\category.home.controller.js:17:17
    at process.processTicksAndRejections (node:internal/process/task_queues:104:5) 
09-09-2026 16:43:59 | ERROR | Error found | 404 | GET /api/v1/home/categories : No categories found | user: guest 
Error: No categories found
    at D:\photo\v1.2\v1\backend\controllers\category.home.controller.js:17:17
    at process.processTicksAndRejections (node:internal/process/task_queues:104:5) 
09-09-2026 16:43:59 | ERROR | Error found | 404 | GET /api/v1/home/subcategories : No subcategories found | user: guest 
Error: No subcategories found
    at D:\photo\v1.2\v1\backend\controllers\subCategory.home.controller.js:18:17
    at process.processTicksAndRejections (node:internal/process/task_queues:104:5) 
09-09-2026 16:43:59 | ERROR | Error found | 404 | GET /api/v1/home/about : About not found | user: guest 
Error: About not found
    at D:\photo\v1.2\v1\backend\controllers\about.home.controller.js:11:17
    at process.processTicksAndRejections (node:internal/process/task_queues:104:5) 
09-09-2026 16:44:03 | ERROR | Error found | 404 | GET /api/v1/home/categories : No categories found | user: guest 
Error: No categories found
    at D:\photo\v1.2\v1\backend\controllers\category.home.controller.js:17:17
    at process.processTicksAndRejections (node:internal/process/task_queues:104:5) 
09-09-2026 16:44:03 | ERROR | Error found | 404 | GET /api/v1/home/subcategories : No subcategories found | user: guest 
Error: No subcategories found
    at D:\photo\v1.2\v1\backend\controllers\subCategory.home.controller.js:18:17
    at process.processTicksAndRejections (node:internal/process/task_queues:104:5) 
09-09-2026 16:44:03 | ERROR | Error found | 404 | GET /api/v1/home/about : About not found | user: guest 
Error: About not found
    at D:\photo\v1.2\v1\backend\controllers\about.home.controller.js:11:17
    at process.processTicksAndRejections (node:internal/process/task_queues:104:5) 
09-09-2026 16:44:03 | ERROR | Error found | 404 | GET /api/v1/home/categories : No categories found | user: guest 
Error: No categories found
    at D:\photo\v1.2\v1\backend\controllers\category.home.controller.js:17:17
    at process.processTicksAndRejections (node:internal/process/task_queues:104:5) 
09-09-2026 16:44:07 | ERROR | Error found | 404 | GET /api/v1/home/categories : No categories found | user: guest 
Error: No categories found
    at D:\photo\v1.2\v1\backend\controllers\category.home.controller.js:17:17
    at process.processTicksAndRejections (node:internal/process/task_queues:104:5) 
09-09-2026 16:44:18 | ERROR | Error found | 403 | POST /api/v1/auth/login : Invalid email or password | user: guest 
Error: Invalid email or password
    at D:\photo\v1.2\v1\backend\controllers\auth.controller.js:104:17
    at process.processTicksAndRejections (node:internal/process/task_queues:104:5) 
09-09-2026 16:44:29 | ERROR | Error found | 403 | POST /api/v1/auth/login : Invalid email or password | user: guest 
Error: Invalid email or password
    at D:\photo\v1.2\v1\backend\controllers\auth.controller.js:104:17
    at process.processTicksAndRejections (node:internal/process/task_queues:104:5) 
09-09-2026 16:44:30 | ERROR | Error found | 403 | POST /api/v1/auth/login : Invalid email or password | user: guest 
Error: Invalid email or password
    at D:\photo\v1.2\v1\backend\controllers\auth.controller.js:104:17
    at process.processTicksAndRejections (node:internal/process/task_queues:104:5) 
09-09-2026 16:44:42 | ERROR | Error found | 403 | POST /api/v1/auth/login : Invalid email or password | user: guest 
Error: Invalid email or password
    at D:\photo\v1.2\v1\backend\controllers\auth.controller.js:104:17
    at process.processTicksAndRejections (node:internal/process/task_queues:104:5) 
09-09-2026 16:44:44 | ERROR | Error found | 404 | GET /api/v1/home/categories : No categories found | user: guest 
Error: No categories found
    at D:\photo\v1.2\v1\backend\controllers\category.home.controller.js:17:17
    at process.processTicksAndRejections (node:internal/process/task_queues:104:5) 
09-09-2026 16:44:45 | ERROR | Error found | 404 | GET /api/v1/home/categories : No categories found | user: guest 
Error: No categories found
    at D:\photo\v1.2\v1\backend\controllers\category.home.controller.js:17:17
    at process.processTicksAndRejections (node:internal/process/task_queues:104:5) 
09-09-2026 16:44:54 | ERROR | Error found | 403 | POST /api/v1/auth/login : Invalid email or password | user: guest 
Error: Invalid email or password
    at D:\photo\v1.2\v1\backend\controllers\auth.controller.js:104:17
    at process.processTicksAndRejections (node:internal/process/task_queues:104:5) 
09-09-2026 16:44:55 | ERROR | Error found | 403 | POST /api/v1/auth/login : Invalid email or password | user: guest 
Error: Invalid email or password
    at D:\photo\v1.2\v1\backend\controllers\auth.controller.js:104:17
    at process.processTicksAndRejections (node:internal/process/task_queues:104:5) 
09-09-2026 16:44:55 | ERROR | Error found | 403 | POST /api/v1/auth/login : Invalid email or password | user: guest 
Error: Invalid email or password
    at D:\photo\v1.2\v1\backend\controllers\auth.controller.js:104:17
    at process.processTicksAndRejections (node:internal/process/task_queues:104:5) 
09-09-2026 16:44:55 | ERROR | Error found | 403 | POST /api/v1/auth/login : Invalid email or password | user: guest 
Error: Invalid email or password
    at D:\photo\v1.2\v1\backend\controllers\auth.controller.js:104:17
    at process.processTicksAndRejections (node:internal/process/task_queues:104:5) 
09-09-2026 16:44:55 | ERROR | Error found | 403 | POST /api/v1/auth/login : Invalid email or password | user: guest 
Error: Invalid email or password
    at D:\photo\v1.2\v1\backend\controllers\auth.controller.js:104:17
    at process.processTicksAndRejections (node:internal/process/task_queues:104:5) 
09-09-2026 16:44:55 | ERROR | Error found | 403 | POST /api/v1/auth/login : Invalid email or password | user: guest 
Error: Invalid email or password
    at D:\photo\v1.2\v1\backend\controllers\auth.controller.js:104:17
    at process.processTicksAndRejections (node:internal/process/task_queues:104:5) 
09-09-2026 16:44:56 | ERROR | Error found | 403 | POST /api/v1/auth/login : Invalid email or password | user: guest 
Error: Invalid email or password
    at D:\photo\v1.2\v1\backend\controllers\auth.controller.js:104:17
    at process.processTicksAndRejections (node:internal/process/task_queues:104:5) 
09-09-2026 16:44:56 | ERROR | Error found | 403 | POST /api/v1/auth/login : Invalid email or password | user: guest 
Error: Invalid email or password
    at D:\photo\v1.2\v1\backend\controllers\auth.controller.js:104:17
    at process.processTicksAndRejections (node:internal/process/task_queues:104:5) 
09-09-2026 16:44:56 | ERROR | Error found | 403 | POST /api/v1/auth/login : Invalid email or password | user: guest 
Error: Invalid email or password
    at D:\photo\v1.2\v1\backend\controllers\auth.controller.js:104:17
    at process.processTicksAndRejections (node:internal/process/task_queues:104:5) 
09-09-2026 16:44:56 | ERROR | Error found | 403 | POST /api/v1/auth/login : Invalid email or password | user: guest 
Error: Invalid email or password
    at D:\photo\v1.2\v1\backend\controllers\auth.controller.js:104:17
    at process.processTicksAndRejections (node:internal/process/task_queues:104:5) 
09-09-2026 16:44:56 | ERROR | Error found | 403 | POST /api/v1/auth/login : Invalid email or password | user: guest 
Error: Invalid email or password
    at D:\photo\v1.2\v1\backend\controllers\auth.controller.js:104:17
    at process.processTicksAndRejections (node:internal/process/task_queues:104:5) 
09-09-2026 16:44:56 | ERROR | Error found | 403 | POST /api/v1/auth/login : Invalid email or password | user: guest 
Error: Invalid email or password
    at D:\photo\v1.2\v1\backend\controllers\auth.controller.js:104:17
    at process.processTicksAndRejections (node:internal/process/task_queues:104:5) 
09-09-2026 16:44:57 | ERROR | Error found | 403 | POST /api/v1/auth/login : Invalid email or password | user: guest 
Error: Invalid email or password
    at D:\photo\v1.2\v1\backend\controllers\auth.controller.js:104:17
    at process.processTicksAndRejections (node:internal/process/task_queues:104:5) 
09-09-2026 16:44:57 | ERROR | Error found | 403 | POST /api/v1/auth/login : Invalid email or password | user: guest 
Error: Invalid email or password
    at D:\photo\v1.2\v1\backend\controllers\auth.controller.js:104:17
    at process.processTicksAndRejections (node:internal/process/task_queues:104:5) 
09-09-2026 16:44:57 | ERROR | Error found | 403 | POST /api/v1/auth/login : Invalid email or password | user: guest 
Error: Invalid email or password
    at D:\photo\v1.2\v1\backend\controllers\auth.controller.js:104:17
    at process.processTicksAndRejections (node:internal/process/task_queues:104:5) 
09-09-2026 16:44:57 | ERROR | Error found | 403 | POST /api/v1/auth/login : Invalid email or password | user: guest 
Error: Invalid email or password
    at D:\photo\v1.2\v1\backend\controllers\auth.controller.js:104:17
    at process.processTicksAndRejections (node:internal/process/task_queues:104:5) 
09-09-2026 16:44:57 | ERROR | Error found | 403 | POST /api/v1/auth/login : Invalid email or password | user: guest 
Error: Invalid email or password
    at D:\photo\v1.2\v1\backend\controllers\auth.controller.js:104:17
    at process.processTicksAndRejections (node:internal/process/task_queues:104:5) 
09-09-2026 16:44:57 | ERROR | Error found | 403 | POST /api/v1/auth/login : Invalid email or password | user: guest 
Error: Invalid email or password
    at D:\photo\v1.2\v1\backend\controllers\auth.controller.js:104:17
    at process.processTicksAndRejections (node:internal/process/task_queues:104:5) 
09-09-2026 16:45:00 | ERROR | Error found | 404 | GET /api/v1/home/categories : No categories found | user: guest 
Error: No categories found
    at D:\photo\v1.2\v1\backend\controllers\category.home.controller.js:17:17
    at process.processTicksAndRejections (node:internal/process/task_queues:104:5) 
09-09-2026 16:45:00 | ERROR | Error found | 404 | GET /api/v1/home/subcategories : No subcategories found | user: guest 
Error: No subcategories found
    at D:\photo\v1.2\v1\backend\controllers\subCategory.home.controller.js:18:17
    at process.processTicksAndRejections (node:internal/process/task_queues:104:5) 
09-09-2026 16:45:00 | ERROR | Error found | 404 | GET /api/v1/home/about : About not found | user: guest 
Error: About not found
    at D:\photo\v1.2\v1\backend\controllers\about.home.controller.js:11:17
    at process.processTicksAndRejections (node:internal/process/task_queues:104:5) 
09-09-2026 16:45:36 | ERROR | Error found | 404 | GET /api/v1/home/categories : No categories found | user: guest 
Error: No categories found
    at D:\photo\v1.2\v1\backend\controllers\category.home.controller.js:17:17
    at process.processTicksAndRejections (node:internal/process/task_queues:104:5) 
09-09-2026 16:45:36 | ERROR | Error found | 404 | GET /api/v1/home/subcategories : No subcategories found | user: guest 
Error: No subcategories found
    at D:\photo\v1.2\v1\backend\controllers\subCategory.home.controller.js:18:17
    at process.processTicksAndRejections (node:internal/process/task_queues:104:5) 
09-09-2026 16:45:36 | ERROR | Error found | 404 | GET /api/v1/home/about : About not found | user: guest 
Error: About not found
    at D:\photo\v1.2\v1\backend\controllers\about.home.controller.js:11:17
    at process.processTicksAndRejections (node:internal/process/task_queues:104:5) 
09-09-2026 16:45:36 | ERROR | Error found | 404 | GET /api/v1/home/categories : No categories found | user: guest 
Error: No categories found
    at D:\photo\v1.2\v1\backend\controllers\category.home.controller.js:17:17
    at process.processTicksAndRejections (node:internal/process/task_queues:104:5) 
09-09-2026 16:45:39 | ERROR | Error found | 404 | GET /api/v1/home/categories : No categories found | user: guest 
Error: No categories found
    at D:\photo\v1.2\v1\backend\controllers\category.home.controller.js:17:17
    at process.processTicksAndRejections (node:internal/process/task_queues:104:5) 
09-09-2026 16:45:39 | ERROR | Error found | 404 | GET /api/v1/home/subcategories : No subcategories found | user: guest 
Error: No subcategories found
    at D:\photo\v1.2\v1\backend\controllers\subCategory.home.controller.js:18:17
    at process.processTicksAndRejections (node:internal/process/task_queues:104:5) 
09-09-2026 16:45:39 | ERROR | Error found | 404 | GET /api/v1/home/about : About not found | user: guest 
Error: About not found
    at D:\photo\v1.2\v1\backend\controllers\about.home.controller.js:11:17
    at process.processTicksAndRejections (node:internal/process/task_queues:104:5) 
09-09-2026 16:45:39 | ERROR | Error found | 404 | GET /api/v1/home/categories : No categories found | user: guest 
Error: No categories found
    at D:\photo\v1.2\v1\backend\controllers\category.home.controller.js:17:17
    at process.processTicksAndRejections (node:internal/process/task_queues:104:5) 
09-09-2026 16:46:30 | ERROR | Error found | 404 | GET /api/v1/home/about : About not found | user: guest 
Error: About not found
    at D:\photo\v1.2\v1\backend\controllers\about.home.controller.js:11:17
    at process.processTicksAndRejections (node:internal/process/task_queues:104:5) 
09-09-2026 16:46:30 | ERROR | Error found | 404 | GET /files/1788959829781_2322237302693856.jpg : Can't find /files/1788959829781_2322237302693856.jpg on this server | user: guest 
Error: Can't find /files/1788959829781_2322237302693856.jpg on this server
    at D:\photo\v1.2\v1\backend\server.js:110:8
    at Layer.handleRequest (D:\photo\v1.2\v1\backend\node_modules\router\lib\layer.js:152:17)
    at trimPrefix (D:\photo\v1.2\v1\backend\node_modules\router\index.js:342:13)
    at D:\photo\v1.2\v1\backend\node_modules\router\index.js:297:9
    at processParams (D:\photo\v1.2\v1\backend\node_modules\router\index.js:582:12)
    at next (D:\photo\v1.2\v1\backend\node_modules\router\index.js:291:5)
    at SendStream.error (D:\photo\v1.2\v1\backend\node_modules\serve-static\index.js:120:7)
    at SendStream.emit (node:events:509:20)
    at SendStream.error (D:\photo\v1.2\v1\backend\node_modules\send\index.js:168:17)
    at SendStream.onStatError (D:\photo\v1.2\v1\backend\node_modules\send\index.js:315:12) 
09-09-2026 16:46:30 | ERROR | Error found | 404 | GET /files/1788959744875_13721973862114891.jpg : Can't find /files/1788959744875_13721973862114891.jpg on this server | user: guest 
Error: Can't find /files/1788959744875_13721973862114891.jpg on this server
    at D:\photo\v1.2\v1\backend\server.js:110:8
    at Layer.handleRequest (D:\photo\v1.2\v1\backend\node_modules\router\lib\layer.js:152:17)
    at trimPrefix (D:\photo\v1.2\v1\backend\node_modules\router\index.js:342:13)
    at D:\photo\v1.2\v1\backend\node_modules\router\index.js:297:9
    at processParams (D:\photo\v1.2\v1\backend\node_modules\router\index.js:582:12)
    at next (D:\photo\v1.2\v1\backend\node_modules\router\index.js:291:5)
    at SendStream.error (D:\photo\v1.2\v1\backend\node_modules\serve-static\index.js:120:7)
    at SendStream.emit (node:events:509:20)
    at SendStream.error (D:\photo\v1.2\v1\backend\node_modules\send\index.js:168:17)
    at SendStream.onStatError (D:\photo\v1.2\v1\backend\node_modules\send\index.js:315:12) 
09-09-2026 16:46:30 | ERROR | Error found | 404 | GET /files/1788960335966_Sweatshirts___DSQUARED2_.jpg : Can't find /files/1788960335966_Sweatshirts___DSQUARED2_.jpg on this server | user: guest 
Error: Can't find /files/1788960335966_Sweatshirts___DSQUARED2_.jpg on this server
    at D:\photo\v1.2\v1\backend\server.js:110:8
    at Layer.handleRequest (D:\photo\v1.2\v1\backend\node_modules\router\lib\layer.js:152:17)
    at trimPrefix (D:\photo\v1.2\v1\backend\node_modules\router\index.js:342:13)
    at D:\photo\v1.2\v1\backend\node_modules\router\index.js:297:9
    at processParams (D:\photo\v1.2\v1\backend\node_modules\router\index.js:582:12)
    at next (D:\photo\v1.2\v1\backend\node_modules\router\index.js:291:5)
    at SendStream.error (D:\photo\v1.2\v1\backend\node_modules\serve-static\index.js:120:7)
    at SendStream.emit (node:events:509:20)
    at SendStream.error (D:\photo\v1.2\v1\backend\node_modules\send\index.js:168:17)
    at SendStream.onStatError (D:\photo\v1.2\v1\backend\node_modules\send\index.js:315:12) 
09-09-2026 16:46:31 | ERROR | Error found | 404 | GET /files/1788960335966_Sweatshirts___DSQUARED2_.jpg : Can't find /files/1788960335966_Sweatshirts___DSQUARED2_.jpg on this server | user: guest 
Error: Can't find /files/1788960335966_Sweatshirts___DSQUARED2_.jpg on this server
    at D:\photo\v1.2\v1\backend\server.js:110:8
    at Layer.handleRequest (D:\photo\v1.2\v1\backend\node_modules\router\lib\layer.js:152:17)
    at trimPrefix (D:\photo\v1.2\v1\backend\node_modules\router\index.js:342:13)
    at D:\photo\v1.2\v1\backend\node_modules\router\index.js:297:9
    at processParams (D:\photo\v1.2\v1\backend\node_modules\router\index.js:582:12)
    at next (D:\photo\v1.2\v1\backend\node_modules\router\index.js:291:5)
    at SendStream.error (D:\photo\v1.2\v1\backend\node_modules\serve-static\index.js:120:7)
    at SendStream.emit (node:events:509:20)
    at SendStream.error (D:\photo\v1.2\v1\backend\node_modules\send\index.js:168:17)
    at SendStream.onStatError (D:\photo\v1.2\v1\backend\node_modules\send\index.js:315:12) 
09-09-2026 16:46:31 | ERROR | Error found | 404 | GET /files/1788960335966_Sweatshirts___DSQUARED2_.jpg : Can't find /files/1788960335966_Sweatshirts___DSQUARED2_.jpg on this server | user: guest 
Error: Can't find /files/1788960335966_Sweatshirts___DSQUARED2_.jpg on this server
    at D:\photo\v1.2\v1\backend\server.js:110:8
    at Layer.handleRequest (D:\photo\v1.2\v1\backend\node_modules\router\lib\layer.js:152:17)
    at trimPrefix (D:\photo\v1.2\v1\backend\node_modules\router\index.js:342:13)
    at D:\photo\v1.2\v1\backend\node_modules\router\index.js:297:9
    at processParams (D:\photo\v1.2\v1\backend\node_modules\router\index.js:582:12)
    at next (D:\photo\v1.2\v1\backend\node_modules\router\index.js:291:5)
    at SendStream.error (D:\photo\v1.2\v1\backend\node_modules\serve-static\index.js:120:7)
    at SendStream.emit (node:events:509:20)
    at SendStream.error (D:\photo\v1.2\v1\backend\node_modules\send\index.js:168:17)
    at SendStream.onStatError (D:\photo\v1.2\v1\backend\node_modules\send\index.js:315:12) 
09-09-2026 16:46:51 | ERROR | Error found | 404 | GET /files/1788960335966_Sweatshirts___DSQUARED2_.jpg : Can't find /files/1788960335966_Sweatshirts___DSQUARED2_.jpg on this server | user: guest 
Error: Can't find /files/1788960335966_Sweatshirts___DSQUARED2_.jpg on this server
    at D:\photo\v1.2\v1\backend\server.js:110:8
    at Layer.handleRequest (D:\photo\v1.2\v1\backend\node_modules\router\lib\layer.js:152:17)
    at trimPrefix (D:\photo\v1.2\v1\backend\node_modules\router\index.js:342:13)
    at D:\photo\v1.2\v1\backend\node_modules\router\index.js:297:9
    at processParams (D:\photo\v1.2\v1\backend\node_modules\router\index.js:582:12)
    at next (D:\photo\v1.2\v1\backend\node_modules\router\index.js:291:5)
    at SendStream.error (D:\photo\v1.2\v1\backend\node_modules\serve-static\index.js:120:7)
    at SendStream.emit (node:events:509:20)
    at SendStream.error (D:\photo\v1.2\v1\backend\node_modules\send\index.js:168:17)
    at SendStream.onStatError (D:\photo\v1.2\v1\backend\node_modules\send\index.js:315:12) 
09-09-2026 16:47:06 | ERROR | Error found | 404 | GET /files/1788960335966_Sweatshirts___DSQUARED2_.jpg : Can't find /files/1788960335966_Sweatshirts___DSQUARED2_.jpg on this server | user: guest 
Error: Can't find /files/1788960335966_Sweatshirts___DSQUARED2_.jpg on this server
    at D:\photo\v1.2\v1\backend\server.js:110:8
    at Layer.handleRequest (D:\photo\v1.2\v1\backend\node_modules\router\lib\layer.js:152:17)
    at trimPrefix (D:\photo\v1.2\v1\backend\node_modules\router\index.js:342:13)
    at D:\photo\v1.2\v1\backend\node_modules\router\index.js:297:9
    at processParams (D:\photo\v1.2\v1\backend\node_modules\router\index.js:582:12)
    at next (D:\photo\v1.2\v1\backend\node_modules\router\index.js:291:5)
    at SendStream.error (D:\photo\v1.2\v1\backend\node_modules\serve-static\index.js:120:7)
    at SendStream.emit (node:events:509:20)
    at SendStream.error (D:\photo\v1.2\v1\backend\node_modules\send\index.js:168:17)
    at SendStream.onStatError (D:\photo\v1.2\v1\backend\node_modules\send\index.js:315:12) 
09-09-2026 16:47:07 | ERROR | Error found | 404 | GET /files/1788960335966_Sweatshirts___DSQUARED2_.jpg : Can't find /files/1788960335966_Sweatshirts___DSQUARED2_.jpg on this server | user: guest 
Error: Can't find /files/1788960335966_Sweatshirts___DSQUARED2_.jpg on this server
    at D:\photo\v1.2\v1\backend\server.js:110:8
    at Layer.handleRequest (D:\photo\v1.2\v1\backend\node_modules\router\lib\layer.js:152:17)
    at trimPrefix (D:\photo\v1.2\v1\backend\node_modules\router\index.js:342:13)
    at D:\photo\v1.2\v1\backend\node_modules\router\index.js:297:9
    at processParams (D:\photo\v1.2\v1\backend\node_modules\router\index.js:582:12)
    at next (D:\photo\v1.2\v1\backend\node_modules\router\index.js:291:5)
    at SendStream.error (D:\photo\v1.2\v1\backend\node_modules\serve-static\index.js:120:7)
    at SendStream.emit (node:events:509:20)
    at SendStream.error (D:\photo\v1.2\v1\backend\node_modules\send\index.js:168:17)
    at SendStream.onStatError (D:\photo\v1.2\v1\backend\node_modules\send\index.js:315:12) 
09-09-2026 16:47:20 | ERROR | Error found | 404 | GET /files/1788960335966_Sweatshirts___DSQUARED2_.jpg : Can't find /files/1788960335966_Sweatshirts___DSQUARED2_.jpg on this server | user: guest 
Error: Can't find /files/1788960335966_Sweatshirts___DSQUARED2_.jpg on this server
    at D:\photo\v1.2\v1\backend\server.js:110:8
    at Layer.handleRequest (D:\photo\v1.2\v1\backend\node_modules\router\lib\layer.js:152:17)
    at trimPrefix (D:\photo\v1.2\v1\backend\node_modules\router\index.js:342:13)
    at D:\photo\v1.2\v1\backend\node_modules\router\index.js:297:9
    at processParams (D:\photo\v1.2\v1\backend\node_modules\router\index.js:582:12)
    at next (D:\photo\v1.2\v1\backend\node_modules\router\index.js:291:5)
    at SendStream.error (D:\photo\v1.2\v1\backend\node_modules\serve-static\index.js:120:7)
    at SendStream.emit (node:events:509:20)
    at SendStream.error (D:\photo\v1.2\v1\backend\node_modules\send\index.js:168:17)
    at SendStream.onStatError (D:\photo\v1.2\v1\backend\node_modules\send\index.js:315:12) 
09-09-2026 16:47:24 | ERROR | Error found | 404 | GET /files/1788960335966_Sweatshirts___DSQUARED2_.jpg : Can't find /files/1788960335966_Sweatshirts___DSQUARED2_.jpg on this server | user: guest 
Error: Can't find /files/1788960335966_Sweatshirts___DSQUARED2_.jpg on this server
    at D:\photo\v1.2\v1\backend\server.js:110:8
    at Layer.handleRequest (D:\photo\v1.2\v1\backend\node_modules\router\lib\layer.js:152:17)
    at trimPrefix (D:\photo\v1.2\v1\backend\node_modules\router\index.js:342:13)
    at D:\photo\v1.2\v1\backend\node_modules\router\index.js:297:9
    at processParams (D:\photo\v1.2\v1\backend\node_modules\router\index.js:582:12)
    at next (D:\photo\v1.2\v1\backend\node_modules\router\index.js:291:5)
    at SendStream.error (D:\photo\v1.2\v1\backend\node_modules\serve-static\index.js:120:7)
    at SendStream.emit (node:events:509:20)
    at SendStream.error (D:\photo\v1.2\v1\backend\node_modules\send\index.js:168:17)
    at SendStream.onStatError (D:\photo\v1.2\v1\backend\node_modules\send\index.js:315:12) 
09-09-2026 16:47:30 | ERROR | Error found | 404 | GET /files/1788960335966_Sweatshirts___DSQUARED2_.jpg : Can't find /files/1788960335966_Sweatshirts___DSQUARED2_.jpg on this server | user: guest 
Error: Can't find /files/1788960335966_Sweatshirts___DSQUARED2_.jpg on this server
    at D:\photo\v1.2\v1\backend\server.js:110:8
    at Layer.handleRequest (D:\photo\v1.2\v1\backend\node_modules\router\lib\layer.js:152:17)
    at trimPrefix (D:\photo\v1.2\v1\backend\node_modules\router\index.js:342:13)
    at D:\photo\v1.2\v1\backend\node_modules\router\index.js:297:9
    at processParams (D:\photo\v1.2\v1\backend\node_modules\router\index.js:582:12)
    at next (D:\photo\v1.2\v1\backend\node_modules\router\index.js:291:5)
    at SendStream.error (D:\photo\v1.2\v1\backend\node_modules\serve-static\index.js:120:7)
    at SendStream.emit (node:events:509:20)
    at SendStream.error (D:\photo\v1.2\v1\backend\node_modules\send\index.js:168:17)
    at SendStream.onStatError (D:\photo\v1.2\v1\backend\node_modules\send\index.js:315:12) 
09-09-2026 16:47:44 | ERROR | Error found | 404 | GET /files/1788960335966_Sweatshirts___DSQUARED2_.jpg : Can't find /files/1788960335966_Sweatshirts___DSQUARED2_.jpg on this server | user: guest 
Error: Can't find /files/1788960335966_Sweatshirts___DSQUARED2_.jpg on this server
    at D:\photo\v1.2\v1\backend\server.js:110:8
    at Layer.handleRequest (D:\photo\v1.2\v1\backend\node_modules\router\lib\layer.js:152:17)
    at trimPrefix (D:\photo\v1.2\v1\backend\node_modules\router\index.js:342:13)
    at D:\photo\v1.2\v1\backend\node_modules\router\index.js:297:9
    at processParams (D:\photo\v1.2\v1\backend\node_modules\router\index.js:582:12)
    at next (D:\photo\v1.2\v1\backend\node_modules\router\index.js:291:5)
    at SendStream.error (D:\photo\v1.2\v1\backend\node_modules\serve-static\index.js:120:7)
    at SendStream.emit (node:events:509:20)
    at SendStream.error (D:\photo\v1.2\v1\backend\node_modules\send\index.js:168:17)
    at SendStream.onStatError (D:\photo\v1.2\v1\backend\node_modules\send\index.js:315:12) 
09-09-2026 16:47:48 | ERROR | Error found | 404 | GET /api/v1/home/about : About not found | user: guest 
Error: About not found
    at D:\photo\v1.2\v1\backend\controllers\about.home.controller.js:11:17
    at process.processTicksAndRejections (node:internal/process/task_queues:104:5) 
09-09-2026 16:47:49 | ERROR | Error found | 404 | GET /files/1788959829781_2322237302693856.jpg : Can't find /files/1788959829781_2322237302693856.jpg on this server | user: guest 
Error: Can't find /files/1788959829781_2322237302693856.jpg on this server
    at D:\photo\v1.2\v1\backend\server.js:110:8
    at Layer.handleRequest (D:\photo\v1.2\v1\backend\node_modules\router\lib\layer.js:152:17)
    at trimPrefix (D:\photo\v1.2\v1\backend\node_modules\router\index.js:342:13)
    at D:\photo\v1.2\v1\backend\node_modules\router\index.js:297:9
    at processParams (D:\photo\v1.2\v1\backend\node_modules\router\index.js:582:12)
    at next (D:\photo\v1.2\v1\backend\node_modules\router\index.js:291:5)
    at SendStream.error (D:\photo\v1.2\v1\backend\node_modules\serve-static\index.js:120:7)
    at SendStream.emit (node:events:509:20)
    at SendStream.error (D:\photo\v1.2\v1\backend\node_modules\send\index.js:168:17)
    at SendStream.onStatError (D:\photo\v1.2\v1\backend\node_modules\send\index.js:315:12) 
09-09-2026 16:47:49 | ERROR | Error found | 404 | GET /files/1788959744875_13721973862114891.jpg : Can't find /files/1788959744875_13721973862114891.jpg on this server | user: guest 
Error: Can't find /files/1788959744875_13721973862114891.jpg on this server
    at D:\photo\v1.2\v1\backend\server.js:110:8
    at Layer.handleRequest (D:\photo\v1.2\v1\backend\node_modules\router\lib\layer.js:152:17)
    at trimPrefix (D:\photo\v1.2\v1\backend\node_modules\router\index.js:342:13)
    at D:\photo\v1.2\v1\backend\node_modules\router\index.js:297:9
    at processParams (D:\photo\v1.2\v1\backend\node_modules\router\index.js:582:12)
    at next (D:\photo\v1.2\v1\backend\node_modules\router\index.js:291:5)
    at SendStream.error (D:\photo\v1.2\v1\backend\node_modules\serve-static\index.js:120:7)
    at SendStream.emit (node:events:509:20)
    at SendStream.error (D:\photo\v1.2\v1\backend\node_modules\send\index.js:168:17)
    at SendStream.onStatError (D:\photo\v1.2\v1\backend\node_modules\send\index.js:315:12) 
09-09-2026 16:47:49 | ERROR | Error found | 404 | GET /files/1788960335966_Sweatshirts___DSQUARED2_.jpg : Can't find /files/1788960335966_Sweatshirts___DSQUARED2_.jpg on this server | user: guest 
Error: Can't find /files/1788960335966_Sweatshirts___DSQUARED2_.jpg on this server
    at D:\photo\v1.2\v1\backend\server.js:110:8
    at Layer.handleRequest (D:\photo\v1.2\v1\backend\node_modules\router\lib\layer.js:152:17)
    at trimPrefix (D:\photo\v1.2\v1\backend\node_modules\router\index.js:342:13)
    at D:\photo\v1.2\v1\backend\node_modules\router\index.js:297:9
    at processParams (D:\photo\v1.2\v1\backend\node_modules\router\index.js:582:12)
    at next (D:\photo\v1.2\v1\backend\node_modules\router\index.js:291:5)
    at SendStream.error (D:\photo\v1.2\v1\backend\node_modules\serve-static\index.js:120:7)
    at SendStream.emit (node:events:509:20)
    at SendStream.error (D:\photo\v1.2\v1\backend\node_modules\send\index.js:168:17)
    at SendStream.onStatError (D:\photo\v1.2\v1\backend\node_modules\send\index.js:315:12) 
09-09-2026 16:48:05 | ERROR | Error found | 404 | GET /files/1788960335966_Sweatshirts___DSQUARED2_.jpg : Can't find /files/1788960335966_Sweatshirts___DSQUARED2_.jpg on this server | user: guest 
Error: Can't find /files/1788960335966_Sweatshirts___DSQUARED2_.jpg on this server
    at D:\photo\v1.2\v1\backend\server.js:110:8
    at Layer.handleRequest (D:\photo\v1.2\v1\backend\node_modules\router\lib\layer.js:152:17)
    at trimPrefix (D:\photo\v1.2\v1\backend\node_modules\router\index.js:342:13)
    at D:\photo\v1.2\v1\backend\node_modules\router\index.js:297:9
    at processParams (D:\photo\v1.2\v1\backend\node_modules\router\index.js:582:12)
    at next (D:\photo\v1.2\v1\backend\node_modules\router\index.js:291:5)
    at SendStream.error (D:\photo\v1.2\v1\backend\node_modules\serve-static\index.js:120:7)
    at SendStream.emit (node:events:509:20)
    at SendStream.error (D:\photo\v1.2\v1\backend\node_modules\send\index.js:168:17)
    at SendStream.onStatError (D:\photo\v1.2\v1\backend\node_modules\send\index.js:315:12) 
09-09-2026 16:48:15 | ERROR | Error found | 404 | GET /files/1788960335966_Sweatshirts___DSQUARED2_.jpg : Can't find /files/1788960335966_Sweatshirts___DSQUARED2_.jpg on this server | user: guest 
Error: Can't find /files/1788960335966_Sweatshirts___DSQUARED2_.jpg on this server
    at D:\photo\v1.2\v1\backend\server.js:110:8
    at Layer.handleRequest (D:\photo\v1.2\v1\backend\node_modules\router\lib\layer.js:152:17)
    at trimPrefix (D:\photo\v1.2\v1\backend\node_modules\router\index.js:342:13)
    at D:\photo\v1.2\v1\backend\node_modules\router\index.js:297:9
    at processParams (D:\photo\v1.2\v1\backend\node_modules\router\index.js:582:12)
    at next (D:\photo\v1.2\v1\backend\node_modules\router\index.js:291:5)
    at SendStream.error (D:\photo\v1.2\v1\backend\node_modules\serve-static\index.js:120:7)
    at SendStream.emit (node:events:509:20)
    at SendStream.error (D:\photo\v1.2\v1\backend\node_modules\send\index.js:168:17)
    at SendStream.onStatError (D:\photo\v1.2\v1\backend\node_modules\send\index.js:315:12) 
09-09-2026 16:49:56 | ERROR | Error found | 404 | GET /files/1788960335966_Sweatshirts___DSQUARED2_.jpg : Can't find /files/1788960335966_Sweatshirts___DSQUARED2_.jpg on this server | user: guest 
Error: Can't find /files/1788960335966_Sweatshirts___DSQUARED2_.jpg on this server
    at D:\photo\v1.2\v1\backend\server.js:110:8
    at Layer.handleRequest (D:\photo\v1.2\v1\backend\node_modules\router\lib\layer.js:152:17)
    at trimPrefix (D:\photo\v1.2\v1\backend\node_modules\router\index.js:342:13)
    at D:\photo\v1.2\v1\backend\node_modules\router\index.js:297:9
    at processParams (D:\photo\v1.2\v1\backend\node_modules\router\index.js:582:12)
    at next (D:\photo\v1.2\v1\backend\node_modules\router\index.js:291:5)
    at SendStream.error (D:\photo\v1.2\v1\backend\node_modules\serve-static\index.js:120:7)
    at SendStream.emit (node:events:509:20)
    at SendStream.error (D:\photo\v1.2\v1\backend\node_modules\send\index.js:168:17)
    at SendStream.onStatError (D:\photo\v1.2\v1\backend\node_modules\send\index.js:315:12) 
09-09-2026 16:49:56 | ERROR | Error found | 404 | GET /files/1788960335966_Sweatshirts___DSQUARED2_.jpg : Can't find /files/1788960335966_Sweatshirts___DSQUARED2_.jpg on this server | user: guest 
Error: Can't find /files/1788960335966_Sweatshirts___DSQUARED2_.jpg on this server
    at D:\photo\v1.2\v1\backend\server.js:110:8
    at Layer.handleRequest (D:\photo\v1.2\v1\backend\node_modules\router\lib\layer.js:152:17)
    at trimPrefix (D:\photo\v1.2\v1\backend\node_modules\router\index.js:342:13)
    at D:\photo\v1.2\v1\backend\node_modules\router\index.js:297:9
    at processParams (D:\photo\v1.2\v1\backend\node_modules\router\index.js:582:12)
    at next (D:\photo\v1.2\v1\backend\node_modules\router\index.js:291:5)
    at SendStream.error (D:\photo\v1.2\v1\backend\node_modules\serve-static\index.js:120:7)
    at SendStream.emit (node:events:509:20)
    at SendStream.error (D:\photo\v1.2\v1\backend\node_modules\send\index.js:168:17)
    at SendStream.onStatError (D:\photo\v1.2\v1\backend\node_modules\send\index.js:315:12) 
09-09-2026 16:50:01 | ERROR | Error found | 404 | GET /api/v1/home/about : About not found | user: guest 
Error: About not found
    at D:\photo\v1.2\v1\backend\controllers\about.home.controller.js:11:17
    at process.processTicksAndRejections (node:internal/process/task_queues:104:5) 
09-09-2026 16:50:01 | ERROR | Error found | 404 | GET /files/1788959829781_2322237302693856.jpg : Can't find /files/1788959829781_2322237302693856.jpg on this server | user: guest 
Error: Can't find /files/1788959829781_2322237302693856.jpg on this server
    at D:\photo\v1.2\v1\backend\server.js:110:8
    at Layer.handleRequest (D:\photo\v1.2\v1\backend\node_modules\router\lib\layer.js:152:17)
    at trimPrefix (D:\photo\v1.2\v1\backend\node_modules\router\index.js:342:13)
    at D:\photo\v1.2\v1\backend\node_modules\router\index.js:297:9
    at processParams (D:\photo\v1.2\v1\backend\node_modules\router\index.js:582:12)
    at next (D:\photo\v1.2\v1\backend\node_modules\router\index.js:291:5)
    at SendStream.error (D:\photo\v1.2\v1\backend\node_modules\serve-static\index.js:120:7)
    at SendStream.emit (node:events:509:20)
    at SendStream.error (D:\photo\v1.2\v1\backend\node_modules\send\index.js:168:17)
    at SendStream.onStatError (D:\photo\v1.2\v1\backend\node_modules\send\index.js:315:12) 
09-09-2026 16:50:01 | ERROR | Error found | 404 | GET /files/1788959744875_13721973862114891.jpg : Can't find /files/1788959744875_13721973862114891.jpg on this server | user: guest 
Error: Can't find /files/1788959744875_13721973862114891.jpg on this server
    at D:\photo\v1.2\v1\backend\server.js:110:8
    at Layer.handleRequest (D:\photo\v1.2\v1\backend\node_modules\router\lib\layer.js:152:17)
    at trimPrefix (D:\photo\v1.2\v1\backend\node_modules\router\index.js:342:13)
    at D:\photo\v1.2\v1\backend\node_modules\router\index.js:297:9
    at processParams (D:\photo\v1.2\v1\backend\node_modules\router\index.js:582:12)
    at next (D:\photo\v1.2\v1\backend\node_modules\router\index.js:291:5)
    at SendStream.error (D:\photo\v1.2\v1\backend\node_modules\serve-static\index.js:120:7)
    at SendStream.emit (node:events:509:20)
    at SendStream.error (D:\photo\v1.2\v1\backend\node_modules\send\index.js:168:17)
    at SendStream.onStatError (D:\photo\v1.2\v1\backend\node_modules\send\index.js:315:12) 
09-09-2026 16:50:01 | ERROR | Error found | 404 | GET /files/1788960335966_Sweatshirts___DSQUARED2_.jpg : Can't find /files/1788960335966_Sweatshirts___DSQUARED2_.jpg on this server | user: guest 
Error: Can't find /files/1788960335966_Sweatshirts___DSQUARED2_.jpg on this server
    at D:\photo\v1.2\v1\backend\server.js:110:8
    at Layer.handleRequest (D:\photo\v1.2\v1\backend\node_modules\router\lib\layer.js:152:17)
    at trimPrefix (D:\photo\v1.2\v1\backend\node_modules\router\index.js:342:13)
    at D:\photo\v1.2\v1\backend\node_modules\router\index.js:297:9
    at processParams (D:\photo\v1.2\v1\backend\node_modules\router\index.js:582:12)
    at next (D:\photo\v1.2\v1\backend\node_modules\router\index.js:291:5)
    at SendStream.error (D:\photo\v1.2\v1\backend\node_modules\serve-static\index.js:120:7)
    at SendStream.emit (node:events:509:20)
    at SendStream.error (D:\photo\v1.2\v1\backend\node_modules\send\index.js:168:17)
    at SendStream.onStatError (D:\photo\v1.2\v1\backend\node_modules\send\index.js:315:12) 
09-09-2026 16:50:02 | ERROR | Error found | 404 | GET /files/1788960335966_Sweatshirts___DSQUARED2_.jpg : Can't find /files/1788960335966_Sweatshirts___DSQUARED2_.jpg on this server | user: guest 
Error: Can't find /files/1788960335966_Sweatshirts___DSQUARED2_.jpg on this server
    at D:\photo\v1.2\v1\backend\server.js:110:8
    at Layer.handleRequest (D:\photo\v1.2\v1\backend\node_modules\router\lib\layer.js:152:17)
    at trimPrefix (D:\photo\v1.2\v1\backend\node_modules\router\index.js:342:13)
    at D:\photo\v1.2\v1\backend\node_modules\router\index.js:297:9
    at processParams (D:\photo\v1.2\v1\backend\node_modules\router\index.js:582:12)
    at next (D:\photo\v1.2\v1\backend\node_modules\router\index.js:291:5)
    at SendStream.error (D:\photo\v1.2\v1\backend\node_modules\serve-static\index.js:120:7)
    at SendStream.emit (node:events:509:20)
    at SendStream.error (D:\photo\v1.2\v1\backend\node_modules\send\index.js:168:17)
    at SendStream.onStatError (D:\photo\v1.2\v1\backend\node_modules\send\index.js:315:12) 
09-09-2026 16:50:10 | ERROR | Error found | 404 | GET /files/1788960335966_Sweatshirts___DSQUARED2_.jpg : Can't find /files/1788960335966_Sweatshirts___DSQUARED2_.jpg on this server | user: guest 
Error: Can't find /files/1788960335966_Sweatshirts___DSQUARED2_.jpg on this server
    at D:\photo\v1.2\v1\backend\server.js:110:8
    at Layer.handleRequest (D:\photo\v1.2\v1\backend\node_modules\router\lib\layer.js:152:17)
    at trimPrefix (D:\photo\v1.2\v1\backend\node_modules\router\index.js:342:13)
    at D:\photo\v1.2\v1\backend\node_modules\router\index.js:297:9
    at processParams (D:\photo\v1.2\v1\backend\node_modules\router\index.js:582:12)
    at next (D:\photo\v1.2\v1\backend\node_modules\router\index.js:291:5)
    at SendStream.error (D:\photo\v1.2\v1\backend\node_modules\serve-static\index.js:120:7)
    at SendStream.emit (node:events:509:20)
    at SendStream.error (D:\photo\v1.2\v1\backend\node_modules\send\index.js:168:17)
    at SendStream.onStatError (D:\photo\v1.2\v1\backend\node_modules\send\index.js:315:12) 
09-09-2026 16:50:28 | ERROR | Error found | 404 | GET /api/v1/home/about : About not found | user: guest 
Error: About not found
    at D:\photo\v1.2\v1\backend\controllers\about.home.controller.js:11:17
    at process.processTicksAndRejections (node:internal/process/task_queues:104:5) 
09-09-2026 16:50:28 | ERROR | Error found | 404 | GET /files/1788959829781_2322237302693856.jpg : Can't find /files/1788959829781_2322237302693856.jpg on this server | user: guest 
Error: Can't find /files/1788959829781_2322237302693856.jpg on this server
    at D:\photo\v1.2\v1\backend\server.js:110:8
    at Layer.handleRequest (D:\photo\v1.2\v1\backend\node_modules\router\lib\layer.js:152:17)
    at trimPrefix (D:\photo\v1.2\v1\backend\node_modules\router\index.js:342:13)
    at D:\photo\v1.2\v1\backend\node_modules\router\index.js:297:9
    at processParams (D:\photo\v1.2\v1\backend\node_modules\router\index.js:582:12)
    at next (D:\photo\v1.2\v1\backend\node_modules\router\index.js:291:5)
    at SendStream.error (D:\photo\v1.2\v1\backend\node_modules\serve-static\index.js:120:7)
    at SendStream.emit (node:events:509:20)
    at SendStream.error (D:\photo\v1.2\v1\backend\node_modules\send\index.js:168:17)
    at SendStream.onStatError (D:\photo\v1.2\v1\backend\node_modules\send\index.js:315:12) 
09-09-2026 16:50:28 | ERROR | Error found | 404 | GET /files/1788959744875_13721973862114891.jpg : Can't find /files/1788959744875_13721973862114891.jpg on this server | user: guest 
Error: Can't find /files/1788959744875_13721973862114891.jpg on this server
    at D:\photo\v1.2\v1\backend\server.js:110:8
    at Layer.handleRequest (D:\photo\v1.2\v1\backend\node_modules\router\lib\layer.js:152:17)
    at trimPrefix (D:\photo\v1.2\v1\backend\node_modules\router\index.js:342:13)
    at D:\photo\v1.2\v1\backend\node_modules\router\index.js:297:9
    at processParams (D:\photo\v1.2\v1\backend\node_modules\router\index.js:582:12)
    at next (D:\photo\v1.2\v1\backend\node_modules\router\index.js:291:5)
    at SendStream.error (D:\photo\v1.2\v1\backend\node_modules\serve-static\index.js:120:7)
    at SendStream.emit (node:events:509:20)
    at SendStream.error (D:\photo\v1.2\v1\backend\node_modules\send\index.js:168:17)
    at SendStream.onStatError (D:\photo\v1.2\v1\backend\node_modules\send\index.js:315:12) 
09-09-2026 16:50:40 | ERROR | Error found | 404 | GET /api/v1/home/about : About not found | user: guest 
Error: About not found
    at D:\photo\v1.2\v1\backend\controllers\about.home.controller.js:11:17
    at process.processTicksAndRejections (node:internal/process/task_queues:104:5) 
09-09-2026 16:50:40 | ERROR | Error found | 404 | GET /files/1788959829781_2322237302693856.jpg : Can't find /files/1788959829781_2322237302693856.jpg on this server | user: guest 
Error: Can't find /files/1788959829781_2322237302693856.jpg on this server
    at D:\photo\v1.2\v1\backend\server.js:110:8
    at Layer.handleRequest (D:\photo\v1.2\v1\backend\node_modules\router\lib\layer.js:152:17)
    at trimPrefix (D:\photo\v1.2\v1\backend\node_modules\router\index.js:342:13)
    at D:\photo\v1.2\v1\backend\node_modules\router\index.js:297:9
    at processParams (D:\photo\v1.2\v1\backend\node_modules\router\index.js:582:12)
    at next (D:\photo\v1.2\v1\backend\node_modules\router\index.js:291:5)
    at SendStream.error (D:\photo\v1.2\v1\backend\node_modules\serve-static\index.js:120:7)
    at SendStream.emit (node:events:509:20)
    at SendStream.error (D:\photo\v1.2\v1\backend\node_modules\send\index.js:168:17)
    at SendStream.onStatError (D:\photo\v1.2\v1\backend\node_modules\send\index.js:315:12) 
09-09-2026 16:50:40 | ERROR | Error found | 404 | GET /files/1788959744875_13721973862114891.jpg : Can't find /files/1788959744875_13721973862114891.jpg on this server | user: guest 
Error: Can't find /files/1788959744875_13721973862114891.jpg on this server
    at D:\photo\v1.2\v1\backend\server.js:110:8
    at Layer.handleRequest (D:\photo\v1.2\v1\backend\node_modules\router\lib\layer.js:152:17)
    at trimPrefix (D:\photo\v1.2\v1\backend\node_modules\router\index.js:342:13)
    at D:\photo\v1.2\v1\backend\node_modules\router\index.js:297:9
    at processParams (D:\photo\v1.2\v1\backend\node_modules\router\index.js:582:12)
    at next (D:\photo\v1.2\v1\backend\node_modules\router\index.js:291:5)
    at SendStream.error (D:\photo\v1.2\v1\backend\node_modules\serve-static\index.js:120:7)
    at SendStream.emit (node:events:509:20)
    at SendStream.error (D:\photo\v1.2\v1\backend\node_modules\send\index.js:168:17)
    at SendStream.onStatError (D:\photo\v1.2\v1\backend\node_modules\send\index.js:315:12) 
09-09-2026 16:50:51 | ERROR | Error found | 404 | GET /api/v1/home/about : About not found | user: guest 
Error: About not found
    at D:\photo\v1.2\v1\backend\controllers\about.home.controller.js:11:17
    at process.processTicksAndRejections (node:internal/process/task_queues:104:5) 
09-09-2026 16:50:51 | ERROR | Error found | 404 | GET /files/1788959829781_2322237302693856.jpg : Can't find /files/1788959829781_2322237302693856.jpg on this server | user: guest 
Error: Can't find /files/1788959829781_2322237302693856.jpg on this server
    at D:\photo\v1.2\v1\backend\server.js:110:8
    at Layer.handleRequest (D:\photo\v1.2\v1\backend\node_modules\router\lib\layer.js:152:17)
    at trimPrefix (D:\photo\v1.2\v1\backend\node_modules\router\index.js:342:13)
    at D:\photo\v1.2\v1\backend\node_modules\router\index.js:297:9
    at processParams (D:\photo\v1.2\v1\backend\node_modules\router\index.js:582:12)
    at next (D:\photo\v1.2\v1\backend\node_modules\router\index.js:291:5)
    at SendStream.error (D:\photo\v1.2\v1\backend\node_modules\serve-static\index.js:120:7)
    at SendStream.emit (node:events:509:20)
    at SendStream.error (D:\photo\v1.2\v1\backend\node_modules\send\index.js:168:17)
    at SendStream.onStatError (D:\photo\v1.2\v1\backend\node_modules\send\index.js:315:12) 
09-09-2026 16:50:51 | ERROR | Error found | 404 | GET /files/1788959744875_13721973862114891.jpg : Can't find /files/1788959744875_13721973862114891.jpg on this server | user: guest 
Error: Can't find /files/1788959744875_13721973862114891.jpg on this server
    at D:\photo\v1.2\v1\backend\server.js:110:8
    at Layer.handleRequest (D:\photo\v1.2\v1\backend\node_modules\router\lib\layer.js:152:17)
    at trimPrefix (D:\photo\v1.2\v1\backend\node_modules\router\index.js:342:13)
    at D:\photo\v1.2\v1\backend\node_modules\router\index.js:297:9
    at processParams (D:\photo\v1.2\v1\backend\node_modules\router\index.js:582:12)
    at next (D:\photo\v1.2\v1\backend\node_modules\router\index.js:291:5)
    at SendStream.error (D:\photo\v1.2\v1\backend\node_modules\serve-static\index.js:120:7)
    at SendStream.emit (node:events:509:20)
    at SendStream.error (D:\photo\v1.2\v1\backend\node_modules\send\index.js:168:17)
    at SendStream.onStatError (D:\photo\v1.2\v1\backend\node_modules\send\index.js:315:12) 
09-09-2026 16:56:15 | ERROR | Error found | 404 | GET /api/v1/home/about : About not found | user: guest 
Error: About not found
    at D:\photo\v1.2\v1\backend\controllers\about.home.controller.js:11:17
    at process.processTicksAndRejections (node:internal/process/task_queues:104:5) 
09-09-2026 16:58:27 | ERROR | Error found | 404 | GET /api/v1/home/about : About not found | user: guest 
Error: About not found
    at D:\photo\v1.2\v1\backend\controllers\about.home.controller.js:11:17
    at process.processTicksAndRejections (node:internal/process/task_queues:104:5) 
09-09-2026 16:58:58 | ERROR | Error found | 404 | GET /api/v1/home/about : About not found | user: guest 
Error: About not found
    at D:\photo\v1.2\v1\backend\controllers\about.home.controller.js:11:17
    at process.processTicksAndRejections (node:internal/process/task_queues:104:5) 
09-09-2026 16:58:59 | ERROR | Error found | 404 | GET /api/v1/home/about : About not found | user: guest 
Error: About not found
    at D:\photo\v1.2\v1\backend\controllers\about.home.controller.js:11:17
    at process.processTicksAndRejections (node:internal/process/task_queues:104:5) 
09-09-2026 16:59:00 | ERROR | Error found | 404 | GET /api/v1/home/about : About not found | user: guest 
Error: About not found
    at D:\photo\v1.2\v1\backend\controllers\about.home.controller.js:11:17
    at process.processTicksAndRejections (node:internal/process/task_queues:104:5) 
09-09-2026 16:59:00 | ERROR | Error found | 404 | GET /api/v1/home/about : About not found | user: guest 
Error: About not found
    at D:\photo\v1.2\v1\backend\controllers\about.home.controller.js:11:17
    at process.processTicksAndRejections (node:internal/process/task_queues:104:5) 
09-09-2026 16:59:00 | ERROR | Error found | 404 | GET /api/v1/home/about : About not found | user: guest 
Error: About not found
    at D:\photo\v1.2\v1\backend\controllers\about.home.controller.js:11:17
    at process.processTicksAndRejections (node:internal/process/task_queues:104:5) 
09-09-2026 16:59:00 | ERROR | Error found | 404 | GET /api/v1/home/about : About not found | user: guest 
Error: About not found
    at D:\photo\v1.2\v1\backend\controllers\about.home.controller.js:11:17
    at process.processTicksAndRejections (node:internal/process/task_queues:104:5) 
09-09-2026 16:59:00 | ERROR | Error found | 404 | GET /api/v1/home/about : About not found | user: guest 
Error: About not found
    at D:\photo\v1.2\v1\backend\controllers\about.home.controller.js:11:17
    at process.processTicksAndRejections (node:internal/process/task_queues:104:5) 
09-09-2026 16:59:01 | ERROR | Error found | 404 | GET /api/v1/home/about : About not found | user: guest 
Error: About not found
    at D:\photo\v1.2\v1\backend\controllers\about.home.controller.js:11:17
    at process.processTicksAndRejections (node:internal/process/task_queues:104:5) 
09-09-2026 16:59:01 | ERROR | Error found | 404 | GET /api/v1/home/about : About not found | user: guest 
Error: About not found
    at D:\photo\v1.2\v1\backend\controllers\about.home.controller.js:11:17
    at process.processTicksAndRejections (node:internal/process/task_queues:104:5) 
09-09-2026 16:59:34 | ERROR | Error found | 404 | GET /api/v1/home/about : About not found | user: guest 
Error: About not found
    at D:\photo\v1.2\v1\backend\controllers\about.home.controller.js:11:17
    at process.processTicksAndRejections (node:internal/process/task_queues:104:5) 
09-09-2026 17:03:36 | ERROR | Error found | 404 | GET /api/v1/home/about : About not found | user: guest 
Error: About not found
    at D:\photo\v1.2\v1\backend\controllers\about.home.controller.js:11:17
    at process.processTicksAndRejections (node:internal/process/task_queues:104:5) 
09-09-2026 17:03:36 | ERROR | Error found | 404 | GET /files/1788959829781_2322237302693856.jpg : Can't find /files/1788959829781_2322237302693856.jpg on this server | user: guest 
Error: Can't find /files/1788959829781_2322237302693856.jpg on this server
    at D:\photo\v1.2\v1\backend\server.js:110:8
    at Layer.handleRequest (D:\photo\v1.2\v1\backend\node_modules\router\lib\layer.js:152:17)
    at trimPrefix (D:\photo\v1.2\v1\backend\node_modules\router\index.js:342:13)
    at D:\photo\v1.2\v1\backend\node_modules\router\index.js:297:9
    at processParams (D:\photo\v1.2\v1\backend\node_modules\router\index.js:582:12)
    at next (D:\photo\v1.2\v1\backend\node_modules\router\index.js:291:5)
    at SendStream.error (D:\photo\v1.2\v1\backend\node_modules\serve-static\index.js:120:7)
    at SendStream.emit (node:events:509:20)
    at SendStream.error (D:\photo\v1.2\v1\backend\node_modules\send\index.js:168:17)
    at SendStream.onStatError (D:\photo\v1.2\v1\backend\node_modules\send\index.js:315:12) 
09-09-2026 17:03:36 | ERROR | Error found | 404 | GET /files/1788959744875_13721973862114891.jpg : Can't find /files/1788959744875_13721973862114891.jpg on this server | user: guest 
Error: Can't find /files/1788959744875_13721973862114891.jpg on this server
    at D:\photo\v1.2\v1\backend\server.js:110:8
    at Layer.handleRequest (D:\photo\v1.2\v1\backend\node_modules\router\lib\layer.js:152:17)
    at trimPrefix (D:\photo\v1.2\v1\backend\node_modules\router\index.js:342:13)
    at D:\photo\v1.2\v1\backend\node_modules\router\index.js:297:9
    at processParams (D:\photo\v1.2\v1\backend\node_modules\router\index.js:582:12)
    at next (D:\photo\v1.2\v1\backend\node_modules\router\index.js:291:5)
    at SendStream.error (D:\photo\v1.2\v1\backend\node_modules\serve-static\index.js:120:7)
    at SendStream.emit (node:events:509:20)
    at SendStream.error (D:\photo\v1.2\v1\backend\node_modules\send\index.js:168:17)
    at SendStream.onStatError (D:\photo\v1.2\v1\backend\node_modules\send\index.js:315:12) 
09-09-2026 17:03:38 | ERROR | Error found | 404 | GET /api/v1/home/about : About not found | user: guest 
Error: About not found
    at D:\photo\v1.2\v1\backend\controllers\about.home.controller.js:11:17
    at process.processTicksAndRejections (node:internal/process/task_queues:104:5) 
09-09-2026 17:03:57 | ERROR | Error found | 404 | GET /api/v1/home/about : About not found | user: guest 
Error: About not found
    at D:\photo\v1.2\v1\backend\controllers\about.home.controller.js:11:17
    at process.processTicksAndRejections (node:internal/process/task_queues:104:5) 
09-09-2026 17:03:59 | ERROR | Error found | 404 | GET /files/1788959829781_2322237302693856.jpg : Can't find /files/1788959829781_2322237302693856.jpg on this server | user: guest 
Error: Can't find /files/1788959829781_2322237302693856.jpg on this server
    at D:\photo\v1.2\v1\backend\server.js:110:8
    at Layer.handleRequest (D:\photo\v1.2\v1\backend\node_modules\router\lib\layer.js:152:17)
    at trimPrefix (D:\photo\v1.2\v1\backend\node_modules\router\index.js:342:13)
    at D:\photo\v1.2\v1\backend\node_modules\router\index.js:297:9
    at processParams (D:\photo\v1.2\v1\backend\node_modules\router\index.js:582:12)
    at next (D:\photo\v1.2\v1\backend\node_modules\router\index.js:291:5)
    at SendStream.error (D:\photo\v1.2\v1\backend\node_modules\serve-static\index.js:120:7)
    at SendStream.emit (node:events:509:20)
    at SendStream.error (D:\photo\v1.2\v1\backend\node_modules\send\index.js:168:17)
    at SendStream.onStatError (D:\photo\v1.2\v1\backend\node_modules\send\index.js:315:12) 
09-09-2026 17:03:59 | ERROR | Error found | 404 | GET /files/1788959744875_13721973862114891.jpg : Can't find /files/1788959744875_13721973862114891.jpg on this server | user: guest 
Error: Can't find /files/1788959744875_13721973862114891.jpg on this server
    at D:\photo\v1.2\v1\backend\server.js:110:8
    at Layer.handleRequest (D:\photo\v1.2\v1\backend\node_modules\router\lib\layer.js:152:17)
    at trimPrefix (D:\photo\v1.2\v1\backend\node_modules\router\index.js:342:13)
    at D:\photo\v1.2\v1\backend\node_modules\router\index.js:297:9
    at processParams (D:\photo\v1.2\v1\backend\node_modules\router\index.js:582:12)
    at next (D:\photo\v1.2\v1\backend\node_modules\router\index.js:291:5)
    at SendStream.error (D:\photo\v1.2\v1\backend\node_modules\serve-static\index.js:120:7)
    at SendStream.emit (node:events:509:20)
    at SendStream.error (D:\photo\v1.2\v1\backend\node_modules\send\index.js:168:17)
    at SendStream.onStatError (D:\photo\v1.2\v1\backend\node_modules\send\index.js:315:12) 
09-09-2026 17:06:50 | ERROR | Error found | 404 | GET /api/v1/home/about : About not found | user: guest 
Error: About not found
    at D:\photo\v1.2\v1\backend\controllers\about.home.controller.js:11:17
    at process.processTicksAndRejections (node:internal/process/task_queues:104:5) 
09-09-2026 17:06:50 | ERROR | Error found | 404 | GET /files/1788959829781_2322237302693856.jpg : Can't find /files/1788959829781_2322237302693856.jpg on this server | user: guest 
Error: Can't find /files/1788959829781_2322237302693856.jpg on this server
    at D:\photo\v1.2\v1\backend\server.js:110:8
    at Layer.handleRequest (D:\photo\v1.2\v1\backend\node_modules\router\lib\layer.js:152:17)
    at trimPrefix (D:\photo\v1.2\v1\backend\node_modules\router\index.js:342:13)
    at D:\photo\v1.2\v1\backend\node_modules\router\index.js:297:9
    at processParams (D:\photo\v1.2\v1\backend\node_modules\router\index.js:582:12)
    at next (D:\photo\v1.2\v1\backend\node_modules\router\index.js:291:5)
    at SendStream.error (D:\photo\v1.2\v1\backend\node_modules\serve-static\index.js:120:7)
    at SendStream.emit (node:events:509:20)
    at SendStream.error (D:\photo\v1.2\v1\backend\node_modules\send\index.js:168:17)
    at SendStream.onStatError (D:\photo\v1.2\v1\backend\node_modules\send\index.js:315:12) 
09-09-2026 17:06:50 | ERROR | Error found | 404 | GET /files/1788959744875_13721973862114891.jpg : Can't find /files/1788959744875_13721973862114891.jpg on this server | user: guest 
Error: Can't find /files/1788959744875_13721973862114891.jpg on this server
    at D:\photo\v1.2\v1\backend\server.js:110:8
    at Layer.handleRequest (D:\photo\v1.2\v1\backend\node_modules\router\lib\layer.js:152:17)
    at trimPrefix (D:\photo\v1.2\v1\backend\node_modules\router\index.js:342:13)
    at D:\photo\v1.2\v1\backend\node_modules\router\index.js:297:9
    at processParams (D:\photo\v1.2\v1\backend\node_modules\router\index.js:582:12)
    at next (D:\photo\v1.2\v1\backend\node_modules\router\index.js:291:5)
    at SendStream.error (D:\photo\v1.2\v1\backend\node_modules\serve-static\index.js:120:7)
    at SendStream.emit (node:events:509:20)
    at SendStream.error (D:\photo\v1.2\v1\backend\node_modules\send\index.js:168:17)
    at SendStream.onStatError (D:\photo\v1.2\v1\backend\node_modules\send\index.js:315:12) 
09-09-2026 17:08:05 | ERROR | Error found | 404 | GET /api/v1/home/about : About not found | user: guest 
Error: About not found
    at D:\photo\v1.2\v1\backend\controllers\about.home.controller.js:11:17
    at process.processTicksAndRejections (node:internal/process/task_queues:104:5) 
09-09-2026 17:08:08 | ERROR | Error found | 404 | GET /files/1788959829781_2322237302693856.jpg : Can't find /files/1788959829781_2322237302693856.jpg on this server | user: guest 
Error: Can't find /files/1788959829781_2322237302693856.jpg on this server
    at D:\photo\v1.2\v1\backend\server.js:110:8
    at Layer.handleRequest (D:\photo\v1.2\v1\backend\node_modules\router\lib\layer.js:152:17)
    at trimPrefix (D:\photo\v1.2\v1\backend\node_modules\router\index.js:342:13)
    at D:\photo\v1.2\v1\backend\node_modules\router\index.js:297:9
    at processParams (D:\photo\v1.2\v1\backend\node_modules\router\index.js:582:12)
    at next (D:\photo\v1.2\v1\backend\node_modules\router\index.js:291:5)
    at SendStream.error (D:\photo\v1.2\v1\backend\node_modules\serve-static\index.js:120:7)
    at SendStream.emit (node:events:509:20)
    at SendStream.error (D:\photo\v1.2\v1\backend\node_modules\send\index.js:168:17)
    at SendStream.onStatError (D:\photo\v1.2\v1\backend\node_modules\send\index.js:315:12) 
09-09-2026 17:08:08 | ERROR | Error found | 404 | GET /files/1788959744875_13721973862114891.jpg : Can't find /files/1788959744875_13721973862114891.jpg on this server | user: guest 
Error: Can't find /files/1788959744875_13721973862114891.jpg on this server
    at D:\photo\v1.2\v1\backend\server.js:110:8
    at Layer.handleRequest (D:\photo\v1.2\v1\backend\node_modules\router\lib\layer.js:152:17)
    at trimPrefix (D:\photo\v1.2\v1\backend\node_modules\router\index.js:342:13)
    at D:\photo\v1.2\v1\backend\node_modules\router\index.js:297:9
    at processParams (D:\photo\v1.2\v1\backend\node_modules\router\index.js:582:12)
    at next (D:\photo\v1.2\v1\backend\node_modules\router\index.js:291:5)
    at SendStream.error (D:\photo\v1.2\v1\backend\node_modules\serve-static\index.js:120:7)
    at SendStream.emit (node:events:509:20)
    at SendStream.error (D:\photo\v1.2\v1\backend\node_modules\send\index.js:168:17)
    at SendStream.onStatError (D:\photo\v1.2\v1\backend\node_modules\send\index.js:315:12) 
09-09-2026 17:08:21 | ERROR | Error found | 404 | GET /api/v1/home/about : About not found | user: guest 
Error: About not found
    at D:\photo\v1.2\v1\backend\controllers\about.home.controller.js:11:17
    at process.processTicksAndRejections (node:internal/process/task_queues:104:5) 
09-09-2026 17:08:21 | ERROR | Error found | 404 | GET /favicon.ico : Can't find /favicon.ico on this server | user: guest 
Error: Can't find /favicon.ico on this server
    at D:\photo\v1.2\v1\backend\server.js:110:8
    at Layer.handleRequest (D:\photo\v1.2\v1\backend\node_modules\router\lib\layer.js:152:17)
    at trimPrefix (D:\photo\v1.2\v1\backend\node_modules\router\index.js:342:13)
    at D:\photo\v1.2\v1\backend\node_modules\router\index.js:297:9
    at processParams (D:\photo\v1.2\v1\backend\node_modules\router\index.js:582:12)
    at next (D:\photo\v1.2\v1\backend\node_modules\router\index.js:291:5)
    at read (D:\photo\v1.2\v1\backend\node_modules\body-parser\lib\read.js:53:5)
    at jsonParser (D:\photo\v1.2\v1\backend\node_modules\body-parser\lib\types\json.js:60:5)
    at Layer.handleRequest (D:\photo\v1.2\v1\backend\node_modules\router\lib\layer.js:152:17)
    at trimPrefix (D:\photo\v1.2\v1\backend\node_modules\router\index.js:342:13) 
09-09-2026 17:14:33 | ERROR | Error found | 404 | GET /api/v1/home/about : About not found | user: guest 
Error: About not found
    at D:\photo\v1.2\v1\backend\controllers\about.home.controller.js:11:17
    at process.processTicksAndRejections (node:internal/process/task_queues:104:5) 
09-09-2026 17:14:33 | ERROR | Error found | 404 | GET /api/v1/home/about : About not found | user: guest 
Error: About not found
    at D:\photo\v1.2\v1\backend\controllers\about.home.controller.js:11:17
    at process.processTicksAndRejections (node:internal/process/task_queues:104:5) 
09-09-2026 17:15:06 | ERROR | Error found | 404 | GET /v1/home/about : Can't find /v1/home/about on this server | user: guest 
Error: Can't find /v1/home/about on this server
    at D:\photo\v1.2\v1\backend\server.js:110:8
    at Layer.handleRequest (D:\photo\v1.2\v1\backend\node_modules\router\lib\layer.js:152:17)
    at trimPrefix (D:\photo\v1.2\v1\backend\node_modules\router\index.js:342:13)
    at D:\photo\v1.2\v1\backend\node_modules\router\index.js:297:9
    at processParams (D:\photo\v1.2\v1\backend\node_modules\router\index.js:582:12)
    at next (D:\photo\v1.2\v1\backend\node_modules\router\index.js:291:5)
    at read (D:\photo\v1.2\v1\backend\node_modules\body-parser\lib\read.js:53:5)
    at jsonParser (D:\photo\v1.2\v1\backend\node_modules\body-parser\lib\types\json.js:60:5)
    at Layer.handleRequest (D:\photo\v1.2\v1\backend\node_modules\router\lib\layer.js:152:17)
    at trimPrefix (D:\photo\v1.2\v1\backend\node_modules\router\index.js:342:13) 
09-09-2026 17:15:17 | ERROR | Error found | 404 | GET /home/about : Can't find /home/about on this server | user: guest 
Error: Can't find /home/about on this server
    at D:\photo\v1.2\v1\backend\server.js:110:8
    at Layer.handleRequest (D:\photo\v1.2\v1\backend\node_modules\router\lib\layer.js:152:17)
    at trimPrefix (D:\photo\v1.2\v1\backend\node_modules\router\index.js:342:13)
    at D:\photo\v1.2\v1\backend\node_modules\router\index.js:297:9
    at processParams (D:\photo\v1.2\v1\backend\node_modules\router\index.js:582:12)
    at next (D:\photo\v1.2\v1\backend\node_modules\router\index.js:291:5)
    at read (D:\photo\v1.2\v1\backend\node_modules\body-parser\lib\read.js:53:5)
    at jsonParser (D:\photo\v1.2\v1\backend\node_modules\body-parser\lib\types\json.js:60:5)
    at Layer.handleRequest (D:\photo\v1.2\v1\backend\node_modules\router\lib\layer.js:152:17)
    at trimPrefix (D:\photo\v1.2\v1\backend\node_modules\router\index.js:342:13) 
09-09-2026 17:15:30 | ERROR | Error found | 404 | GET /api/v1/home/about : About not found | user: guest 
Error: About not found
    at D:\photo\v1.2\v1\backend\controllers\about.home.controller.js:11:17
    at process.processTicksAndRejections (node:internal/process/task_queues:104:5) 
09-09-2026 17:15:37 | ERROR | Error found | 404 | GET /files/1788959829781_2322237302693856.jpg : Can't find /files/1788959829781_2322237302693856.jpg on this server | user: guest 
Error: Can't find /files/1788959829781_2322237302693856.jpg on this server
    at D:\photo\v1.2\v1\backend\server.js:110:8
    at Layer.handleRequest (D:\photo\v1.2\v1\backend\node_modules\router\lib\layer.js:152:17)
    at trimPrefix (D:\photo\v1.2\v1\backend\node_modules\router\index.js:342:13)
    at D:\photo\v1.2\v1\backend\node_modules\router\index.js:297:9
    at processParams (D:\photo\v1.2\v1\backend\node_modules\router\index.js:582:12)
    at next (D:\photo\v1.2\v1\backend\node_modules\router\index.js:291:5)
    at SendStream.error (D:\photo\v1.2\v1\backend\node_modules\serve-static\index.js:120:7)
    at SendStream.emit (node:events:509:20)
    at SendStream.error (D:\photo\v1.2\v1\backend\node_modules\send\index.js:168:17)
    at SendStream.onStatError (D:\photo\v1.2\v1\backend\node_modules\send\index.js:315:12) 
09-09-2026 17:15:38 | ERROR | Error found | 404 | GET /files/1788959744875_13721973862114891.jpg : Can't find /files/1788959744875_13721973862114891.jpg on this server | user: guest 
Error: Can't find /files/1788959744875_13721973862114891.jpg on this server
    at D:\photo\v1.2\v1\backend\server.js:110:8
    at Layer.handleRequest (D:\photo\v1.2\v1\backend\node_modules\router\lib\layer.js:152:17)
    at trimPrefix (D:\photo\v1.2\v1\backend\node_modules\router\index.js:342:13)
    at D:\photo\v1.2\v1\backend\node_modules\router\index.js:297:9
    at processParams (D:\photo\v1.2\v1\backend\node_modules\router\index.js:582:12)
    at next (D:\photo\v1.2\v1\backend\node_modules\router\index.js:291:5)
    at SendStream.error (D:\photo\v1.2\v1\backend\node_modules\serve-static\index.js:120:7)
    at SendStream.emit (node:events:509:20)
    at SendStream.error (D:\photo\v1.2\v1\backend\node_modules\send\index.js:168:17)
    at SendStream.onStatError (D:\photo\v1.2\v1\backend\node_modules\send\index.js:315:12) 
09-09-2026 17:21:26 | ERROR | Error found | 404 | GET /api/v1/home/about : About not found | user: guest 
Error: About not found
    at D:\photo\v1.2\v1\backend\controllers\about.home.controller.js:11:17
    at process.processTicksAndRejections (node:internal/process/task_queues:104:5) 
09-09-2026 17:21:26 | ERROR | Error found | 404 | GET /files/1788959829781_2322237302693856.jpg : Can't find /files/1788959829781_2322237302693856.jpg on this server | user: guest 
Error: Can't find /files/1788959829781_2322237302693856.jpg on this server
    at D:\photo\v1.2\v1\backend\server.js:110:8
    at Layer.handleRequest (D:\photo\v1.2\v1\backend\node_modules\router\lib\layer.js:152:17)
    at trimPrefix (D:\photo\v1.2\v1\backend\node_modules\router\index.js:342:13)
    at D:\photo\v1.2\v1\backend\node_modules\router\index.js:297:9
    at processParams (D:\photo\v1.2\v1\backend\node_modules\router\index.js:582:12)
    at next (D:\photo\v1.2\v1\backend\node_modules\router\index.js:291:5)
    at SendStream.error (D:\photo\v1.2\v1\backend\node_modules\serve-static\index.js:120:7)
    at SendStream.emit (node:events:509:20)
    at SendStream.error (D:\photo\v1.2\v1\backend\node_modules\send\index.js:168:17)
    at SendStream.onStatError (D:\photo\v1.2\v1\backend\node_modules\send\index.js:315:12) 
09-09-2026 17:21:26 | ERROR | Error found | 404 | GET /files/1788959744875_13721973862114891.jpg : Can't find /files/1788959744875_13721973862114891.jpg on this server | user: guest 
Error: Can't find /files/1788959744875_13721973862114891.jpg on this server
    at D:\photo\v1.2\v1\backend\server.js:110:8
    at Layer.handleRequest (D:\photo\v1.2\v1\backend\node_modules\router\lib\layer.js:152:17)
    at trimPrefix (D:\photo\v1.2\v1\backend\node_modules\router\index.js:342:13)
    at D:\photo\v1.2\v1\backend\node_modules\router\index.js:297:9
    at processParams (D:\photo\v1.2\v1\backend\node_modules\router\index.js:582:12)
    at next (D:\photo\v1.2\v1\backend\node_modules\router\index.js:291:5)
    at SendStream.error (D:\photo\v1.2\v1\backend\node_modules\serve-static\index.js:120:7)
    at SendStream.emit (node:events:509:20)
    at SendStream.error (D:\photo\v1.2\v1\backend\node_modules\send\index.js:168:17)
    at SendStream.onStatError (D:\photo\v1.2\v1\backend\node_modules\send\index.js:315:12) 
09-09-2026 17:21:51 | ERROR | Error found | 404 | GET /api/v1/home/about : About not found | user: guest 
Error: About not found
    at D:\photo\v1.2\v1\backend\controllers\about.home.controller.js:11:17
    at process.processTicksAndRejections (node:internal/process/task_queues:104:5) 
09-09-2026 17:22:23 | ERROR | Error found | 404 | GET /api/v1/home/about : About not found | user: guest 
Error: About not found
    at D:\photo\v1.2\v1\backend\controllers\about.home.controller.js:11:17
    at process.processTicksAndRejections (node:internal/process/task_queues:104:5) 
09-09-2026 17:22:26 | ERROR | Error found | 404 | GET /files/1788959829781_2322237302693856.jpg : Can't find /files/1788959829781_2322237302693856.jpg on this server | user: guest 
Error: Can't find /files/1788959829781_2322237302693856.jpg on this server
    at D:\photo\v1.2\v1\backend\server.js:110:8
    at Layer.handleRequest (D:\photo\v1.2\v1\backend\node_modules\router\lib\layer.js:152:17)
    at trimPrefix (D:\photo\v1.2\v1\backend\node_modules\router\index.js:342:13)
    at D:\photo\v1.2\v1\backend\node_modules\router\index.js:297:9
    at processParams (D:\photo\v1.2\v1\backend\node_modules\router\index.js:582:12)
    at next (D:\photo\v1.2\v1\backend\node_modules\router\index.js:291:5)
    at SendStream.error (D:\photo\v1.2\v1\backend\node_modules\serve-static\index.js:120:7)
    at SendStream.emit (node:events:509:20)
    at SendStream.error (D:\photo\v1.2\v1\backend\node_modules\send\index.js:168:17)
    at SendStream.onStatError (D:\photo\v1.2\v1\backend\node_modules\send\index.js:315:12) 
09-09-2026 17:22:26 | ERROR | Error found | 404 | GET /files/1788959744875_13721973862114891.jpg : Can't find /files/1788959744875_13721973862114891.jpg on this server | user: guest 
Error: Can't find /files/1788959744875_13721973862114891.jpg on this server
    at D:\photo\v1.2\v1\backend\server.js:110:8
    at Layer.handleRequest (D:\photo\v1.2\v1\backend\node_modules\router\lib\layer.js:152:17)
    at trimPrefix (D:\photo\v1.2\v1\backend\node_modules\router\index.js:342:13)
    at D:\photo\v1.2\v1\backend\node_modules\router\index.js:297:9
    at processParams (D:\photo\v1.2\v1\backend\node_modules\router\index.js:582:12)
    at next (D:\photo\v1.2\v1\backend\node_modules\router\index.js:291:5)
    at SendStream.error (D:\photo\v1.2\v1\backend\node_modules\serve-static\index.js:120:7)
    at SendStream.emit (node:events:509:20)
    at SendStream.error (D:\photo\v1.2\v1\backend\node_modules\send\index.js:168:17)
    at SendStream.onStatError (D:\photo\v1.2\v1\backend\node_modules\send\index.js:315:12) 
09-09-2026 17:22:51 | ERROR | Error found | 404 | GET /files/1788959829781_2322237302693856.jpg : Can't find /files/1788959829781_2322237302693856.jpg on this server | user: guest 
Error: Can't find /files/1788959829781_2322237302693856.jpg on this server
    at D:\photo\v1.2\v1\backend\server.js:110:8
    at Layer.handleRequest (D:\photo\v1.2\v1\backend\node_modules\router\lib\layer.js:152:17)
    at trimPrefix (D:\photo\v1.2\v1\backend\node_modules\router\index.js:342:13)
    at D:\photo\v1.2\v1\backend\node_modules\router\index.js:297:9
    at processParams (D:\photo\v1.2\v1\backend\node_modules\router\index.js:582:12)
    at next (D:\photo\v1.2\v1\backend\node_modules\router\index.js:291:5)
    at SendStream.error (D:\photo\v1.2\v1\backend\node_modules\serve-static\index.js:120:7)
    at SendStream.emit (node:events:509:20)
    at SendStream.error (D:\photo\v1.2\v1\backend\node_modules\send\index.js:168:17)
    at SendStream.onStatError (D:\photo\v1.2\v1\backend\node_modules\send\index.js:315:12) 
09-09-2026 17:22:51 | ERROR | Error found | 404 | GET /files/1788959744875_13721973862114891.jpg : Can't find /files/1788959744875_13721973862114891.jpg on this server | user: guest 
Error: Can't find /files/1788959744875_13721973862114891.jpg on this server
    at D:\photo\v1.2\v1\backend\server.js:110:8
    at Layer.handleRequest (D:\photo\v1.2\v1\backend\node_modules\router\lib\layer.js:152:17)
    at trimPrefix (D:\photo\v1.2\v1\backend\node_modules\router\index.js:342:13)
    at D:\photo\v1.2\v1\backend\node_modules\router\index.js:297:9
    at processParams (D:\photo\v1.2\v1\backend\node_modules\router\index.js:582:12)
    at next (D:\photo\v1.2\v1\backend\node_modules\router\index.js:291:5)
    at SendStream.error (D:\photo\v1.2\v1\backend\node_modules\serve-static\index.js:120:7)
    at SendStream.emit (node:events:509:20)
    at SendStream.error (D:\photo\v1.2\v1\backend\node_modules\send\index.js:168:17)
    at SendStream.onStatError (D:\photo\v1.2\v1\backend\node_modules\send\index.js:315:12) 
09-09-2026 17:27:19 | ERROR | Error found | 404 | GET /files/1788959829781_2322237302693856.jpg : Can't find /files/1788959829781_2322237302693856.jpg on this server | user: guest 
Error: Can't find /files/1788959829781_2322237302693856.jpg on this server
    at D:\photo\v1.2\v1\backend\server.js:110:8
    at Layer.handleRequest (D:\photo\v1.2\v1\backend\node_modules\router\lib\layer.js:152:17)
    at trimPrefix (D:\photo\v1.2\v1\backend\node_modules\router\index.js:342:13)
    at D:\photo\v1.2\v1\backend\node_modules\router\index.js:297:9
    at processParams (D:\photo\v1.2\v1\backend\node_modules\router\index.js:582:12)
    at next (D:\photo\v1.2\v1\backend\node_modules\router\index.js:291:5)
    at SendStream.error (D:\photo\v1.2\v1\backend\node_modules\serve-static\index.js:120:7)
    at SendStream.emit (node:events:509:20)
    at SendStream.error (D:\photo\v1.2\v1\backend\node_modules\send\index.js:168:17)
    at SendStream.onStatError (D:\photo\v1.2\v1\backend\node_modules\send\index.js:315:12) 
09-09-2026 17:27:19 | ERROR | Error found | 404 | GET /files/1788959744875_13721973862114891.jpg : Can't find /files/1788959744875_13721973862114891.jpg on this server | user: guest 
Error: Can't find /files/1788959744875_13721973862114891.jpg on this server
    at D:\photo\v1.2\v1\backend\server.js:110:8
    at Layer.handleRequest (D:\photo\v1.2\v1\backend\node_modules\router\lib\layer.js:152:17)
    at trimPrefix (D:\photo\v1.2\v1\backend\node_modules\router\index.js:342:13)
    at D:\photo\v1.2\v1\backend\node_modules\router\index.js:297:9
    at processParams (D:\photo\v1.2\v1\backend\node_modules\router\index.js:582:12)
    at next (D:\photo\v1.2\v1\backend\node_modules\router\index.js:291:5)
    at SendStream.error (D:\photo\v1.2\v1\backend\node_modules\serve-static\index.js:120:7)
    at SendStream.emit (node:events:509:20)
    at SendStream.error (D:\photo\v1.2\v1\backend\node_modules\send\index.js:168:17)
    at SendStream.onStatError (D:\photo\v1.2\v1\backend\node_modules\send\index.js:315:12) 
09-09-2026 17:27:25 | ERROR | Error found | 404 | GET /files/1788959744875_13721973862114891.jpg : Can't find /files/1788959744875_13721973862114891.jpg on this server | user: guest 
Error: Can't find /files/1788959744875_13721973862114891.jpg on this server
    at D:\photo\v1.2\v1\backend\server.js:110:8
    at Layer.handleRequest (D:\photo\v1.2\v1\backend\node_modules\router\lib\layer.js:152:17)
    at trimPrefix (D:\photo\v1.2\v1\backend\node_modules\router\index.js:342:13)
    at D:\photo\v1.2\v1\backend\node_modules\router\index.js:297:9
    at processParams (D:\photo\v1.2\v1\backend\node_modules\router\index.js:582:12)
    at next (D:\photo\v1.2\v1\backend\node_modules\router\index.js:291:5)
    at SendStream.error (D:\photo\v1.2\v1\backend\node_modules\serve-static\index.js:120:7)
    at SendStream.emit (node:events:509:20)
    at SendStream.error (D:\photo\v1.2\v1\backend\node_modules\send\index.js:168:17)
    at SendStream.onStatError (D:\photo\v1.2\v1\backend\node_modules\send\index.js:315:12) 
09-09-2026 17:27:25 | ERROR | Error found | 404 | GET /files/1788959829781_2322237302693856.jpg : Can't find /files/1788959829781_2322237302693856.jpg on this server | user: guest 
Error: Can't find /files/1788959829781_2322237302693856.jpg on this server
    at D:\photo\v1.2\v1\backend\server.js:110:8
    at Layer.handleRequest (D:\photo\v1.2\v1\backend\node_modules\router\lib\layer.js:152:17)
    at trimPrefix (D:\photo\v1.2\v1\backend\node_modules\router\index.js:342:13)
    at D:\photo\v1.2\v1\backend\node_modules\router\index.js:297:9
    at processParams (D:\photo\v1.2\v1\backend\node_modules\router\index.js:582:12)
    at next (D:\photo\v1.2\v1\backend\node_modules\router\index.js:291:5)
    at SendStream.error (D:\photo\v1.2\v1\backend\node_modules\serve-static\index.js:120:7)
    at SendStream.emit (node:events:509:20)
    at SendStream.error (D:\photo\v1.2\v1\backend\node_modules\send\index.js:168:17)
    at SendStream.onStatError (D:\photo\v1.2\v1\backend\node_modules\send\index.js:315:12) 
09-09-2026 17:27:27 | ERROR | Error found | 404 | GET /files/1788959829781_2322237302693856.jpg : Can't find /files/1788959829781_2322237302693856.jpg on this server | user: guest 
Error: Can't find /files/1788959829781_2322237302693856.jpg on this server
    at D:\photo\v1.2\v1\backend\server.js:110:8
    at Layer.handleRequest (D:\photo\v1.2\v1\backend\node_modules\router\lib\layer.js:152:17)
    at trimPrefix (D:\photo\v1.2\v1\backend\node_modules\router\index.js:342:13)
    at D:\photo\v1.2\v1\backend\node_modules\router\index.js:297:9
    at processParams (D:\photo\v1.2\v1\backend\node_modules\router\index.js:582:12)
    at next (D:\photo\v1.2\v1\backend\node_modules\router\index.js:291:5)
    at SendStream.error (D:\photo\v1.2\v1\backend\node_modules\serve-static\index.js:120:7)
    at SendStream.emit (node:events:509:20)
    at SendStream.error (D:\photo\v1.2\v1\backend\node_modules\send\index.js:168:17)
    at SendStream.onStatError (D:\photo\v1.2\v1\backend\node_modules\send\index.js:315:12) 
09-09-2026 17:27:44 | ERROR | Error found | 404 | GET /files/1788959744875_13721973862114891.jpg : Can't find /files/1788959744875_13721973862114891.jpg on this server | user: guest 
Error: Can't find /files/1788959744875_13721973862114891.jpg on this server
    at D:\photo\v1.2\v1\backend\server.js:110:8
    at Layer.handleRequest (D:\photo\v1.2\v1\backend\node_modules\router\lib\layer.js:152:17)
    at trimPrefix (D:\photo\v1.2\v1\backend\node_modules\router\index.js:342:13)
    at D:\photo\v1.2\v1\backend\node_modules\router\index.js:297:9
    at processParams (D:\photo\v1.2\v1\backend\node_modules\router\index.js:582:12)
    at next (D:\photo\v1.2\v1\backend\node_modules\router\index.js:291:5)
    at SendStream.error (D:\photo\v1.2\v1\backend\node_modules\serve-static\index.js:120:7)
    at SendStream.emit (node:events:509:20)
    at SendStream.error (D:\photo\v1.2\v1\backend\node_modules\send\index.js:168:17)
    at SendStream.onStatError (D:\photo\v1.2\v1\backend\node_modules\send\index.js:315:12) 
09-09-2026 17:27:46 | ERROR | Error found | 404 | GET /files/1788959744875_13721973862114891.jpg : Can't find /files/1788959744875_13721973862114891.jpg on this server | user: guest 
Error: Can't find /files/1788959744875_13721973862114891.jpg on this server
    at D:\photo\v1.2\v1\backend\server.js:110:8
    at Layer.handleRequest (D:\photo\v1.2\v1\backend\node_modules\router\lib\layer.js:152:17)
    at trimPrefix (D:\photo\v1.2\v1\backend\node_modules\router\index.js:342:13)
    at D:\photo\v1.2\v1\backend\node_modules\router\index.js:297:9
    at processParams (D:\photo\v1.2\v1\backend\node_modules\router\index.js:582:12)
    at next (D:\photo\v1.2\v1\backend\node_modules\router\index.js:291:5)
    at SendStream.error (D:\photo\v1.2\v1\backend\node_modules\serve-static\index.js:120:7)
    at SendStream.emit (node:events:509:20)
    at SendStream.error (D:\photo\v1.2\v1\backend\node_modules\send\index.js:168:17)
    at SendStream.onStatError (D:\photo\v1.2\v1\backend\node_modules\send\index.js:315:12) 
09-09-2026 17:30:44 | ERROR | Error found | 500 | PUT /api/v1/categories/6aa15c55f145304b3365d354 : File too large | user: Abdelrhman - 6aa143473ad43a3136b2fd27 
MulterError: File too large
    at abortWithCode (D:\photo\v1.2\v1\backend\node_modules\multer\lib\make-middleware.js:107:22)
    at FileStream.<anonymous> (D:\photo\v1.2\v1\backend\node_modules\multer\lib\make-middleware.js:221:11)
    at FileStream.emit (node:events:509:20)
    at SBMH.ssCb [as _cb] (D:\photo\v1.2\v1\backend\node_modules\busboy\lib\types\multipart.js:479:32)
    at feed (D:\photo\v1.2\v1\backend\node_modules\streamsearch\lib\sbmh.js:248:10)
    at SBMH.push (D:\photo\v1.2\v1\backend\node_modules\streamsearch\lib\sbmh.js:104:16)
    at Multipart._write (D:\photo\v1.2\v1\backend\node_modules\busboy\lib\types\multipart.js:567:19)
    at writeOrBuffer (node:internal/streams/writable:570:12)
    at _write (node:internal/streams/writable:499:10)
    at Writable.write (node:internal/streams/writable:508:10) 
09-09-2026 17:30:48 | ERROR | Error found | 500 | PUT /api/v1/categories/6aa15c55f145304b3365d354 : File too large | user: Abdelrhman - 6aa143473ad43a3136b2fd27 
MulterError: File too large
    at abortWithCode (D:\photo\v1.2\v1\backend\node_modules\multer\lib\make-middleware.js:107:22)
    at FileStream.<anonymous> (D:\photo\v1.2\v1\backend\node_modules\multer\lib\make-middleware.js:221:11)
    at FileStream.emit (node:events:509:20)
    at SBMH.ssCb [as _cb] (D:\photo\v1.2\v1\backend\node_modules\busboy\lib\types\multipart.js:479:32)
    at feed (D:\photo\v1.2\v1\backend\node_modules\streamsearch\lib\sbmh.js:248:10)
    at SBMH.push (D:\photo\v1.2\v1\backend\node_modules\streamsearch\lib\sbmh.js:104:16)
    at Multipart._write (D:\photo\v1.2\v1\backend\node_modules\busboy\lib\types\multipart.js:567:19)
    at writeOrBuffer (node:internal/streams/writable:570:12)
    at _write (node:internal/streams/writable:499:10)
    at Writable.write (node:internal/streams/writable:508:10) 
09-09-2026 17:31:02 | ERROR | Error found | 500 | PUT /api/v1/categories/6aa15c55f145304b3365d354 : File too large | user: Abdelrhman - 6aa143473ad43a3136b2fd27 
MulterError: File too large
    at abortWithCode (D:\photo\v1.2\v1\backend\node_modules\multer\lib\make-middleware.js:107:22)
    at FileStream.<anonymous> (D:\photo\v1.2\v1\backend\node_modules\multer\lib\make-middleware.js:221:11)
    at FileStream.emit (node:events:509:20)
    at SBMH.ssCb [as _cb] (D:\photo\v1.2\v1\backend\node_modules\busboy\lib\types\multipart.js:479:32)
    at feed (D:\photo\v1.2\v1\backend\node_modules\streamsearch\lib\sbmh.js:248:10)
    at SBMH.push (D:\photo\v1.2\v1\backend\node_modules\streamsearch\lib\sbmh.js:104:16)
    at Multipart._write (D:\photo\v1.2\v1\backend\node_modules\busboy\lib\types\multipart.js:567:19)
    at writeOrBuffer (node:internal/streams/writable:570:12)
    at _write (node:internal/streams/writable:499:10)
    at Writable.write (node:internal/streams/writable:508:10) 
09-09-2026 17:31:08 | ERROR | Error found | 500 | PUT /api/v1/categories/6aa15c55f145304b3365d354 : File too large | user: Abdelrhman - 6aa143473ad43a3136b2fd27 
MulterError: File too large
    at abortWithCode (D:\photo\v1.2\v1\backend\node_modules\multer\lib\make-middleware.js:107:22)
    at FileStream.<anonymous> (D:\photo\v1.2\v1\backend\node_modules\multer\lib\make-middleware.js:221:11)
    at FileStream.emit (node:events:509:20)
    at SBMH.ssCb [as _cb] (D:\photo\v1.2\v1\backend\node_modules\busboy\lib\types\multipart.js:479:32)
    at feed (D:\photo\v1.2\v1\backend\node_modules\streamsearch\lib\sbmh.js:248:10)
    at SBMH.push (D:\photo\v1.2\v1\backend\node_modules\streamsearch\lib\sbmh.js:104:16)
    at Multipart._write (D:\photo\v1.2\v1\backend\node_modules\busboy\lib\types\multipart.js:567:19)
    at writeOrBuffer (node:internal/streams/writable:570:12)
    at _write (node:internal/streams/writable:499:10)
    at Writable.write (node:internal/streams/writable:508:10) 
09-09-2026 17:31:50 | ERROR | Error found | 500 | PUT /api/v1/categories/6aa15c55f145304b3365d354 : File too large | user: Abdelrhman - 6aa143473ad43a3136b2fd27 
MulterError: File too large
    at abortWithCode (D:\photo\v1.2\v1\backend\node_modules\multer\lib\make-middleware.js:107:22)
    at FileStream.<anonymous> (D:\photo\v1.2\v1\backend\node_modules\multer\lib\make-middleware.js:221:11)
    at FileStream.emit (node:events:509:20)
    at SBMH.ssCb [as _cb] (D:\photo\v1.2\v1\backend\node_modules\busboy\lib\types\multipart.js:479:32)
    at feed (D:\photo\v1.2\v1\backend\node_modules\streamsearch\lib\sbmh.js:248:10)
    at SBMH.push (D:\photo\v1.2\v1\backend\node_modules\streamsearch\lib\sbmh.js:104:16)
    at Multipart._write (D:\photo\v1.2\v1\backend\node_modules\busboy\lib\types\multipart.js:567:19)
    at writeOrBuffer (node:internal/streams/writable:570:12)
    at _write (node:internal/streams/writable:499:10)
    at Writable.write (node:internal/streams/writable:508:10) 
09-09-2026 17:32:08 | ERROR | Error found | 500 | PUT /api/v1/categories/6aa15c55f145304b3365d354 : File too large | user: Abdelrhman - 6aa143473ad43a3136b2fd27 
MulterError: File too large
    at abortWithCode (D:\photo\v1.2\v1\backend\node_modules\multer\lib\make-middleware.js:107:22)
    at FileStream.<anonymous> (D:\photo\v1.2\v1\backend\node_modules\multer\lib\make-middleware.js:221:11)
    at FileStream.emit (node:events:509:20)
    at SBMH.ssCb [as _cb] (D:\photo\v1.2\v1\backend\node_modules\busboy\lib\types\multipart.js:479:32)
    at feed (D:\photo\v1.2\v1\backend\node_modules\streamsearch\lib\sbmh.js:248:10)
    at SBMH.push (D:\photo\v1.2\v1\backend\node_modules\streamsearch\lib\sbmh.js:104:16)
    at Multipart._write (D:\photo\v1.2\v1\backend\node_modules\busboy\lib\types\multipart.js:567:19)
    at writeOrBuffer (node:internal/streams/writable:570:12)
    at _write (node:internal/streams/writable:499:10)
    at Writable.write (node:internal/streams/writable:508:10) 
09-09-2026 17:32:58 | ERROR | Error found | 500 | PUT /api/v1/categories/6aa15c55f145304b3365d354 : File too large | user: Abdelrhman - 6aa143473ad43a3136b2fd27 
MulterError: File too large
    at abortWithCode (D:\photo\v1.2\v1\backend\node_modules\multer\lib\make-middleware.js:107:22)
    at FileStream.<anonymous> (D:\photo\v1.2\v1\backend\node_modules\multer\lib\make-middleware.js:221:11)
    at FileStream.emit (node:events:509:20)
    at SBMH.ssCb [as _cb] (D:\photo\v1.2\v1\backend\node_modules\busboy\lib\types\multipart.js:479:32)
    at feed (D:\photo\v1.2\v1\backend\node_modules\streamsearch\lib\sbmh.js:248:10)
    at SBMH.push (D:\photo\v1.2\v1\backend\node_modules\streamsearch\lib\sbmh.js:104:16)
    at Multipart._write (D:\photo\v1.2\v1\backend\node_modules\busboy\lib\types\multipart.js:567:19)
    at writeOrBuffer (node:internal/streams/writable:570:12)
    at _write (node:internal/streams/writable:499:10)
    at Writable.write (node:internal/streams/writable:508:10) 
